PUBCHEM_RESULT_TAG,PUBCHEM_SID,PUBCHEM_CID,SMILES,PUBCHEM_ACTIVITY_OUTCOME
1,363894737,,,Unspecified
2,363894738,,,Unspecified
3,363894739,,,Active
4,363894740,,,Inactive
5,363894740,,,Active
6,363894741,,,Active
7,363894742,148318,C1CN2CC=C([C@@H]2[C@@H]1OC(=O)C3=CC4=C(C=C3)OCO4)COC(=O)C5=CC6=C(C=C5)OCO6,Active
8,363894743,,,Active
9,363894744,,,Active
10,363894745,,,Active
11,363894746,,,Unspecified
12,363894746,,,Inactive
13,363894746,,,Inactive
14,363894747,,,Active
15,363894748,712,C=O,Unspecified
16,363894748,712,C=O,Unspecified
17,363894748,712,C=O,Active
18,363894748,712,C=O,Active
19,363894748,712,C=O,Active
20,363894748,712,C=O,Active
21,363894748,712,C=O,Active
22,363894748,712,C=O,Active
23,363894748,712,C=O,Active
24,363894748,712,C=O,Unspecified
25,363894748,712,C=O,Active
26,363894748,712,C=O,Active
27,363894748,712,C=O,Active
28,363894748,712,C=O,Active
29,363894749,4763,CCC1(C(=O)NC(=O)NC1=O)C2=CC=CC=C2,Active
30,363894749,4763,CCC1(C(=O)NC(=O)NC1=O)C2=CC=CC=C2,Active
31,363894749,4763,CCC1(C(=O)NC(=O)NC1=O)C2=CC=CC=C2,Inactive
32,363894749,4763,CCC1(C(=O)NC(=O)NC1=O)C2=CC=CC=C2,Unspecified
33,363894749,4763,CCC1(C(=O)NC(=O)NC1=O)C2=CC=CC=C2,Inactive
34,363894750,5746,CC1=C(C(=O)C2=C(C1=O)N3C[C@H]4[C@@H]([C@@]3([C@@H]2COC(=O)N)OC)N4)N,Active
35,363894750,5746,CC1=C(C(=O)C2=C(C1=O)N3C[C@H]4[C@@H]([C@@]3([C@@H]2COC(=O)N)OC)N4)N,Active
36,363894750,5746,CC1=C(C(=O)C2=C(C1=O)N3C[C@H]4[C@@H]([C@@]3([C@@H]2COC(=O)N)OC)N4)N,Active
37,363894750,5746,CC1=C(C(=O)C2=C(C1=O)N3C[C@H]4[C@@H]([C@@]3([C@@H]2COC(=O)N)OC)N4)N,Active
38,363894750,5746,CC1=C(C(=O)C2=C(C1=O)N3C[C@H]4[C@@H]([C@@]3([C@@H]2COC(=O)N)OC)N4)N,Active
39,363894750,5746,CC1=C(C(=O)C2=C(C1=O)N3C[C@H]4[C@@H]([C@@]3([C@@H]2COC(=O)N)OC)N4)N,Active
40,363894750,5746,CC1=C(C(=O)C2=C(C1=O)N3C[C@H]4[C@@H]([C@@]3([C@@H]2COC(=O)N)OC)N4)N,Active
41,363894750,5746,CC1=C(C(=O)C2=C(C1=O)N3C[C@H]4[C@@H]([C@@]3([C@@H]2COC(=O)N)OC)N4)N,Active
42,363894750,5746,CC1=C(C(=O)C2=C(C1=O)N3C[C@H]4[C@@H]([C@@]3([C@@H]2COC(=O)N)OC)N4)N,Active
43,363894750,5746,CC1=C(C(=O)C2=C(C1=O)N3C[C@H]4[C@@H]([C@@]3([C@@H]2COC(=O)N)OC)N4)N,Active
44,363894750,5746,CC1=C(C(=O)C2=C(C1=O)N3C[C@H]4[C@@H]([C@@]3([C@@H]2COC(=O)N)OC)N4)N,Active
45,363894750,5746,CC1=C(C(=O)C2=C(C1=O)N3C[C@H]4[C@@H]([C@@]3([C@@H]2COC(=O)N)OC)N4)N,Active
46,363894750,5746,CC1=C(C(=O)C2=C(C1=O)N3C[C@H]4[C@@H]([C@@]3([C@@H]2COC(=O)N)OC)N4)N,Active
47,363894750,5746,CC1=C(C(=O)C2=C(C1=O)N3C[C@H]4[C@@H]([C@@]3([C@@H]2COC(=O)N)OC)N4)N,Inactive
48,363894750,5746,CC1=C(C(=O)C2=C(C1=O)N3C[C@H]4[C@@H]([C@@]3([C@@H]2COC(=O)N)OC)N4)N,Active
49,363894750,5746,CC1=C(C(=O)C2=C(C1=O)N3C[C@H]4[C@@H]([C@@]3([C@@H]2COC(=O)N)OC)N4)N,Active
50,363894750,5746,CC1=C(C(=O)C2=C(C1=O)N3C[C@H]4[C@@H]([C@@]3([C@@H]2COC(=O)N)OC)N4)N,Active
51,363894750,5746,CC1=C(C(=O)C2=C(C1=O)N3C[C@H]4[C@@H]([C@@]3([C@@H]2COC(=O)N)OC)N4)N,Active
52,363894750,5746,CC1=C(C(=O)C2=C(C1=O)N3C[C@H]4[C@@H]([C@@]3([C@@H]2COC(=O)N)OC)N4)N,Active
53,363894750,5746,CC1=C(C(=O)C2=C(C1=O)N3C[C@H]4[C@@H]([C@@]3([C@@H]2COC(=O)N)OC)N4)N,Active
54,363894750,5746,CC1=C(C(=O)C2=C(C1=O)N3C[C@H]4[C@@H]([C@@]3([C@@H]2COC(=O)N)OC)N4)N,Active
55,363894750,5746,CC1=C(C(=O)C2=C(C1=O)N3C[C@H]4[C@@H]([C@@]3([C@@H]2COC(=O)N)OC)N4)N,Active
56,363894750,5746,CC1=C(C(=O)C2=C(C1=O)N3C[C@H]4[C@@H]([C@@]3([C@@H]2COC(=O)N)OC)N4)N,Active
57,363894750,5746,CC1=C(C(=O)C2=C(C1=O)N3C[C@H]4[C@@H]([C@@]3([C@@H]2COC(=O)N)OC)N4)N,Active
58,363894750,5746,CC1=C(C(=O)C2=C(C1=O)N3C[C@H]4[C@@H]([C@@]3([C@@H]2COC(=O)N)OC)N4)N,Active
59,363894750,5746,CC1=C(C(=O)C2=C(C1=O)N3C[C@H]4[C@@H]([C@@]3([C@@H]2COC(=O)N)OC)N4)N,Unspecified
60,363894750,5746,CC1=C(C(=O)C2=C(C1=O)N3C[C@H]4[C@@H]([C@@]3([C@@H]2COC(=O)N)OC)N4)N,Active
61,363894750,5746,CC1=C(C(=O)C2=C(C1=O)N3C[C@H]4[C@@H]([C@@]3([C@@H]2COC(=O)N)OC)N4)N,Active
62,363894750,5746,CC1=C(C(=O)C2=C(C1=O)N3C[C@H]4[C@@H]([C@@]3([C@@H]2COC(=O)N)OC)N4)N,Active
63,363894750,5746,CC1=C(C(=O)C2=C(C1=O)N3C[C@H]4[C@@H]([C@@]3([C@@H]2COC(=O)N)OC)N4)N,Inactive
64,363894750,5746,CC1=C(C(=O)C2=C(C1=O)N3C[C@H]4[C@@H]([C@@]3([C@@H]2COC(=O)N)OC)N4)N,Active
65,363894750,5746,CC1=C(C(=O)C2=C(C1=O)N3C[C@H]4[C@@H]([C@@]3([C@@H]2COC(=O)N)OC)N4)N,Active
66,363894750,5746,CC1=C(C(=O)C2=C(C1=O)N3C[C@H]4[C@@H]([C@@]3([C@@H]2COC(=O)N)OC)N4)N,Active
67,363894750,5746,CC1=C(C(=O)C2=C(C1=O)N3C[C@H]4[C@@H]([C@@]3([C@@H]2COC(=O)N)OC)N4)N,Active
68,363894750,5746,CC1=C(C(=O)C2=C(C1=O)N3C[C@H]4[C@@H]([C@@]3([C@@H]2COC(=O)N)OC)N4)N,Active
69,363894750,5746,CC1=C(C(=O)C2=C(C1=O)N3C[C@H]4[C@@H]([C@@]3([C@@H]2COC(=O)N)OC)N4)N,Active
70,363894750,5746,CC1=C(C(=O)C2=C(C1=O)N3C[C@H]4[C@@H]([C@@]3([C@@H]2COC(=O)N)OC)N4)N,Active
71,363894750,5746,CC1=C(C(=O)C2=C(C1=O)N3C[C@H]4[C@@H]([C@@]3([C@@H]2COC(=O)N)OC)N4)N,Active
72,363894750,5746,CC1=C(C(=O)C2=C(C1=O)N3C[C@H]4[C@@H]([C@@]3([C@@H]2COC(=O)N)OC)N4)N,Inactive
73,363894750,5746,CC1=C(C(=O)C2=C(C1=O)N3C[C@H]4[C@@H]([C@@]3([C@@H]2COC(=O)N)OC)N4)N,Unspecified
74,363894751,2907,C1CNP(=O)(OC1)N(CCCl)CCCl,Active
75,363894751,2907,C1CNP(=O)(OC1)N(CCCl)CCCl,Active
76,363894751,2907,C1CNP(=O)(OC1)N(CCCl)CCCl,Active
77,363894751,2907,C1CNP(=O)(OC1)N(CCCl)CCCl,Active
78,363894751,2907,C1CNP(=O)(OC1)N(CCCl)CCCl,Active
79,363894751,2907,C1CNP(=O)(OC1)N(CCCl)CCCl,Inactive
80,363894751,2907,C1CNP(=O)(OC1)N(CCCl)CCCl,Active
81,363894751,2907,C1CNP(=O)(OC1)N(CCCl)CCCl,Active
82,363894751,2907,C1CNP(=O)(OC1)N(CCCl)CCCl,Active
83,363894751,2907,C1CNP(=O)(OC1)N(CCCl)CCCl,Active
84,363894751,2907,C1CNP(=O)(OC1)N(CCCl)CCCl,Active
85,363894751,2907,C1CNP(=O)(OC1)N(CCCl)CCCl,Active
86,363894751,2907,C1CNP(=O)(OC1)N(CCCl)CCCl,Active
87,363894751,2907,C1CNP(=O)(OC1)N(CCCl)CCCl,Active
88,363894751,2907,C1CNP(=O)(OC1)N(CCCl)CCCl,Active
89,363894751,2907,C1CNP(=O)(OC1)N(CCCl)CCCl,Active
90,363894751,2907,C1CNP(=O)(OC1)N(CCCl)CCCl,Active
91,363894751,2907,C1CNP(=O)(OC1)N(CCCl)CCCl,Active
92,363894751,2907,C1CNP(=O)(OC1)N(CCCl)CCCl,Active
93,363894751,2907,C1CNP(=O)(OC1)N(CCCl)CCCl,Active
94,363894751,2907,C1CNP(=O)(OC1)N(CCCl)CCCl,Active
95,363894751,2907,C1CNP(=O)(OC1)N(CCCl)CCCl,Inactive
96,363894751,2907,C1CNP(=O)(OC1)N(CCCl)CCCl,Active
97,363894751,2907,C1CNP(=O)(OC1)N(CCCl)CCCl,Unspecified
98,363894751,2907,C1CNP(=O)(OC1)N(CCCl)CCCl,Active
99,363894751,2907,C1CNP(=O)(OC1)N(CCCl)CCCl,Active
100,363894751,2907,C1CNP(=O)(OC1)N(CCCl)CCCl,Active
101,363894751,2907,C1CNP(=O)(OC1)N(CCCl)CCCl,Active
102,363894751,2907,C1CNP(=O)(OC1)N(CCCl)CCCl,Active
103,363894751,2907,C1CNP(=O)(OC1)N(CCCl)CCCl,Active
104,363894751,2907,C1CNP(=O)(OC1)N(CCCl)CCCl,Active
105,363894751,2907,C1CNP(=O)(OC1)N(CCCl)CCCl,Unspecified
106,363894751,2907,C1CNP(=O)(OC1)N(CCCl)CCCl,Active
107,363894751,2907,C1CNP(=O)(OC1)N(CCCl)CCCl,Active
108,363894751,2907,C1CNP(=O)(OC1)N(CCCl)CCCl,Active
109,363894751,2907,C1CNP(=O)(OC1)N(CCCl)CCCl,Active
110,363894751,2907,C1CNP(=O)(OC1)N(CCCl)CCCl,Active
111,363894751,2907,C1CNP(=O)(OC1)N(CCCl)CCCl,Active
112,363894751,2907,C1CNP(=O)(OC1)N(CCCl)CCCl,Active
113,363894751,2907,C1CNP(=O)(OC1)N(CCCl)CCCl,Unspecified
114,363894751,2907,C1CNP(=O)(OC1)N(CCCl)CCCl,Active
115,363894751,2907,C1CNP(=O)(OC1)N(CCCl)CCCl,Active
116,363894751,2907,C1CNP(=O)(OC1)N(CCCl)CCCl,Active
117,363894752,5755,C[C@]12C[C@@H]([C@H]3[C@H]([C@@H]1CC[C@@]2(C(=O)CO)O)CCC4=CC(=O)C=C[C@]34C)O,Active
118,363894752,5755,C[C@]12C[C@@H]([C@H]3[C@H]([C@@H]1CC[C@@]2(C(=O)CO)O)CCC4=CC(=O)C=C[C@]34C)O,Active
119,363894753,5756,C[C@]12CC[C@H]3[C@H]([C@@H]1C[C@H]([C@@H]2O)O)CCC4=C3C=CC(=C4)O,Active
120,363894753,5756,C[C@]12CC[C@H]3[C@H]([C@@H]1C[C@H]([C@@H]2O)O)CCC4=C3C=CC(=C4)O,Active
121,363894754,5757,C[C@]12CC[C@H]3[C@H]([C@@H]1CC[C@@H]2O)CCC4=C3C=CC(=C4)O,Inactive
122,363894754,5757,C[C@]12CC[C@H]3[C@H]([C@@H]1CC[C@@H]2O)CCC4=C3C=CC(=C4)O,Inactive
123,363894754,5757,C[C@]12CC[C@H]3[C@H]([C@@H]1CC[C@@H]2O)CCC4=C3C=CC(=C4)O,Inactive
124,363894754,5757,C[C@]12CC[C@H]3[C@H]([C@@H]1CC[C@@H]2O)CCC4=C3C=CC(=C4)O,Unspecified
125,363894754,5757,C[C@]12CC[C@H]3[C@H]([C@@H]1CC[C@@H]2O)CCC4=C3C=CC(=C4)O,Active
126,363894754,5757,C[C@]12CC[C@H]3[C@H]([C@@H]1CC[C@@H]2O)CCC4=C3C=CC(=C4)O,Active
127,363894754,5757,C[C@]12CC[C@H]3[C@H]([C@@H]1CC[C@@H]2O)CCC4=C3C=CC(=C4)O,Active
128,363894755,3036,C1=CC(=CC=C1C(C2=CC=C(C=C2)Cl)C(Cl)(Cl)Cl)Cl,Active
129,363894755,3036,C1=CC(=CC=C1C(C2=CC=C(C=C2)Cl)C(Cl)(Cl)Cl)Cl,Inactive
130,363894755,3036,C1=CC(=CC=C1C(C2=CC=C(C=C2)Cl)C(Cl)(Cl)Cl)Cl,Unspecified
131,363894755,3036,C1=CC(=CC=C1C(C2=CC=C(C=C2)Cl)C(Cl)(Cl)Cl)Cl,Unspecified
132,363894755,3036,C1=CC(=CC=C1C(C2=CC=C(C=C2)Cl)C(Cl)(Cl)Cl)Cl,Inactive
133,363894755,3036,C1=CC(=CC=C1C(C2=CC=C(C=C2)Cl)C(Cl)(Cl)Cl)Cl,Inactive
134,363894755,3036,C1=CC(=CC=C1C(C2=CC=C(C=C2)Cl)C(Cl)(Cl)Cl)Cl,Active
135,363894755,3036,C1=CC(=CC=C1C(C2=CC=C(C=C2)Cl)C(Cl)(Cl)Cl)Cl,Inactive
136,363894755,3036,C1=CC(=CC=C1C(C2=CC=C(C=C2)Cl)C(Cl)(Cl)Cl)Cl,Unspecified
137,363894755,3036,C1=CC(=CC=C1C(C2=CC=C(C=C2)Cl)C(Cl)(Cl)Cl)Cl,Unspecified
138,363894755,3036,C1=CC(=CC=C1C(C2=CC=C(C=C2)Cl)C(Cl)(Cl)Cl)Cl,Active
139,363894755,3036,C1=CC(=CC=C1C(C2=CC=C(C=C2)Cl)C(Cl)(Cl)Cl)Cl,Unspecified
140,363894755,3036,C1=CC(=CC=C1C(C2=CC=C(C=C2)Cl)C(Cl)(Cl)Cl)Cl,Active
141,363894755,3036,C1=CC(=CC=C1C(C2=CC=C(C=C2)Cl)C(Cl)(Cl)Cl)Cl,Inactive
142,363894756,2336,C1=CC=C2C3=C4C(=CC2=C1)C=CC5=C4C(=CC=C5)C=C3,Active
143,363894756,2336,C1=CC=C2C3=C4C(=CC2=C1)C=CC5=C4C(=CC=C5)C=C3,Active
144,363894756,2336,C1=CC=C2C3=C4C(=CC2=C1)C=CC5=C4C(=CC=C5)C=C3,Active
145,363894756,2336,C1=CC=C2C3=C4C(=CC2=C1)C=CC5=C4C(=CC=C5)C=C3,Active
146,363894756,2336,C1=CC=C2C3=C4C(=CC2=C1)C=CC5=C4C(=CC=C5)C=C3,Active
147,363894756,2336,C1=CC=C2C3=C4C(=CC2=C1)C=CC5=C4C(=CC=C5)C=C3,Active
148,363894756,2336,C1=CC=C2C3=C4C(=CC2=C1)C=CC5=C4C(=CC=C5)C=C3,Active
149,363894756,2336,C1=CC=C2C3=C4C(=CC2=C1)C=CC5=C4C(=CC=C5)C=C3,Active
150,363894756,2336,C1=CC=C2C3=C4C(=CC2=C1)C=CC5=C4C(=CC=C5)C=C3,Active
151,363894756,2336,C1=CC=C2C3=C4C(=CC2=C1)C=CC5=C4C(=CC=C5)C=C3,Active
152,363894756,2336,C1=CC=C2C3=C4C(=CC2=C1)C=CC5=C4C(=CC=C5)C=C3,Active
153,363894756,2336,C1=CC=C2C3=C4C(=CC2=C1)C=CC5=C4C(=CC=C5)C=C3,Active
154,363894756,2336,C1=CC=C2C3=C4C(=CC2=C1)C=CC5=C4C(=CC=C5)C=C3,Active
155,363894756,2336,C1=CC=C2C3=C4C(=CC2=C1)C=CC5=C4C(=CC=C5)C=C3,Active
156,363894756,2336,C1=CC=C2C3=C4C(=CC2=C1)C=CC5=C4C(=CC=C5)C=C3,Active
157,363894756,2336,C1=CC=C2C3=C4C(=CC2=C1)C=CC5=C4C(=CC=C5)C=C3,Active
158,363894756,2336,C1=CC=C2C3=C4C(=CC2=C1)C=CC5=C4C(=CC=C5)C=C3,Active
159,363894756,2336,C1=CC=C2C3=C4C(=CC2=C1)C=CC5=C4C(=CC=C5)C=C3,Active
160,363894756,2336,C1=CC=C2C3=C4C(=CC2=C1)C=CC5=C4C(=CC=C5)C=C3,Active
161,363894756,2336,C1=CC=C2C3=C4C(=CC2=C1)C=CC5=C4C(=CC=C5)C=C3,Active
162,363894756,2336,C1=CC=C2C3=C4C(=CC2=C1)C=CC5=C4C(=CC=C5)C=C3,Active
163,363894756,2336,C1=CC=C2C3=C4C(=CC2=C1)C=CC5=C4C(=CC=C5)C=C3,Active
164,363894756,2336,C1=CC=C2C3=C4C(=CC2=C1)C=CC5=C4C(=CC=C5)C=C3,Inactive
165,363894756,2336,C1=CC=C2C3=C4C(=CC2=C1)C=CC5=C4C(=CC=C5)C=C3,Active
166,363894756,2336,C1=CC=C2C3=C4C(=CC2=C1)C=CC5=C4C(=CC=C5)C=C3,Active
167,363894756,2336,C1=CC=C2C3=C4C(=CC2=C1)C=CC5=C4C(=CC=C5)C=C3,Active
168,363894756,2336,C1=CC=C2C3=C4C(=CC2=C1)C=CC5=C4C(=CC=C5)C=C3,Active
169,363894756,2336,C1=CC=C2C3=C4C(=CC2=C1)C=CC5=C4C(=CC=C5)C=C3,Inactive
170,363894756,2336,C1=CC=C2C3=C4C(=CC2=C1)C=CC5=C4C(=CC=C5)C=C3,Unspecified
171,363894756,2336,C1=CC=C2C3=C4C(=CC2=C1)C=CC5=C4C(=CC=C5)C=C3,Active
172,363894756,2336,C1=CC=C2C3=C4C(=CC2=C1)C=CC5=C4C(=CC=C5)C=C3,Unspecified
173,363894756,2336,C1=CC=C2C3=C4C(=CC2=C1)C=CC5=C4C(=CC=C5)C=C3,Inactive
174,363894756,2336,C1=CC=C2C3=C4C(=CC2=C1)C=CC5=C4C(=CC=C5)C=C3,Active
175,363894756,2336,C1=CC=C2C3=C4C(=CC2=C1)C=CC5=C4C(=CC=C5)C=C3,Inactive
176,363894756,2336,C1=CC=C2C3=C4C(=CC2=C1)C=CC5=C4C(=CC=C5)C=C3,Active
177,363894757,4781,CCCCC1C(=O)N(N(C1=O)C2=CC=CC=C2)C3=CC=CC=C3,Active
178,363894757,4781,CCCCC1C(=O)N(N(C1=O)C2=CC=CC=C2)C3=CC=CC=C3,Inactive
179,363894757,4781,CCCCC1C(=O)N(N(C1=O)C2=CC=CC=C2)C3=CC=CC=C3,Inactive
180,363894757,4781,CCCCC1C(=O)N(N(C1=O)C2=CC=CC=C2)C3=CC=CC=C3,Unspecified
181,363894757,4781,CCCCC1C(=O)N(N(C1=O)C2=CC=CC=C2)C3=CC=CC=C3,Unspecified
182,363894758,5426,C1CC(=O)NC(=O)C1N2C(=O)C3=CC=CC=C3C2=O,Inactive
183,363894758,5426,C1CC(=O)NC(=O)C1N2C(=O)C3=CC=CC=C3C2=O,Active
184,363894758,5426,C1CC(=O)NC(=O)C1N2C(=O)C3=CC=CC=C3C2=O,Active
185,363894758,5426,C1CC(=O)NC(=O)C1N2C(=O)C3=CC=CC=C3C2=O,Inactive
186,363894758,5426,C1CC(=O)NC(=O)C1N2C(=O)C3=CC=CC=C3C2=O,Inactive
187,363894758,5426,C1CC(=O)NC(=O)C1N2C(=O)C3=CC=CC=C3C2=O,Inactive
188,363894758,5426,C1CC(=O)NC(=O)C1N2C(=O)C3=CC=CC=C3C2=O,Inactive
189,363894759,5761,CCN(CC)C(=O)[C@H]1CN([C@@H]2CC3=CNC4=CC=CC(=C34)C2=C1)C,Inactive
190,363894759,5761,CCN(CC)C(=O)[C@H]1CN([C@@H]2CC3=CNC4=CC=CC(=C34)C2=C1)C,Inactive
191,363894759,5761,CCN(CC)C(=O)[C@H]1CN([C@@H]2CC3=CNC4=CC=CC(=C34)C2=C1)C,Inactive
192,363894759,5761,CCN(CC)C(=O)[C@H]1CN([C@@H]2CC3=CNC4=CC=CC(=C34)C2=C1)C,Unspecified
193,363894759,5761,CCN(CC)C(=O)[C@H]1CN([C@@H]2CC3=CNC4=CC=CC(=C34)C2=C1)C,Inactive
194,363894759,5761,CCN(CC)C(=O)[C@H]1CN([C@@H]2CC3=CNC4=CC=CC(=C34)C2=C1)C,Inactive
195,363894759,5761,CCN(CC)C(=O)[C@H]1CN([C@@H]2CC3=CNC4=CC=CC(=C34)C2=C1)C,Unspecified
196,363894759,5761,CCN(CC)C(=O)[C@H]1CN([C@@H]2CC3=CNC4=CC=CC(=C34)C2=C1)C,Inactive
197,363894759,5761,CCN(CC)C(=O)[C@H]1CN([C@@H]2CC3=CNC4=CC=CC(=C34)C2=C1)C,Active
198,363894759,5761,CCN(CC)C(=O)[C@H]1CN([C@@H]2CC3=CNC4=CC=CC(=C34)C2=C1)C,Active
199,363894759,5761,CCN(CC)C(=O)[C@H]1CN([C@@H]2CC3=CNC4=CC=CC(=C34)C2=C1)C,Inactive
200,363894759,5761,CCN(CC)C(=O)[C@H]1CN([C@@H]2CC3=CNC4=CC=CC(=C34)C2=C1)C,Active
201,363894759,5761,CCN(CC)C(=O)[C@H]1CN([C@@H]2CC3=CNC4=CC=CC(=C34)C2=C1)C,Active
202,363894759,5761,CCN(CC)C(=O)[C@H]1CN([C@@H]2CC3=CNC4=CC=CC(=C34)C2=C1)C,Active
203,363894759,5761,CCN(CC)C(=O)[C@H]1CN([C@@H]2CC3=CNC4=CC=CC(=C34)C2=C1)C,Active
204,363894759,5761,CCN(CC)C(=O)[C@H]1CN([C@@H]2CC3=CNC4=CC=CC(=C34)C2=C1)C,Inactive
205,363894760,60974,CCN(CC)CCOC1=CC=C(C=C1)C(=C(C2=CC=CC=C2)Cl)C3=CC=CC=C3.C(C(=O)O)C(CC(=O)O)(C(=O)O)O,Unspecified
206,363894760,60974,CCN(CC)CCOC1=CC=C(C=C1)C(=C(C2=CC=CC=C2)Cl)C3=CC=CC=C3.C(C(=O)O)C(CC(=O)O)(C(=O)O)O,Unspecified
207,363894761,667490,C1=NC2=C(N1)C(=S)N=CN2,Unspecified
208,363894761,667490,C1=NC2=C(N1)C(=S)N=CN2,Inactive
209,363894761,667490,C1=NC2=C(N1)C(=S)N=CN2,Active
210,363894761,667490,C1=NC2=C(N1)C(=S)N=CN2,Active
211,363894761,667490,C1=NC2=C(N1)C(=S)N=CN2,Active
212,363894761,667490,C1=NC2=C(N1)C(=S)N=CN2,Inactive
213,363894761,667490,C1=NC2=C(N1)C(=S)N=CN2,Active
214,363894761,667490,C1=NC2=C(N1)C(=S)N=CN2,Active
215,363894761,667490,C1=NC2=C(N1)C(=S)N=CN2,Unspecified
216,363894762,3696,CN(C)CCCN1C2=CC=CC=C2CCC3=CC=CC=C31,Inactive
217,363894763,5452,CN1CCCCC1CCN2C3=CC=CC=C3SC4=C2C=C(C=C4)SC,Active
218,363894764,2726,CN(C)CCCN1C2=CC=CC=C2SC3=C1C=C(C=C3)Cl,Unspecified
219,363894764,2726,CN(C)CCCN1C2=CC=CC=C2SC3=C1C=C(C=C3)Cl,Active
220,363894764,2726,CN(C)CCCN1C2=CC=CC=C2SC3=C1C=C(C=C3)Cl,Inactive
221,363894764,2726,CN(C)CCCN1C2=CC=CC=C2SC3=C1C=C(C=C3)Cl,Unspecified
222,363894765,5770,CO[C@H]1[C@@H](C[C@@H]2CN3CCC4=C([C@H]3C[C@@H]2[C@@H]1C(=O)OC)NC5=C4C=CC(=C5)OC)OC(=O)C6=CC(=C(C(=C6)OC)OC)OC,Unspecified
223,363894765,5770,CO[C@H]1[C@@H](C[C@@H]2CN3CCC4=C([C@H]3C[C@@H]2[C@@H]1C(=O)OC)NC5=C4C=CC(=C5)OC)OC(=O)C6=CC(=C(C(=C6)OC)OC)OC,Active
224,363894766,4477,C1=CC(=C(C=C1[N+](=O)[O-])Cl)NC(=O)C2=C(C=CC(=C2)Cl)O,Active
225,363894766,4477,C1=CC(=C(C=C1[N+](=O)[O-])Cl)NC(=O)C2=C(C=CC(=C2)Cl)O,Active
226,363894766,4477,C1=CC(=C(C=C1[N+](=O)[O-])Cl)NC(=O)C2=C(C=CC(=C2)Cl)O,Active
227,363894767,5780,C([C@H]([C@H]([C@@H]([C@H](CO)O)O)O)O)O,Inactive
228,363894767,5780,C([C@H]([C@H]([C@@H]([C@H](CO)O)O)O)O)O,Unspecified
229,363894767,5780,C([C@H]([C@H]([C@@H]([C@H](CO)O)O)O)O)O,Inactive
230,363894768,5781,C1(=O)C(=O)NC(=O)NC1=O,Inactive
231,363894769,457193,C[C@@H]1[C@@H](C(=O)N[C@@H](C(=O)N2CCC[C@H]2C(=O)N(CC(=O)N([C@H](C(=O)O1)C(C)C)C)C)C(C)C)NC(=O)C3=C4C(=C(C=C3)C)OC5=C(C(=O)C(=C(C5=N4)C(=O)N[C@H]6[C@H](OC(=O)[C@@H](N(C(=O)CN(C(=O)[C@@H]7CCCN7C(=O)[C@H](NC6=O)C(C)C)C)C)C(C)C)C)N)C,Active
232,363894769,457193,C[C@@H]1[C@@H](C(=O)N[C@@H](C(=O)N2CCC[C@H]2C(=O)N(CC(=O)N([C@H](C(=O)O1)C(C)C)C)C)C(C)C)NC(=O)C3=C4C(=C(C=C3)C)OC5=C(C(=O)C(=C(C5=N4)C(=O)N[C@H]6[C@H](OC(=O)[C@@H](N(C(=O)CN(C(=O)[C@@H]7CCCN7C(=O)[C@H](NC6=O)C(C)C)C)C)C(C)C)C)N)C,Active
233,363894769,457193,C[C@@H]1[C@@H](C(=O)N[C@@H](C(=O)N2CCC[C@H]2C(=O)N(CC(=O)N([C@H](C(=O)O1)C(C)C)C)C)C(C)C)NC(=O)C3=C4C(=C(C=C3)C)OC5=C(C(=O)C(=C(C5=N4)C(=O)N[C@H]6[C@H](OC(=O)[C@@H](N(C(=O)CN(C(=O)[C@@H]7CCCN7C(=O)[C@H](NC6=O)C(C)C)C)C)C(C)C)C)N)C,Active
234,363894769,457193,C[C@@H]1[C@@H](C(=O)N[C@@H](C(=O)N2CCC[C@H]2C(=O)N(CC(=O)N([C@H](C(=O)O1)C(C)C)C)C)C(C)C)NC(=O)C3=C4C(=C(C=C3)C)OC5=C(C(=O)C(=C(C5=N4)C(=O)N[C@H]6[C@H](OC(=O)[C@@H](N(C(=O)CN(C(=O)[C@@H]7CCCN7C(=O)[C@H](NC6=O)C(C)C)C)C)C(C)C)C)N)C,Active
235,363894769,457193,C[C@@H]1[C@@H](C(=O)N[C@@H](C(=O)N2CCC[C@H]2C(=O)N(CC(=O)N([C@H](C(=O)O1)C(C)C)C)C)C(C)C)NC(=O)C3=C4C(=C(C=C3)C)OC5=C(C(=O)C(=C(C5=N4)C(=O)N[C@H]6[C@H](OC(=O)[C@@H](N(C(=O)CN(C(=O)[C@@H]7CCCN7C(=O)[C@H](NC6=O)C(C)C)C)C)C(C)C)C)N)C,Active
236,363894769,457193,C[C@@H]1[C@@H](C(=O)N[C@@H](C(=O)N2CCC[C@H]2C(=O)N(CC(=O)N([C@H](C(=O)O1)C(C)C)C)C)C(C)C)NC(=O)C3=C4C(=C(C=C3)C)OC5=C(C(=O)C(=C(C5=N4)C(=O)N[C@H]6[C@H](OC(=O)[C@@H](N(C(=O)CN(C(=O)[C@@H]7CCCN7C(=O)[C@H](NC6=O)C(C)C)C)C)C(C)C)C)N)C,Active
237,363894769,457193,C[C@@H]1[C@@H](C(=O)N[C@@H](C(=O)N2CCC[C@H]2C(=O)N(CC(=O)N([C@H](C(=O)O1)C(C)C)C)C)C(C)C)NC(=O)C3=C4C(=C(C=C3)C)OC5=C(C(=O)C(=C(C5=N4)C(=O)N[C@H]6[C@H](OC(=O)[C@@H](N(C(=O)CN(C(=O)[C@@H]7CCCN7C(=O)[C@H](NC6=O)C(C)C)C)C)C(C)C)C)N)C,Unspecified
238,363894769,457193,C[C@@H]1[C@@H](C(=O)N[C@@H](C(=O)N2CCC[C@H]2C(=O)N(CC(=O)N([C@H](C(=O)O1)C(C)C)C)C)C(C)C)NC(=O)C3=C4C(=C(C=C3)C)OC5=C(C(=O)C(=C(C5=N4)C(=O)N[C@H]6[C@H](OC(=O)[C@@H](N(C(=O)CN(C(=O)[C@@H]7CCCN7C(=O)[C@H](NC6=O)C(C)C)C)C)C(C)C)C)N)C,Active
239,363894769,457193,C[C@@H]1[C@@H](C(=O)N[C@@H](C(=O)N2CCC[C@H]2C(=O)N(CC(=O)N([C@H](C(=O)O1)C(C)C)C)C)C(C)C)NC(=O)C3=C4C(=C(C=C3)C)OC5=C(C(=O)C(=C(C5=N4)C(=O)N[C@H]6[C@H](OC(=O)[C@@H](N(C(=O)CN(C(=O)[C@@H]7CCCN7C(=O)[C@H](NC6=O)C(C)C)C)C)C(C)C)C)N)C,Active
240,363894769,457193,C[C@@H]1[C@@H](C(=O)N[C@@H](C(=O)N2CCC[C@H]2C(=O)N(CC(=O)N([C@H](C(=O)O1)C(C)C)C)C)C(C)C)NC(=O)C3=C4C(=C(C=C3)C)OC5=C(C(=O)C(=C(C5=N4)C(=O)N[C@H]6[C@H](OC(=O)[C@@H](N(C(=O)CN(C(=O)[C@@H]7CCCN7C(=O)[C@H](NC6=O)C(C)C)C)C)C(C)C)C)N)C,Active
241,363894769,457193,C[C@@H]1[C@@H](C(=O)N[C@@H](C(=O)N2CCC[C@H]2C(=O)N(CC(=O)N([C@H](C(=O)O1)C(C)C)C)C)C(C)C)NC(=O)C3=C4C(=C(C=C3)C)OC5=C(C(=O)C(=C(C5=N4)C(=O)N[C@H]6[C@H](OC(=O)[C@@H](N(C(=O)CN(C(=O)[C@@H]7CCCN7C(=O)[C@H](NC6=O)C(C)C)C)C)C(C)C)C)N)C,Unspecified
242,363894769,457193,C[C@@H]1[C@@H](C(=O)N[C@@H](C(=O)N2CCC[C@H]2C(=O)N(CC(=O)N([C@H](C(=O)O1)C(C)C)C)C)C(C)C)NC(=O)C3=C4C(=C(C=C3)C)OC5=C(C(=O)C(=C(C5=N4)C(=O)N[C@H]6[C@H](OC(=O)[C@@H](N(C(=O)CN(C(=O)[C@@H]7CCCN7C(=O)[C@H](NC6=O)C(C)C)C)C)C(C)C)C)N)C,Active
243,363894769,457193,C[C@@H]1[C@@H](C(=O)N[C@@H](C(=O)N2CCC[C@H]2C(=O)N(CC(=O)N([C@H](C(=O)O1)C(C)C)C)C)C(C)C)NC(=O)C3=C4C(=C(C=C3)C)OC5=C(C(=O)C(=C(C5=N4)C(=O)N[C@H]6[C@H](OC(=O)[C@@H](N(C(=O)CN(C(=O)[C@@H]7CCCN7C(=O)[C@H](NC6=O)C(C)C)C)C)C(C)C)C)N)C,Active
244,363894769,457193,C[C@@H]1[C@@H](C(=O)N[C@@H](C(=O)N2CCC[C@H]2C(=O)N(CC(=O)N([C@H](C(=O)O1)C(C)C)C)C)C(C)C)NC(=O)C3=C4C(=C(C=C3)C)OC5=C(C(=O)C(=C(C5=N4)C(=O)N[C@H]6[C@H](OC(=O)[C@@H](N(C(=O)CN(C(=O)[C@@H]7CCCN7C(=O)[C@H](NC6=O)C(C)C)C)C)C(C)C)C)N)C,Unspecified
245,363894769,457193,C[C@@H]1[C@@H](C(=O)N[C@@H](C(=O)N2CCC[C@H]2C(=O)N(CC(=O)N([C@H](C(=O)O1)C(C)C)C)C)C(C)C)NC(=O)C3=C4C(=C(C=C3)C)OC5=C(C(=O)C(=C(C5=N4)C(=O)N[C@H]6[C@H](OC(=O)[C@@H](N(C(=O)CN(C(=O)[C@@H]7CCCN7C(=O)[C@H](NC6=O)C(C)C)C)C)C(C)C)C)N)C,Inactive
246,363894769,457193,C[C@@H]1[C@@H](C(=O)N[C@@H](C(=O)N2CCC[C@H]2C(=O)N(CC(=O)N([C@H](C(=O)O1)C(C)C)C)C)C(C)C)NC(=O)C3=C4C(=C(C=C3)C)OC5=C(C(=O)C(=C(C5=N4)C(=O)N[C@H]6[C@H](OC(=O)[C@@H](N(C(=O)CN(C(=O)[C@@H]7CCCN7C(=O)[C@H](NC6=O)C(C)C)C)C)C(C)C)C)N)C,Unspecified
247,363894769,457193,C[C@@H]1[C@@H](C(=O)N[C@@H](C(=O)N2CCC[C@H]2C(=O)N(CC(=O)N([C@H](C(=O)O1)C(C)C)C)C)C(C)C)NC(=O)C3=C4C(=C(C=C3)C)OC5=C(C(=O)C(=C(C5=N4)C(=O)N[C@H]6[C@H](OC(=O)[C@@H](N(C(=O)CN(C(=O)[C@@H]7CCCN7C(=O)[C@H](NC6=O)C(C)C)C)C)C(C)C)C)N)C,Active
248,363894769,457193,C[C@@H]1[C@@H](C(=O)N[C@@H](C(=O)N2CCC[C@H]2C(=O)N(CC(=O)N([C@H](C(=O)O1)C(C)C)C)C)C(C)C)NC(=O)C3=C4C(=C(C=C3)C)OC5=C(C(=O)C(=C(C5=N4)C(=O)N[C@H]6[C@H](OC(=O)[C@@H](N(C(=O)CN(C(=O)[C@@H]7CCCN7C(=O)[C@H](NC6=O)C(C)C)C)C)C(C)C)C)N)C,Active
249,363894769,457193,C[C@@H]1[C@@H](C(=O)N[C@@H](C(=O)N2CCC[C@H]2C(=O)N(CC(=O)N([C@H](C(=O)O1)C(C)C)C)C)C(C)C)NC(=O)C3=C4C(=C(C=C3)C)OC5=C(C(=O)C(=C(C5=N4)C(=O)N[C@H]6[C@H](OC(=O)[C@@H](N(C(=O)CN(C(=O)[C@@H]7CCCN7C(=O)[C@H](NC6=O)C(C)C)C)C)C(C)C)C)N)C,Active
250,363894770,2244,CC(=O)OC1=CC=CC=C1C(=O)O,Unspecified
251,363894770,2244,CC(=O)OC1=CC=CC=C1C(=O)O,Inactive
252,363894771,54670067,C([C@@H]([C@@H]1C(=C(C(=O)O1)O)O)O)O,Unspecified
253,363894771,54670067,C([C@@H]([C@@H]1C(=C(C(=O)O1)O)O)O)O,Active
254,363894771,54670067,C([C@@H]([C@@H]1C(=C(C(=O)O1)O)O)O)O,Unspecified
255,363894771,54670067,C([C@@H]([C@@H]1C(=C(C(=O)O1)O)O)O)O,Active
256,363894771,54670067,C([C@@H]([C@@H]1C(=C(C(=O)O1)O)O)O)O,Active
257,363894771,54670067,C([C@@H]([C@@H]1C(=C(C(=O)O1)O)O)O)O,Active
258,363894771,54670067,C([C@@H]([C@@H]1C(=C(C(=O)O1)O)O)O)O,Inactive
259,363894771,54670067,C([C@@H]([C@@H]1C(=C(C(=O)O1)O)O)O)O,Unspecified
260,363894772,5789,CC1=CN(C(=O)NC1=O)[C@H]2C[C@@H]([C@H](O2)CO)O,Active
261,363894772,5789,CC1=CN(C(=O)NC1=O)[C@H]2C[C@@H]([C@H](O2)CO)O,Unspecified
262,363894772,5789,CC1=CN(C(=O)NC1=O)[C@H]2C[C@@H]([C@H](O2)CO)O,Unspecified
263,363894772,5789,CC1=CN(C(=O)NC1=O)[C@H]2C[C@@H]([C@H](O2)CO)O,Inactive
264,363894772,5789,CC1=CN(C(=O)NC1=O)[C@H]2C[C@@H]([C@H](O2)CO)O,Inactive
265,363894772,5789,CC1=CN(C(=O)NC1=O)[C@H]2C[C@@H]([C@H](O2)CO)O,Active
266,363894772,5789,CC1=CN(C(=O)NC1=O)[C@H]2C[C@@H]([C@H](O2)CO)O,Unspecified
267,363894773,65510,C1[C@@H]([C@H](O[C@H]1N2C=C(C(=O)NC2=O)Cl)CO)O,Active
268,363894773,65510,C1[C@@H]([C@H](O[C@H]1N2C=C(C(=O)NC2=O)Cl)CO)O,Active
269,363894774,5790,C1[C@@H]([C@H](O[C@H]1N2C=C(C(=O)NC2=O)F)CO)O,Active
270,363894774,5790,C1[C@@H]([C@H](O[C@H]1N2C=C(C(=O)NC2=O)F)CO)O,Active
271,363894774,5790,C1[C@@H]([C@H](O[C@H]1N2C=C(C(=O)NC2=O)F)CO)O,Unspecified
272,363894774,5790,C1[C@@H]([C@H](O[C@H]1N2C=C(C(=O)NC2=O)F)CO)O,Active
273,363894774,5790,C1[C@@H]([C@H](O[C@H]1N2C=C(C(=O)NC2=O)F)CO)O,Active
274,363894774,5790,C1[C@@H]([C@H](O[C@H]1N2C=C(C(=O)NC2=O)F)CO)O,Unspecified
275,363894774,5790,C1[C@@H]([C@H](O[C@H]1N2C=C(C(=O)NC2=O)F)CO)O,Inactive
276,363894774,5790,C1[C@@H]([C@H](O[C@H]1N2C=C(C(=O)NC2=O)F)CO)O,Active
277,363894774,5790,C1[C@@H]([C@H](O[C@H]1N2C=C(C(=O)NC2=O)F)CO)O,Inactive
278,363894774,5790,C1[C@@H]([C@H](O[C@H]1N2C=C(C(=O)NC2=O)F)CO)O,Inactive
279,363894774,5790,C1[C@@H]([C@H](O[C@H]1N2C=C(C(=O)NC2=O)F)CO)O,Active
280,363894774,5790,C1[C@@H]([C@H](O[C@H]1N2C=C(C(=O)NC2=O)F)CO)O,Active
281,363894774,5790,C1[C@@H]([C@H](O[C@H]1N2C=C(C(=O)NC2=O)F)CO)O,Inactive
282,363894774,5790,C1[C@@H]([C@H](O[C@H]1N2C=C(C(=O)NC2=O)F)CO)O,Unspecified
283,363894774,5790,C1[C@@H]([C@H](O[C@H]1N2C=C(C(=O)NC2=O)F)CO)O,Inactive
284,363894774,5790,C1[C@@H]([C@H](O[C@H]1N2C=C(C(=O)NC2=O)F)CO)O,Inactive
285,363894774,5790,C1[C@@H]([C@H](O[C@H]1N2C=C(C(=O)NC2=O)F)CO)O,Active
286,363894774,5790,C1[C@@H]([C@H](O[C@H]1N2C=C(C(=O)NC2=O)F)CO)O,Active
287,363894774,5790,C1[C@@H]([C@H](O[C@H]1N2C=C(C(=O)NC2=O)F)CO)O,Active
288,363894774,5790,C1[C@@H]([C@H](O[C@H]1N2C=C(C(=O)NC2=O)F)CO)O,Active
289,363894774,5790,C1[C@@H]([C@H](O[C@H]1N2C=C(C(=O)NC2=O)F)CO)O,Unspecified
290,363894775,107526,C([C@H]([C@H]([C@@H]([C@H](C=O)O)O)O)O)O,Unspecified
291,363894775,107526,C([C@H]([C@H]([C@@H]([C@H](C=O)O)O)O)O)O,Inactive
292,363894776,60975,CC(C)NCC(C1=CC2=CC=CC=C2C=C1)O.Cl,Unspecified
293,363894777,5794,CCCCOCCOCCOCC1=CC2=C(C=C1CCC)OCO2,Inactive
294,363894778,5795,CCN(CC)CCOC(=O)C1=CC=C(C=C1)N.Cl,Unspecified
295,363894778,5795,CCN(CC)CCOC(=O)C1=CC=C(C=C1)N.Cl,Unspecified
296,363894779,4472,C1=CC=C(C=C1)CNC(=O)CCNNC(=O)C2=CC=NC=C2,Active
297,363894779,4472,C1=CC=C(C=C1)CNC(=O)CCNNC(=O)C2=CC=NC=C2,Active
298,363894780,5799,C1CN1C2=NC(=NC(=N2)N3CC3)N4CC4,Active
299,363894780,5799,C1CN1C2=NC(=NC(=N2)N3CC3)N4CC4,Active
300,363894780,5799,C1CN1C2=NC(=NC(=N2)N3CC3)N4CC4,Active
301,363894780,5799,C1CN1C2=NC(=NC(=N2)N3CC3)N4CC4,Active
302,363894780,5799,C1CN1C2=NC(=NC(=N2)N3CC3)N4CC4,Active
303,363894780,5799,C1CN1C2=NC(=NC(=N2)N3CC3)N4CC4,Active
304,363894780,5799,C1CN1C2=NC(=NC(=N2)N3CC3)N4CC4,Active
305,363894780,5799,C1CN1C2=NC(=NC(=N2)N3CC3)N4CC4,Active
306,363894780,5799,C1CN1C2=NC(=NC(=N2)N3CC3)N4CC4,Active
307,363894780,5799,C1CN1C2=NC(=NC(=N2)N3CC3)N4CC4,Active
308,363894780,5799,C1CN1C2=NC(=NC(=N2)N3CC3)N4CC4,Unspecified
309,363894780,5799,C1CN1C2=NC(=NC(=N2)N3CC3)N4CC4,Inactive
310,363894780,5799,C1CN1C2=NC(=NC(=N2)N3CC3)N4CC4,Active
311,363894780,5799,C1CN1C2=NC(=NC(=N2)N3CC3)N4CC4,Active
312,363894780,5799,C1CN1C2=NC(=NC(=N2)N3CC3)N4CC4,Active
313,363894780,5799,C1CN1C2=NC(=NC(=N2)N3CC3)N4CC4,Active
314,363894780,5799,C1CN1C2=NC(=NC(=N2)N3CC3)N4CC4,Active
315,363894780,5799,C1CN1C2=NC(=NC(=N2)N3CC3)N4CC4,Unspecified
316,363894780,5799,C1CN1C2=NC(=NC(=N2)N3CC3)N4CC4,Active
317,363894780,5799,C1CN1C2=NC(=NC(=N2)N3CC3)N4CC4,Active
318,363894780,5799,C1CN1C2=NC(=NC(=N2)N3CC3)N4CC4,Active
319,363894780,5799,C1CN1C2=NC(=NC(=N2)N3CC3)N4CC4,Active
320,363894780,5799,C1CN1C2=NC(=NC(=N2)N3CC3)N4CC4,Active
321,363894780,5799,C1CN1C2=NC(=NC(=N2)N3CC3)N4CC4,Active
322,363894780,5799,C1CN1C2=NC(=NC(=N2)N3CC3)N4CC4,Active
323,363894780,5799,C1CN1C2=NC(=NC(=N2)N3CC3)N4CC4,Active
324,363894780,5799,C1CN1C2=NC(=NC(=N2)N3CC3)N4CC4,Active
325,363894781,5802,C1=C(C(=O)NC(=O)N1)Br,Active
326,363894781,5802,C1=C(C(=O)NC(=O)N1)Br,Active
327,363894781,5802,C1=C(C(=O)NC(=O)N1)Br,Inactive
328,363894782,3385,C1=C(C(=O)NC(=O)N1)F,Active
329,363894782,3385,C1=C(C(=O)NC(=O)N1)F,Active
330,363894782,3385,C1=C(C(=O)NC(=O)N1)F,Inactive
331,363894782,3385,C1=C(C(=O)NC(=O)N1)F,Active
332,363894782,3385,C1=C(C(=O)NC(=O)N1)F,Inactive
333,363894782,3385,C1=C(C(=O)NC(=O)N1)F,Active
334,363894782,3385,C1=C(C(=O)NC(=O)N1)F,Unspecified
335,363894782,3385,C1=C(C(=O)NC(=O)N1)F,Inactive
336,363894782,3385,C1=C(C(=O)NC(=O)N1)F,Unspecified
337,363894782,3385,C1=C(C(=O)NC(=O)N1)F,Unspecified
338,363894783,1493,C1=CC(=C(C=C1[N+](=O)[O-])[N+](=O)[O-])O,Inactive
339,363894783,1493,C1=CC(=C(C=C1[N+](=O)[O-])[N+](=O)[O-])O,Active
340,363894784,3000322,CN1[C@@H]2CC(C[C@H]1[C@H]3[C@@H]2O3)OC(=O)[C@H](CO)C4=CC=CC=C4,Unspecified
341,363894785,5816,CNC[C@@H](C1=CC(=C(C=C1)O)O)O,Unspecified
342,363894785,5816,CNC[C@@H](C1=CC(=C(C=C1)O)O)O,Inactive
343,363894786,657298,CCCC1=CC(=O)NC(=S)N1,Active
344,363894787,174174,CN1[C@@H]2CC[C@H]1CC(C2)OC(=O)C(CO)C3=CC=CC=C3,Unspecified
345,363894788,66124,C[C@@H](CC1=CC=CC=C1)NC.Cl,Unspecified
346,363894789,681,C1=CC(=C(C=C1CCN)O)O,Inactive
347,363894789,681,C1=CC(=C(C=C1CCN)O)O,Inactive
348,363894789,681,C1=CC(=C(C=C1CCN)O)O,Inactive
349,363894790,4033,CN(CCCl)CCCl,Active
350,363894790,4033,CN(CCCl)CCCl,Active
351,363894790,4033,CN(CCCl)CCCl,Active
352,363894790,4033,CN(CCCl)CCCl,Unspecified
353,363894790,4033,CN(CCCl)CCCl,Active
354,363894790,4033,CN(CCCl)CCCl,Active
355,363894790,4033,CN(CCCl)CCCl,Active
356,363894790,4033,CN(CCCl)CCCl,Active
357,363894790,4033,CN(CCCl)CCCl,Active
358,363894790,4033,CN(CCCl)CCCl,Active
359,363894790,4033,CN(CCCl)CCCl,Active
360,363894790,4033,CN(CCCl)CCCl,Active
361,363894790,4033,CN(CCCl)CCCl,Active
362,363894790,4033,CN(CCCl)CCCl,Active
363,363894790,4033,CN(CCCl)CCCl,Active
364,363894790,4033,CN(CCCl)CCCl,Active
365,363894790,4033,CN(CCCl)CCCl,Active
366,363894790,4033,CN(CCCl)CCCl,Active
367,363894790,4033,CN(CCCl)CCCl,Active
368,363894790,4033,CN(CCCl)CCCl,Active
369,363894790,4033,CN(CCCl)CCCl,Active
370,363894791,5641,CCOC(=O)N,Active
371,363894791,5641,CCOC(=O)N,Active
372,363894791,5641,CCOC(=O)N,Active
373,363894791,5641,CCOC(=O)N,Active
374,363894791,5641,CCOC(=O)N,Active
375,363894791,5641,CCOC(=O)N,Active
376,363894791,5641,CCOC(=O)N,Inactive
377,363894791,5641,CCOC(=O)N,Active
378,363894791,5641,CCOC(=O)N,Active
379,363894791,5641,CCOC(=O)N,Unspecified
380,363894791,5641,CCOC(=O)N,Inactive
381,363894791,5641,CCOC(=O)N,Active
382,363894791,5641,CCOC(=O)N,Inactive
383,363894791,5641,CCOC(=O)N,Active
384,363894791,5641,CCOC(=O)N,Unspecified
385,363894791,5641,CCOC(=O)N,Inactive
386,363894791,5641,CCOC(=O)N,Active
387,363894791,5641,CCOC(=O)N,Inactive
388,363894791,5641,CCOC(=O)N,Inactive
389,363894791,5641,CCOC(=O)N,Active
390,363894791,5641,CCOC(=O)N,Active
391,363894791,5641,CCOC(=O)N,Active
392,363894791,5641,CCOC(=O)N,Inactive
393,363894792,5832,CC(=O)O[C@]1(CC[C@@H]2[C@@]1(CC[C@H]3[C@H]2CCC4=CC(=O)CC[C@H]34)C)C#C,Unspecified
394,363894793,5453,C1CN1P(=S)(N2CC2)N3CC3,Active
395,363894793,5453,C1CN1P(=S)(N2CC2)N3CC3,Active
396,363894793,5453,C1CN1P(=S)(N2CC2)N3CC3,Active
397,363894793,5453,C1CN1P(=S)(N2CC2)N3CC3,Active
398,363894793,5453,C1CN1P(=S)(N2CC2)N3CC3,Active
399,363894793,5453,C1CN1P(=S)(N2CC2)N3CC3,Active
400,363894793,5453,C1CN1P(=S)(N2CC2)N3CC3,Active
401,363894793,5453,C1CN1P(=S)(N2CC2)N3CC3,Active
402,363894793,5453,C1CN1P(=S)(N2CC2)N3CC3,Active
403,363894793,5453,C1CN1P(=S)(N2CC2)N3CC3,Active
404,363894793,5453,C1CN1P(=S)(N2CC2)N3CC3,Active
405,363894793,5453,C1CN1P(=S)(N2CC2)N3CC3,Active
406,363894793,5453,C1CN1P(=S)(N2CC2)N3CC3,Active
407,363894793,5453,C1CN1P(=S)(N2CC2)N3CC3,Active
408,363894793,5453,C1CN1P(=S)(N2CC2)N3CC3,Active
409,363894793,5453,C1CN1P(=S)(N2CC2)N3CC3,Active
410,363894793,5453,C1CN1P(=S)(N2CC2)N3CC3,Active
411,363894794,5464110,CN1CC[C@]23[C@@H]4[C@H]1CC5=C2C(=C(C=C5)O)O[C@H]3[C@H](C=C4)O.Cl,Unspecified
412,363894794,5464110,CN1CC[C@]23[C@@H]4[C@H]1CC5=C2C(=C(C=C5)O)O[C@H]3[C@H](C=C4)O.Cl,Inactive
413,363894795,5359227,CN1CC[C@]23[C@@H]4[C@H]1CC5=C2C(=C(C=C5)OC)O[C@H]3[C@H](C=C4)O.OP(=O)(O)O,Unspecified
414,363894795,5359227,CN1CC[C@]23[C@@H]4[C@H]1CC5=C2C(=C(C=C5)OC)O[C@H]3[C@H](C=C4)O.OP(=O)(O)O,Inactive
415,363894796,5845,C1CN1P2(=NP(=NP(=N2)(N3CC3)N4CC4)(N5CC5)N6CC6)N7CC7,Active
416,363894796,5845,C1CN1P2(=NP(=NP(=N2)(N3CC3)N4CC4)(N5CC5)N6CC6)N7CC7,Active
417,363894797,2901,C1CCC(C1)(C(=O)O)N,Unspecified
418,363894798,5853,COP(=O)(C(C(Cl)(Cl)Cl)O)OC,Active
419,363894798,5853,COP(=O)(C(C(Cl)(Cl)Cl)O)OC,Active
420,363894798,5853,COP(=O)(C(C(Cl)(Cl)Cl)O)OC,Unspecified
421,363894798,5853,COP(=O)(C(C(Cl)(Cl)Cl)O)OC,Unspecified
422,363894798,5853,COP(=O)(C(C(Cl)(Cl)Cl)O)OC,Unspecified
423,363894798,5853,COP(=O)(C(C(Cl)(Cl)Cl)O)OC,Inactive
424,363894798,5853,COP(=O)(C(C(Cl)(Cl)Cl)O)OC,Inactive
425,363894798,5853,COP(=O)(C(C(Cl)(Cl)Cl)O)OC,Active
426,363894798,5853,COP(=O)(C(C(Cl)(Cl)Cl)O)OC,Active
427,363894798,5853,COP(=O)(C(C(Cl)(Cl)Cl)O)OC,Active
428,363894799,5858,CC[C@@]1(CC[C@@H]2[C@@]1(CC[C@H]3[C@H]2CCC4=CC(=O)CC[C@H]34)C)O,Active
429,363894800,3559,C1CN(CCC1(C2=CC=C(C=C2)Cl)O)CCCC(=O)C3=CC=C(C=C3)F,Unspecified
430,363894800,3559,C1CN(CCC1(C2=CC=C(C=C2)Cl)O)CCCC(=O)C3=CC=C(C=C3)F,Unspecified
431,363894800,3559,C1CN(CCC1(C2=CC=C(C=C2)Cl)O)CCCC(=O)C3=CC=C(C=C3)F,Active
432,363894801,5862,C([C@@H](C(=O)O)N)S,Active
433,363894801,5862,C([C@@H](C(=O)O)N)S,Unspecified
434,363894801,5862,C([C@@H](C(=O)O)N)S,Unspecified
435,363894801,5862,C([C@@H](C(=O)O)N)S,Inactive
436,363894802,5870,C[C@]12CC[C@H]3[C@H]([C@@H]1CCC2=O)CCC4=C3C=CC(=C4)O,Active
437,363894803,4211,C1=CC=C(C(=C1)C(C2=CC=C(C=C2)Cl)C(Cl)Cl)Cl,Active
438,363894804,5879,C[C@]12CC[C@H](C[C@@H]1CC[C@@H]3[C@@H]2CC[C@]4([C@H]3CCC4=O)C)O,Inactive
439,363894805,5889,C1=CC=C2C(=C1)C=CC3=CC4=C(C=CC5=CC=CC=C54)C=C32,Active
440,363894805,5889,C1=CC=C2C(=C1)C=CC3=CC4=C(C=CC5=CC=CC=C54)C=C32,Active
441,363894805,5889,C1=CC=C2C(=C1)C=CC3=CC4=C(C=CC5=CC=CC=C54)C=C32,Active
442,363894805,5889,C1=CC=C2C(=C1)C=CC3=CC4=C(C=CC5=CC=CC=C54)C=C32,Active
443,363894805,5889,C1=CC=C2C(=C1)C=CC3=CC4=C(C=CC5=CC=CC=C54)C=C32,Active
444,363894805,5889,C1=CC=C2C(=C1)C=CC3=CC4=C(C=CC5=CC=CC=C54)C=C32,Active
445,363894805,5889,C1=CC=C2C(=C1)C=CC3=CC4=C(C=CC5=CC=CC=C54)C=C32,Unspecified
446,363894805,5889,C1=CC=C2C(=C1)C=CC3=CC4=C(C=CC5=CC=CC=C54)C=C32,Active
447,363894805,5889,C1=CC=C2C(=C1)C=CC3=CC4=C(C=CC5=CC=CC=C54)C=C32,Active
448,363894805,5889,C1=CC=C2C(=C1)C=CC3=CC4=C(C=CC5=CC=CC=C54)C=C32,Active
449,363894805,5889,C1=CC=C2C(=C1)C=CC3=CC4=C(C=CC5=CC=CC=C54)C=C32,Unspecified
450,363894805,5889,C1=CC=C2C(=C1)C=CC3=CC4=C(C=CC5=CC=CC=C54)C=C32,Active
451,363894805,5889,C1=CC=C2C(=C1)C=CC3=CC4=C(C=CC5=CC=CC=C54)C=C32,Active
452,363894805,5889,C1=CC=C2C(=C1)C=CC3=CC4=C(C=CC5=CC=CC=C54)C=C32,Unspecified
453,363894805,5889,C1=CC=C2C(=C1)C=CC3=CC4=C(C=CC5=CC=CC=C54)C=C32,Active
454,363894805,5889,C1=CC=C2C(=C1)C=CC3=CC4=C(C=CC5=CC=CC=C54)C=C32,Active
455,363894806,439530,CN(C)C1=NC=NC2=C1N=CN2[C@H]3[C@@H]([C@@H]([C@H](O3)CO)NC(=O)[C@H](CC4=CC=C(C=C4)OC)N)O,Inactive
456,363894806,439530,CN(C)C1=NC=NC2=C1N=CN2[C@H]3[C@@H]([C@@H]([C@H](O3)CO)NC(=O)[C@H](CC4=CC=C(C=C4)OC)N)O,Unspecified
457,363894806,439530,CN(C)C1=NC=NC2=C1N=CN2[C@H]3[C@@H]([C@@H]([C@H](O3)CO)NC(=O)[C@H](CC4=CC=C(C=C4)OC)N)O,Inactive
458,363894806,439530,CN(C)C1=NC=NC2=C1N=CN2[C@H]3[C@@H]([C@@H]([C@H](O3)CO)NC(=O)[C@H](CC4=CC=C(C=C4)OC)N)O,Active
459,363894807,3715,CC1=C(C2=C(N1C(=O)C3=CC=C(C=C3)Cl)C=CC(=C2)OC)CC(=O)O,Active
460,363894807,3715,CC1=C(C2=C(N1C(=O)C3=CC=C(C=C3)Cl)C=CC(=C2)OC)CC(=O)O,Unspecified
461,363894807,3715,CC1=C(C2=C(N1C(=O)C3=CC=C(C=C3)Cl)C=CC(=C2)OC)CC(=O)O,Active
462,363894807,3715,CC1=C(C2=C(N1C(=O)C3=CC=C(C=C3)Cl)C=CC(=C2)OC)CC(=O)O,Unspecified
463,363894808,5895,C1C2=CC=CC=C2C3=C1C=C(C=C3)NO,Active
464,363894808,5895,C1C2=CC=CC=C2C3=C1C=C(C=C3)NO,Unspecified
465,363894808,5895,C1C2=CC=CC=C2C3=C1C=C(C=C3)NO,Active
466,363894809,5896,CC(=O)N(C1=CC2=C(C=C1)C3=CC=CC=C3C2)O,Active
467,363894809,5896,CC(=O)N(C1=CC2=C(C=C1)C3=CC=CC=C3C2)O,Active
468,363894809,5896,CC(=O)N(C1=CC2=C(C=C1)C3=CC=CC=C3C2)O,Active
469,363894809,5896,CC(=O)N(C1=CC2=C(C=C1)C3=CC=CC=C3C2)O,Active
470,363894809,5896,CC(=O)N(C1=CC2=C(C=C1)C3=CC=CC=C3C2)O,Inactive
471,363894809,5896,CC(=O)N(C1=CC2=C(C=C1)C3=CC=CC=C3C2)O,Active
472,363894809,5896,CC(=O)N(C1=CC2=C(C=C1)C3=CC=CC=C3C2)O,Active
473,363894809,5896,CC(=O)N(C1=CC2=C(C=C1)C3=CC=CC=C3C2)O,Active
474,363894809,5896,CC(=O)N(C1=CC2=C(C=C1)C3=CC=CC=C3C2)O,Unspecified
475,363894809,5896,CC(=O)N(C1=CC2=C(C=C1)C3=CC=CC=C3C2)O,Unspecified
476,363894809,5896,CC(=O)N(C1=CC2=C(C=C1)C3=CC=CC=C3C2)O,Active
477,363894809,5896,CC(=O)N(C1=CC2=C(C=C1)C3=CC=CC=C3C2)O,Unspecified
478,363894809,5896,CC(=O)N(C1=CC2=C(C=C1)C3=CC=CC=C3C2)O,Active
479,363894809,5896,CC(=O)N(C1=CC2=C(C=C1)C3=CC=CC=C3C2)O,Active
480,363894809,5896,CC(=O)N(C1=CC2=C(C=C1)C3=CC=CC=C3C2)O,Active
481,363894809,5896,CC(=O)N(C1=CC2=C(C=C1)C3=CC=CC=C3C2)O,Active
482,363894809,5896,CC(=O)N(C1=CC2=C(C=C1)C3=CC=CC=C3C2)O,Active
483,363894809,5896,CC(=O)N(C1=CC2=C(C=C1)C3=CC=CC=C3C2)O,Active
484,363894810,5897,CC(=O)NC1=CC2=C(C=C1)C3=CC=CC=C3C2,Active
485,363894810,5897,CC(=O)NC1=CC2=C(C=C1)C3=CC=CC=C3C2,Active
486,363894810,5897,CC(=O)NC1=CC2=C(C=C1)C3=CC=CC=C3C2,Active
487,363894810,5897,CC(=O)NC1=CC2=C(C=C1)C3=CC=CC=C3C2,Active
488,363894810,5897,CC(=O)NC1=CC2=C(C=C1)C3=CC=CC=C3C2,Active
489,363894810,5897,CC(=O)NC1=CC2=C(C=C1)C3=CC=CC=C3C2,Active
490,363894810,5897,CC(=O)NC1=CC2=C(C=C1)C3=CC=CC=C3C2,Unspecified
491,363894810,5897,CC(=O)NC1=CC2=C(C=C1)C3=CC=CC=C3C2,Inactive
492,363894810,5897,CC(=O)NC1=CC2=C(C=C1)C3=CC=CC=C3C2,Active
493,363894810,5897,CC(=O)NC1=CC2=C(C=C1)C3=CC=CC=C3C2,Active
494,363894810,5897,CC(=O)NC1=CC2=C(C=C1)C3=CC=CC=C3C2,Active
495,363894810,5897,CC(=O)NC1=CC2=C(C=C1)C3=CC=CC=C3C2,Inactive
496,363894810,5897,CC(=O)NC1=CC2=C(C=C1)C3=CC=CC=C3C2,Active
497,363894810,5897,CC(=O)NC1=CC2=C(C=C1)C3=CC=CC=C3C2,Inactive
498,363894810,5897,CC(=O)NC1=CC2=C(C=C1)C3=CC=CC=C3C2,Inactive
499,363894810,5897,CC(=O)NC1=CC2=C(C=C1)C3=CC=CC=C3C2,Active
500,363894810,5897,CC(=O)NC1=CC2=C(C=C1)C3=CC=CC=C3C2,Unspecified
501,363894810,5897,CC(=O)NC1=CC2=C(C=C1)C3=CC=CC=C3C2,Inactive
502,363894810,5897,CC(=O)NC1=CC2=C(C=C1)C3=CC=CC=C3C2,Unspecified
503,363894810,5897,CC(=O)NC1=CC2=C(C=C1)C3=CC=CC=C3C2,Unspecified
504,363894810,5897,CC(=O)NC1=CC2=C(C=C1)C3=CC=CC=C3C2,Active
505,363894810,5897,CC(=O)NC1=CC2=C(C=C1)C3=CC=CC=C3C2,Inactive
506,363894810,5897,CC(=O)NC1=CC2=C(C=C1)C3=CC=CC=C3C2,Inactive
507,363894810,5897,CC(=O)NC1=CC2=C(C=C1)C3=CC=CC=C3C2,Inactive
508,363894810,5897,CC(=O)NC1=CC2=C(C=C1)C3=CC=CC=C3C2,Active
509,363894810,5897,CC(=O)NC1=CC2=C(C=C1)C3=CC=CC=C3C2,Active
510,363894811,2719,CCN(CC)CCCC(C)NC1=C2C=CC(=CC2=NC=C1)Cl,Active
511,363894811,2719,CCN(CC)CCCC(C)NC1=C2C=CC(=CC2=NC=C1)Cl,Active
512,363894812,89594,CN1CCC[C@H]1C2=CN=CC=C2,Active
513,363894812,89594,CN1CCC[C@H]1C2=CN=CC=C2,Inactive
514,363894812,89594,CN1CCC[C@H]1C2=CN=CC=C2,Inactive
515,363894813,1148,C1=CC=C2C(=C1)C(=CN2)CC(C(=O)O)N,Inactive
516,363894814,5901,C1=NN(C(=O)NC1=O)[C@H]2[C@@H]([C@@H]([C@H](O2)CO)O)O,Active
517,363894814,5901,C1=NN(C(=O)NC1=O)[C@H]2[C@@H]([C@@H]([C@H](O2)CO)O)O,Unspecified
518,363894815,3440,C1=COC(=C1)CNC2=CC(=C(C=C2C(=O)O)S(=O)(=O)N)Cl,Unspecified
519,363894815,3440,C1=COC(=C1)CNC2=CC(=C(C=C2C(=O)O)S(=O)(=O)N)Cl,Inactive
520,363894815,3440,C1=COC(=C1)CNC2=CC(=C(C=C2C(=O)O)S(=O)(=O)N)Cl,Unspecified
521,363894816,5905,C1[C@@H]([C@H](O[C@H]1N2C=C(C(=O)NC2=O)I)CO)O,Active
522,363894816,5905,C1[C@@H]([C@H](O[C@H]1N2C=C(C(=O)NC2=O)I)CO)O,Active
523,363894816,5905,C1[C@@H]([C@H](O[C@H]1N2C=C(C(=O)NC2=O)I)CO)O,Inactive
524,363894816,5905,C1[C@@H]([C@H](O[C@H]1N2C=C(C(=O)NC2=O)I)CO)O,Active
525,363894816,5905,C1[C@@H]([C@H](O[C@H]1N2C=C(C(=O)NC2=O)I)CO)O,Inactive
526,363894816,5905,C1[C@@H]([C@H](O[C@H]1N2C=C(C(=O)NC2=O)I)CO)O,Unspecified
527,363894816,5905,C1[C@@H]([C@H](O[C@H]1N2C=C(C(=O)NC2=O)I)CO)O,Inactive
528,363894816,5905,C1[C@@H]([C@H](O[C@H]1N2C=C(C(=O)NC2=O)I)CO)O,Unspecified
529,363894816,5905,C1[C@@H]([C@H](O[C@H]1N2C=C(C(=O)NC2=O)I)CO)O,Active
530,363894816,5905,C1[C@@H]([C@H](O[C@H]1N2C=C(C(=O)NC2=O)I)CO)O,Unspecified
531,363894816,5905,C1[C@@H]([C@H](O[C@H]1N2C=C(C(=O)NC2=O)I)CO)O,Inactive
532,363894816,5905,C1[C@@H]([C@H](O[C@H]1N2C=C(C(=O)NC2=O)I)CO)O,Inactive
533,363894816,5905,C1[C@@H]([C@H](O[C@H]1N2C=C(C(=O)NC2=O)I)CO)O,Inactive
534,363894817,1051,CC1=NC=C(C(=C1O)C=O)COP(=O)(O)O,Unspecified
535,363894817,1051,CC1=NC=C(C(=C1O)C=O)COP(=O)(O)O,Unspecified
536,363894818,169371,C1=CC(=CC=C1C(=O)N[C@@H](CCC(=O)O)C(=O)O)NCC2=CN=C3C(=N2)C(=NC(=N3)N)N,Active
537,363894818,169371,C1=CC(=CC=C1C(=O)N[C@@H](CCC(=O)O)C(=O)O)NCC2=CN=C3C(=N2)C(=NC(=N3)N)N,Inactive
538,363894818,169371,C1=CC(=CC=C1C(=O)N[C@@H](CCC(=O)O)C(=O)O)NCC2=CN=C3C(=N2)C(=NC(=N3)N)N,Active
539,363894818,169371,C1=CC(=CC=C1C(=O)N[C@@H](CCC(=O)O)C(=O)O)NCC2=CN=C3C(=N2)C(=NC(=N3)N)N,Active
540,363894819,16684434,CC[Hg]SC1=CC=CC=C1C(=O)[O-].[Na+],Active
541,363894820,4930,CC(C)NCC(C1=CC2=CC=CC=C2C=C1)O,Inactive
542,363894820,4930,CC(C)NCC(C1=CC2=CC=CC=C2C=C1)O,Unspecified
543,363894821,3767,C1=CN=CC=C1C(=O)NN,Active
544,363894821,3767,C1=CN=CC=C1C(=O)NN,Active
545,363894821,3767,C1=CN=CC=C1C(=O)NN,Unspecified
546,363894821,3767,C1=CN=CC=C1C(=O)NN,Unspecified
547,363894821,3767,C1=CN=CC=C1C(=O)NN,Inactive
548,363894821,3767,C1=CN=CC=C1C(=O)NN,Unspecified
549,363894821,3767,C1=CN=CC=C1C(=O)NN,Inactive
550,363894821,3767,C1=CN=CC=C1C(=O)NN,Active
551,363894821,3767,C1=CN=CC=C1C(=O)NN,Unspecified
552,363894821,3767,C1=CN=CC=C1C(=O)NN,Inactive
553,363894821,3767,C1=CN=CC=C1C(=O)NN,Inactive
554,363894821,3767,C1=CN=CC=C1C(=O)NN,Active
555,363894822,5916,CC1=C(C=CC(=C1)N(C)C)N=NC2=CC=CC=C2,Inactive
556,363894822,5916,CC1=C(C=CC(=C1)N(C)C)N=NC2=CC=CC=C2,Active
557,363894822,5916,CC1=C(C=CC(=C1)N(C)C)N=NC2=CC=CC=C2,Unspecified
558,363894822,5916,CC1=C(C=CC(=C1)N(C)C)N=NC2=CC=CC=C2,Inactive
559,363894822,5916,CC1=C(C=CC(=C1)N(C)C)N=NC2=CC=CC=C2,Active
560,363894822,5916,CC1=C(C=CC(=C1)N(C)C)N=NC2=CC=CC=C2,Inactive
561,363894822,5916,CC1=C(C=CC(=C1)N(C)C)N=NC2=CC=CC=C2,Unspecified
562,363894822,5916,CC1=C(C=CC(=C1)N(C)C)N=NC2=CC=CC=C2,Inactive
563,363894822,5916,CC1=C(C=CC(=C1)N(C)C)N=NC2=CC=CC=C2,Active
564,363894822,5916,CC1=C(C=CC(=C1)N(C)C)N=NC2=CC=CC=C2,Active
565,363894822,5916,CC1=C(C=CC(=C1)N(C)C)N=NC2=CC=CC=C2,Active
566,363894822,5916,CC1=C(C=CC(=C1)N(C)C)N=NC2=CC=CC=C2,Inactive
567,363894823,3748,CC(C)NNC(=O)C1=CC=NC=C1,Active
568,363894824,5921,CCN(CC)N=O,Active
569,363894824,5921,CCN(CC)N=O,Active
570,363894824,5921,CCN(CC)N=O,Active
571,363894824,5921,CCN(CC)N=O,Active
572,363894824,5921,CCN(CC)N=O,Active
573,363894824,5921,CCN(CC)N=O,Active
574,363894824,5921,CCN(CC)N=O,Active
575,363894824,5921,CCN(CC)N=O,Inactive
576,363894824,5921,CCN(CC)N=O,Active
577,363894824,5921,CCN(CC)N=O,Active
578,363894824,5921,CCN(CC)N=O,Unspecified
579,363894824,5921,CCN(CC)N=O,Inactive
580,363894824,5921,CCN(CC)N=O,Active
581,363894824,5921,CCN(CC)N=O,Active
582,363894824,5921,CCN(CC)N=O,Inactive
583,363894824,5921,CCN(CC)N=O,Active
584,363894824,5921,CCN(CC)N=O,Inactive
585,363894824,5921,CCN(CC)N=O,Inactive
586,363894824,5921,CCN(CC)N=O,Active
587,363894824,5921,CCN(CC)N=O,Active
588,363894824,5921,CCN(CC)N=O,Inactive
589,363894824,5921,CCN(CC)N=O,Active
590,363894824,5921,CCN(CC)N=O,Active
591,363894824,5921,CCN(CC)N=O,Active
592,363894824,5921,CCN(CC)N=O,Active
593,363894824,5921,CCN(CC)N=O,Active
594,363894824,5921,CCN(CC)N=O,Unspecified
595,363894824,5921,CCN(CC)N=O,Unspecified
596,363894824,5921,CCN(CC)N=O,Active
597,363894824,5921,CCN(CC)N=O,Inactive
598,363894824,5921,CCN(CC)N=O,Active
599,363894825,2331,C1=CC=C(C=C1)C(=O)N,Active
600,363894825,2331,C1=CC=C(C=C1)C(=O)N,Active
601,363894825,2331,C1=CC=C(C=C1)C(=O)N,Active
602,363894826,3346,CC1=C(C=CC(=C1)OP(=S)(OC)OC)SC,Active
603,363894826,3346,CC1=C(C=CC(=C1)OP(=S)(OC)OC)SC,Unspecified
604,363894826,3346,CC1=C(C=CC(=C1)OP(=S)(OC)OC)SC,Unspecified
605,363894826,3346,CC1=C(C=CC(=C1)OP(=S)(OC)OC)SC,Unspecified
606,363894826,3346,CC1=C(C=CC(=C1)OP(=S)(OC)OC)SC,Unspecified
607,363894826,3346,CC1=C(C=CC(=C1)OP(=S)(OC)OC)SC,Inactive
608,363894826,3346,CC1=C(C=CC(=C1)OP(=S)(OC)OC)SC,Inactive
609,363894826,3346,CC1=C(C=CC(=C1)OP(=S)(OC)OC)SC,Inactive
610,363894827,60196398,CN1[C@@H]2CC[C@H]1CC(C2)OC(=O)C(CO)C3=CC=CC=C3.CN1[C@@H]2CC[C@H]1CC(C2)OC(=O)C(CO)C3=CC=CC=C3.OS(=O)(=O)O,Inactive
611,363894828,5928,C1=CC=C(C=C1)CN(CCCl)CCCl,Active
612,363894829,5930,CNC1=CC=C(C=C1)O.CNC1=CC=C(C=C1)O.OS(=O)(=O)O,Inactive
613,363894829,5930,CNC1=CC=C(C=C1)O.CNC1=CC=C(C=C1)O.OS(=O)(=O)O,Unspecified
614,363894830,16682924,C1=CC=C(C=C1)[Hg]O[N+](=O)[O-],Inactive
615,363894831,5934,CC1=CC(=CC=C1)N=NC2=CC=C(C=C2)N(C)C,Active
616,363894831,5934,CC1=CC(=CC=C1)N=NC2=CC=C(C=C2)N(C)C,Active
617,363894831,5934,CC1=CC(=CC=C1)N=NC2=CC=C(C=C2)N(C)C,Unspecified
618,363894831,5934,CC1=CC(=CC=C1)N=NC2=CC=C(C=C2)N(C)C,Active
619,363894831,5934,CC1=CC(=CC=C1)N=NC2=CC=C(C=C2)N(C)C,Inactive
620,363894831,5934,CC1=CC(=CC=C1)N=NC2=CC=C(C=C2)N(C)C,Active
621,363894831,5934,CC1=CC(=CC=C1)N=NC2=CC=C(C=C2)N(C)C,Unspecified
622,363894831,5934,CC1=CC(=CC=C1)N=NC2=CC=C(C=C2)N(C)C,Inactive
623,363894831,5934,CC1=CC(=CC=C1)N=NC2=CC=C(C=C2)N(C)C,Unspecified
624,363894831,5934,CC1=CC(=CC=C1)N=NC2=CC=C(C=C2)N(C)C,Inactive
625,363894831,5934,CC1=CC(=CC=C1)N=NC2=CC=C(C=C2)N(C)C,Active
626,363894831,5934,CC1=CC(=CC=C1)N=NC2=CC=C(C=C2)N(C)C,Active
627,363894831,5934,CC1=CC(=CC=C1)N=NC2=CC=C(C=C2)N(C)C,Inactive
628,363894831,5934,CC1=CC(=CC=C1)N=NC2=CC=C(C=C2)N(C)C,Active
629,363894832,5935,CN(CCCl)CCCl.Cl,Active
630,363894832,5935,CN(CCCl)CCCl.Cl,Active
631,363894832,5935,CN(CCCl)CCCl.Cl,Active
632,363894832,5935,CN(CCCl)CCCl.Cl,Active
633,363894832,5935,CN(CCCl)CCCl.Cl,Inactive
634,363894832,5935,CN(CCCl)CCCl.Cl,Active
635,363894832,5935,CN(CCCl)CCCl.Cl,Active
636,363894832,5935,CN(CCCl)CCCl.Cl,Active
637,363894833,5937,CC(CCC(C)OS(=O)(=O)C)OS(=O)(=O)C,Active
638,363894834,2478,CS(=O)(=O)OCCCCOS(=O)(=O)C,Active
639,363894834,2478,CS(=O)(=O)OCCCCOS(=O)(=O)C,Active
640,363894834,2478,CS(=O)(=O)OCCCCOS(=O)(=O)C,Active
641,363894834,2478,CS(=O)(=O)OCCCCOS(=O)(=O)C,Active
642,363894834,2478,CS(=O)(=O)OCCCCOS(=O)(=O)C,Active
643,363894834,2478,CS(=O)(=O)OCCCCOS(=O)(=O)C,Active
644,363894834,2478,CS(=O)(=O)OCCCCOS(=O)(=O)C,Unspecified
645,363894834,2478,CS(=O)(=O)OCCCCOS(=O)(=O)C,Active
646,363894834,2478,CS(=O)(=O)OCCCCOS(=O)(=O)C,Active
647,363894834,2478,CS(=O)(=O)OCCCCOS(=O)(=O)C,Unspecified
648,363894834,2478,CS(=O)(=O)OCCCCOS(=O)(=O)C,Active
649,363894834,2478,CS(=O)(=O)OCCCCOS(=O)(=O)C,Active
650,363894834,2478,CS(=O)(=O)OCCCCOS(=O)(=O)C,Active
651,363894834,2478,CS(=O)(=O)OCCCCOS(=O)(=O)C,Active
652,363894834,2478,CS(=O)(=O)OCCCCOS(=O)(=O)C,Active
653,363894834,2478,CS(=O)(=O)OCCCCOS(=O)(=O)C,Active
654,363894834,2478,CS(=O)(=O)OCCCCOS(=O)(=O)C,Active
655,363894834,2478,CS(=O)(=O)OCCCCOS(=O)(=O)C,Active
656,363894834,2478,CS(=O)(=O)OCCCCOS(=O)(=O)C,Active
657,363894834,2478,CS(=O)(=O)OCCCCOS(=O)(=O)C,Unspecified
658,363894835,667493,CC1=CC(=O)NC(=S)N1,Active
659,363894836,5941,C(CSSCCN)N.Cl.Cl,Active
660,363894836,5941,C(CSSCCN)N.Cl.Cl,Unspecified
661,363894836,5941,C(CSSCCN)N.Cl.Cl,Unspecified
662,363894837,5943,C(Cl)(Cl)(Cl)Cl,Inactive
663,363894837,5943,C(Cl)(Cl)(Cl)Cl,Active
664,363894837,5943,C(Cl)(Cl)(Cl)Cl,Active
665,363894837,5943,C(Cl)(Cl)(Cl)Cl,Active
666,363894837,5943,C(Cl)(Cl)(Cl)Cl,Active
667,363894837,5943,C(Cl)(Cl)(Cl)Cl,Inactive
668,363894838,16682746,CCCC[Sn](CCCC)(CCCC)O[Sn](CCCC)(CCCC)CCCC,Active
669,363894839,991,CCOP(=S)(OCC)OC1=CC=C(C=C1)[N+](=O)[O-],Active
670,363894839,991,CCOP(=S)(OCC)OC1=CC=C(C=C1)[N+](=O)[O-],Active
671,363894839,991,CCOP(=S)(OCC)OC1=CC=C(C=C1)[N+](=O)[O-],Active
672,363894839,991,CCOP(=S)(OCC)OC1=CC=C(C=C1)[N+](=O)[O-],Active
673,363894839,991,CCOP(=S)(OCC)OC1=CC=C(C=C1)[N+](=O)[O-],Unspecified
674,363894839,991,CCOP(=S)(OCC)OC1=CC=C(C=C1)[N+](=O)[O-],Unspecified
675,363894839,991,CCOP(=S)(OCC)OC1=CC=C(C=C1)[N+](=O)[O-],Unspecified
676,363894839,991,CCOP(=S)(OCC)OC1=CC=C(C=C1)[N+](=O)[O-],Inactive
677,363894839,991,CCOP(=S)(OCC)OC1=CC=C(C=C1)[N+](=O)[O-],Inactive
678,363894839,991,CCOP(=S)(OCC)OC1=CC=C(C=C1)[N+](=O)[O-],Inactive
679,363894839,991,CCOP(=S)(OCC)OC1=CC=C(C=C1)[N+](=O)[O-],Unspecified
680,363894840,1674,CC1=C2CCC3=C2C(=CC4=C3C=CC5=CC=CC=C54)C=C1,Active
681,363894840,1674,CC1=C2CCC3=C2C(=CC4=C3C=CC5=CC=CC=C54)C=C1,Active
682,363894840,1674,CC1=C2CCC3=C2C(=CC4=C3C=CC5=CC=CC=C54)C=C1,Active
683,363894840,1674,CC1=C2CCC3=C2C(=CC4=C3C=CC5=CC=CC=C54)C=C1,Inactive
684,363894840,1674,CC1=C2CCC3=C2C(=CC4=C3C=CC5=CC=CC=C54)C=C1,Active
685,363894840,1674,CC1=C2CCC3=C2C(=CC4=C3C=CC5=CC=CC=C54)C=C1,Active
686,363894840,1674,CC1=C2CCC3=C2C(=CC4=C3C=CC5=CC=CC=C54)C=C1,Active
687,363894840,1674,CC1=C2CCC3=C2C(=CC4=C3C=CC5=CC=CC=C54)C=C1,Active
688,363894840,1674,CC1=C2CCC3=C2C(=CC4=C3C=CC5=CC=CC=C54)C=C1,Active
689,363894840,1674,CC1=C2CCC3=C2C(=CC4=C3C=CC5=CC=CC=C54)C=C1,Active
690,363894840,1674,CC1=C2CCC3=C2C(=CC4=C3C=CC5=CC=CC=C54)C=C1,Active
691,363894840,1674,CC1=C2CCC3=C2C(=CC4=C3C=CC5=CC=CC=C54)C=C1,Active
692,363894840,1674,CC1=C2CCC3=C2C(=CC4=C3C=CC5=CC=CC=C54)C=C1,Active
693,363894840,1674,CC1=C2CCC3=C2C(=CC4=C3C=CC5=CC=CC=C54)C=C1,Inactive
694,363894840,1674,CC1=C2CCC3=C2C(=CC4=C3C=CC5=CC=CC=C54)C=C1,Active
695,363894840,1674,CC1=C2CCC3=C2C(=CC4=C3C=CC5=CC=CC=C54)C=C1,Unspecified
696,363894840,1674,CC1=C2CCC3=C2C(=CC4=C3C=CC5=CC=CC=C54)C=C1,Active
697,363894840,1674,CC1=C2CCC3=C2C(=CC4=C3C=CC5=CC=CC=C54)C=C1,Active
698,363894840,1674,CC1=C2CCC3=C2C(=CC4=C3C=CC5=CC=CC=C54)C=C1,Active
699,363894840,1674,CC1=C2CCC3=C2C(=CC4=C3C=CC5=CC=CC=C54)C=C1,Active
700,363894840,1674,CC1=C2CCC3=C2C(=CC4=C3C=CC5=CC=CC=C54)C=C1,Unspecified
701,363894840,1674,CC1=C2CCC3=C2C(=CC4=C3C=CC5=CC=CC=C54)C=C1,Active
702,363894840,1674,CC1=C2CCC3=C2C(=CC4=C3C=CC5=CC=CC=C54)C=C1,Active
703,363894840,1674,CC1=C2CCC3=C2C(=CC4=C3C=CC5=CC=CC=C54)C=C1,Active
704,363894840,1674,CC1=C2CCC3=C2C(=CC4=C3C=CC5=CC=CC=C54)C=C1,Active
705,363894840,1674,CC1=C2CCC3=C2C(=CC4=C3C=CC5=CC=CC=C54)C=C1,Active
706,363894841,448537,CC/C(=C(/CC)\C1=CC=C(C=C1)O)/C2=CC=C(C=C2)O,Active
707,363894841,448537,CC/C(=C(/CC)\C1=CC=C(C=C1)O)/C2=CC=C(C=C2)O,Active
708,363894841,448537,CC/C(=C(/CC)\C1=CC=C(C=C1)O)/C2=CC=C(C=C2)O,Active
709,363894841,448537,CC/C(=C(/CC)\C1=CC=C(C=C1)O)/C2=CC=C(C=C2)O,Active
710,363894841,448537,CC/C(=C(/CC)\C1=CC=C(C=C1)O)/C2=CC=C(C=C2)O,Inactive
711,363894841,448537,CC/C(=C(/CC)\C1=CC=C(C=C1)O)/C2=CC=C(C=C2)O,Inactive
712,363894841,448537,CC/C(=C(/CC)\C1=CC=C(C=C1)O)/C2=CC=C(C=C2)O,Unspecified
713,363894841,448537,CC/C(=C(/CC)\C1=CC=C(C=C1)O)/C2=CC=C(C=C2)O,Active
714,363894841,448537,CC/C(=C(/CC)\C1=CC=C(C=C1)O)/C2=CC=C(C=C2)O,Active
715,363894841,448537,CC/C(=C(/CC)\C1=CC=C(C=C1)O)/C2=CC=C(C=C2)O,Active
716,363894841,448537,CC/C(=C(/CC)\C1=CC=C(C=C1)O)/C2=CC=C(C=C2)O,Inactive
717,363894841,448537,CC/C(=C(/CC)\C1=CC=C(C=C1)O)/C2=CC=C(C=C2)O,Active
718,363894841,448537,CC/C(=C(/CC)\C1=CC=C(C=C1)O)/C2=CC=C(C=C2)O,Unspecified
719,363894841,448537,CC/C(=C(/CC)\C1=CC=C(C=C1)O)/C2=CC=C(C=C2)O,Inactive
720,363894841,448537,CC/C(=C(/CC)\C1=CC=C(C=C1)O)/C2=CC=C(C=C2)O,Unspecified
721,363894841,448537,CC/C(=C(/CC)\C1=CC=C(C=C1)O)/C2=CC=C(C=C2)O,Unspecified
722,363894841,448537,CC/C(=C(/CC)\C1=CC=C(C=C1)O)/C2=CC=C(C=C2)O,Unspecified
723,363894841,448537,CC/C(=C(/CC)\C1=CC=C(C=C1)O)/C2=CC=C(C=C2)O,Active
724,363894841,448537,CC/C(=C(/CC)\C1=CC=C(C=C1)O)/C2=CC=C(C=C2)O,Inactive
725,363894842,5954,C1=CC=C2C(=C1)C=CC3=CC4=CC=CC=C4C=C32,Active
726,363894842,5954,C1=CC=C2C(=C1)C=CC3=CC4=CC=CC=C4C=C32,Active
727,363894842,5954,C1=CC=C2C(=C1)C=CC3=CC4=CC=CC=C4C=C32,Inactive
728,363894842,5954,C1=CC=C2C(=C1)C=CC3=CC4=CC=CC=C4C=C32,Active
729,363894842,5954,C1=CC=C2C(=C1)C=CC3=CC4=CC=CC=C4C=C32,Active
730,363894842,5954,C1=CC=C2C(=C1)C=CC3=CC4=CC=CC=C4C=C32,Active
731,363894842,5954,C1=CC=C2C(=C1)C=CC3=CC4=CC=CC=C4C=C32,Unspecified
732,363894842,5954,C1=CC=C2C(=C1)C=CC3=CC4=CC=CC=C4C=C32,Unspecified
733,363894842,5954,C1=CC=C2C(=C1)C=CC3=CC4=CC=CC=C4C=C32,Unspecified
734,363894842,5954,C1=CC=C2C(=C1)C=CC3=CC4=CC=CC=C4C=C32,Unspecified
735,363894842,5954,C1=CC=C2C(=C1)C=CC3=CC4=CC=CC=C4C=C32,Inactive
736,363894842,5954,C1=CC=C2C(=C1)C=CC3=CC4=CC=CC=C4C=C32,Active
737,363894842,5954,C1=CC=C2C(=C1)C=CC3=CC4=CC=CC=C4C=C32,Inactive
738,363894842,5954,C1=CC=C2C(=C1)C=CC3=CC4=CC=CC=C4C=C32,Active
739,363894842,5954,C1=CC=C2C(=C1)C=CC3=CC4=CC=CC=C4C=C32,Unspecified
740,363894842,5954,C1=CC=C2C(=C1)C=CC3=CC4=CC=CC=C4C=C32,Active
741,363894842,5954,C1=CC=C2C(=C1)C=CC3=CC4=CC=CC=C4C=C32,Active
742,363894843,,,Active
743,363894843,,,Active
744,363894843,,,Active
745,363894843,,,Active
746,363894843,,,Active
747,363894843,,,Active
748,363894843,,,Active
749,363894843,,,Active
750,363894843,,,Active
751,363894843,,,Active
752,363894843,,,Active
753,363894843,,,Active
754,363894843,,,Active
755,363894843,,,Active
756,363894843,,,Active
757,363894843,,,Active
758,363894843,,,Active
759,363894843,,,Active
760,363894843,,,Active
761,363894843,,,Active
762,363894843,,,Active
763,363894843,,,Inactive
764,363894843,,,Active
765,363894843,,,Active
766,363894843,,,Active
767,363894843,,,Active
768,363894843,,,Active
769,363894843,,,Active
770,363894843,,,Active
771,363894843,,,Active
772,363894844,5957,C1=NC(=C2C(=N1)N(C=N2)[C@H]3[C@@H]([C@@H]([C@H](O3)COP(=O)(O)OP(=O)(O)OP(=O)(O)O)O)O)N,Inactive
773,363894845,2871,CCOP(=S)(OCC)OC1=CC2=C(C=C1)C(=C(C(=O)O2)Cl)C,Inactive
774,363894846,5959,C1=CC(=CC=C1[C@H]([C@@H](CO)NC(=O)C(Cl)Cl)O)[N+](=O)[O-],Active
775,363894846,5959,C1=CC(=CC=C1[C@H]([C@@H](CO)NC(=O)C(Cl)Cl)O)[N+](=O)[O-],Inactive
776,363894846,5959,C1=CC(=CC=C1[C@H]([C@@H](CO)NC(=O)C(Cl)Cl)O)[N+](=O)[O-],Inactive
777,363894846,5959,C1=CC(=CC=C1[C@H]([C@@H](CO)NC(=O)C(Cl)Cl)O)[N+](=O)[O-],Unspecified
778,363894846,5959,C1=CC(=CC=C1[C@H]([C@@H](CO)NC(=O)C(Cl)Cl)O)[N+](=O)[O-],Inactive
779,363894846,5959,C1=CC(=CC=C1[C@H]([C@@H](CO)NC(=O)C(Cl)Cl)O)[N+](=O)[O-],Inactive
780,363894846,5959,C1=CC(=CC=C1[C@H]([C@@H](CO)NC(=O)C(Cl)Cl)O)[N+](=O)[O-],Unspecified
781,363894846,5959,C1=CC(=CC=C1[C@H]([C@@H](CO)NC(=O)C(Cl)Cl)O)[N+](=O)[O-],Inactive
782,363894846,5959,C1=CC(=CC=C1[C@H]([C@@H](CO)NC(=O)C(Cl)Cl)O)[N+](=O)[O-],Unspecified
783,363894846,5959,C1=CC(=CC=C1[C@H]([C@@H](CO)NC(=O)C(Cl)Cl)O)[N+](=O)[O-],Inactive
784,363894847,5960,C([C@@H](C(=O)O)N)C(=O)O,Active
785,363894847,5960,C([C@@H](C(=O)O)N)C(=O)O,Active
786,363894848,5962,C(CCN)C[C@@H](C(=O)O)N,Inactive
787,363894849,5971,C=CCN=C=S,Active
788,363894850,5281,CCCCCCCCCCCCCCCCCC(=O)O,Inactive
789,363894851,1176,C(=O)(N)N,Active
790,363894851,1176,C(=O)(N)N,Inactive
791,363894851,1176,C(=O)(N)N,Active
792,363894851,1176,C(=O)(N)N,Unspecified
793,363894851,1176,C(=O)(N)N,Inactive
794,363894851,1176,C(=O)(N)N,Active
795,363894852,5976,CN(C)N,Active
796,363894852,5976,CN(C)N,Inactive
797,363894852,5976,CN(C)N,Inactive
798,363894852,5976,CN(C)N,Unspecified
799,363894852,5976,CN(C)N,Inactive
800,363894852,5976,CN(C)N,Inactive
801,363894852,5976,CN(C)N,Inactive
802,363894852,5976,CN(C)N,Active
803,363894852,5976,CN(C)N,Active
804,363894853,5977,CC(C)(C(Cl)(Cl)Cl)O,Unspecified
805,363894854,5388993,CC[C@@]1(C[C@H]2C[C@@](C3=C(CCN(C2)C1)C4=CC=CC=C4N3)(C5=C(C=C6C(=C5)[C@]78CCN9[C@H]7[C@@](C=CC9)([C@H]([C@@]([C@@H]8N6C=O)(C(=O)OC)O)OC(=O)C)CC)OC)C(=O)OC)O,Unspecified
806,363894854,5388993,CC[C@@]1(C[C@H]2C[C@@](C3=C(CCN(C2)C1)C4=CC=CC=C4N3)(C5=C(C=C6C(=C5)[C@]78CCN9[C@H]7[C@@](C=CC9)([C@H]([C@@]([C@@H]8N6C=O)(C(=O)OC)O)OC(=O)C)CC)OC)C(=O)OC)O,Active
807,363894854,5388993,CC[C@@]1(C[C@H]2C[C@@](C3=C(CCN(C2)C1)C4=CC=CC=C4N3)(C5=C(C=C6C(=C5)[C@]78CCN9[C@H]7[C@@](C=CC9)([C@H]([C@@]([C@@H]8N6C=O)(C(=O)OC)O)OC(=O)C)CC)OC)C(=O)OC)O,Active
808,363894854,5388993,CC[C@@]1(C[C@H]2C[C@@](C3=C(CCN(C2)C1)C4=CC=CC=C4N3)(C5=C(C=C6C(=C5)[C@]78CCN9[C@H]7[C@@](C=CC9)([C@H]([C@@]([C@@H]8N6C=O)(C(=O)OC)O)OC(=O)C)CC)OC)C(=O)OC)O,Inactive
809,363894854,5388993,CC[C@@]1(C[C@H]2C[C@@](C3=C(CCN(C2)C1)C4=CC=CC=C4N3)(C5=C(C=C6C(=C5)[C@]78CCN9[C@H]7[C@@](C=CC9)([C@H]([C@@]([C@@H]8N6C=O)(C(=O)OC)O)OC(=O)C)CC)OC)C(=O)OC)O,Active
810,363894854,5388993,CC[C@@]1(C[C@H]2C[C@@](C3=C(CCN(C2)C1)C4=CC=CC=C4N3)(C5=C(C=C6C(=C5)[C@]78CCN9[C@H]7[C@@](C=CC9)([C@H]([C@@]([C@@H]8N6C=O)(C(=O)OC)O)OC(=O)C)CC)OC)C(=O)OC)O,Active
811,363894855,23674889,CCC1(C(=O)NC(=NC1=O)[O-])C2=CC=CC=C2.[Na+],Unspecified
812,363894855,23674889,CCC1(C(=O)NC(=NC1=O)[O-])C2=CC=CC=C2.[Na+],Inactive
813,363894855,23674889,CCC1(C(=O)NC(=NC1=O)[O-])C2=CC=CC=C2.[Na+],Unspecified
814,363894855,23674889,CCC1(C(=O)NC(=NC1=O)[O-])C2=CC=CC=C2.[Na+],Inactive
815,363894856,60976,CC1CN1P(=O)(N2CC2C)N3CC3C,Active
816,363894856,60976,CC1CN1P(=O)(N2CC2C)N3CC3C,Active
817,363894856,60976,CC1CN1P(=O)(N2CC2C)N3CC3C,Active
818,363894856,60976,CC1CN1P(=O)(N2CC2C)N3CC3C,Active
819,363894856,60976,CC1CN1P(=O)(N2CC2C)N3CC3C,Active
820,363894856,60976,CC1CN1P(=O)(N2CC2C)N3CC3C,Active
821,363894856,60976,CC1CN1P(=O)(N2CC2C)N3CC3C,Unspecified
822,363894856,60976,CC1CN1P(=O)(N2CC2C)N3CC3C,Active
823,363894856,60976,CC1CN1P(=O)(N2CC2C)N3CC3C,Active
824,363894856,60976,CC1CN1P(=O)(N2CC2C)N3CC3C,Unspecified
825,363894857,1775,C1=CC=C(C=C1)C2(C(=O)NC(=O)N2)C3=CC=CC=C3,Unspecified
826,363894857,1775,C1=CC=C(C=C1)C2(C(=O)NC(=O)N2)C3=CC=CC=C3,Active
827,363894857,1775,C1=CC=C(C=C1)C2(C(=O)NC(=O)N2)C3=CC=CC=C3,Active
828,363894857,1775,C1=CC=C(C=C1)C2(C(=O)NC(=O)N2)C3=CC=CC=C3,Unspecified
829,363894858,2294,CCC1(C(=O)NC(=O)NC1=O)CC,Active
830,363894858,2294,CCC1(C(=O)NC(=O)NC1=O)CC,Inactive
831,363894859,5988,C([C@@H]1[C@H]([C@@H]([C@H]([C@H](O1)O[C@]2([C@H]([C@@H]([C@H](O2)CO)O)O)CO)O)O)O)O,Unspecified
832,363894859,5988,C([C@@H]1[C@H]([C@@H]([C@H]([C@H](O1)O[C@]2([C@H]([C@@H]([C@H](O2)CO)O)O)CO)O)O)O)O,Unspecified
833,363894860,4064,CCCC(C)(COC(=O)N)COC(=O)N,Inactive
834,363894860,4064,CCCC(C)(COC(=O)N)COC(=O)N,Unspecified
835,363894860,4064,CCCC(C)(COC(=O)N)COC(=O)N,Inactive
836,363894861,1030,CC(CO)O,Inactive
837,363894861,1030,CC(CO)O,Inactive
838,363894862,2365,C1COC1=O,Active
839,363894862,2365,C1COC1=O,Active
840,363894862,2365,C1COC1=O,Active
841,363894862,2365,C1COC1=O,Active
842,363894862,2365,C1COC1=O,Active
843,363894862,2365,C1COC1=O,Unspecified
844,363894862,2365,C1COC1=O,Active
845,363894862,2365,C1COC1=O,Active
846,363894862,2365,C1COC1=O,Active
847,363894862,2365,C1COC1=O,Active
848,363894862,2365,C1COC1=O,Active
849,363894862,2365,C1COC1=O,Active
850,363894862,2365,C1COC1=O,Inactive
851,363894862,2365,C1COC1=O,Active
852,363894862,2365,C1COC1=O,Active
853,363894862,2365,C1COC1=O,Active
854,363894862,2365,C1COC1=O,Active
855,363894862,2365,C1COC1=O,Active
856,363894862,2365,C1COC1=O,Active
857,363894862,2365,C1COC1=O,Active
858,363894862,2365,C1COC1=O,Active
859,363894863,5991,C[C@]12CC[C@H]3[C@H]([C@@H]1CC[C@]2(C#C)O)CCC4=C3C=CC(=C4)O,Inactive
860,363894863,5991,C[C@]12CC[C@H]3[C@H]([C@@H]1CC[C@]2(C#C)O)CCC4=C3C=CC(=C4)O,Inactive
861,363894863,5991,C[C@]12CC[C@H]3[C@H]([C@@H]1CC[C@]2(C#C)O)CCC4=C3C=CC(=C4)O,Active
862,363894863,5991,C[C@]12CC[C@H]3[C@H]([C@@H]1CC[C@]2(C#C)O)CCC4=C3C=CC(=C4)O,Active
863,363894864,4911,CCCN(CCC)S(=O)(=O)C1=CC=C(C=C1)C(=O)O,Inactive
864,363894865,5324,C1=CC(=CC=C1N)S(=O)(=O)N=C(N)N,Inactive
865,363894866,11954021,C1C2C(C(C1Cl)Cl)[C@]3(C(=C([C@@]2(C3(Cl)Cl)Cl)Cl)Cl)Cl,Unspecified
866,363894866,11954021,C1C2C(C(C1Cl)Cl)[C@]3(C(=C([C@@]2(C3(Cl)Cl)Cl)Cl)Cl)Cl,Active
867,363894866,11954021,C1C2C(C(C1Cl)Cl)[C@]3(C(=C([C@@]2(C3(Cl)Cl)Cl)Cl)Cl)Cl,Active
868,363894866,11954021,C1C2C(C(C1Cl)Cl)[C@]3(C(=C([C@@]2(C3(Cl)Cl)Cl)Cl)Cl)Cl,Active
869,363894867,5994,CC(=O)[C@H]1CC[C@@H]2[C@@]1(CC[C@H]3[C@H]2CCC4=CC(=O)CC[C@]34C)C,Unspecified
870,363894867,5994,CC(=O)[C@H]1CC[C@@H]2[C@@]1(CC[C@H]3[C@H]2CCC4=CC(=O)CC[C@]34C)C,Inactive
871,363894867,5994,CC(=O)[C@H]1CC[C@@H]2[C@@]1(CC[C@H]3[C@H]2CCC4=CC(=O)CC[C@]34C)C,Inactive
872,363894867,5994,CC(=O)[C@H]1CC[C@@H]2[C@@]1(CC[C@H]3[C@H]2CCC4=CC(=O)CC[C@]34C)C,Active
873,363894867,5994,CC(=O)[C@H]1CC[C@@H]2[C@@]1(CC[C@H]3[C@H]2CCC4=CC(=O)CC[C@]34C)C,Unspecified
874,363894867,5994,CC(=O)[C@H]1CC[C@@H]2[C@@]1(CC[C@H]3[C@H]2CCC4=CC(=O)CC[C@]34C)C,Active
875,363894867,5994,CC(=O)[C@H]1CC[C@@H]2[C@@]1(CC[C@H]3[C@H]2CCC4=CC(=O)CC[C@]34C)C,Inactive
876,363894867,5994,CC(=O)[C@H]1CC[C@@H]2[C@@]1(CC[C@H]3[C@H]2CCC4=CC(=O)CC[C@]34C)C,Active
877,363894868,5995,CCC(=O)O[C@H]1CC[C@@H]2[C@@]1(CC[C@H]3[C@H]2CCC4=CC(=O)CC[C@]34C)C,Active
878,363894868,5995,CCC(=O)O[C@H]1CC[C@@H]2[C@@]1(CC[C@H]3[C@H]2CCC4=CC(=O)CC[C@]34C)C,Active
879,363894869,5997,C[C@H](CCCC(C)C)[C@H]1CC[C@@H]2[C@@]1(CC[C@H]3[C@H]2CC=C4[C@@]3(CC[C@@H](C4)O)C)C,Inactive
880,363894870,19649,C[C@H]1[C@@]([C@H]([C@@H](O1)O[C@@H]2[C@H]([C@@H]([C@H]([C@@H]([C@H]2O)O)N=C(N)N)O)N=C(N)N)O[C@H]3[C@H]([C@@H]([C@H]([C@@H](O3)CO)O)O)NC)(C=O)O,Active
881,363894870,19649,C[C@H]1[C@@]([C@H]([C@@H](O1)O[C@@H]2[C@H]([C@@H]([C@H]([C@@H]([C@H]2O)O)N=C(N)N)O)N=C(N)N)O[C@H]3[C@H]([C@@H]([C@H]([C@@H](O3)CO)O)O)NC)(C=O)O,Unspecified
882,363894870,19649,C[C@H]1[C@@]([C@H]([C@@H](O1)O[C@@H]2[C@H]([C@@H]([C@H]([C@@H]([C@H]2O)O)N=C(N)N)O)N=C(N)N)O[C@H]3[C@H]([C@@H]([C@H]([C@@H](O3)CO)O)O)NC)(C=O)O,Inactive
883,363894871,64645,C[NH+]1CCC2=CC(=C3C=C2[C@@H]1CC4=CC=C(C=C4)OC5=C6[C@@H](CC7=CC(=C(C=C7)O)O3)[N+](CCC6=CC(=C5O)OC)(C)C)OC.[Cl-].[Cl-],Unspecified
884,363894871,64645,C[NH+]1CCC2=CC(=C3C=C2[C@@H]1CC4=CC=C(C=C4)OC5=C6[C@@H](CC7=CC(=C(C=C7)O)O3)[N+](CCC6=CC(=C5O)OC)(C)C)OC.[Cl-].[Cl-],Unspecified
885,363894872,6001,CC1=C2C=CC3=CC=CC=C3C2=C(C4=CC=CC=C14)C,Active
886,363894872,6001,CC1=C2C=CC3=CC=CC=C3C2=C(C4=CC=CC=C14)C,Active
887,363894872,6001,CC1=C2C=CC3=CC=CC=C3C2=C(C4=CC=CC=C14)C,Active
888,363894872,6001,CC1=C2C=CC3=CC=CC=C3C2=C(C4=CC=CC=C14)C,Active
889,363894872,6001,CC1=C2C=CC3=CC=CC=C3C2=C(C4=CC=CC=C14)C,Active
890,363894872,6001,CC1=C2C=CC3=CC=CC=C3C2=C(C4=CC=CC=C14)C,Active
891,363894872,6001,CC1=C2C=CC3=CC=CC=C3C2=C(C4=CC=CC=C14)C,Active
892,363894872,6001,CC1=C2C=CC3=CC=CC=C3C2=C(C4=CC=CC=C14)C,Active
893,363894872,6001,CC1=C2C=CC3=CC=CC=C3C2=C(C4=CC=CC=C14)C,Active
894,363894872,6001,CC1=C2C=CC3=CC=CC=C3C2=C(C4=CC=CC=C14)C,Active
895,363894872,6001,CC1=C2C=CC3=CC=CC=C3C2=C(C4=CC=CC=C14)C,Active
896,363894872,6001,CC1=C2C=CC3=CC=CC=C3C2=C(C4=CC=CC=C14)C,Active
897,363894872,6001,CC1=C2C=CC3=CC=CC=C3C2=C(C4=CC=CC=C14)C,Active
898,363894872,6001,CC1=C2C=CC3=CC=CC=C3C2=C(C4=CC=CC=C14)C,Active
899,363894872,6001,CC1=C2C=CC3=CC=CC=C3C2=C(C4=CC=CC=C14)C,Active
900,363894872,6001,CC1=C2C=CC3=CC=CC=C3C2=C(C4=CC=CC=C14)C,Active
901,363894872,6001,CC1=C2C=CC3=CC=CC=C3C2=C(C4=CC=CC=C14)C,Active
902,363894872,6001,CC1=C2C=CC3=CC=CC=C3C2=C(C4=CC=CC=C14)C,Unspecified
903,363894872,6001,CC1=C2C=CC3=CC=CC=C3C2=C(C4=CC=CC=C14)C,Unspecified
904,363894872,6001,CC1=C2C=CC3=CC=CC=C3C2=C(C4=CC=CC=C14)C,Active
905,363894872,6001,CC1=C2C=CC3=CC=CC=C3C2=C(C4=CC=CC=C14)C,Active
906,363894872,6001,CC1=C2C=CC3=CC=CC=C3C2=C(C4=CC=CC=C14)C,Active
907,363894872,6001,CC1=C2C=CC3=CC=CC=C3C2=C(C4=CC=CC=C14)C,Unspecified
908,363894872,6001,CC1=C2C=CC3=CC=CC=C3C2=C(C4=CC=CC=C14)C,Active
909,363894872,6001,CC1=C2C=CC3=CC=CC=C3C2=C(C4=CC=CC=C14)C,Unspecified
910,363894872,6001,CC1=C2C=CC3=CC=CC=C3C2=C(C4=CC=CC=C14)C,Active
911,363894872,6001,CC1=C2C=CC3=CC=CC=C3C2=C(C4=CC=CC=C14)C,Active
912,363894872,6001,CC1=C2C=CC3=CC=CC=C3C2=C(C4=CC=CC=C14)C,Active
913,363894872,6001,CC1=C2C=CC3=CC=CC=C3C2=C(C4=CC=CC=C14)C,Inactive
914,363894872,6001,CC1=C2C=CC3=CC=CC=C3C2=C(C4=CC=CC=C14)C,Unspecified
915,363894872,6001,CC1=C2C=CC3=CC=CC=C3C2=C(C4=CC=CC=C14)C,Active
916,363894872,6001,CC1=C2C=CC3=CC=CC=C3C2=C(C4=CC=CC=C14)C,Active
917,363894873,2519,CN1C=NC2=C1C(=O)N(C(=O)N2C)C,Active
918,363894873,2519,CN1C=NC2=C1C(=O)N(C(=O)N2C)C,Active
919,363894873,2519,CN1C=NC2=C1C(=O)N(C(=O)N2C)C,Active
920,363894873,2519,CN1C=NC2=C1C(=O)N(C(=O)N2C)C,Active
921,363894873,2519,CN1C=NC2=C1C(=O)N(C(=O)N2C)C,Active
922,363894873,2519,CN1C=NC2=C1C(=O)N(C(=O)N2C)C,Inactive
923,363894873,2519,CN1C=NC2=C1C(=O)N(C(=O)N2C)C,Active
924,363894873,2519,CN1C=NC2=C1C(=O)N(C(=O)N2C)C,Active
925,363894873,2519,CN1C=NC2=C1C(=O)N(C(=O)N2C)C,Unspecified
926,363894873,2519,CN1C=NC2=C1C(=O)N(C(=O)N2C)C,Active
927,363894873,2519,CN1C=NC2=C1C(=O)N(C(=O)N2C)C,Unspecified
928,363894873,2519,CN1C=NC2=C1C(=O)N(C(=O)N2C)C,Inactive
929,363894873,2519,CN1C=NC2=C1C(=O)N(C(=O)N2C)C,Unspecified
930,363894873,2519,CN1C=NC2=C1C(=O)N(C(=O)N2C)C,Unspecified
931,363894873,2519,CN1C=NC2=C1C(=O)N(C(=O)N2C)C,Unspecified
932,363894873,2519,CN1C=NC2=C1C(=O)N(C(=O)N2C)C,Active
933,363894873,2519,CN1C=NC2=C1C(=O)N(C(=O)N2C)C,Active
934,363894873,2519,CN1C=NC2=C1C(=O)N(C(=O)N2C)C,Active
935,363894873,2519,CN1C=NC2=C1C(=O)N(C(=O)N2C)C,Active
936,363894873,2519,CN1C=NC2=C1C(=O)N(C(=O)N2C)C,Active
937,363894873,2519,CN1C=NC2=C1C(=O)N(C(=O)N2C)C,Inactive
938,363894873,2519,CN1C=NC2=C1C(=O)N(C(=O)N2C)C,Unspecified
939,363894873,2519,CN1C=NC2=C1C(=O)N(C(=O)N2C)C,Active
940,363894873,2519,CN1C=NC2=C1C(=O)N(C(=O)N2C)C,Unspecified
941,363894873,2519,CN1C=NC2=C1C(=O)N(C(=O)N2C)C,Active
942,363894873,2519,CN1C=NC2=C1C(=O)N(C(=O)N2C)C,Inactive
943,363894873,2519,CN1C=NC2=C1C(=O)N(C(=O)N2C)C,Unspecified
944,363894873,2519,CN1C=NC2=C1C(=O)N(C(=O)N2C)C,Inactive
945,363894873,2519,CN1C=NC2=C1C(=O)N(C(=O)N2C)C,Inactive
946,363894873,2519,CN1C=NC2=C1C(=O)N(C(=O)N2C)C,Active
947,363894873,2519,CN1C=NC2=C1C(=O)N(C(=O)N2C)C,Inactive
948,363894873,2519,CN1C=NC2=C1C(=O)N(C(=O)N2C)C,Inactive
949,363894873,2519,CN1C=NC2=C1C(=O)N(C(=O)N2C)C,Active
950,363894873,2519,CN1C=NC2=C1C(=O)N(C(=O)N2C)C,Active
951,363894873,2519,CN1C=NC2=C1C(=O)N(C(=O)N2C)C,Active
952,363894873,2519,CN1C=NC2=C1C(=O)N(C(=O)N2C)C,Inactive
953,363894873,2519,CN1C=NC2=C1C(=O)N(C(=O)N2C)C,Inactive
954,363894873,2519,CN1C=NC2=C1C(=O)N(C(=O)N2C)C,Inactive
955,363894874,4993,CCC1=C(C(=NC(=N1)N)N)C2=CC=C(C=C2)Cl,Unspecified
956,363894875,6009,CC1=C(C(=O)N(N1C)C2=CC=CC=C2)N(C)C,Inactive
957,363894876,6010,C[C@]12CCC(=O)C=C1CC[C@@H]3[C@@H]2CC[C@]4([C@H]3CC[C@]4(C)O)C,Inactive
958,363894877,441404,C[C@]12CC[C@H]3[C@H]([C@@H]1CC[C@@H]2OC(=O)CCC4CCCC4)CCC5=CC(=O)CC[C@]35C,Active
959,363894878,6013,C[C@]12CC[C@H]3[C@H]([C@@H]1CC[C@@H]2O)CCC4=CC(=O)CC[C@]34C,Active
960,363894878,6013,C[C@]12CC[C@H]3[C@H]([C@@H]1CC[C@@H]2O)CCC4=CC(=O)CC[C@]34C,Inactive
961,363894878,6013,C[C@]12CC[C@H]3[C@H]([C@@H]1CC[C@@H]2O)CCC4=CC(=O)CC[C@]34C,Active
962,363894879,2712,CN=C1CN(C(=C2C=C(C=CC2=N1)Cl)C3=CC=CC=C3)O,Inactive
963,363894879,2712,CN=C1CN(C(=C2C=C(C=CC2=N1)Cl)C3=CC=CC=C3)O,Unspecified
964,363894880,4926,CN(C)CCCN1C2=CC=CC=C2SC3=CC=CC=C31,Active
965,363894881,2153,CN1C2=C(C(=O)N(C1=O)C)NC=N2,Active
966,363894881,2153,CN1C2=C(C(=O)N(C1=O)C)NC=N2,Active
967,363894882,23675321,CC(=O)OCC1=C(N2[C@@H]([C@@H](C2=O)NC(=O)CC3=CC=CS3)SC1)C(=O)[O-].[Na+],Inactive
968,363894883,727,C1(C(C(C(C(C1Cl)Cl)Cl)Cl)Cl)Cl,Unspecified
969,363894883,727,C1(C(C(C(C(C1Cl)Cl)Cl)Cl)Cl)Cl,Active
970,363894883,727,C1(C(C(C(C(C1Cl)Cl)Cl)Cl)Cl)Cl,Active
971,363894883,727,C1(C(C(C(C(C1Cl)Cl)Cl)Cl)Cl)Cl,Active
972,363894883,727,C1(C(C(C(C(C1Cl)Cl)Cl)Cl)Cl)Cl,Active
973,363894883,727,C1(C(C(C(C(C1Cl)Cl)Cl)Cl)Cl)Cl,Unspecified
974,363894883,727,C1(C(C(C(C(C1Cl)Cl)Cl)Cl)Cl)Cl,Active
975,363894883,727,C1(C(C(C(C(C1Cl)Cl)Cl)Cl)Cl)Cl,Active
976,363894884,2720,C1=C2C(=CC(=C1Cl)S(=O)(=O)N)S(=O)(=O)N=CN2,Unspecified
977,363894885,6032,C1[C@H]([C@@H]([C@H]([C@@H]([C@H]1N)O[C@@H]2[C@@H]([C@H]([C@@H]([C@H](O2)CN)O)O)O)O)O[C@@H]3[C@@H]([C@H]([C@@H]([C@H](O3)CO)O)N)O)N,Unspecified
978,363894885,6032,C1[C@H]([C@@H]([C@H]([C@@H]([C@H]1N)O[C@@H]2[C@@H]([C@H]([C@@H]([C@H](O2)CN)O)O)O)O)O[C@@H]3[C@@H]([C@H]([C@@H]([C@H](O3)CO)O)N)O)N,Inactive
979,363894885,6032,C1[C@H]([C@@H]([C@H]([C@@H]([C@H]1N)O[C@@H]2[C@@H]([C@H]([C@@H]([C@H](O2)CN)O)O)O)O)O[C@@H]3[C@@H]([C@H]([C@@H]([C@H](O3)CO)O)N)O)N,Inactive
980,363894886,126941,CN(CC1=CN=C2C(=N1)C(=NC(=N2)N)N)C3=CC=C(C=C3)C(=O)N[C@@H](CCC(=O)O)C(=O)O,Active
981,363894886,126941,CN(CC1=CN=C2C(=N1)C(=NC(=N2)N)N)C3=CC=C(C=C3)C(=O)N[C@@H](CCC(=O)O)C(=O)O,Inactive
982,363894886,126941,CN(CC1=CN=C2C(=N1)C(=NC(=N2)N)N)C3=CC=C(C=C3)C(=O)N[C@@H](CCC(=O)O)C(=O)O,Active
983,363894886,126941,CN(CC1=CN=C2C(=N1)C(=NC(=N2)N)N)C3=CC=C(C=C3)C(=O)N[C@@H](CCC(=O)O)C(=O)O,Active
984,363894886,126941,CN(CC1=CN=C2C(=N1)C(=NC(=N2)N)N)C3=CC=C(C=C3)C(=O)N[C@@H](CCC(=O)O)C(=O)O,Active
985,363894886,126941,CN(CC1=CN=C2C(=N1)C(=NC(=N2)N)N)C3=CC=C(C=C3)C(=O)N[C@@H](CCC(=O)O)C(=O)O,Unspecified
986,363894886,126941,CN(CC1=CN=C2C(=N1)C(=NC(=N2)N)N)C3=CC=C(C=C3)C(=O)N[C@@H](CCC(=O)O)C(=O)O,Active
987,363894886,126941,CN(CC1=CN=C2C(=N1)C(=NC(=N2)N)N)C3=CC=C(C=C3)C(=O)N[C@@H](CCC(=O)O)C(=O)O,Active
988,363894886,126941,CN(CC1=CN=C2C(=N1)C(=NC(=N2)N)N)C3=CC=C(C=C3)C(=O)N[C@@H](CCC(=O)O)C(=O)O,Active
989,363894886,126941,CN(CC1=CN=C2C(=N1)C(=NC(=N2)N)N)C3=CC=C(C=C3)C(=O)N[C@@H](CCC(=O)O)C(=O)O,Active
990,363894886,126941,CN(CC1=CN=C2C(=N1)C(=NC(=N2)N)N)C3=CC=C(C=C3)C(=O)N[C@@H](CCC(=O)O)C(=O)O,Inactive
991,363894886,126941,CN(CC1=CN=C2C(=N1)C(=NC(=N2)N)N)C3=CC=C(C=C3)C(=O)N[C@@H](CCC(=O)O)C(=O)O,Unspecified
992,363894886,126941,CN(CC1=CN=C2C(=N1)C(=NC(=N2)N)N)C3=CC=C(C=C3)C(=O)N[C@@H](CCC(=O)O)C(=O)O,Active
993,363894886,126941,CN(CC1=CN=C2C(=N1)C(=NC(=N2)N)N)C3=CC=C(C=C3)C(=O)N[C@@H](CCC(=O)O)C(=O)O,Active
994,363894886,126941,CN(CC1=CN=C2C(=N1)C(=NC(=N2)N)N)C3=CC=C(C=C3)C(=O)N[C@@H](CCC(=O)O)C(=O)O,Inactive
995,363894886,126941,CN(CC1=CN=C2C(=N1)C(=NC(=N2)N)N)C3=CC=C(C=C3)C(=O)N[C@@H](CCC(=O)O)C(=O)O,Active
996,363894886,126941,CN(CC1=CN=C2C(=N1)C(=NC(=N2)N)N)C3=CC=C(C=C3)C(=O)N[C@@H](CCC(=O)O)C(=O)O,Active
997,363894886,126941,CN(CC1=CN=C2C(=N1)C(=NC(=N2)N)N)C3=CC=C(C=C3)C(=O)N[C@@H](CCC(=O)O)C(=O)O,Inactive
998,363894886,126941,CN(CC1=CN=C2C(=N1)C(=NC(=N2)N)N)C3=CC=C(C=C3)C(=O)N[C@@H](CCC(=O)O)C(=O)O,Unspecified
999,363894887,6035,C1[C@@H]([C@H](O[C@H]1N2C=C(C(=O)NC2=O)Br)CO)O,Active
1000,363894887,6035,C1[C@@H]([C@H](O[C@H]1N2C=C(C(=O)NC2=O)Br)CO)O,Unspecified
1001,363894887,6035,C1[C@@H]([C@H](O[C@H]1N2C=C(C(=O)NC2=O)Br)CO)O,Unspecified
1002,363894887,6035,C1[C@@H]([C@H](O[C@H]1N2C=C(C(=O)NC2=O)Br)CO)O,Active
1003,363894887,6035,C1[C@@H]([C@H](O[C@H]1N2C=C(C(=O)NC2=O)Br)CO)O,Active
1004,363894887,6035,C1[C@@H]([C@H](O[C@H]1N2C=C(C(=O)NC2=O)Br)CO)O,Active
1005,363894887,6035,C1[C@@H]([C@H](O[C@H]1N2C=C(C(=O)NC2=O)Br)CO)O,Unspecified
1006,363894887,6035,C1[C@@H]([C@H](O[C@H]1N2C=C(C(=O)NC2=O)Br)CO)O,Inactive
1007,363894887,6035,C1[C@@H]([C@H](O[C@H]1N2C=C(C(=O)NC2=O)Br)CO)O,Active
1008,363894887,6035,C1[C@@H]([C@H](O[C@H]1N2C=C(C(=O)NC2=O)Br)CO)O,Active
1009,363894887,6035,C1[C@@H]([C@H](O[C@H]1N2C=C(C(=O)NC2=O)Br)CO)O,Unspecified
1010,363894887,6035,C1[C@@H]([C@H](O[C@H]1N2C=C(C(=O)NC2=O)Br)CO)O,Unspecified
1011,363894887,6035,C1[C@@H]([C@H](O[C@H]1N2C=C(C(=O)NC2=O)Br)CO)O,Active
1012,363894887,6035,C1[C@@H]([C@H](O[C@H]1N2C=C(C(=O)NC2=O)Br)CO)O,Active
1013,363894887,6035,C1[C@@H]([C@H](O[C@H]1N2C=C(C(=O)NC2=O)Br)CO)O,Active
1014,363894887,6035,C1[C@@H]([C@H](O[C@H]1N2C=C(C(=O)NC2=O)Br)CO)O,Active
1015,363894887,6035,C1[C@@H]([C@H](O[C@H]1N2C=C(C(=O)NC2=O)Br)CO)O,Active
1016,363894887,6035,C1[C@@H]([C@H](O[C@H]1N2C=C(C(=O)NC2=O)Br)CO)O,Active
1017,363894887,6035,C1[C@@H]([C@H](O[C@H]1N2C=C(C(=O)NC2=O)Br)CO)O,Active
1018,363894887,6035,C1[C@@H]([C@H](O[C@H]1N2C=C(C(=O)NC2=O)Br)CO)O,Inactive
1019,363894887,6035,C1[C@@H]([C@H](O[C@H]1N2C=C(C(=O)NC2=O)Br)CO)O,Active
1020,363894887,6035,C1[C@@H]([C@H](O[C@H]1N2C=C(C(=O)NC2=O)Br)CO)O,Inactive
1021,363894887,6035,C1[C@@H]([C@H](O[C@H]1N2C=C(C(=O)NC2=O)Br)CO)O,Unspecified
1022,363894887,6035,C1[C@@H]([C@H](O[C@H]1N2C=C(C(=O)NC2=O)Br)CO)O,Unspecified
1023,363894887,6035,C1[C@@H]([C@H](O[C@H]1N2C=C(C(=O)NC2=O)Br)CO)O,Active
1024,363894888,6038,C1=CC=C2C(=C1)C=CC(=O)N2,Inactive
1025,363894889,876,CSCCC(C(=O)O)N,Unspecified
1026,363894890,3080,C(C(CS)S)O,Inactive
1027,363894891,3759,CC1=CC(=NO1)C(=O)NNCC2=CC=CC=C2,Active
1028,363894892,5447130,C1=C(OC(=C1)[N+](=O)[O-])/C=N/NC(=O)N,Inactive
1029,363894892,5447130,C1=C(OC(=C1)[N+](=O)[O-])/C=N/NC(=O)N,Active
1030,363894892,5447130,C1=C(OC(=C1)[N+](=O)[O-])/C=N/NC(=O)N,Inactive
1031,363894892,5447130,C1=C(OC(=C1)[N+](=O)[O-])/C=N/NC(=O)N,Unspecified
1032,363894892,5447130,C1=C(OC(=C1)[N+](=O)[O-])/C=N/NC(=O)N,Active
1033,363894892,5447130,C1=C(OC(=C1)[N+](=O)[O-])/C=N/NC(=O)N,Active
1034,363894892,5447130,C1=C(OC(=C1)[N+](=O)[O-])/C=N/NC(=O)N,Active
1035,363894892,5447130,C1=C(OC(=C1)[N+](=O)[O-])/C=N/NC(=O)N,Inactive
1036,363894892,5447130,C1=C(OC(=C1)[N+](=O)[O-])/C=N/NC(=O)N,Inactive
1037,363894892,5447130,C1=C(OC(=C1)[N+](=O)[O-])/C=N/NC(=O)N,Active
1038,363894892,5447130,C1=C(OC(=C1)[N+](=O)[O-])/C=N/NC(=O)N,Unspecified
1039,363894892,5447130,C1=C(OC(=C1)[N+](=O)[O-])/C=N/NC(=O)N,Active
1040,363894892,5447130,C1=C(OC(=C1)[N+](=O)[O-])/C=N/NC(=O)N,Active
1041,363894893,6046,C1COCCN1N=O,Active
1042,363894893,6046,C1COCCN1N=O,Active
1043,363894893,6046,C1COCCN1N=O,Active
1044,363894893,6046,C1COCCN1N=O,Active
1045,363894893,6046,C1COCCN1N=O,Active
1046,363894893,6046,C1COCCN1N=O,Active
1047,363894893,6046,C1COCCN1N=O,Active
1048,363894893,6046,C1COCCN1N=O,Active
1049,363894893,6046,C1COCCN1N=O,Inactive
1050,363894893,6046,C1COCCN1N=O,Unspecified
1051,363894893,6046,C1COCCN1N=O,Active
1052,363894893,6046,C1COCCN1N=O,Active
1053,363894893,6046,C1COCCN1N=O,Unspecified
1054,363894894,4768,CC(COC1=CC=CC=C1)N(CCCl)CC2=CC=CC=C2,Active
1055,363894895,6049,C(CN(CC(=O)O)CC(=O)O)N(CC(=O)O)CC(=O)O,Inactive
1056,363894895,6049,C(CN(CC(=O)O)CC(=O)O)N(CC(=O)O)CC(=O)O,Active
1057,363894896,6051,C1=CC=C(C=C1)N=NC2=CC=C(C=C2)N,Active
1058,363894896,6051,C1=CC=C(C=C1)N=NC2=CC=C(C=C2)N,Active
1059,363894896,6051,C1=CC=C(C=C1)N=NC2=CC=C(C=C2)N,Active
1060,363894896,6051,C1=CC=C(C=C1)N=NC2=CC=C(C=C2)N,Inactive
1061,363894896,6051,C1=CC=C(C=C1)N=NC2=CC=C(C=C2)N,Inactive
1062,363894896,6051,C1=CC=C(C=C1)N=NC2=CC=C(C=C2)N,Active
1063,363894896,6051,C1=CC=C(C=C1)N=NC2=CC=C(C=C2)N,Unspecified
1064,363894896,6051,C1=CC=C(C=C1)N=NC2=CC=C(C=C2)N,Inactive
1065,363894896,6051,C1=CC=C(C=C1)N=NC2=CC=C(C=C2)N,Active
1066,363894896,6051,C1=CC=C(C=C1)N=NC2=CC=C(C=C2)N,Active
1067,363894896,6051,C1=CC=C(C=C1)N=NC2=CC=C(C=C2)N,Inactive
1068,363894896,6051,C1=CC=C(C=C1)N=NC2=CC=C(C=C2)N,Active
1069,363894897,6053,CN(C)C1=CC=C(C=C1)N=NC2=CC=CC=C2,Active
1070,363894897,6053,CN(C)C1=CC=C(C=C1)N=NC2=CC=CC=C2,Active
1071,363894897,6053,CN(C)C1=CC=C(C=C1)N=NC2=CC=CC=C2,Active
1072,363894897,6053,CN(C)C1=CC=C(C=C1)N=NC2=CC=CC=C2,Inactive
1073,363894897,6053,CN(C)C1=CC=C(C=C1)N=NC2=CC=CC=C2,Unspecified
1074,363894897,6053,CN(C)C1=CC=C(C=C1)N=NC2=CC=CC=C2,Active
1075,363894897,6053,CN(C)C1=CC=C(C=C1)N=NC2=CC=CC=C2,Active
1076,363894897,6053,CN(C)C1=CC=C(C=C1)N=NC2=CC=CC=C2,Unspecified
1077,363894897,6053,CN(C)C1=CC=C(C=C1)N=NC2=CC=CC=C2,Unspecified
1078,363894897,6053,CN(C)C1=CC=C(C=C1)N=NC2=CC=CC=C2,Inactive
1079,363894897,6053,CN(C)C1=CC=C(C=C1)N=NC2=CC=CC=C2,Inactive
1080,363894897,6053,CN(C)C1=CC=C(C=C1)N=NC2=CC=CC=C2,Unspecified
1081,363894897,6053,CN(C)C1=CC=C(C=C1)N=NC2=CC=CC=C2,Unspecified
1082,363894897,6053,CN(C)C1=CC=C(C=C1)N=NC2=CC=CC=C2,Active
1083,363894897,6053,CN(C)C1=CC=C(C=C1)N=NC2=CC=CC=C2,Inactive
1084,363894897,6053,CN(C)C1=CC=C(C=C1)N=NC2=CC=CC=C2,Active
1085,363894898,6054,C1=CC=C(C=C1)CCO,Unspecified
1086,363894898,6054,C1=CC=C(C=C1)CCO,Unspecified
1087,363894899,6055,CC(CC1=CC=CC=C1)N.CC(CC1=CC=CC=C1)N.OS(=O)(=O)O,Unspecified
1088,363894899,6055,CC(CC1=CC=CC=C1)N.CC(CC1=CC=CC=C1)N.OS(=O)(=O)O,Unspecified
1089,363894899,6055,CC(CC1=CC=CC=C1)N.CC(CC1=CC=CC=C1)N.OS(=O)(=O)O,Unspecified
1090,363894900,4654,C1=CC(=CC=C1CC(C(=O)O)N)F,Inactive
1091,363894900,4654,C1=CC(=CC=C1CC(C(=O)O)N)F,Active
1092,363894900,4654,C1=CC(=CC=C1CC(C(=O)O)N)F,Active
1093,363894900,4654,C1=CC(=CC=C1CC(C(=O)O)N)F,Active
1094,363894900,4654,C1=CC(=CC=C1CC(C(=O)O)N)F,Active
1095,363894900,4654,C1=CC(=CC=C1CC(C(=O)O)N)F,Active
1096,363894900,4654,C1=CC(=CC=C1CC(C(=O)O)N)F,Active
1097,363894901,6058,C(CS)N,Active
1098,363894901,6058,C(CS)N,Inactive
1099,363894901,6058,C(CS)N,Unspecified
1100,363894901,6058,C(CS)N,Unspecified
1101,363894902,1567,C(CS)O,Active
1102,363894903,3283,CCOCC,Unspecified
1103,363894903,3283,CCOCC,Inactive
1104,363894903,3283,CCOCC,Active
1105,363894903,3283,CCOCC,Inactive
1106,363894903,3283,CCOCC,Unspecified
1107,363894904,6061,CNN,Inactive
1108,363894904,6061,CNN,Inactive
1109,363894904,6061,CNN,Active
1110,363894904,6061,CNN,Inactive
1111,363894904,6061,CNN,Active
1112,363894904,6061,CNN,Active
1113,363894905,178,CC(=O)N,Active
1114,363894905,178,CC(=O)N,Active
1115,363894905,178,CC(=O)N,Active
1116,363894905,178,CC(=O)N,Active
1117,363894905,178,CC(=O)N,Inactive
1118,363894905,178,CC(=O)N,Unspecified
1119,363894905,178,CC(=O)N,Inactive
1120,363894905,178,CC(=O)N,Inactive
1121,363894905,178,CC(=O)N,Inactive
1122,363894905,178,CC(=O)N,Active
1123,363894905,178,CC(=O)N,Inactive
1124,363894906,3082,CNC(=O)CSP(=S)(OC)OC,Active
1125,363894906,3082,CNC(=O)CSP(=S)(OC)OC,Active
1126,363894906,3082,CNC(=O)CSP(=S)(OC)OC,Active
1127,363894906,3082,CNC(=O)CSP(=S)(OC)OC,Active
1128,363894906,3082,CNC(=O)CSP(=S)(OC)OC,Active
1129,363894906,3082,CNC(=O)CSP(=S)(OC)OC,Unspecified
1130,363894906,3082,CNC(=O)CSP(=S)(OC)OC,Inactive
1131,363894906,3082,CNC(=O)CSP(=S)(OC)OC,Active
1132,363894906,3082,CNC(=O)CSP(=S)(OC)OC,Inactive
1133,363894907,54675776,C[C@@]1([C@H]2C[C@H]3[C@@H](C(=O)C(=C([C@]3(C(=O)C2=C(C4=C1C=CC=C4O)O)O)O)C(=O)N)N(C)C)O,Inactive
1134,363894908,1349907,CN1C=CNC1=S,Unspecified
1135,363894909,969491,C1[C@@H]2[C@H]3[C@@H]([C@H]1[C@H]4[C@@H]2O4)[C@]5(C(=C([C@@]3(C5(Cl)Cl)Cl)Cl)Cl)Cl,Inactive
1136,363894909,969491,C1[C@@H]2[C@H]3[C@@H]([C@H]1[C@H]4[C@@H]2O4)[C@]5(C(=C([C@@]3(C5(Cl)Cl)Cl)Cl)Cl)Cl,Inactive
1137,363894909,969491,C1[C@@H]2[C@H]3[C@@H]([C@H]1[C@H]4[C@@H]2O4)[C@]5(C(=C([C@@]3(C5(Cl)Cl)Cl)Cl)Cl)Cl,Unspecified
1138,363894909,969491,C1[C@@H]2[C@H]3[C@@H]([C@H]1[C@H]4[C@@H]2O4)[C@]5(C(=C([C@@]3(C5(Cl)Cl)Cl)Cl)Cl)Cl,Active
1139,363894909,969491,C1[C@@H]2[C@H]3[C@@H]([C@H]1[C@H]4[C@@H]2O4)[C@]5(C(=C([C@@]3(C5(Cl)Cl)Cl)Cl)Cl)Cl,Inactive
1140,363894909,969491,C1[C@@H]2[C@H]3[C@@H]([C@H]1[C@H]4[C@@H]2O4)[C@]5(C(=C([C@@]3(C5(Cl)Cl)Cl)Cl)Cl)Cl,Inactive
1141,363894910,2206,CC1=CC(=O)N(N1C)C2=CC=CC=C2,Inactive
1142,363894911,6087,CC1([C@@H](N2[C@H](S1)[C@@H](C2=O)NC(=O)C3=C(C=CC=C3OC)OC)C(=O)O)C,Inactive
1143,363894912,5904,CC1([C@@H](N2[C@H](S1)[C@@H](C2=O)NC(=O)CC3=CC=CC=C3)C(=O)O)C,Unspecified
1144,363894913,6093,C1CN(C(=O)N1)C2=NC=C(S2)[N+](=O)[O-],Active
1145,363894913,6093,C1CN(C(=O)N1)C2=NC=C(S2)[N+](=O)[O-],Inactive
1146,363894913,6093,C1CN(C(=O)N1)C2=NC=C(S2)[N+](=O)[O-],Active
1147,363894913,6093,C1CN(C(=O)N1)C2=NC=C(S2)[N+](=O)[O-],Active
1148,363894913,6093,C1CN(C(=O)N1)C2=NC=C(S2)[N+](=O)[O-],Active
1149,363894913,6093,C1CN(C(=O)N1)C2=NC=C(S2)[N+](=O)[O-],Active
1150,363894913,6093,C1CN(C(=O)N1)C2=NC=C(S2)[N+](=O)[O-],Active
1151,363894914,6099,CN(C)C1=CC2=C(C=C1)N=C3C=CC(=[N+](C)C)C=C3S2.[Cl-],Unspecified
1152,363894914,6099,CN(C)C1=CC2=C(C=C1)N=C3C=CC(=[N+](C)C)C=C3S2.[Cl-],Active
1153,363894914,6099,CN(C)C1=CC2=C(C=C1)N=C3C=CC(=[N+](C)C)C=C3S2.[Cl-],Inactive
1154,363894914,6099,CN(C)C1=CC2=C(C=C1)N=C3C=CC(=[N+](C)C)C=C3S2.[Cl-],Active
1155,363894914,6099,CN(C)C1=CC2=C(C=C1)N=C3C=CC(=[N+](C)C)C=C3S2.[Cl-],Unspecified
1156,363894914,6099,CN(C)C1=CC2=C(C=C1)N=C3C=CC(=[N+](C)C)C=C3S2.[Cl-],Inactive
1157,363894914,6099,CN(C)C1=CC2=C(C=C1)N=C3C=CC(=[N+](C)C)C=C3S2.[Cl-],Unspecified
1158,363894914,6099,CN(C)C1=CC2=C(C=C1)N=C3C=CC(=[N+](C)C)C=C3S2.[Cl-],Unspecified
1159,363894915,1639,C1=NNC(=N1)N,Active
1160,363894915,1639,C1=NNC(=N1)N,Active
1161,363894915,1639,C1=NNC(=N1)N,Inactive
1162,363894915,1639,C1=NNC(=N1)N,Active
1163,363894915,1639,C1=NNC(=N1)N,Active
1164,363894915,1639,C1=NNC(=N1)N,Unspecified
1165,363894915,1639,C1=NNC(=N1)N,Inactive
1166,363894915,1639,C1=NNC(=N1)N,Active
1167,363894915,1639,C1=NNC(=N1)N,Active
1168,363894915,1639,C1=NNC(=N1)N,Active
1169,363894915,1639,C1=NNC(=N1)N,Inactive
1170,363894915,1639,C1=NNC(=N1)N,Inactive
1171,363894915,1639,C1=NNC(=N1)N,Inactive
1172,363894915,1639,C1=NNC(=N1)N,Unspecified
1173,363894915,1639,C1=NNC(=N1)N,Inactive
1174,363894915,1639,C1=NNC(=N1)N,Inactive
1175,363894915,1639,C1=NNC(=N1)N,Inactive
1176,363894915,1639,C1=NNC(=N1)N,Active
1177,363894915,1639,C1=NNC(=N1)N,Inactive
1178,363894916,6107,CN1CCC=C(C1)C(=O)OC.Cl,Active
1179,363894917,6108,C1=CC(=CC=C1C(=O)O)[N+](=O)[O-],Inactive
1180,363894918,16682730,CC(=O)O[Hg]C1=CC=CC=C1,Active
1181,363894918,16682730,CC(=O)O[Hg]C1=CC=CC=C1,Active
1182,363894918,16682730,CC(=O)O[Hg]C1=CC=CC=C1,Active
1183,363894919,4754,CCOC1=CC=C(C=C1)NC(=O)C,Active
1184,363894919,4754,CCOC1=CC=C(C=C1)NC(=O)C,Active
1185,363894919,4754,CCOC1=CC=C(C=C1)NC(=O)C,Active
1186,363894920,6113,CCOS(=O)(=O)C,Active
1187,363894920,6113,CCOS(=O)(=O)C,Active
1188,363894920,6113,CCOS(=O)(=O)C,Active
1189,363894920,6113,CCOS(=O)(=O)C,Active
1190,363894920,6113,CCOS(=O)(=O)C,Active
1191,363894920,6113,CCOS(=O)(=O)C,Active
1192,363894920,6113,CCOS(=O)(=O)C,Active
1193,363894920,6113,CCOS(=O)(=O)C,Unspecified
1194,363894920,6113,CCOS(=O)(=O)C,Active
1195,363894920,6113,CCOS(=O)(=O)C,Active
1196,363894920,6113,CCOS(=O)(=O)C,Active
1197,363894920,6113,CCOS(=O)(=O)C,Active
1198,363894920,6113,CCOS(=O)(=O)C,Active
1199,363894920,6113,CCOS(=O)(=O)C,Active
1200,363894920,6113,CCOS(=O)(=O)C,Active
1201,363894920,6113,CCOS(=O)(=O)C,Inactive
1202,363894920,6113,CCOS(=O)(=O)C,Active
1203,363894920,6113,CCOS(=O)(=O)C,Active
1204,363894920,6113,CCOS(=O)(=O)C,Active
1205,363894920,6113,CCOS(=O)(=O)C,Active
1206,363894920,6113,CCOS(=O)(=O)C,Active
1207,363894920,6113,CCOS(=O)(=O)C,Active
1208,363894920,6113,CCOS(=O)(=O)C,Active
1209,363894920,6113,CCOS(=O)(=O)C,Active
1210,363894920,6113,CCOS(=O)(=O)C,Active
1211,363894920,6113,CCOS(=O)(=O)C,Active
1212,363894920,6113,CCOS(=O)(=O)C,Active
1213,363894920,6113,CCOS(=O)(=O)C,Active
1214,363894920,6113,CCOS(=O)(=O)C,Active
1215,363894920,6113,CCOS(=O)(=O)C,Active
1216,363894920,6113,CCOS(=O)(=O)C,Active
1217,363894920,6113,CCOS(=O)(=O)C,Active
1218,363894920,6113,CCOS(=O)(=O)C,Active
1219,363894920,6113,CCOS(=O)(=O)C,Active
1220,363894920,6113,CCOS(=O)(=O)C,Active
1221,363894920,6113,CCOS(=O)(=O)C,Active
1222,363894920,6113,CCOS(=O)(=O)C,Active
1223,363894920,6113,CCOS(=O)(=O)C,Active
1224,363894920,6113,CCOS(=O)(=O)C,Active
1225,363894920,6113,CCOS(=O)(=O)C,Active
1226,363894920,6113,CCOS(=O)(=O)C,Active
1227,363894920,6113,CCOS(=O)(=O)C,Active
1228,363894920,6113,CCOS(=O)(=O)C,Active
1229,363894920,6113,CCOS(=O)(=O)C,Active
1230,363894920,6113,CCOS(=O)(=O)C,Active
1231,363894920,6113,CCOS(=O)(=O)C,Active
1232,363894920,6113,CCOS(=O)(=O)C,Active
1233,363894920,6113,CCOS(=O)(=O)C,Inactive
1234,363894920,6113,CCOS(=O)(=O)C,Active
1235,363894920,6113,CCOS(=O)(=O)C,Active
1236,363894920,6113,CCOS(=O)(=O)C,Active
1237,363894921,6115,C1=CC=C(C=C1)N,Unspecified
1238,363894921,6115,C1=CC=C(C=C1)N,Active
1239,363894921,6115,C1=CC=C(C=C1)N,Active
1240,363894921,6115,C1=CC=C(C=C1)N,Inactive
1241,363894921,6115,C1=CC=C(C=C1)N,Unspecified
1242,363894921,6115,C1=CC=C(C=C1)N,Active
1243,363894921,6115,C1=CC=C(C=C1)N,Inactive
1244,363894921,6115,C1=CC=C(C=C1)N,Inactive
1245,363894921,6115,C1=CC=C(C=C1)N,Unspecified
1246,363894921,6115,C1=CC=C(C=C1)N,Inactive
1247,363894922,2723949,CC(=S)N,Active
1248,363894922,2723949,CC(=S)N,Active
1249,363894922,2723949,CC(=S)N,Active
1250,363894922,2723949,CC(=S)N,Active
1251,363894922,2723949,CC(=S)N,Unspecified
1252,363894922,2723949,CC(=S)N,Inactive
1253,363894922,2723949,CC(=S)N,Inactive
1254,363894922,2723949,CC(=S)N,Active
1255,363894922,2723949,CC(=S)N,Inactive
1256,363894922,2723949,CC(=S)N,Active
1257,363894922,2723949,CC(=S)N,Active
1258,363894922,2723949,CC(=S)N,Inactive
1259,363894923,2723790,C(=S)(N)N,Active
1260,363894923,2723790,C(=S)(N)N,Active
1261,363894923,2723790,C(=S)(N)N,Active
1262,363894923,2723790,C(=S)(N)N,Active
1263,363894923,2723790,C(=S)(N)N,Inactive
1264,363894923,2723790,C(=S)(N)N,Active
1265,363894923,2723790,C(=S)(N)N,Inactive
1266,363894923,2723790,C(=S)(N)N,Unspecified
1267,363894923,2723790,C(=S)(N)N,Inactive
1268,363894923,2723790,C(=S)(N)N,Inactive
1269,363894923,2723790,C(=S)(N)N,Active
1270,363894923,2723790,C(=S)(N)N,Inactive
1271,363894923,2723790,C(=S)(N)N,Inactive
1272,363894924,3039,COP(=O)(OC)OC=C(Cl)Cl,Unspecified
1273,363894924,3039,COP(=O)(OC)OC=C(Cl)Cl,Active
1274,363894924,3039,COP(=O)(OC)OC=C(Cl)Cl,Inactive
1275,363894924,3039,COP(=O)(OC)OC=C(Cl)Cl,Unspecified
1276,363894924,3039,COP(=O)(OC)OC=C(Cl)Cl,Unspecified
1277,363894924,3039,COP(=O)(OC)OC=C(Cl)Cl,Inactive
1278,363894924,3039,COP(=O)(OC)OC=C(Cl)Cl,Inactive
1279,363894924,3039,COP(=O)(OC)OC=C(Cl)Cl,Unspecified
1280,363894924,3039,COP(=O)(OC)OC=C(Cl)Cl,Inactive
1281,363894924,3039,COP(=O)(OC)OC=C(Cl)Cl,Active
1282,363894924,3039,COP(=O)(OC)OC=C(Cl)Cl,Active
1283,363894924,3039,COP(=O)(OC)OC=C(Cl)Cl,Active
1284,363894924,3039,COP(=O)(OC)OC=C(Cl)Cl,Inactive
1285,363894924,3039,COP(=O)(OC)OC=C(Cl)Cl,Inactive
1286,363894924,3039,COP(=O)(OC)OC=C(Cl)Cl,Unspecified
1287,363894924,3039,COP(=O)(OC)OC=C(Cl)Cl,Inactive
1288,363894924,3039,COP(=O)(OC)OC=C(Cl)Cl,Active
1289,363894924,3039,COP(=O)(OC)OC=C(Cl)Cl,Active
1290,363894924,3039,COP(=O)(OC)OC=C(Cl)Cl,Active
1291,363894924,3039,COP(=O)(OC)OC=C(Cl)Cl,Unspecified
1292,363894924,3039,COP(=O)(OC)OC=C(Cl)Cl,Active
1293,363894925,6124,CN(C)N=O,Active
1294,363894925,6124,CN(C)N=O,Active
1295,363894925,6124,CN(C)N=O,Active
1296,363894925,6124,CN(C)N=O,Active
1297,363894925,6124,CN(C)N=O,Active
1298,363894925,6124,CN(C)N=O,Unspecified
1299,363894925,6124,CN(C)N=O,Unspecified
1300,363894925,6124,CN(C)N=O,Active
1301,363894925,6124,CN(C)N=O,Inactive
1302,363894925,6124,CN(C)N=O,Unspecified
1303,363894925,6124,CN(C)N=O,Active
1304,363894925,6124,CN(C)N=O,Active
1305,363894925,6124,CN(C)N=O,Active
1306,363894925,6124,CN(C)N=O,Unspecified
1307,363894925,6124,CN(C)N=O,Active
1308,363894925,6124,CN(C)N=O,Active
1309,363894925,6124,CN(C)N=O,Active
1310,363894925,6124,CN(C)N=O,Unspecified
1311,363894925,6124,CN(C)N=O,Unspecified
1312,363894925,6124,CN(C)N=O,Active
1313,363894925,6124,CN(C)N=O,Active
1314,363894925,6124,CN(C)N=O,Active
1315,363894925,6124,CN(C)N=O,Inactive
1316,363894925,6124,CN(C)N=O,Active
1317,363894925,6124,CN(C)N=O,Active
1318,363894925,6124,CN(C)N=O,Active
1319,363894925,6124,CN(C)N=O,Active
1320,363894925,6124,CN(C)N=O,Active
1321,363894925,6124,CN(C)N=O,Active
1322,363894925,6124,CN(C)N=O,Active
1323,363894925,6124,CN(C)N=O,Active
1324,363894925,6124,CN(C)N=O,Active
1325,363894925,6124,CN(C)N=O,Active
1326,363894925,6124,CN(C)N=O,Active
1327,363894925,6124,CN(C)N=O,Active
1328,363894925,6124,CN(C)N=O,Inactive
1329,363894925,6124,CN(C)N=O,Active
1330,363894926,6129,CNC(=O)OC1=CC=CC2=CC=CC=C21,Unspecified
1331,363894926,6129,CNC(=O)OC1=CC=CC2=CC=CC=C21,Active
1332,363894926,6129,CNC(=O)OC1=CC=CC2=CC=CC=C21,Active
1333,363894926,6129,CNC(=O)OC1=CC=CC2=CC=CC=C21,Unspecified
1334,363894926,6129,CNC(=O)OC1=CC=CC2=CC=CC=C21,Active
1335,363894926,6129,CNC(=O)OC1=CC=CC2=CC=CC=C21,Inactive
1336,363894926,6129,CNC(=O)OC1=CC=CC2=CC=CC=C21,Unspecified
1337,363894926,6129,CNC(=O)OC1=CC=CC2=CC=CC=C21,Unspecified
1338,363894926,6129,CNC(=O)OC1=CC=CC2=CC=CC=C21,Active
1339,363894926,6129,CNC(=O)OC1=CC=CC2=CC=CC=C21,Inactive
1340,363894926,6129,CNC(=O)OC1=CC=CC2=CC=CC=C21,Inactive
1341,363894926,6129,CNC(=O)OC1=CC=CC2=CC=CC=C21,Active
1342,363894927,6137,CSCC[C@@H](C(=O)O)N,Unspecified
1343,363894927,6137,CSCC[C@@H](C(=O)O)N,Unspecified
1344,363894927,6137,CSCC[C@@H](C(=O)O)N,Inactive
1345,363894928,5333,C1=CC(=CC=C1N)S(=O)(=O)N,Active
1346,363894928,5333,C1=CC(=CC=C1N)S(=O)(=O)N,Inactive
1347,363894928,5333,C1=CC(=CC=C1N)S(=O)(=O)N,Inactive
1348,363894928,5333,C1=CC(=CC=C1N)S(=O)(=O)N,Unspecified
1349,363894929,6141,CC(COC1=CC=CC=C1)[NH+](CCCl)CC2=CC=CC=C2.[Cl-],Active
1350,363894930,702,CCO,Active
1351,363894930,702,CCO,Active
1352,363894930,702,CCO,Active
1353,363894930,702,CCO,Active
1354,363894930,702,CCO,Inactive
1355,363894930,702,CCO,Inactive
1356,363894930,702,CCO,Inactive
1357,363894930,702,CCO,Inactive
1358,363894930,702,CCO,Active
1359,363894930,702,CCO,Inactive
1360,363894930,702,CCO,Inactive
1361,363894930,702,CCO,Inactive
1362,363894930,702,CCO,Active
1363,363894930,702,CCO,Active
1364,363894930,702,CCO,Inactive
1365,363894930,702,CCO,Inactive
1366,363894930,702,CCO,Inactive
1367,363894930,702,CCO,Inactive
1368,363894930,702,CCO,Inactive
1369,363894930,702,CCO,Inactive
1370,363894931,176,CC(=O)O,Inactive
1371,363894932,6163,CCOS(=O)(=O)OCC,Active
1372,363894932,6163,CCOS(=O)(=O)OCC,Active
1373,363894932,6163,CCOS(=O)(=O)OCC,Unspecified
1374,363894932,6163,CCOS(=O)(=O)OCC,Inactive
1375,363894932,6163,CCOS(=O)(=O)OCC,Active
1376,363894932,6163,CCOS(=O)(=O)OCC,Active
1377,363894932,6163,CCOS(=O)(=O)OCC,Active
1378,363894932,6163,CCOS(=O)(=O)OCC,Active
1379,363894932,6163,CCOS(=O)(=O)OCC,Active
1380,363894932,6163,CCOS(=O)(=O)OCC,Unspecified
1381,363894932,6163,CCOS(=O)(=O)OCC,Active
1382,363894932,6163,CCOS(=O)(=O)OCC,Active
1383,363894932,6163,CCOS(=O)(=O)OCC,Active
1384,363894932,6163,CCOS(=O)(=O)OCC,Active
1385,363894932,6163,CCOS(=O)(=O)OCC,Active
1386,363894932,6163,CCOS(=O)(=O)OCC,Inactive
1387,363894932,6163,CCOS(=O)(=O)OCC,Active
1388,363894932,6163,CCOS(=O)(=O)OCC,Active
1389,363894932,6163,CCOS(=O)(=O)OCC,Active
1390,363894933,5505,CCCCNC(=O)NS(=O)(=O)C1=CC=C(C=C1)C,Active
1391,363894933,5505,CCCCNC(=O)NS(=O)(=O)C1=CC=C(C=C1)C,Active
1392,363894934,6167,CC(=O)N[C@H]1CCC2=CC(=C(C(=C2C3=CC=C(C(=O)C=C13)OC)OC)OC)OC,Active
1393,363894934,6167,CC(=O)N[C@H]1CCC2=CC(=C(C(=C2C3=CC=C(C(=O)C=C13)OC)OC)OC)OC,Inactive
1394,363894934,6167,CC(=O)N[C@H]1CCC2=CC(=C(C(=C2C3=CC=C(C(=O)C=C13)OC)OC)OC)OC,Unspecified
1395,363894934,6167,CC(=O)N[C@H]1CCC2=CC(=C(C(=C2C3=CC=C(C(=O)C=C13)OC)OC)OC)OC,Inactive
1396,363894934,6167,CC(=O)N[C@H]1CCC2=CC(=C(C(=C2C3=CC=C(C(=O)C=C13)OC)OC)OC)OC,Active
1397,363894934,6167,CC(=O)N[C@H]1CCC2=CC(=C(C(=C2C3=CC=C(C(=O)C=C13)OC)OC)OC)OC,Unspecified
1398,363894934,6167,CC(=O)N[C@H]1CCC2=CC(=C(C(=C2C3=CC=C(C(=O)C=C13)OC)OC)OC)OC,Active
1399,363894934,6167,CC(=O)N[C@H]1CCC2=CC(=C(C(=C2C3=CC=C(C(=O)C=C13)OC)OC)OC)OC,Active
1400,363894934,6167,CC(=O)N[C@H]1CCC2=CC(=C(C(=C2C3=CC=C(C(=O)C=C13)OC)OC)OC)OC,Active
1401,363894934,6167,CC(=O)N[C@H]1CCC2=CC(=C(C(=C2C3=CC=C(C(=O)C=C13)OC)OC)OC)OC,Active
1402,363894934,6167,CC(=O)N[C@H]1CCC2=CC(=C(C(=C2C3=CC=C(C(=O)C=C13)OC)OC)OC)OC,Active
1403,363894935,4649,C1=CC(=C(C=C1N)O)C(=O)O,Unspecified
1404,363894936,517204,CN(C)C1=CC2=C(C=C1)C=C3C=CC(=CC3=N2)N(C)C.Cl,Active
1405,363894936,517204,CN(C)C1=CC2=C(C=C1)C=C3C=CC(=CC3=N2)N(C)C.Cl,Active
1406,363894936,517204,CN(C)C1=CC2=C(C=C1)C=C3C=CC(=CC3=N2)N(C)C.Cl,Active
1407,363894936,517204,CN(C)C1=CC2=C(C=C1)C=C3C=CC(=CC3=N2)N(C)C.Cl,Active
1408,363894936,517204,CN(C)C1=CC2=C(C=C1)C=C3C=CC(=CC3=N2)N(C)C.Cl,Unspecified
1409,363894936,517204,CN(C)C1=CC2=C(C=C1)C=C3C=CC(=CC3=N2)N(C)C.Cl,Active
1410,363894936,517204,CN(C)C1=CC2=C(C=C1)C=C3C=CC(=CC3=N2)N(C)C.Cl,Active
1411,363894936,517204,CN(C)C1=CC2=C(C=C1)C=C3C=CC(=CC3=N2)N(C)C.Cl,Active
1412,363894936,517204,CN(C)C1=CC2=C(C=C1)C=C3C=CC(=CC3=N2)N(C)C.Cl,Active
1413,363894936,517204,CN(C)C1=CC2=C(C=C1)C=C3C=CC(=CC3=N2)N(C)C.Cl,Unspecified
1414,363894936,517204,CN(C)C1=CC2=C(C=C1)C=C3C=CC(=CC3=N2)N(C)C.Cl,Active
1415,363894936,517204,CN(C)C1=CC2=C(C=C1)C=C3C=CC(=CC3=N2)N(C)C.Cl,Active
1416,363894936,517204,CN(C)C1=CC2=C(C=C1)C=C3C=CC(=CC3=N2)N(C)C.Cl,Unspecified
1417,363894936,517204,CN(C)C1=CC2=C(C=C1)C=C3C=CC(=CC3=N2)N(C)C.Cl,Active
1418,363894936,517204,CN(C)C1=CC2=C(C=C1)C=C3C=CC(=CC3=N2)N(C)C.Cl,Unspecified
1419,363894936,517204,CN(C)C1=CC2=C(C=C1)C=C3C=CC(=CC3=N2)N(C)C.Cl,Active
1420,363894936,517204,CN(C)C1=CC2=C(C=C1)C=C3C=CC(=CC3=N2)N(C)C.Cl,Unspecified
1421,363894936,517204,CN(C)C1=CC2=C(C=C1)C=C3C=CC(=CC3=N2)N(C)C.Cl,Active
1422,363894937,1135,CC1=CNC(=O)NC1=O,Unspecified
1423,363894937,1135,CC1=CNC(=O)NC1=O,Unspecified
1424,363894938,243,C1=CC=C(C=C1)C(=O)O,Active
1425,363894938,243,C1=CC=C(C=C1)C(=O)O,Inactive
1426,363894938,243,C1=CC=C(C=C1)C(=O)O,Inactive
1427,363894939,1174,C1=CNC(=O)NC1=O,Unspecified
1428,363894940,4156,COS(=O)(=O)C,Active
1429,363894940,4156,COS(=O)(=O)C,Inactive
1430,363894940,4156,COS(=O)(=O)C,Active
1431,363894940,4156,COS(=O)(=O)C,Active
1432,363894940,4156,COS(=O)(=O)C,Active
1433,363894940,4156,COS(=O)(=O)C,Active
1434,363894940,4156,COS(=O)(=O)C,Active
1435,363894940,4156,COS(=O)(=O)C,Active
1436,363894940,4156,COS(=O)(=O)C,Active
1437,363894940,4156,COS(=O)(=O)C,Active
1438,363894940,4156,COS(=O)(=O)C,Active
1439,363894940,4156,COS(=O)(=O)C,Active
1440,363894940,4156,COS(=O)(=O)C,Active
1441,363894940,4156,COS(=O)(=O)C,Active
1442,363894940,4156,COS(=O)(=O)C,Active
1443,363894940,4156,COS(=O)(=O)C,Active
1444,363894940,4156,COS(=O)(=O)C,Active
1445,363894940,4156,COS(=O)(=O)C,Active
1446,363894940,4156,COS(=O)(=O)C,Active
1447,363894940,4156,COS(=O)(=O)C,Active
1448,363894940,4156,COS(=O)(=O)C,Active
1449,363894940,4156,COS(=O)(=O)C,Active
1450,363894940,4156,COS(=O)(=O)C,Active
1451,363894940,4156,COS(=O)(=O)C,Active
1452,363894940,4156,COS(=O)(=O)C,Active
1453,363894940,4156,COS(=O)(=O)C,Unspecified
1454,363894940,4156,COS(=O)(=O)C,Active
1455,363894940,4156,COS(=O)(=O)C,Unspecified
1456,363894940,4156,COS(=O)(=O)C,Active
1457,363894940,4156,COS(=O)(=O)C,Active
1458,363894940,4156,COS(=O)(=O)C,Active
1459,363894940,4156,COS(=O)(=O)C,Active
1460,363894940,4156,COS(=O)(=O)C,Active
1461,363894940,4156,COS(=O)(=O)C,Active
1462,363894940,4156,COS(=O)(=O)C,Active
1463,363894940,4156,COS(=O)(=O)C,Active
1464,363894940,4156,COS(=O)(=O)C,Active
1465,363894940,4156,COS(=O)(=O)C,Active
1466,363894940,4156,COS(=O)(=O)C,Active
1467,363894940,4156,COS(=O)(=O)C,Active
1468,363894940,4156,COS(=O)(=O)C,Active
1469,363894940,4156,COS(=O)(=O)C,Active
1470,363894940,4156,COS(=O)(=O)C,Active
1471,363894940,4156,COS(=O)(=O)C,Active
1472,363894940,4156,COS(=O)(=O)C,Active
1473,363894940,4156,COS(=O)(=O)C,Active
1474,363894941,6194,C1=C(C(=O)NC(=O)N1)N(CCCl)CCCl,Inactive
1475,363894941,6194,C1=C(C(=O)NC(=O)N1)N(CCCl)CCCl,Active
1476,363894941,6194,C1=C(C(=O)NC(=O)N1)N(CCCl)CCCl,Active
1477,363894941,6194,C1=C(C(=O)NC(=O)N1)N(CCCl)CCCl,Active
1478,363894941,6194,C1=C(C(=O)NC(=O)N1)N(CCCl)CCCl,Active
1479,363894941,6194,C1=C(C(=O)NC(=O)N1)N(CCCl)CCCl,Active
1480,363894941,6194,C1=C(C(=O)NC(=O)N1)N(CCCl)CCCl,Active
1481,363894941,6194,C1=C(C(=O)NC(=O)N1)N(CCCl)CCCl,Active
1482,363894941,6194,C1=C(C(=O)NC(=O)N1)N(CCCl)CCCl,Active
1483,363894942,6197,C[C@H]1C[C@@H](C(=O)[C@@H](C1)[C@@H](CC2CC(=O)NC(=O)C2)O)C,Unspecified
1484,363894942,6197,C[C@H]1C[C@@H](C(=O)[C@@H](C1)[C@@H](CC2CC(=O)NC(=O)C2)O)C,Unspecified
1485,363894942,6197,C[C@H]1C[C@@H](C(=O)[C@@H](C1)[C@@H](CC2CC(=O)NC(=O)C2)O)C,Inactive
1486,363894942,6197,C[C@H]1C[C@@H](C(=O)[C@@H](C1)[C@@H](CC2CC(=O)NC(=O)C2)O)C,Active
1487,363894942,6197,C[C@H]1C[C@@H](C(=O)[C@@H](C1)[C@@H](CC2CC(=O)NC(=O)C2)O)C,Unspecified
1488,363894942,6197,C[C@H]1C[C@@H](C(=O)[C@@H](C1)[C@@H](CC2CC(=O)NC(=O)C2)O)C,Active
1489,363894942,6197,C[C@H]1C[C@@H](C(=O)[C@@H](C1)[C@@H](CC2CC(=O)NC(=O)C2)O)C,Active
1490,363894942,6197,C[C@H]1C[C@@H](C(=O)[C@@H](C1)[C@@H](CC2CC(=O)NC(=O)C2)O)C,Unspecified
1491,363894942,6197,C[C@H]1C[C@@H](C(=O)[C@@H](C1)[C@@H](CC2CC(=O)NC(=O)C2)O)C,Unspecified
1492,363894943,6199,C1=CC(=O)OC2=CC3=C(C=CO3)C=C21,Unspecified
1493,363894943,6199,C1=CC(=O)OC2=CC3=C(C=CO3)C=C21,Active
1494,363894944,6604200,C1C(=O)NC(=O)N1/N=C/C2=CC=C(O2)[N+](=O)[O-],Active
1495,363894944,6604200,C1C(=O)NC(=O)N1/N=C/C2=CC=C(O2)[N+](=O)[O-],Active
1496,363894944,6604200,C1C(=O)NC(=O)N1/N=C/C2=CC=C(O2)[N+](=O)[O-],Unspecified
1497,363894944,6604200,C1C(=O)NC(=O)N1/N=C/C2=CC=C(O2)[N+](=O)[O-],Active
1498,363894944,6604200,C1C(=O)NC(=O)N1/N=C/C2=CC=C(O2)[N+](=O)[O-],Inactive
1499,363894944,6604200,C1C(=O)NC(=O)N1/N=C/C2=CC=C(O2)[N+](=O)[O-],Active
1500,363894944,6604200,C1C(=O)NC(=O)N1/N=C/C2=CC=C(O2)[N+](=O)[O-],Unspecified
1501,363894944,6604200,C1C(=O)NC(=O)N1/N=C/C2=CC=C(O2)[N+](=O)[O-],Inactive
1502,363894944,6604200,C1C(=O)NC(=O)N1/N=C/C2=CC=C(O2)[N+](=O)[O-],Inactive
1503,363894944,6604200,C1C(=O)NC(=O)N1/N=C/C2=CC=C(O2)[N+](=O)[O-],Active
1504,363894944,6604200,C1C(=O)NC(=O)N1/N=C/C2=CC=C(O2)[N+](=O)[O-],Active
1505,363894944,6604200,C1C(=O)NC(=O)N1/N=C/C2=CC=C(O2)[N+](=O)[O-],Active
1506,363894944,6604200,C1C(=O)NC(=O)N1/N=C/C2=CC=C(O2)[N+](=O)[O-],Active
1507,363894944,6604200,C1C(=O)NC(=O)N1/N=C/C2=CC=C(O2)[N+](=O)[O-],Unspecified
1508,363894944,6604200,C1C(=O)NC(=O)N1/N=C/C2=CC=C(O2)[N+](=O)[O-],Active
1509,363894945,6205,CCSCCC(C(=O)O)N,Active
1510,363894945,6205,CCSCCC(C(=O)O)N,Inactive
1511,363894945,6205,CCSCCC(C(=O)O)N,Active
1512,363894946,3435,C1COC(=O)N1N=CC2=CC=C(O2)[N+](=O)[O-],Active
1513,363894946,3435,C1COC(=O)N1N=CC2=CC=C(O2)[N+](=O)[O-],Active
1514,363894946,3435,C1COC(=O)N1N=CC2=CC=C(O2)[N+](=O)[O-],Active
1515,363894946,3435,C1COC(=O)N1N=CC2=CC=C(O2)[N+](=O)[O-],Unspecified
1516,363894946,3435,C1COC(=O)N1N=CC2=CC=C(O2)[N+](=O)[O-],Unspecified
1517,363894946,3435,C1COC(=O)N1N=CC2=CC=C(O2)[N+](=O)[O-],Active
1518,363894946,3435,C1COC(=O)N1N=CC2=CC=C(O2)[N+](=O)[O-],Inactive
1519,363894946,3435,C1COC(=O)N1N=CC2=CC=C(O2)[N+](=O)[O-],Active
1520,363894946,3435,C1COC(=O)N1N=CC2=CC=C(O2)[N+](=O)[O-],Active
1521,363894947,6209,C[N+](C)(C)CCO.[Cl-],Active
1522,363894947,6209,C[N+](C)(C)CCO.[Cl-],Unspecified
1523,363894948,887,CO,Unspecified
1524,363894948,887,CO,Inactive
1525,363894948,887,CO,Inactive
1526,363894948,887,CO,Inactive
1527,363894948,887,CO,Inactive
1528,363894949,4113,CON,Active
1529,363894949,4113,CON,Unspecified
1530,363894950,3776,CC(C)O,Inactive
1531,363894950,3776,CC(C)O,Inactive
1532,363894951,180,CC(=O)C,Inactive
1533,363894951,180,CC(=O)C,Unspecified
1534,363894951,180,CC(=O)C,Inactive
1535,363894951,180,CC(=O)C,Inactive
1536,363894951,180,CC(=O)C,Inactive
1537,363894951,180,CC(=O)C,Inactive
1538,363894951,180,CC(=O)C,Inactive
1539,363894951,180,CC(=O)C,Inactive
1540,363894951,180,CC(=O)C,Inactive
1541,363894952,6212,C(Cl)(Cl)Cl,Unspecified
1542,363894952,6212,C(Cl)(Cl)Cl,Active
1543,363894952,6212,C(Cl)(Cl)Cl,Active
1544,363894952,6212,C(Cl)(Cl)Cl,Active
1545,363894952,6212,C(Cl)(Cl)Cl,Inactive
1546,363894952,6212,C(Cl)(Cl)Cl,Unspecified
1547,363894952,6212,C(Cl)(Cl)Cl,Unspecified
1548,363894952,6212,C(Cl)(Cl)Cl,Inactive
1549,363894952,6212,C(Cl)(Cl)Cl,Active
1550,363894952,6212,C(Cl)(Cl)Cl,Active
1551,363894952,6212,C(Cl)(Cl)Cl,Active
1552,363894952,6212,C(Cl)(Cl)Cl,Active
1553,363894953,679,CS(=O)C,Active
1554,363894953,679,CS(=O)C,Unspecified
1555,363894953,679,CS(=O)C,Unspecified
1556,363894953,679,CS(=O)C,Unspecified
1557,363894953,679,CS(=O)C,Active
1558,363894953,679,CS(=O)C,Inactive
1559,363894953,679,CS(=O)C,Inactive
1560,363894953,679,CS(=O)C,Inactive
1561,363894953,679,CS(=O)C,Unspecified
1562,363894953,679,CS(=O)C,Inactive
1563,363894953,679,CS(=O)C,Inactive
1564,363894953,679,CS(=O)C,Unspecified
1565,363894953,679,CS(=O)C,Unspecified
1566,363894953,679,CS(=O)C,Inactive
1567,363894953,679,CS(=O)C,Inactive
1568,363894953,679,CS(=O)C,Inactive
1569,363894953,679,CS(=O)C,Active
1570,363894953,679,CS(=O)C,Inactive
1571,363894953,679,CS(=O)C,Unspecified
1572,363894953,679,CS(=O)C,Unspecified
1573,363894953,679,CS(=O)C,Inactive
1574,363894954,6214,C(C(Cl)(Cl)Cl)(Cl)(Cl)Cl,Inactive
1575,363894954,6214,C(C(Cl)(Cl)Cl)(Cl)(Cl)Cl,Active
1576,363894954,6214,C(C(Cl)(Cl)Cl)(Cl)(Cl)Cl,Inactive
1577,363894955,6215,C[C@]12C[C@@H]([C@]3([C@H]([C@@H]1C[C@@H]4[C@]2(OC(O4)(C)C)C(=O)CO)C[C@@H](C5=CC(=O)C=C[C@@]53C)F)F)O,Active
1578,363894956,6228,CN(C)C=O,Active
1579,363894956,6228,CN(C)C=O,Inactive
1580,363894956,6228,CN(C)C=O,Unspecified
1581,363894956,6228,CN(C)C=O,Inactive
1582,363894956,6228,CN(C)C=O,Inactive
1583,363894957,,,Unspecified
1584,363894958,6230,C[C@]12CC[C@H]3[C@H]([C@@H]1CC[C@]2(C#C)O)CCC4=CC(=O)CC[C@H]34,Active
1585,363894958,6230,C[C@]12CC[C@H]3[C@H]([C@@H]1CC[C@]2(C#C)O)CCC4=CC(=O)CC[C@H]34,Active
1586,363894959,445354,CC1=C(C(CCC1)(C)C)/C=C/C(=C/C=C/C(=C/CO)/C)/C,Unspecified
1587,363894959,445354,CC1=C(C(CCC1)(C)C)/C=C/C(=C/C=C/C(=C/CO)/C)/C,Inactive
1588,363894960,6234,C1[C@H](C(=O)NO1)N,Inactive
1589,363894961,6235,C1CN1C2=CC(=O)C(=C(C2=O)N3CC3)N4CC4,Active
1590,363894961,6235,C1CN1C2=CC(=O)C(=C(C2=O)N3CC3)N4CC4,Unspecified
1591,363894961,6235,C1CN1C2=CC(=O)C(=C(C2=O)N3CC3)N4CC4,Unspecified
1592,363894961,6235,C1CN1C2=CC(=O)C(=C(C2=O)N3CC3)N4CC4,Active
1593,363894961,6235,C1CN1C2=CC(=O)C(=C(C2=O)N3CC3)N4CC4,Active
1594,363894961,6235,C1CN1C2=CC(=O)C(=C(C2=O)N3CC3)N4CC4,Active
1595,363894961,6235,C1CN1C2=CC(=O)C(=C(C2=O)N3CC3)N4CC4,Active
1596,363894961,6235,C1CN1C2=CC(=O)C(=C(C2=O)N3CC3)N4CC4,Active
1597,363894961,6235,C1CN1C2=CC(=O)C(=C(C2=O)N3CC3)N4CC4,Active
1598,363894961,6235,C1CN1C2=CC(=O)C(=C(C2=O)N3CC3)N4CC4,Active
1599,363894961,6235,C1CN1C2=CC(=O)C(=C(C2=O)N3CC3)N4CC4,Active
1600,363894961,6235,C1CN1C2=CC(=O)C(=C(C2=O)N3CC3)N4CC4,Active
1601,363894961,6235,C1CN1C2=CC(=O)C(=C(C2=O)N3CC3)N4CC4,Active
1602,363894961,6235,C1CN1C2=CC(=O)C(=C(C2=O)N3CC3)N4CC4,Active
1603,363894961,6235,C1CN1C2=CC(=O)C(=C(C2=O)N3CC3)N4CC4,Active
1604,363894961,6235,C1CN1C2=CC(=O)C(=C(C2=O)N3CC3)N4CC4,Active
1605,363894961,6235,C1CN1C2=CC(=O)C(=C(C2=O)N3CC3)N4CC4,Active
1606,363894961,6235,C1CN1C2=CC(=O)C(=C(C2=O)N3CC3)N4CC4,Active
1607,363894961,6235,C1CN1C2=CC(=O)C(=C(C2=O)N3CC3)N4CC4,Active
1608,363894962,522325,CC1=C(C(=O)N(N1C)C2=CC=CC=C2)N(C)CS(=O)(=O)[O-].[Na+],Unspecified
1609,363894963,135398638,C1=NC2=C(N1)C(=O)NC=N2,Unspecified
1610,363894963,135398638,C1=NC2=C(N1)C(=O)NC=N2,Inactive
1611,363894963,135398638,C1=NC2=C(N1)C(=O)NC=N2,Inactive
1612,363894964,6239,CCN(CC)CCCC(C)NC1=C2C=C(C=CC2=NC3=C1C=CC(=C3)Cl)OC.Cl.Cl,Active
1613,363894964,6239,CCN(CC)CCCC(C)NC1=C2C=C(C=CC2=NC3=C1C=CC(=C3)Cl)OC.Cl.Cl,Unspecified
1614,363894964,6239,CCN(CC)CCCC(C)NC1=C2C=C(C=CC2=NC3=C1C=CC(=C3)Cl)OC.Cl.Cl,Inactive
1615,363894965,6240,CN(C)CCCN1C2=CC=CC=C2SC3=C1C=C(C=C3)Cl.Cl,Active
1616,363894965,6240,CN(C)CCCN1C2=CC=CC=C2SC3=C1C=C(C=C3)Cl.Cl,Active
1617,363894966,6245,C1=CN(C2=NC=NC(=C21)N)[C@H]3[C@@H]([C@@H]([C@H](O3)CO)O)O,Inactive
1618,363894967,6249,CC1([C@@H](N2[C@H](S1)[C@@H](C2=O)NC(=O)[C@@H](C3=CC=CC=C3)N)C(=O)O)C,Inactive
1619,363894968,23668834,CC1([C@@H](N2[C@H](S1)[C@@H](C2=O)NC(=O)CC3=CC=CC=C3)C(=O)[O-])C.[Na+],Unspecified
1620,363894969,6251,C([C@H]([C@H]([C@@H]([C@@H](CO)O)O)O)O)O,Inactive
1621,363894970,338,C1=CC=C(C(=C1)C(=O)O)O,Active
1622,363894970,338,C1=CC=C(C(=C1)C(=O)O)O,Inactive
1623,363894971,1188,C1=NC2=C(N1)C(=O)NC(=O)N2,Unspecified
1624,363894972,6256,C1[C@@H]([C@H](O[C@H]1N2C=C(C(=O)NC2=O)C(F)(F)F)CO)O,Active
1625,363894972,6256,C1[C@@H]([C@H](O[C@H]1N2C=C(C(=O)NC2=O)C(F)(F)F)CO)O,Active
1626,363894972,6256,C1[C@@H]([C@H](O[C@H]1N2C=C(C(=O)NC2=O)C(F)(F)F)CO)O,Inactive
1627,363894972,6256,C1[C@@H]([C@H](O[C@H]1N2C=C(C(=O)NC2=O)C(F)(F)F)CO)O,Inactive
1628,363894973,124886,C(CC(=O)N[C@@H](CS)C(=O)NCC(=O)O)[C@@H](C(=O)O)N,Unspecified
1629,363894973,124886,C(CC(=O)N[C@@H](CS)C(=O)NCC(=O)O)[C@@H](C(=O)O)N,Active
1630,363894973,124886,C(CC(=O)N[C@@H](CS)C(=O)NCC(=O)O)[C@@H](C(=O)O)N,Unspecified
1631,363894974,9562060,CN(/C(=N/[N+](=O)[O-])/N)N=O,Active
1632,363894974,9562060,CN(/C(=N/[N+](=O)[O-])/N)N=O,Active
1633,363894974,9562060,CN(/C(=N/[N+](=O)[O-])/N)N=O,Active
1634,363894974,9562060,CN(/C(=N/[N+](=O)[O-])/N)N=O,Active
1635,363894974,9562060,CN(/C(=N/[N+](=O)[O-])/N)N=O,Active
1636,363894974,9562060,CN(/C(=N/[N+](=O)[O-])/N)N=O,Active
1637,363894974,9562060,CN(/C(=N/[N+](=O)[O-])/N)N=O,Active
1638,363894974,9562060,CN(/C(=N/[N+](=O)[O-])/N)N=O,Active
1639,363894974,9562060,CN(/C(=N/[N+](=O)[O-])/N)N=O,Active
1640,363894974,9562060,CN(/C(=N/[N+](=O)[O-])/N)N=O,Active
1641,363894974,9562060,CN(/C(=N/[N+](=O)[O-])/N)N=O,Active
1642,363894974,9562060,CN(/C(=N/[N+](=O)[O-])/N)N=O,Active
1643,363894974,9562060,CN(/C(=N/[N+](=O)[O-])/N)N=O,Active
1644,363894974,9562060,CN(/C(=N/[N+](=O)[O-])/N)N=O,Active
1645,363894974,9562060,CN(/C(=N/[N+](=O)[O-])/N)N=O,Active
1646,363894974,9562060,CN(/C(=N/[N+](=O)[O-])/N)N=O,Inactive
1647,363894974,9562060,CN(/C(=N/[N+](=O)[O-])/N)N=O,Unspecified
1648,363894974,9562060,CN(/C(=N/[N+](=O)[O-])/N)N=O,Active
1649,363894974,9562060,CN(/C(=N/[N+](=O)[O-])/N)N=O,Active
1650,363894974,9562060,CN(/C(=N/[N+](=O)[O-])/N)N=O,Active
1651,363894974,9562060,CN(/C(=N/[N+](=O)[O-])/N)N=O,Unspecified
1652,363894974,9562060,CN(/C(=N/[N+](=O)[O-])/N)N=O,Active
1653,363894974,9562060,CN(/C(=N/[N+](=O)[O-])/N)N=O,Active
1654,363894974,9562060,CN(/C(=N/[N+](=O)[O-])/N)N=O,Active
1655,363894974,9562060,CN(/C(=N/[N+](=O)[O-])/N)N=O,Active
1656,363894974,9562060,CN(/C(=N/[N+](=O)[O-])/N)N=O,Active
1657,363894974,9562060,CN(/C(=N/[N+](=O)[O-])/N)N=O,Active
1658,363894974,9562060,CN(/C(=N/[N+](=O)[O-])/N)N=O,Active
1659,363894974,9562060,CN(/C(=N/[N+](=O)[O-])/N)N=O,Active
1660,363894974,9562060,CN(/C(=N/[N+](=O)[O-])/N)N=O,Active
1661,363894974,9562060,CN(/C(=N/[N+](=O)[O-])/N)N=O,Active
1662,363894974,9562060,CN(/C(=N/[N+](=O)[O-])/N)N=O,Unspecified
1663,363894974,9562060,CN(/C(=N/[N+](=O)[O-])/N)N=O,Active
1664,363894974,9562060,CN(/C(=N/[N+](=O)[O-])/N)N=O,Active
1665,363894974,9562060,CN(/C(=N/[N+](=O)[O-])/N)N=O,Active
1666,363894974,9562060,CN(/C(=N/[N+](=O)[O-])/N)N=O,Unspecified
1667,363894974,9562060,CN(/C(=N/[N+](=O)[O-])/N)N=O,Inactive
1668,363894974,9562060,CN(/C(=N/[N+](=O)[O-])/N)N=O,Active
1669,363894974,9562060,CN(/C(=N/[N+](=O)[O-])/N)N=O,Active
1670,363894974,9562060,CN(/C(=N/[N+](=O)[O-])/N)N=O,Active
1671,363894974,9562060,CN(/C(=N/[N+](=O)[O-])/N)N=O,Active
1672,363894974,9562060,CN(/C(=N/[N+](=O)[O-])/N)N=O,Active
1673,363894974,9562060,CN(/C(=N/[N+](=O)[O-])/N)N=O,Active
1674,363894974,9562060,CN(/C(=N/[N+](=O)[O-])/N)N=O,Active
1675,363894974,9562060,CN(/C(=N/[N+](=O)[O-])/N)N=O,Active
1676,363894974,9562060,CN(/C(=N/[N+](=O)[O-])/N)N=O,Active
1677,363894974,9562060,CN(/C(=N/[N+](=O)[O-])/N)N=O,Active
1678,363894974,9562060,CN(/C(=N/[N+](=O)[O-])/N)N=O,Inactive
1679,363894974,9562060,CN(/C(=N/[N+](=O)[O-])/N)N=O,Active
1680,363894974,9562060,CN(/C(=N/[N+](=O)[O-])/N)N=O,Active
1681,363894974,9562060,CN(/C(=N/[N+](=O)[O-])/N)N=O,Inactive
1682,363894974,9562060,CN(/C(=N/[N+](=O)[O-])/N)N=O,Active
1683,363894975,6262,C(C[C@@H](C(=O)O)N)CN,Inactive
1684,363894976,3598,C1=C(C(=C(C(=C1Cl)Cl)CC2=C(C(=CC(=C2Cl)Cl)Cl)O)O)Cl,Unspecified
1685,363894977,6264,C1=CC(=C(C=C1[N+](=O)[O-])[N+](=O)[O-])F,Inactive
1686,363894977,6264,C1=CC(=C(C=C1[N+](=O)[O-])[N+](=O)[O-])F,Active
1687,363894977,6264,C1=CC(=C(C=C1[N+](=O)[O-])[N+](=O)[O-])F,Active
1688,363894977,6264,C1=CC(=C(C=C1[N+](=O)[O-])[N+](=O)[O-])F,Active
1689,363894977,6264,C1=CC(=C(C=C1[N+](=O)[O-])[N+](=O)[O-])F,Active
1690,363894978,6269,CC1=CC=C(C=C1)S(=O)(=O)N,Unspecified
1691,363894978,6269,CC1=CC=C(C=C1)S(=O)(=O)N,Unspecified
1692,363894979,1031,CCCO,Inactive
1693,363894980,597,C1=C(NC(=O)N=C1)N,Unspecified
1694,363894981,263,CCCCO,Inactive
1695,363894981,263,CCCCO,Inactive
1696,363894982,241,C1=CC=CC=C1,Active
1697,363894982,241,C1=CC=CC=C1,Active
1698,363894982,241,C1=CC=CC=C1,Active
1699,363894982,241,C1=CC=CC=C1,Active
1700,363894982,241,C1=CC=CC=C1,Active
1701,363894982,241,C1=CC=CC=C1,Inactive
1702,363894982,241,C1=CC=CC=C1,Active
1703,363894982,241,C1=CC=CC=C1,Active
1704,363894982,241,C1=CC=CC=C1,Active
1705,363894982,241,C1=CC=CC=C1,Active
1706,363894982,241,C1=CC=CC=C1,Inactive
1707,363894982,241,C1=CC=CC=C1,Inactive
1708,363894982,241,C1=CC=CC=C1,Active
1709,363894982,241,C1=CC=CC=C1,Active
1710,363894983,6277,CC(=O)[O-].CC(=O)[O-].[Co+2],Active
1711,363894984,6278,CC(Cl)(Cl)Cl,Active
1712,363894984,6278,CC(Cl)(Cl)Cl,Active
1713,363894984,6278,CC(Cl)(Cl)Cl,Unspecified
1714,363894984,6278,CC(Cl)(Cl)Cl,Inactive
1715,363894984,6278,CC(Cl)(Cl)Cl,Unspecified
1716,363894985,6279,C[C@H]1C[C@@H]2[C@H](CC[C@]3([C@H]2CC[C@@]3(C(=O)C)OC(=O)C)C)[C@@]4(C1=CC(=O)CC4)C,Active
1717,363894985,6279,C[C@H]1C[C@@H]2[C@H](CC[C@]3([C@H]2CC[C@@]3(C(=O)C)OC(=O)C)C)[C@@]4(C1=CC(=O)CC4)C,Active
1718,363894985,6279,C[C@H]1C[C@@H]2[C@H](CC[C@]3([C@H]2CC[C@@]3(C(=O)C)OC(=O)C)C)[C@@]4(C1=CC(=O)CC4)C,Active
1719,363894986,5340,C1=CC(=CC=C1N)S(=O)(=O)NC2=NC=CS2,Inactive
1720,363894987,12358480,C1[C@@H]2[C@@H]3[C@H]([C@H]1[C@H]4[C@@H]2O4)[C@@]5(C(=C([C@]3(C5(Cl)Cl)Cl)Cl)Cl)Cl,Unspecified
1721,363894987,12358480,C1[C@@H]2[C@@H]3[C@H]([C@H]1[C@H]4[C@@H]2O4)[C@@]5(C(=C([C@]3(C5(Cl)Cl)Cl)Cl)Cl)Cl,Active
1722,363894987,12358480,C1[C@@H]2[C@@H]3[C@H]([C@H]1[C@H]4[C@@H]2O4)[C@@]5(C(=C([C@]3(C5(Cl)Cl)Cl)Cl)Cl)Cl,Unspecified
1723,363894987,12358480,C1[C@@H]2[C@@H]3[C@H]([C@H]1[C@H]4[C@@H]2O4)[C@@]5(C(=C([C@]3(C5(Cl)Cl)Cl)Cl)Cl)Cl,Inactive
1724,363894987,12358480,C1[C@@H]2[C@@H]3[C@H]([C@H]1[C@H]4[C@@H]2O4)[C@@]5(C(=C([C@]3(C5(Cl)Cl)Cl)Cl)Cl)Cl,Inactive
1725,363894987,12358480,C1[C@@H]2[C@@H]3[C@H]([C@H]1[C@H]4[C@@H]2O4)[C@@]5(C(=C([C@]3(C5(Cl)Cl)Cl)Cl)Cl)Cl,Inactive
1726,363894987,12358480,C1[C@@H]2[C@@H]3[C@H]([C@H]1[C@H]4[C@@H]2O4)[C@@]5(C(=C([C@]3(C5(Cl)Cl)Cl)Cl)Cl)Cl,Inactive
1727,363894987,12358480,C1[C@@H]2[C@@H]3[C@H]([C@H]1[C@H]4[C@@H]2O4)[C@@]5(C(=C([C@]3(C5(Cl)Cl)Cl)Cl)Cl)Cl,Inactive
1728,363894988,6291,C[C@]12CC[C@H]3[C@H]([C@@H]1CC[C@]2(C#C)O)CCC4=C3C=CC(=C4)OC,Active
1729,363894989,4115,COC1=CC=C(C=C1)C(C2=CC=C(C=C2)OC)C(Cl)(Cl)Cl,Active
1730,363894989,4115,COC1=CC=C(C=C1)C(C2=CC=C(C=C2)OC)C(Cl)(Cl)Cl,Inactive
1731,363894989,4115,COC1=CC=C(C=C1)C(C2=CC=C(C=C2)OC)C(Cl)(Cl)Cl,Inactive
1732,363894989,4115,COC1=CC=C(C=C1)C(C2=CC=C(C=C2)OC)C(Cl)(Cl)Cl,Unspecified
1733,363894989,4115,COC1=CC=C(C=C1)C(C2=CC=C(C=C2)OC)C(Cl)(Cl)Cl,Unspecified
1734,363894989,4115,COC1=CC=C(C=C1)C(C2=CC=C(C=C2)OC)C(Cl)(Cl)Cl,Inactive
1735,363894989,4115,COC1=CC=C(C=C1)C(C2=CC=C(C=C2)OC)C(Cl)(Cl)Cl,Inactive
1736,363894989,4115,COC1=CC=C(C=C1)C(C2=CC=C(C=C2)OC)C(Cl)(Cl)Cl,Inactive
1737,363894989,4115,COC1=CC=C(C=C1)C(C2=CC=C(C=C2)OC)C(Cl)(Cl)Cl,Inactive
1738,363894989,4115,COC1=CC=C(C=C1)C(C2=CC=C(C=C2)OC)C(Cl)(Cl)Cl,Inactive
1739,363894989,4115,COC1=CC=C(C=C1)C(C2=CC=C(C=C2)OC)C(Cl)(Cl)Cl,Inactive
1740,363894990,6293,C1=CC=C2C(=C1)C(=O)C3=C(C2=O)C(=C(C=C3)O)O,Active
1741,363894990,6293,C1=CC=C2C(=C1)C(=O)C3=C(C2=O)C(=C(C=C3)O)O,Unspecified
1742,363894991,6294,C1=CC(=CC=C1C(C2=CC=C(C=C2)Cl)C(Cl)Cl)Cl,Active
1743,363894991,6294,C1=CC(=CC=C1C(C2=CC=C(C=C2)Cl)C(Cl)Cl)Cl,Active
1744,363894991,6294,C1=CC(=CC=C1C(C2=CC=C(C=C2)Cl)C(Cl)Cl)Cl,Unspecified
1745,363894991,6294,C1=CC(=CC=C1C(C2=CC=C(C=C2)Cl)C(Cl)Cl)Cl,Unspecified
1746,363894992,3035,C1=CC(=CC=C1C(=C(Cl)Cl)C2=CC=C(C=C2)Cl)Cl,Active
1747,363894992,3035,C1=CC(=CC=C1C(=C(Cl)Cl)C2=CC=C(C=C2)Cl)Cl,Inactive
1748,363894992,3035,C1=CC(=CC=C1C(=C(Cl)Cl)C2=CC=C(C=C2)Cl)Cl,Inactive
1749,363894992,3035,C1=CC(=CC=C1C(=C(Cl)Cl)C2=CC=C(C=C2)Cl)Cl,Unspecified
1750,363894992,3035,C1=CC(=CC=C1C(=C(Cl)Cl)C2=CC=C(C=C2)Cl)Cl,Unspecified
1751,363894992,3035,C1=CC(=CC=C1C(=C(Cl)Cl)C2=CC=C(C=C2)Cl)Cl,Active
1752,363894992,3035,C1=CC(=CC=C1C(=C(Cl)Cl)C2=CC=C(C=C2)Cl)Cl,Active
1753,363894992,3035,C1=CC(=CC=C1C(=C(Cl)Cl)C2=CC=C(C=C2)Cl)Cl,Inactive
1754,363894992,3035,C1=CC(=CC=C1C(=C(Cl)Cl)C2=CC=C(C=C2)Cl)Cl,Inactive
1755,363894993,9562061,CC1=C(C=CC(=C1)C2=CC(=C(C=C2)N/N=C\3/C(=O)C4=C(C=C3S(=O)(=O)[O-])C=C(C=C4N)S(=O)(=O)[O-])C)N/N=C\5/C(=O)C6=C(C=C5S(=O)(=O)[O-])C=C(C=C6N)S(=O)(=O)[O-].[Na+].[Na+].[Na+].[Na+],Active
1756,363894993,9562061,CC1=C(C=CC(=C1)C2=CC(=C(C=C2)N/N=C\3/C(=O)C4=C(C=C3S(=O)(=O)[O-])C=C(C=C4N)S(=O)(=O)[O-])C)N/N=C\5/C(=O)C6=C(C=C5S(=O)(=O)[O-])C=C(C=C6N)S(=O)(=O)[O-].[Na+].[Na+].[Na+].[Na+],Active
1757,363894993,9562061,CC1=C(C=CC(=C1)C2=CC(=C(C=C2)N/N=C\3/C(=O)C4=C(C=C3S(=O)(=O)[O-])C=C(C=C4N)S(=O)(=O)[O-])C)N/N=C\5/C(=O)C6=C(C=C5S(=O)(=O)[O-])C=C(C=C6N)S(=O)(=O)[O-].[Na+].[Na+].[Na+].[Na+],Inactive
1758,363894994,6300,C[C@]12CC[C@H]3[C@H]([C@@H]1CC[C@]2(C)O)CCC4=CC(=O)C=C[C@]34C,Active
1759,363894995,6303,C1[C@H](O[C@H]([C@@H]1O)N2C=NC3=C(N=CN=C32)N)CO,Unspecified
1760,363894995,6303,C1[C@H](O[C@H]([C@@H]1O)N2C=NC3=C(N=CN=C32)N)CO,Inactive
1761,363894996,190,C1=NC2=NC=NC(=C2N1)N,Active
1762,363894996,190,C1=NC2=NC=NC(=C2N1)N,Unspecified
1763,363894997,135398634,C1=NC2=C(N1)C(=O)NC(=N2)N,Unspecified
1764,363894997,135398634,C1=NC2=C(N1)C(=O)NC(=N2)N,Unspecified
1765,363894998,6314,CCN(CC)CC(=O)NC1=C(C=CC=C1C)C.Cl,Unspecified
1766,363894999,6327,CCl,Active
1767,363894999,6327,CCl,Active
1768,363894999,6327,CCl,Active
1769,363895000,6328,CI,Active
1770,363895000,6328,CI,Active
1771,363895000,6328,CI,Active
1772,363895000,6328,CI,Active
1773,363895000,6328,CI,Active
1774,363895001,6332,CCBr,Unspecified
1775,363895002,6338,C=CCl,Active
1776,363895002,6338,C=CCl,Active
1777,363895002,6338,C=CCl,Active
1778,363895002,6338,C=CCl,Active
1779,363895002,6338,C=CCl,Active
1780,363895002,6338,C=CCl,Active
1781,363895002,6338,C=CCl,Inactive
1782,363895002,6338,C=CCl,Inactive
1783,363895002,6338,C=CCl,Active
1784,363895002,6338,C=CCl,Active
1785,363895002,6338,C=CCl,Active
1786,363895002,6338,C=CCl,Active
1787,363895002,6338,C=CCl,Inactive
1788,363895002,6338,C=CCl,Active
1789,363895002,6338,C=CCl,Inactive
1790,363895002,6338,C=CCl,Active
1791,363895002,6338,C=CCl,Active
1792,363895003,177,CC=O,Active
1793,363895003,177,CC=O,Active
1794,363895003,177,CC=O,Active
1795,363895003,177,CC=O,Active
1796,363895003,177,CC=O,Active
1797,363895004,6344,C(Cl)Cl,Inactive
1798,363895004,6344,C(Cl)Cl,Active
1799,363895004,6344,C(Cl)Cl,Active
1800,363895004,6344,C(Cl)Cl,Inactive
1801,363895004,6344,C(Cl)Cl,Active
1802,363895004,6344,C(Cl)Cl,Active
1803,363895004,6344,C(Cl)Cl,Active
1804,363895004,6344,C(Cl)Cl,Active
1805,363895005,713,C(=O)N,Inactive
1806,363895005,713,C(=O)N,Active
1807,363895006,6348,C(=S)=S,Active
1808,363895007,6354,C1CO1,Active
1809,363895007,6354,C1CO1,Active
1810,363895007,6354,C1CO1,Active
1811,363895007,6354,C1CO1,Active
1812,363895007,6354,C1CO1,Active
1813,363895007,6354,C1CO1,Active
1814,363895007,6354,C1CO1,Active
1815,363895007,6354,C1CO1,Active
1816,363895007,6354,C1CO1,Active
1817,363895007,6354,C1CO1,Active
1818,363895007,6354,C1CO1,Active
1819,363895007,6354,C1CO1,Active
1820,363895007,6354,C1CO1,Active
1821,363895007,6354,C1CO1,Active
1822,363895008,5558,C(Br)(Br)Br,Active
1823,363895008,5558,C(Br)(Br)Br,Active
1824,363895008,5558,C(Br)(Br)Br,Active
1825,363895008,5558,C(Br)(Br)Br,Active
1826,363895009,6359,C(Cl)(Cl)Br,Active
1827,363895009,6359,C(Cl)(Cl)Br,Active
1828,363895009,6359,C(Cl)(Cl)Br,Active
1829,363895009,6359,C(Cl)(Cl)Br,Inactive
1830,363895009,6359,C(Cl)(Cl)Br,Active
1831,363895010,6361,CC(C)Cl,Inactive
1832,363895010,6361,CC(C)Cl,Active
1833,363895011,6366,C=C(Cl)Cl,Inactive
1834,363895011,6366,C=C(Cl)Cl,Inactive
1835,363895011,6366,C=C(Cl)Cl,Active
1836,363895011,6366,C=C(Cl)Cl,Active
1837,363895011,6366,C=C(Cl)Cl,Active
1838,363895012,6368,CC(F)F,Unspecified
1839,363895013,6372,C(F)(F)Cl,Active
1840,363895014,6373,C(F)(F)F,Unspecified
1841,363895015,6375,C[N+](=O)[O-],Unspecified
1842,363895016,6377,CC1CN1,Active
1843,363895016,6377,CC1CN1,Active
1844,363895016,6377,CC1CN1,Active
1845,363895016,6377,CC1CN1,Active
1846,363895016,6377,CC1CN1,Active
1847,363895016,6377,CC1CN1,Active
1848,363895016,6377,CC1CN1,Active
1849,363895016,6377,CC1CN1,Active
1850,363895016,6377,CC1CN1,Active
1851,363895016,6377,CC1CN1,Active
1852,363895017,6378,CC1CO1,Active
1853,363895017,6378,CC1CO1,Unspecified
1854,363895017,6378,CC1CO1,Active
1855,363895017,6378,CC1CO1,Inactive
1856,363895017,6378,CC1CO1,Active
1857,363895017,6378,CC1CO1,Active
1858,363895017,6378,CC1CO1,Active
1859,363895017,6378,CC1CO1,Active
1860,363895018,2513,C[As](=O)(C)O,Unspecified
1861,363895018,2513,C[As](=O)(C)O,Unspecified
1862,363895018,2513,C[As](=O)(C)O,Inactive
1863,363895018,2513,C[As](=O)(C)O,Inactive
1864,363895018,2513,C[As](=O)(C)O,Inactive
1865,363895018,2513,C[As](=O)(C)O,Active
1866,363895018,2513,C[As](=O)(C)O,Unspecified
1867,363895019,6386,CC(C)(C)O,Inactive
1868,363895020,6391,C(F)(F)(Cl)Cl,Inactive
1869,363895021,6395,CS(=O)(=O)O,Unspecified
1870,363895021,6395,CS(=O)(=O)O,Unspecified
1871,363895022,6400,C(C(Br)(Br)Br)O,Inactive
1872,363895022,6400,C(C(Br)(Br)Br)O,Inactive
1873,363895023,6409,C(C(F)(F)F)O,Unspecified
1874,363895024,6410,CC(C)(C)OO,Active
1875,363895024,6410,CC(C)(C)OO,Active
1876,363895024,6410,CC(C)(C)OO,Active
1877,363895025,6418,CC(C(=O)O)(Cl)Cl,Active
1878,363895025,6418,CC(C(=O)O)(Cl)Cl,Active
1879,363895025,6418,CC(C(=O)O)(Cl)Cl,Active
1880,363895025,6418,CC(C(=O)O)(Cl)Cl,Active
1881,363895026,6421,C(=O)(C(Cl)(Cl)Cl)O,Active
1882,363895026,6421,C(=O)(C(Cl)(Cl)Cl)O,Active
1883,363895026,6421,C(=O)(C(Cl)(Cl)Cl)O,Unspecified
1884,363895027,6422,C(=O)(C(F)(F)F)O,Unspecified
1885,363895028,4116,COC(C(Cl)Cl)(F)F,Unspecified
1886,363895028,4116,COC(C(Cl)Cl)(F)F,Inactive
1887,363895028,4116,COC(C(Cl)Cl)(F)F,Unspecified
1888,363895029,6446,C[C@]12CCC(=O)C=C1CC[C@@H]3[C@@]2([C@H](C[C@]4([C@H]3CC[C@]4(C)O)C)O)F,Unspecified
1889,363895030,3589,C1=CC(C2C1C3(C(=C(C2(C3(Cl)Cl)Cl)Cl)Cl)Cl)Cl,Active
1890,363895030,3589,C1=CC(C2C1C3(C(=C(C2(C3(Cl)Cl)Cl)Cl)Cl)Cl)Cl,Unspecified
1891,363895030,3589,C1=CC(C2C1C3(C(=C(C2(C3(Cl)Cl)Cl)Cl)Cl)Cl)Cl,Active
1892,363895031,6450,CC1=C(C=C(C(=C1Br)O)C(C)C)C2(C3=CC=CC=C3S(=O)(=O)O2)C4=C(C(=C(C(=C4)C(C)C)O)Br)C,Unspecified
1893,363895032,6451,CC1=C(C(=C(C=C1C2(C3=CC=CC=C3S(=O)(=O)O2)C4=CC(=C(C(=C4C)Br)O)Br)Br)O)Br,Unspecified
1894,363895032,6451,CC1=C(C(=C(C=C1C2(C3=CC=CC=C3S(=O)(=O)O2)C4=CC(=C(C(=C4C)Br)O)Br)Br)O)Br,Unspecified
1895,363895033,6327657,C1=CC=C(C=C1)[Sn](C2=CC=CC=C2)C3=CC=CC=C3.O,Inactive
1896,363895034,4095,CCC(=O)C(CC(C)N(C)C)(C1=CC=CC=C1)C2=CC=CC=C2,Unspecified
1897,363895034,4095,CCC(=O)C(CC(C)N(C)C)(C1=CC=CC=C1)C2=CC=CC=C2,Inactive
1898,363895034,4095,CCC(=O)C(CC(C)N(C)C)(C1=CC=CC=C1)C2=CC=CC=C2,Inactive
1899,363895035,6466,C[C@@]12[C@H](C=C[C@@]3([C@@H]1[C@@H]([C@]45[C@H]3CC[C@](C4)(C(=C)C5)O)C(=O)O)OC2=O)O,Inactive
1900,363895036,4764,C1=CC=C2C(=C1)C(=O)OC2(C3=CC=C(C=C3)O)C4=CC=C(C=C4)O,Inactive
1901,363895036,4764,C1=CC=C2C(=C1)C(=O)OC2(C3=CC=C(C=C3)O)C4=CC=C(C=C4)O,Unspecified
1902,363895037,3487,CCC1(CCC(=O)NC1=O)C2=CC=CC=C2,Inactive
1903,363895037,3487,CCC1(CCC(=O)NC1=O)C2=CC=CC=C2,Inactive
1904,363895038,6488,CCC(CC)(C(=O)NC(=O)N)Br,Inactive
1905,363895039,6492,C1C=CC2C1C3CC2C=C3,Inactive
1906,363895039,6492,C1C=CC2C1C3CC2C=C3,Inactive
1907,363895040,6497,COS(=O)(=O)OC,Active
1908,363895040,6497,COS(=O)(=O)OC,Active
1909,363895040,6497,COS(=O)(=O)OC,Active
1910,363895040,6497,COS(=O)(=O)OC,Active
1911,363895040,6497,COS(=O)(=O)OC,Active
1912,363895040,6497,COS(=O)(=O)OC,Active
1913,363895040,6497,COS(=O)(=O)OC,Active
1914,363895040,6497,COS(=O)(=O)OC,Active
1915,363895040,6497,COS(=O)(=O)OC,Active
1916,363895040,6497,COS(=O)(=O)OC,Active
1917,363895040,6497,COS(=O)(=O)OC,Inactive
1918,363895040,6497,COS(=O)(=O)OC,Active
1919,363895040,6497,COS(=O)(=O)OC,Active
1920,363895040,6497,COS(=O)(=O)OC,Active
1921,363895040,6497,COS(=O)(=O)OC,Unspecified
1922,363895040,6497,COS(=O)(=O)OC,Active
1923,363895041,6498,C1C=CCS1(=O)=O,Inactive
1924,363895042,6508,C1[C@H](C([C@@H](CC1(C(=O)O)O)O)O)O,Inactive
1925,363895043,6511,CC[Pb](CC)(CC)CC,Active
1926,363895044,6531,CCOP(=S)(OCC)SC1C(OCCO1)SP(=S)(OCC)OCC,Inactive
1927,363895045,5125,CCCCSP(=O)(SCCCC)SCCCC,Inactive
1928,363895046,6543,COP(=S)(OC)SCC1=NC(=NC(=N1)N)N,Inactive
1929,363895047,6553,CC(CBr)Br,Active
1930,363895048,6554,CCC(C)Br,Unspecified
1931,363895049,6555,CC(C)CBr,Unspecified
1932,363895050,6564,CC(CCl)Cl,Active
1933,363895051,6565,C=C(CCl)Cl,Active
1934,363895052,6569,CCC(=O)C,Inactive
1935,363895052,6569,CCC(=O)C,Unspecified
1936,363895053,6571,CC(=O)CCl,Active
1937,363895054,880,CC(=O)C=O,Active
1938,363895055,6575,C(=C(Cl)Cl)Cl,Active
1939,363895055,6575,C(=C(Cl)Cl)Cl,Unspecified
1940,363895055,6575,C(=C(Cl)Cl)Cl,Active
1941,363895055,6575,C(=C(Cl)Cl)Cl,Active
1942,363895055,6575,C(=C(Cl)Cl)Cl,Active
1943,363895055,6575,C(=C(Cl)Cl)Cl,Active
1944,363895055,6575,C(=C(Cl)Cl)Cl,Inactive
1945,363895055,6575,C(=C(Cl)Cl)Cl,Active
1946,363895055,6575,C(=C(Cl)Cl)Cl,Active
1947,363895055,6575,C(=C(Cl)Cl)Cl,Active
1948,363895055,6575,C(=C(Cl)Cl)Cl,Active
1949,363895055,6575,C(=C(Cl)Cl)Cl,Active
1950,363895055,6575,C(=C(Cl)Cl)Cl,Unspecified
1951,363895056,6579,C=CC(=O)N,Inactive
1952,363895056,6579,C=CC(=O)N,Inactive
1953,363895056,6579,C=CC(=O)N,Active
1954,363895056,6579,C=CC(=O)N,Unspecified
1955,363895057,6580,C(C(=O)N)Cl,Active
1956,363895058,1032,CCC(=O)O,Inactive
1957,363895059,300,C(C(=O)O)Cl,Inactive
1958,363895060,6587,CC[N+](=O)[O-],Unspecified
1959,363895061,6588,C(C(Br)Br)(Br)Br,Active
1960,363895062,6591,C(C(Cl)Cl)(Cl)Cl,Active
1961,363895062,6591,C(C(Cl)Cl)(Cl)Cl,Active
1962,363895062,6591,C(C(Cl)Cl)(Cl)Cl,Active
1963,363895062,6591,C(C(Cl)Cl)(Cl)Cl,Active
1964,363895062,6591,C(C(Cl)Cl)(Cl)Cl,Active
1965,363895063,6598,CN(C)C(=O)Cl,Active
1966,363895063,6598,CN(C)C(=O)Cl,Active
1967,363895063,6598,CN(C)C(=O)Cl,Active
1968,363895063,6598,CN(C)C(=O)Cl,Active
1969,363895063,6598,CN(C)C(=O)Cl,Active
1970,363895063,6598,CN(C)C(=O)Cl,Inactive
1971,363895063,6598,CN(C)C(=O)Cl,Active
1972,363895063,6598,CN(C)C(=O)Cl,Active
1973,363895063,6598,CN(C)C(=O)Cl,Active
1974,363895064,398,CC(C)[N+](=O)[O-],Unspecified
1975,363895064,398,CC(C)[N+](=O)[O-],Active
1976,363895065,5280531,CCCCCCCCCCCCCCCC(=O)OC/C=C(\C)/C=C/C=C(\C)/C=C/C1=C(CCCC1(C)C)C,Active
1977,363895066,6628,CC1=CC=C(C=C1)S(=O)(=O)N(C)N=O,Active
1978,363895067,6629,CC(C)(C1=CC=CC=C1)OO,Inactive
1979,363895068,6638,CCOS(=O)(=O)C1=CC=C(C=C1)C,Active
1980,363895068,6638,CCOS(=O)(=O)C1=CC=C(C=C1)C,Inactive
1981,363895068,6638,CCOS(=O)(=O)C1=CC=C(C=C1)C,Active
1982,363895068,6638,CCOS(=O)(=O)C1=CC=C(C=C1)C,Active
1983,363895068,6638,CCOS(=O)(=O)C1=CC=C(C=C1)C,Active
1984,363895068,6638,CCOS(=O)(=O)C1=CC=C(C=C1)C,Active
1985,363895069,5143,C1=CC=C2C(=C1)C(=O)NS2(=O)=O,Unspecified
1986,363895069,5143,C1=CC=C2C(=C1)C(=O)NS2(=O)=O,Unspecified
1987,363895069,5143,C1=CC=C2C(=C1)C(=O)NS2(=O)=O,Active
1988,363895069,5143,C1=CC=C2C(=C1)C(=O)NS2(=O)=O,Inactive
1989,363895069,5143,C1=CC=C2C(=C1)C(=O)NS2(=O)=O,Inactive
1990,363895069,5143,C1=CC=C2C(=C1)C(=O)NS2(=O)=O,Active
1991,363895069,5143,C1=CC=C2C(=C1)C(=O)NS2(=O)=O,Active
1992,363895069,5143,C1=CC=C2C(=C1)C(=O)NS2(=O)=O,Unspecified
1993,363895069,5143,C1=CC=C2C(=C1)C(=O)NS2(=O)=O,Inactive
1994,363895069,5143,C1=CC=C2C(=C1)C(=O)NS2(=O)=O,Active
1995,363895069,5143,C1=CC=C2C(=C1)C(=O)NS2(=O)=O,Inactive
1996,363895069,5143,C1=CC=C2C(=C1)C(=O)NS2(=O)=O,Inactive
1997,363895069,5143,C1=CC=C2C(=C1)C(=O)NS2(=O)=O,Active
1998,363895069,5143,C1=CC=C2C(=C1)C(=O)NS2(=O)=O,Inactive
1999,363895069,5143,C1=CC=C2C(=C1)C(=O)NS2(=O)=O,Active
2000,363895069,5143,C1=CC=C2C(=C1)C(=O)NS2(=O)=O,Active
2001,363895069,5143,C1=CC=C2C(=C1)C(=O)NS2(=O)=O,Unspecified
2002,363895070,6694,CCN(CC)C1=CC2=C(C=C1)C(=C3C=CC(=[N+](CC)CC)C=C3O2)C4=CC=CC=C4C(=O)O.[Cl-],Unspecified
2003,363895070,6694,CCN(CC)C1=CC2=C(C=C1)C(=C3C=CC(=[N+](CC)CC)C=C3O2)C4=CC=CC=C4C(=O)O.[Cl-],Unspecified
2004,363895070,6694,CCN(CC)C1=CC2=C(C=C1)C(=C3C=CC(=[N+](CC)CC)C=C3O2)C4=CC=CC=C4C(=O)O.[Cl-],Unspecified
2005,363895070,6694,CCN(CC)C1=CC2=C(C=C1)C(=C3C=CC(=[N+](CC)CC)C=C3O2)C4=CC=CC=C4C(=O)O.[Cl-],Inactive
2006,363895070,6694,CCN(CC)C1=CC2=C(C=C1)C(=C3C=CC(=[N+](CC)CC)C=C3O2)C4=CC=CC=C4C(=O)O.[Cl-],Unspecified
2007,363895070,6694,CCN(CC)C1=CC2=C(C=C1)C(=C3C=CC(=[N+](CC)CC)C=C3O2)C4=CC=CC=C4C(=O)O.[Cl-],Active
2008,363895071,65732,C1=CC=C(C=C1)[N+]2=C3C=C(C=CC3=NC4=C2C=C(C=C4)N)N.[Cl-],Unspecified
2009,363895072,3828,CC1=CC(=O)C2=C(C3=C(C(=C2O1)OC)OC=C3)OC,Unspecified
2010,363895073,6702,CC1=C(C2=C(C=C1)C(=O)C3=CC=CC=C3C2=O)N,Active
2011,363895074,6720,C1(=C(C(=C(C(=C1Cl)Cl)Cl)Cl)Cl)[N+](=O)[O-],Inactive
2012,363895074,6720,C1(=C(C(=C(C(=C1Cl)Cl)Cl)Cl)Cl)[N+](=O)[O-],Unspecified
2013,363895074,6720,C1(=C(C(=C(C(=C1Cl)Cl)Cl)Cl)Cl)[N+](=O)[O-],Unspecified
2014,363895074,6720,C1(=C(C(=C(C(=C1Cl)Cl)Cl)Cl)Cl)[N+](=O)[O-],Unspecified
2015,363895074,6720,C1(=C(C(=C(C(=C1Cl)Cl)Cl)Cl)Cl)[N+](=O)[O-],Inactive
2016,363895074,6720,C1(=C(C(=C(C(=C1Cl)Cl)Cl)Cl)Cl)[N+](=O)[O-],Inactive
2017,363895074,6720,C1(=C(C(=C(C(=C1Cl)Cl)Cl)Cl)Cl)[N+](=O)[O-],Inactive
2018,363895074,6720,C1(=C(C(=C(C(=C1Cl)Cl)Cl)Cl)Cl)[N+](=O)[O-],Inactive
2019,363895075,6723,CC1=NC=C(C(=C1O)C(=O)O)CO,Unspecified
2020,363895075,6723,CC1=NC=C(C(=C1O)C(=O)O)CO,Unspecified
2021,363895076,6730,C1=CC(=CC=C1C(C2=CC=C(C=C2)Cl)C(=O)O)Cl,Inactive
2022,363895076,6730,C1=CC(=CC=C1C(C2=CC=C(C=C2)Cl)C(=O)O)Cl,Inactive
2023,363895076,6730,C1=CC(=CC=C1C(C2=CC=C(C=C2)Cl)C(=O)O)Cl,Active
2024,363895077,2151,CC1=C(C(=O)N(N1C)C2=CC=CC=C2)N,Inactive
2025,363895078,6734,C1CC2=CC=CC3=C2C1=CC=C3,Unspecified
2026,363895079,5429,CN1C=NC2=C1C(=O)NC(=O)N2C,Active
2027,363895079,5429,CN1C=NC2=C1C(=O)NC(=O)N2C,Active
2028,363895079,5429,CN1C=NC2=C1C(=O)NC(=O)N2C,Active
2029,363895079,5429,CN1C=NC2=C1C(=O)NC(=O)N2C,Active
2030,363895079,5429,CN1C=NC2=C1C(=O)NC(=O)N2C,Active
2031,363895079,5429,CN1C=NC2=C1C(=O)NC(=O)N2C,Active
2032,363895079,5429,CN1C=NC2=C1C(=O)NC(=O)N2C,Inactive
2033,363895080,6758,CC(=C)[C@H]1CC2=C(O1)C=CC3=C2O[C@@H]4COC5=CC(=C(C=C5[C@@H]4C3=O)OC)OC,Unspecified
2034,363895081,237,CCN(CC)CCCC(C)NC1=C2C=C(C=CC2=NC3=C1C=CC(=C3)Cl)OC,Active
2035,363895081,237,CCN(CC)CCCC(C)NC1=C2C=C(C=CC2=NC3=C1C=CC(=C3)Cl)OC,Active
2036,363895081,237,CCN(CC)CCCC(C)NC1=C2C=C(C=CC2=NC3=C1C=CC(=C3)Cl)OC,Active
2037,363895082,6763,C1=CC=C2C(=C1)C3=CC=CC=C3C(=O)C2=O,Inactive
2038,363895083,66538,C1=CC(=C(C=C1N)Cl)C2=C(C=C(C=C2)N)Cl,Active
2039,363895084,3026,CCCCOC(=O)C1=CC=CC=C1C(=O)OCCCC,Active
2040,363895084,3026,CCCCOC(=O)C1=CC=CC=C1C(=O)OCCCC,Unspecified
2041,363895084,3026,CCCCOC(=O)C1=CC=CC=C1C(=O)OCCCC,Inactive
2042,363895085,6790,C1=CC=C2C(=C1)C(=CC=C2S(=O)(=O)O)N,Unspecified
2043,363895086,6792,C1=CC2=C(C=CC(=C2N=C1)O)S(=O)(=O)O,Active
2044,363895087,4744,CN1CCN(CC1)CCCN2C3=CC=CC=C3SC4=CC=CC=C42,Unspecified
2045,363895087,4744,CN1CCN(CC1)CCCN2C3=CC=CC=C3SC4=CC=CC=C42,Unspecified
2046,363895088,6794,C1C[N+]2=CC=CC=C2C3=CC=CC=[N+]31.[Br-].[Br-],Unspecified
2047,363895089,995,C1=CC=C2C(=C1)C=CC3=CC=CC=C32,Active
2048,363895089,995,C1=CC=C2C(=C1)C=CC3=CC=CC=C32,Inactive
2049,363895089,995,C1=CC=C2C(=C1)C=CC3=CC=CC=C32,Inactive
2050,363895089,995,C1=CC=C2C(=C1)C=CC3=CC=CC=C32,Active
2051,363895089,995,C1=CC=C2C(=C1)C=CC3=CC=CC=C32,Inactive
2052,363895089,995,C1=CC=C2C(=C1)C=CC3=CC=CC=C32,Unspecified
2053,363895089,995,C1=CC=C2C(=C1)C=CC3=CC=CC=C32,Inactive
2054,363895089,995,C1=CC=C2C(=C1)C=CC3=CC=CC=C32,Inactive
2055,363895089,995,C1=CC=C2C(=C1)C=CC3=CC=CC=C32,Unspecified
2056,363895089,995,C1=CC=C2C(=C1)C=CC3=CC=CC=C32,Active
2057,363895089,995,C1=CC=C2C(=C1)C=CC3=CC=CC=C32,Unspecified
2058,363895089,995,C1=CC=C2C(=C1)C=CC3=CC=CC=C32,Inactive
2059,363895089,995,C1=CC=C2C(=C1)C=CC3=CC=CC=C32,Inactive
2060,363895089,995,C1=CC=C2C(=C1)C=CC3=CC=CC=C32,Unspecified
2061,363895089,995,C1=CC=C2C(=C1)C=CC3=CC=CC=C32,Inactive
2062,363895089,995,C1=CC=C2C(=C1)C=CC3=CC=CC=C32,Unspecified
2063,363895089,995,C1=CC=C2C(=C1)C=CC3=CC=CC=C32,Inactive
2064,363895089,995,C1=CC=C2C(=C1)C=CC3=CC=CC=C32,Inactive
2065,363895090,6796,C1=CC=C2C(=C1)C=CC3=C2C=CC=N3,Active
2066,363895091,6811,C1=CC=C2C(=C1)C(=O)OC2=O,Inactive
2067,363895092,6822,COC1=CC(=C2C(=C1)C=CC=N2)[N+](=O)[O-],Active
2068,363895093,62330,CC1=CC=CC=C1N=NC2=CC(=C(C=C2)N=NC3=C(C=CC4=CC=CC=C43)O)C,Active
2069,363895093,62330,CC1=CC=CC=C1N=NC2=CC(=C(C=C2)N=NC3=C(C=CC4=CC=CC=C43)O)C,Unspecified
2070,363895094,6824,C1=CC=C(C=C1)N=NC2=C(C=CC3=CC=CC=C32)N,Unspecified
2071,363895095,62331,C1=CC=C(C=C1)N=NC2=CC=C(C=C2)N=NC3=C(C=CC4=CC=CC=C43)O,Unspecified
2072,363895096,6835,COC1=CC=CC=C1C2=CC=CC=C2,Inactive
2073,363895096,6835,COC1=CC=CC=C1C2=CC=CC=C2,Inactive
2074,363895097,6838,C1=CC=C(C=C1)N(C2=CC=CC=C2)N=O,Active
2075,363895097,6838,C1=CC=C(C=C1)N(C2=CC=CC=C2)N=O,Inactive
2076,363895097,6838,C1=CC=C(C=C1)N(C2=CC=CC=C2)N=O,Active
2077,363895097,6838,C1=CC=C(C=C1)N(C2=CC=CC=C2)N=O,Active
2078,363895097,6838,C1=CC=C(C=C1)N(C2=CC=CC=C2)N=O,Inactive
2079,363895097,6838,C1=CC=C(C=C1)N(C2=CC=CC=C2)N=O,Unspecified
2080,363895097,6838,C1=CC=C(C=C1)N(C2=CC=CC=C2)N=O,Unspecified
2081,363895097,6838,C1=CC=C(C=C1)N(C2=CC=CC=C2)N=O,Unspecified
2082,363895097,6838,C1=CC=C(C=C1)N(C2=CC=CC=C2)N=O,Inactive
2083,363895097,6838,C1=CC=C(C=C1)N(C2=CC=CC=C2)N=O,Unspecified
2084,363895097,6838,C1=CC=C(C=C1)N(C2=CC=CC=C2)N=O,Inactive
2085,363895097,6838,C1=CC=C(C=C1)N(C2=CC=CC=C2)N=O,Unspecified
2086,363895097,6838,C1=CC=C(C=C1)N(C2=CC=CC=C2)N=O,Inactive
2087,363895097,6838,C1=CC=C(C=C1)N(C2=CC=CC=C2)N=O,Inactive
2088,363895097,6838,C1=CC=C(C=C1)N(C2=CC=CC=C2)N=O,Inactive
2089,363895097,6838,C1=CC=C(C=C1)N(C2=CC=CC=C2)N=O,Active
2090,363895097,6838,C1=CC=C(C=C1)N(C2=CC=CC=C2)N=O,Inactive
2091,363895097,6838,C1=CC=C(C=C1)N(C2=CC=CC=C2)N=O,Inactive
2092,363895098,2268,COP(=S)(OC)SCN1C(=O)C2=CC=CC=C2N=N1,Inactive
2093,363895098,2268,COP(=S)(OC)SCN1C(=O)C2=CC=CC=C2N=N1,Unspecified
2094,363895098,2268,COP(=S)(OC)SCN1C(=O)C2=CC=CC=C2N=N1,Unspecified
2095,363895098,2268,COP(=S)(OC)SCN1C(=O)C2=CC=CC=C2N=N1,Unspecified
2096,363895098,2268,COP(=S)(OC)SCN1C(=O)C2=CC=CC=C2N=N1,Inactive
2097,363895098,2268,COP(=S)(OC)SCN1C(=O)C2=CC=CC=C2N=N1,Inactive
2098,363895098,2268,COP(=S)(OC)SCN1C(=O)C2=CC=CC=C2N=N1,Active
2099,363895098,2268,COP(=S)(OC)SCN1C(=O)C2=CC=CC=C2N=N1,Unspecified
2100,363895099,6846,C1=CC=C2C(=C1)C=CC=C2C#N,Active
2101,363895100,6849,C1=CC=C2C(=C1)C=CC=C2[N+](=O)[O-],Inactive
2102,363895101,6853,C1C2=CC=CC=C2C3=CC=CC=C31,Unspecified
2103,363895101,6853,C1C2=CC=CC=C2C3=CC=CC=C31,Inactive
2104,363895102,736366,C1=CC=C2C(=C1)C=CC=C2NC(=S)N,Active
2105,363895102,736366,C1=CC=C2C(=C1)C=CC=C2NC(=S)N,Unspecified
2106,363895103,54680871,C1=CC=C2C(=C1)C(=CC(=O)N2)O,Active
2107,363895104,6866,C1=CC2=C(C=CN=C2C=C1Cl)Cl,Unspecified
2108,363895105,14868,C1=CC(=CC=C1NC(=O)C2=C(C(=CC(=C2)Br)Br)O)Br,Unspecified
2109,363895106,5284369,C1=CC=C(C=C1)/C=C/COC(=O)C2=CC=CC=C2N,Inactive
2110,363895106,5284369,C1=CC=C(C=C1)/C=C/COC(=O)C2=CC=CC=C2N,Active
2111,363895107,6895,C1=CC(=C(C(=C1)Cl)Cl)Cl,Active
2112,363895108,6899,C1=CC(=C(C(=C1)Cl)O)Cl,Inactive
2113,363895109,1057,C1=CC(=C(C(=C1)O)O)O,Active
2114,363895109,1057,C1=CC(=C(C(=C1)O)O)O,Active
2115,363895110,6251,C([C@H]([C@H]([C@@H]([C@@H](CO)O)O)O)O)O,Inactive
2116,363895111,992,C1(=C(C(=C(C(=C1Cl)Cl)Cl)Cl)Cl)O,Active
2117,363895111,992,C1(=C(C(=C(C(=C1Cl)Cl)Cl)Cl)Cl)O,Inactive
2118,363895111,992,C1(=C(C(=C(C(=C1Cl)Cl)Cl)Cl)Cl)O,Inactive
2119,363895111,992,C1(=C(C(=C(C(=C1Cl)Cl)Cl)Cl)Cl)O,Active
2120,363895111,992,C1(=C(C(=C(C(=C1Cl)Cl)Cl)Cl)Cl)O,Active
2121,363895111,992,C1(=C(C(=C(C(=C1Cl)Cl)Cl)Cl)Cl)O,Inactive
2122,363895111,992,C1(=C(C(=C(C(=C1Cl)Cl)Cl)Cl)Cl)O,Inactive
2123,363895112,6912,C([C@H](C([C@H](CO)O)O)O)O,Inactive
2124,363895112,6912,C([C@H](C([C@H](CO)O)O)O)O,Inactive
2125,363895112,6912,C([C@H](C([C@H](CO)O)O)O)O,Inactive
2126,363895113,6914,C1=C(C=C(C(=C1Cl)O)Cl)Cl,Inactive
2127,363895113,6914,C1=C(C=C(C(=C1Cl)O)Cl)Cl,Inactive
2128,363895113,6914,C1=C(C=C(C(=C1Cl)O)Cl)Cl,Active
2129,363895113,6914,C1=C(C=C(C(=C1Cl)O)Cl)Cl,Inactive
2130,363895113,6914,C1=C(C=C(C(=C1Cl)O)Cl)Cl,Active
2131,363895113,6914,C1=C(C=C(C(=C1Cl)O)Cl)Cl,Inactive
2132,363895114,6924,CC1=CC=CC=C1S(=O)(=O)N,Unspecified
2133,363895114,6924,CC1=CC=CC=C1S(=O)(=O)N,Unspecified
2134,363895114,6924,CC1=CC=CC=C1S(=O)(=O)N,Inactive
2135,363895115,6947,C1=CC=C(C(=C1)[N+](=O)[O-])O,Inactive
2136,363895116,6948,C1=C(C=C(C(=C1C(=O)O)I)I)I,Active
2137,363895117,6950,CCC(C)C1=C(C(=CC(=C1)[N+](=O)[O-])[N+](=O)[O-])O,Active
2138,363895117,6950,CCC(C)C1=C(C(=CC(=C1)[N+](=O)[O-])[N+](=O)[O-])O,Active
2139,363895117,6950,CCC(C)C1=C(C(=CC(=C1)[N+](=O)[O-])[N+](=O)[O-])O,Unspecified
2140,363895117,6950,CCC(C)C1=C(C(=CC(=C1)[N+](=O)[O-])[N+](=O)[O-])O,Inactive
2141,363895117,6950,CCC(C)C1=C(C(=CC(=C1)[N+](=O)[O-])[N+](=O)[O-])O,Inactive
2142,363895117,6950,CCC(C)C1=C(C(=CC(=C1)[N+](=O)[O-])[N+](=O)[O-])O,Active
2143,363895117,6950,CCC(C)C1=C(C(=CC(=C1)[N+](=O)[O-])[N+](=O)[O-])O,Inactive
2144,363895117,6950,CCC(C)C1=C(C(=CC(=C1)[N+](=O)[O-])[N+](=O)[O-])O,Unspecified
2145,363895118,6954,C1=C(C=C(C(=C1[N+](=O)[O-])O)[N+](=O)[O-])[N+](=O)[O-],Unspecified
2146,363895118,6954,C1=C(C=C(C(=C1[N+](=O)[O-])O)[N+](=O)[O-])[N+](=O)[O-],Inactive
2147,363895118,6954,C1=C(C=C(C(=C1[N+](=O)[O-])O)[N+](=O)[O-])[N+](=O)[O-],Unspecified
2148,363895119,6956,C1=CC=C(C(=C1)C(=O)N)C(=O)N,Inactive
2149,363895120,4021,CC1=NN(C(=O)C1)C2=CC=CC=C2,Inactive
2150,363895121,66644,C1=CC=C(C(=C1)C(=O)NO)O,Active
2151,363895122,6989,CC1=CC(=C(C=C1)C(C)C)O,Inactive
2152,363895122,6989,CC1=CC(=C(C=C1)C(C)C)O,Unspecified
2153,363895123,7000,COC1=CC=CC=C1N,Unspecified
2154,363895124,460,COC1=CC=CC=C1O,Active
2155,363895124,460,COC1=CC=CC=C1O,Active
2156,363895124,460,COC1=CC=CC=C1O,Active
2157,363895124,460,COC1=CC=CC=C1O,Unspecified
2158,363895125,7005,C1=CC=C2C(=C1)C=CC=C2O,Unspecified
2159,363895125,7005,C1=CC=C2C(=C1)C=CC=C2O,Inactive
2160,363895125,7005,C1=CC=C2C(=C1)C=CC=C2O,Active
2161,363895125,7005,C1=CC=C2C(=C1)C=CC=C2O,Inactive
2162,363895126,5281691,COC1=CC(=C2C(=C1)OC(=C(C2=O)O)C3=CC(=C(C=C3)O)O)O,Unspecified
2163,363895127,7013,C1=CC=C(C=C1)NC2=CC=CC3=CC=CC=C32,Unspecified
2164,363895127,7013,C1=CC=C(C=C1)NC2=CC=CC3=CC=CC=C32,Unspecified
2165,363895127,7013,C1=CC=C(C=C1)NC2=CC=CC3=CC=CC=C32,Inactive
2166,363895127,7013,C1=CC=C(C=C1)NC2=CC=CC3=CC=CC=C32,Inactive
2167,363895128,5280567,CC1=CC(=O)OC2=C1C=CC(=C2)O,Active
2168,363895129,7015,C1=CC=C(C=C1)C2=CC=CC=C2N,Unspecified
2169,363895129,7015,C1=CC=C(C=C1)C2=CC=CC=C2N,Inactive
2170,363895129,7015,C1=CC=C(C=C1)C2=CC=CC=C2N,Inactive
2171,363895129,7015,C1=CC=C(C=C1)C2=CC=CC=C2N,Active
2172,363895129,7015,C1=CC=C(C=C1)C2=CC=CC=C2N,Inactive
2173,363895129,7015,C1=CC=C(C=C1)C2=CC=CC=C2N,Inactive
2174,363895129,7015,C1=CC=C(C=C1)C2=CC=CC=C2N,Unspecified
2175,363895129,7015,C1=CC=C(C=C1)C2=CC=CC=C2N,Inactive
2176,363895129,7015,C1=CC=C(C=C1)C2=CC=CC=C2N,Inactive
2177,363895129,7015,C1=CC=C(C=C1)C2=CC=CC=C2N,Inactive
2178,363895129,7015,C1=CC=C(C=C1)C2=CC=CC=C2N,Unspecified
2179,363895129,7015,C1=CC=C(C=C1)C2=CC=CC=C2N,Active
2180,363895130,7019,C1=CC=C2C(=C1)C(=C3C=CC=CC3=N2)N,Active
2181,363895130,7019,C1=CC=C2C(=C1)C(=C3C=CC=CC3=N2)N,Inactive
2182,363895130,7019,C1=CC=C2C(=C1)C(=C3C=CC=CC3=N2)N,Active
2183,363895131,5385314,CC(=C)C(=O)/C(=C\C(=O)O)/OC,Active
2184,363895131,5385314,CC(=C)C(=O)/C(=C\C(=O)O)/OC,Active
2185,363895131,5385314,CC(=C)C(=O)/C(=C\C(=O)O)/OC,Inactive
2186,363895131,5385314,CC(=C)C(=O)/C(=C\C(=O)O)/OC,Unspecified
2187,363895132,7031,CN(C)C1=CC=C(C=C1)C(=O)C2=CC=C(C=C2)N(C)C,Active
2188,363895132,7031,CN(C)C1=CC=C(C=C1)C(=O)C2=CC=C(C=C2)N(C)C,Active
2189,363895133,7041,COC1=C(C(=CC=C1)OC)O,Unspecified
2190,363895133,7041,COC1=C(C(=CC=C1)OC)O,Unspecified
2191,363895134,7045,C1=CC=C2C(=C1)N=CC=N2,Inactive
2192,363895135,931,C1=CC=C2C=CC=CC2=C1,Unspecified
2193,363895135,931,C1=CC=C2C=CC=CC2=C1,Inactive
2194,363895135,931,C1=CC=C2C=CC=CC2=C1,Inactive
2195,363895135,931,C1=CC=C2C=CC=CC2=C1,Inactive
2196,363895136,7047,C1=CC=C2C(=C1)C=CC=N2,Active
2197,363895136,7047,C1=CC=C2C(=C1)C=CC=N2,Inactive
2198,363895136,7047,C1=CC=C2C(=C1)C=CC=N2,Active
2199,363895137,7048,COC1=CC=CC=C1[N+](=O)[O-],Unspecified
2200,363895138,3293,CCOC1=CC2=C(C=C1)NC(C=C2C)(C)C,Inactive
2201,363895138,3293,CCOC1=CC2=C(C=C1)NC(C=C2C)(C)C,Inactive
2202,363895139,7057,C1=CC=C2C=C(C=CC2=C1)N,Active
2203,363895139,7057,C1=CC=C2C=C(C=CC2=C1)N,Active
2204,363895139,7057,C1=CC=C2C=C(C=CC2=C1)N,Active
2205,363895139,7057,C1=CC=C2C=C(C=CC2=C1)N,Active
2206,363895139,7057,C1=CC=C2C=C(C=CC2=C1)N,Inactive
2207,363895139,7057,C1=CC=C2C=C(C=CC2=C1)N,Active
2208,363895139,7057,C1=CC=C2C=C(C=CC2=C1)N,Active
2209,363895139,7057,C1=CC=C2C=C(C=CC2=C1)N,Active
2210,363895139,7057,C1=CC=C2C=C(C=CC2=C1)N,Active
2211,363895139,7057,C1=CC=C2C=C(C=CC2=C1)N,Active
2212,363895139,7057,C1=CC=C2C=C(C=CC2=C1)N,Active
2213,363895139,7057,C1=CC=C2C=C(C=CC2=C1)N,Active
2214,363895139,7057,C1=CC=C2C=C(C=CC2=C1)N,Active
2215,363895139,7057,C1=CC=C2C=C(C=CC2=C1)N,Inactive
2216,363895139,7057,C1=CC=C2C=C(C=CC2=C1)N,Active
2217,363895139,7057,C1=CC=C2C=C(C=CC2=C1)N,Inactive
2218,363895139,7057,C1=CC=C2C=C(C=CC2=C1)N,Unspecified
2219,363895139,7057,C1=CC=C2C=C(C=CC2=C1)N,Active
2220,363895139,7057,C1=CC=C2C=C(C=CC2=C1)N,Inactive
2221,363895139,7057,C1=CC=C2C=C(C=CC2=C1)N,Active
2222,363895139,7057,C1=CC=C2C=C(C=CC2=C1)N,Active
2223,363895140,7059,CC1=CC2=C(C=C1)N=CC=C2,Active
2224,363895141,7060,CC1=NC2=CC=CC=C2C=C1,Active
2225,363895142,323,C1=CC=C2C(=C1)C=CC(=O)O2,Active
2226,363895143,4098,CN(C)CCN(CC1=CC=CS1)C2=CC=CC=N2,Unspecified
2227,363895144,7070,C1=CC(=C(C=C1C2=CC(=C(C=C2)N)Cl)Cl)N,Active
2228,363895144,7070,C1=CC(=C(C=C1C2=CC(=C(C=C2)N)Cl)Cl)N,Active
2229,363895144,7070,C1=CC(=C(C=C1C2=CC(=C(C=C2)N)Cl)Cl)N,Active
2230,363895144,7070,C1=CC(=C(C=C1C2=CC(=C(C=C2)N)Cl)Cl)N,Unspecified
2231,363895144,7070,C1=CC(=C(C=C1C2=CC(=C(C=C2)N)Cl)Cl)N,Active
2232,363895144,7070,C1=CC(=C(C=C1C2=CC(=C(C=C2)N)Cl)Cl)N,Active
2233,363895145,7083,CC1=CC2=C(C=C1N)SC3=CC(=[N+](C)C)C=CC3=N2.[Cl-],Unspecified
2234,363895145,7083,CC1=CC2=C(C=C1N)SC3=CC(=[N+](C)C)C=CC3=N2.[Cl-],Unspecified
2235,363895146,7085,CN(C)C1=CC2=C(C=C1)C=C3C=CC(=[N+](C)C)C=C3O2.[Cl-],Active
2236,363895146,7085,CN(C)C1=CC2=C(C=C1)C=C3C=CC(=[N+](C)C)C=C3O2.[Cl-],Active
2237,363895147,7092,CC1=CC2=C(C=C1)OC(=O)C=C2,Active
2238,363895147,7092,CC1=CC2=C(C=C1)OC(=O)C=C2,Active
2239,363895148,7095,C1=CC=C(C=C1)C2=CC=CC=C2,Active
2240,363895148,7095,C1=CC=C(C=C1)C2=CC=CC=C2,Inactive
2241,363895148,7095,C1=CC=C(C=C1)C2=CC=CC=C2,Inactive
2242,363895148,7095,C1=CC=C(C=C1)C2=CC=CC=C2,Inactive
2243,363895149,7097,CC(=O)OC(C1=CC=C(O1)[N+](=O)[O-])OC(=O)C,Active
2244,363895149,7097,CC(=O)OC(C1=CC=C(O1)[N+](=O)[O-])OC(=O)C,Active
2245,363895149,7097,CC(=O)OC(C1=CC=C(O1)[N+](=O)[O-])OC(=O)C,Active
2246,363895150,5280460,COC1=C(C=C2C(=C1)C=CC(=O)O2)O,Active
2247,363895151,7099,C1=CC(=CC2=NC3=C(C=CC(=C3)N)C=C21)N,Unspecified
2248,363895151,7099,C1=CC(=CC2=NC3=C(C=CC(=C3)N)C=C21)N,Unspecified
2249,363895151,7099,C1=CC(=CC2=NC3=C(C=CC(=C3)N)C=C21)N,Active
2250,363895151,7099,C1=CC(=CC2=NC3=C(C=CC(=C3)N)C=C21)N,Active
2251,363895151,7099,C1=CC(=CC2=NC3=C(C=CC(=C3)N)C=C21)N,Active
2252,363895151,7099,C1=CC(=CC2=NC3=C(C=CC(=C3)N)C=C21)N,Inactive
2253,363895151,7099,C1=CC(=CC2=NC3=C(C=CC(=C3)N)C=C21)N,Unspecified
2254,363895151,7099,C1=CC(=CC2=NC3=C(C=CC(=C3)N)C=C21)N,Unspecified
2255,363895151,7099,C1=CC(=CC2=NC3=C(C=CC(=C3)N)C=C21)N,Active
2256,363895151,7099,C1=CC(=CC2=NC3=C(C=CC(=C3)N)C=C21)N,Unspecified
2257,363895151,7099,C1=CC(=CC2=NC3=C(C=CC(=C3)N)C=C21)N,Unspecified
2258,363895151,7099,C1=CC(=CC2=NC3=C(C=CC(=C3)N)C=C21)N,Active
2259,363895152,7102,C1=CC=C(C=C1)C2=CC=C(C=C2)N,Active
2260,363895152,7102,C1=CC=C(C=C1)C2=CC=C(C=C2)N,Active
2261,363895152,7102,C1=CC=C(C=C1)C2=CC=C(C=C2)N,Active
2262,363895152,7102,C1=CC=C(C=C1)C2=CC=C(C=C2)N,Active
2263,363895152,7102,C1=CC=C(C=C1)C2=CC=C(C=C2)N,Active
2264,363895152,7102,C1=CC=C(C=C1)C2=CC=C(C=C2)N,Active
2265,363895152,7102,C1=CC=C(C=C1)C2=CC=C(C=C2)N,Unspecified
2266,363895152,7102,C1=CC=C(C=C1)C2=CC=C(C=C2)N,Unspecified
2267,363895152,7102,C1=CC=C(C=C1)C2=CC=C(C=C2)N,Active
2268,363895152,7102,C1=CC=C(C=C1)C2=CC=C(C=C2)N,Inactive
2269,363895152,7102,C1=CC=C(C=C1)C2=CC=C(C=C2)N,Active
2270,363895152,7102,C1=CC=C(C=C1)C2=CC=C(C=C2)N,Active
2271,363895152,7102,C1=CC=C(C=C1)C2=CC=C(C=C2)N,Active
2272,363895152,7102,C1=CC=C(C=C1)C2=CC=C(C=C2)N,Active
2273,363895153,7108,C1=CC=C2C(=C1)NC3=CC=CC=C3S2,Active
2274,363895154,7111,C1=CC(=CC=C1C2=CC=C(C=C2)N)N,Active
2275,363895154,7111,C1=CC(=CC=C1C2=CC=C(C=C2)N)N,Active
2276,363895154,7111,C1=CC(=CC=C1C2=CC=C(C=C2)N)N,Active
2277,363895154,7111,C1=CC(=CC=C1C2=CC=C(C=C2)N)N,Active
2278,363895154,7111,C1=CC(=CC=C1C2=CC=C(C=C2)N)N,Active
2279,363895154,7111,C1=CC(=CC=C1C2=CC=C(C=C2)N)N,Active
2280,363895154,7111,C1=CC(=CC=C1C2=CC=C(C=C2)N)N,Active
2281,363895154,7111,C1=CC(=CC=C1C2=CC=C(C=C2)N)N,Active
2282,363895154,7111,C1=CC(=CC=C1C2=CC=C(C=C2)N)N,Unspecified
2283,363895154,7111,C1=CC(=CC=C1C2=CC=C(C=C2)N)N,Inactive
2284,363895154,7111,C1=CC(=CC=C1C2=CC=C(C=C2)N)N,Active
2285,363895154,7111,C1=CC(=CC=C1C2=CC=C(C=C2)N)N,Unspecified
2286,363895154,7111,C1=CC(=CC=C1C2=CC=C(C=C2)N)N,Active
2287,363895154,7111,C1=CC(=CC=C1C2=CC=C(C=C2)N)N,Active
2288,363895155,7114,C1=CC=C(C=C1)C2=CC=C(C=C2)[N+](=O)[O-],Active
2289,363895155,7114,C1=CC=C(C=C1)C2=CC=C(C=C2)[N+](=O)[O-],Active
2290,363895155,7114,C1=CC=C(C=C1)C2=CC=C(C=C2)[N+](=O)[O-],Active
2291,363895155,7114,C1=CC=C(C=C1)C2=CC=C(C=C2)[N+](=O)[O-],Active
2292,363895155,7114,C1=CC=C(C=C1)C2=CC=C(C=C2)[N+](=O)[O-],Active
2293,363895155,7114,C1=CC=C(C=C1)C2=CC=C(C=C2)[N+](=O)[O-],Inactive
2294,363895155,7114,C1=CC=C(C=C1)C2=CC=C(C=C2)[N+](=O)[O-],Active
2295,363895155,7114,C1=CC=C(C=C1)C2=CC=C(C=C2)[N+](=O)[O-],Inactive
2296,363895155,7114,C1=CC=C(C=C1)C2=CC=C(C=C2)[N+](=O)[O-],Active
2297,363895155,7114,C1=CC=C(C=C1)C2=CC=C(C=C2)[N+](=O)[O-],Active
2298,363895156,7124,C1=CC=C2C(=C1)C=CC(=N2)C(=O)O,Unspecified
2299,363895157,7153,CC1=C(C=CC(=C1)Cl)OC(C)C(=O)O,Active
2300,363895158,1480,C1=C(C(=CC(=C1Cl)Cl)Cl)OCC(=O)O,Active
2301,363895158,1480,C1=C(C(=CC(=C1Cl)Cl)Cl)OCC(=O)O,Unspecified
2302,363895158,1480,C1=C(C(=CC(=C1Cl)Cl)Cl)OCC(=O)O,Unspecified
2303,363895158,1480,C1=C(C(=CC(=C1Cl)Cl)Cl)OCC(=O)O,Active
2304,363895158,1480,C1=C(C(=CC(=C1Cl)Cl)Cl)OCC(=O)O,Active
2305,363895158,1480,C1=C(C(=CC(=C1Cl)Cl)Cl)OCC(=O)O,Active
2306,363895158,1480,C1=C(C(=CC(=C1Cl)Cl)Cl)OCC(=O)O,Inactive
2307,363895158,1480,C1=C(C(=CC(=C1Cl)Cl)Cl)OCC(=O)O,Inactive
2308,363895159,7161,CCCCOC(=O)COC1=CC(=C(C=C1Cl)Cl)Cl,Unspecified
2309,363895160,7175,CCCOC(=O)C1=CC=C(C=C1)O,Inactive
2310,363895161,2727,CCCNC(=O)NS(=O)(=O)C1=CC=C(C=C1)Cl,Active
2311,363895161,2727,CCCNC(=O)NS(=O)(=O)C1=CC=C(C=C1)Cl,Active
2312,363895161,2727,CCCNC(=O)NS(=O)(=O)C1=CC=C(C=C1)Cl,Active
2313,363895161,2727,CCCNC(=O)NS(=O)(=O)C1=CC=C(C=C1)Cl,Active
2314,363895162,7187,C1=CC=C(C=C1)C(=O)OOC(=O)C2=CC=CC=C2,Unspecified
2315,363895163,7197,CCCC1=CC2=C(C=C1)OCO2,Active
2316,363895163,7197,CCCC1=CC2=C(C=C1)OCO2,Unspecified
2317,363895164,5144,C=CCC1=CC2=C(C=C1)OCO2,Active
2318,363895164,5144,C=CCC1=CC2=C(C=C1)OCO2,Active
2319,363895164,5144,C=CCC1=CC2=C(C=C1)OCO2,Active
2320,363895164,5144,C=CCC1=CC2=C(C=C1)OCO2,Unspecified
2321,363895164,5144,C=CCC1=CC2=C(C=C1)OCO2,Active
2322,363895164,5144,C=CCC1=CC2=C(C=C1)OCO2,Active
2323,363895164,5144,C=CCC1=CC2=C(C=C1)OCO2,Active
2324,363895164,5144,C=CCC1=CC2=C(C=C1)OCO2,Unspecified
2325,363895164,5144,C=CCC1=CC2=C(C=C1)OCO2,Inactive
2326,363895164,5144,C=CCC1=CC2=C(C=C1)OCO2,Inactive
2327,363895164,5144,C=CCC1=CC2=C(C=C1)OCO2,Active
2328,363895164,5144,C=CCC1=CC2=C(C=C1)OCO2,Active
2329,363895164,5144,C=CCC1=CC2=C(C=C1)OCO2,Inactive
2330,363895165,7204,CC1=C(C=CC(=C1)Cl)OCC(=O)O,Inactive
2331,363895165,7204,CC1=C(C=CC(=C1)Cl)OCC(=O)O,Active
2332,363895165,7204,CC1=C(C=CC(=C1)Cl)OCC(=O)O,Active
2333,363895165,7204,CC1=C(C=CC(=C1)Cl)OCC(=O)O,Inactive
2334,363895165,7204,CC1=C(C=CC(=C1)Cl)OCC(=O)O,Inactive
2335,363895166,1486,C1=CC(=C(C=C1Cl)Cl)OCC(=O)O,Active
2336,363895166,1486,C1=CC(=C(C=C1Cl)Cl)OCC(=O)O,Active
2337,363895166,1486,C1=CC(=C(C=C1Cl)Cl)OCC(=O)O,Active
2338,363895166,1486,C1=CC(=C(C=C1Cl)Cl)OCC(=O)O,Active
2339,363895166,1486,C1=CC(=C(C=C1Cl)Cl)OCC(=O)O,Unspecified
2340,363895166,1486,C1=CC(=C(C=C1Cl)Cl)OCC(=O)O,Active
2341,363895166,1486,C1=CC(=C(C=C1Cl)Cl)OCC(=O)O,Active
2342,363895166,1486,C1=CC(=C(C=C1Cl)Cl)OCC(=O)O,Active
2343,363895166,1486,C1=CC(=C(C=C1Cl)Cl)OCC(=O)O,Active
2344,363895166,1486,C1=CC(=C(C=C1Cl)Cl)OCC(=O)O,Inactive
2345,363895166,1486,C1=CC(=C(C=C1Cl)Cl)OCC(=O)O,Inactive
2346,363895166,1486,C1=CC(=C(C=C1Cl)Cl)OCC(=O)O,Active
2347,363895166,1486,C1=CC(=C(C=C1Cl)Cl)OCC(=O)O,Inactive
2348,363895166,1486,C1=CC(=C(C=C1Cl)Cl)OCC(=O)O,Active
2349,363895166,1486,C1=CC(=C(C=C1Cl)Cl)OCC(=O)O,Inactive
2350,363895166,1486,C1=CC(=C(C=C1Cl)Cl)OCC(=O)O,Inactive
2351,363895166,1486,C1=CC(=C(C=C1Cl)Cl)OCC(=O)O,Inactive
2352,363895166,1486,C1=CC(=C(C=C1Cl)Cl)OCC(=O)O,Unspecified
2353,363895166,1486,C1=CC(=C(C=C1Cl)Cl)OCC(=O)O,Inactive
2354,363895167,7207,CC1=C(C=CC(=C1)Cl)OCCCC(=O)O,Inactive
2355,363895167,7207,CC1=C(C=CC(=C1)Cl)OCCCC(=O)O,Inactive
2356,363895168,1489,C1=CC(=C(C=C1Cl)Cl)OCCCC(=O)O,Inactive
2357,363895168,1489,C1=CC(=C(C=C1Cl)Cl)OCCCC(=O)O,Inactive
2358,363895168,1489,C1=CC(=C(C=C1Cl)Cl)OCCCC(=O)O,Inactive
2359,363895169,7216,CCN(CC)C(=S)SCC(=C)Cl,Active
2360,363895169,7216,CCN(CC)C(=S)SCC(=C)Cl,Active
2361,363895170,7237,CC1=CC=CC=C1C,Unspecified
2362,363895171,335,CC1=CC=CC=C1O,Active
2363,363895171,335,CC1=CC=CC=C1O,Unspecified
2364,363895171,335,CC1=CC=CC=C1O,Unspecified
2365,363895171,335,CC1=CC=CC=C1O,Unspecified
2366,363895172,7239,C1=CC=C(C(=C1)Cl)Cl,Active
2367,363895173,7240,C1=CC=C(C(=C1)N)Cl,Inactive
2368,363895173,7240,C1=CC=C(C(=C1)N)Cl,Active
2369,363895173,7240,C1=CC=C(C(=C1)N)Cl,Inactive
2370,363895173,7240,C1=CC=C(C(=C1)N)Cl,Inactive
2371,363895174,7242,CC1=CC=CC=C1N,Active
2372,363895174,7242,CC1=CC=CC=C1N,Active
2373,363895174,7242,CC1=CC=CC=C1N,Active
2374,363895174,7242,CC1=CC=CC=C1N,Active
2375,363895174,7242,CC1=CC=CC=C1N,Inactive
2376,363895174,7242,CC1=CC=CC=C1N,Active
2377,363895174,7242,CC1=CC=CC=C1N,Inactive
2378,363895174,7242,CC1=CC=CC=C1N,Unspecified
2379,363895175,7243,C1=CC=C(C(=C1)N)N,Active
2380,363895175,7243,C1=CC=C(C(=C1)N)N,Inactive
2381,363895175,7243,C1=CC=C(C(=C1)N)N,Inactive
2382,363895175,7243,C1=CC=C(C(=C1)N)N,Active
2383,363895176,5801,C1=CC=C(C(=C1)N)O,Active
2384,363895177,7251,CC1=C(C=CC(=C1)Cl)N,Active
2385,363895178,7252,CC1=C(C=CC(=C1)N)N,Inactive
2386,363895178,7252,CC1=C(C=CC(=C1)N)N,Active
2387,363895179,7255,CC1=C(C=C(C=C1)N)Cl,Inactive
2388,363895180,7257,C1=CC(=C(C=C1N)Cl)Cl,Active
2389,363895181,7260,CC1=C(C=C(C=C1)Cl)N,Inactive
2390,363895181,7260,CC1=C(C=C(C=C1)Cl)N,Active
2391,363895182,7261,CC1=C(C=C(C=C1)N)N,Active
2392,363895182,7261,CC1=C(C=C(C=C1)N)N,Unspecified
2393,363895182,7261,CC1=C(C=C(C=C1)N)N,Inactive
2394,363895182,7261,CC1=C(C=C(C=C1)N)N,Inactive
2395,363895182,7261,CC1=C(C=C(C=C1)N)N,Active
2396,363895182,7261,CC1=C(C=C(C=C1)N)N,Active
2397,363895182,7261,CC1=C(C=C(C=C1)N)N,Active
2398,363895183,7263,C1=CC(=C(C=C1Cl)N)N,Active
2399,363895184,1731,C1=CC(=C(C=C1O)O)Cl,Unspecified
2400,363895184,1731,C1=CC(=C(C=C1O)O)Cl,Inactive
2401,363895185,7276,C1C(O1)C2=CC=CC=C2,Active
2402,363895185,7276,C1C(O1)C2=CC=CC=C2,Active
2403,363895185,7276,C1C(O1)C2=CC=CC=C2,Active
2404,363895185,7276,C1C(O1)C2=CC=CC=C2,Inactive
2405,363895185,7276,C1C(O1)C2=CC=CC=C2,Active
2406,363895185,7276,C1C(O1)C2=CC=CC=C2,Unspecified
2407,363895185,7276,C1C(O1)C2=CC=CC=C2,Active
2408,363895185,7276,C1C(O1)C2=CC=CC=C2,Active
2409,363895185,7276,C1C(O1)C2=CC=CC=C2,Active
2410,363895185,7276,C1C(O1)C2=CC=CC=C2,Active
2411,363895185,7276,C1C(O1)C2=CC=CC=C2,Active
2412,363895185,7276,C1C(O1)C2=CC=CC=C2,Inactive
2413,363895185,7276,C1C(O1)C2=CC=CC=C2,Active
2414,363895185,7276,C1C(O1)C2=CC=CC=C2,Active
2415,363895185,7276,C1C(O1)C2=CC=CC=C2,Active
2416,363895185,7276,C1C(O1)C2=CC=CC=C2,Active
2417,363895186,7279,C(C(CBr)Br)Br,Active
2418,363895187,7280,C(C(CBr)Br)Cl,Active
2419,363895187,7280,C(C(CBr)Br)Cl,Inactive
2420,363895187,7280,C(C(CBr)Br)Cl,Active
2421,363895187,7280,C(C(CBr)Br)Cl,Active
2422,363895187,7280,C(C(CBr)Br)Cl,Active
2423,363895187,7280,C(C(CBr)Br)Cl,Active
2424,363895188,7281,C(C(CBr)Br)O,Active
2425,363895189,7289,C(C(CCl)O)Cl,Active
2426,363895190,7290,C(C(CCl)O)O,Inactive
2427,363895190,7290,C(C(CCl)O)O,Unspecified
2428,363895191,7294,COC(=O)C=C,Active
2429,363895192,2723650,C1CNC(=S)N1,Unspecified
2430,363895192,2723650,C1CNC(=S)N1,Inactive
2431,363895192,2723650,C1CNC(=S)N1,Active
2432,363895192,2723650,C1CNC(=S)N1,Active
2433,363895192,2723650,C1CNC(=S)N1,Active
2434,363895192,2723650,C1CNC(=S)N1,Inactive
2435,363895192,2723650,C1CNC(=S)N1,Inactive
2436,363895192,2723650,C1CNC(=S)N1,Inactive
2437,363895192,2723650,C1CNC(=S)N1,Unspecified
2438,363895192,2723650,C1CNC(=S)N1,Active
2439,363895192,2723650,C1CNC(=S)N1,Active
2440,363895193,7302,C1CC(=O)OC1,Active
2441,363895193,7302,C1CC(=O)OC1,Unspecified
2442,363895193,7302,C1CC(=O)OC1,Inactive
2443,363895194,3735,CCC(CC1=C(C(=C(C=C1I)I)N)I)C(=O)O,Unspecified
2444,363895194,3735,CCC(CC1=C(C(=C(C=C1I)I)N)I)C(=O)O,Unspecified
2445,363895195,7328,CCOP(=S)(OCC)OC1=C(C=C(C=C1)Cl)Cl,Active
2446,363895196,2406,C1=C(C=C(C(=C1SC2=C(C(=CC(=C2)Cl)Cl)O)O)Cl)Cl,Unspecified
2447,363895197,3037,C1=CC(=C(C=C1Cl)CC2=C(C=CC(=C2)Cl)O)O,Unspecified
2448,363895198,7334,CCOC(=O)C1C(C1(C)C)C=C(C)C,Inactive
2449,363895198,7334,CCOC(=O)C1C(C1(C)C)C=C(C)C,Active
2450,363895199,3314,COC1=C(C=CC(=C1)CC=C)O,Active
2451,363895199,3314,COC1=C(C=CC(=C1)CC=C)O,Unspecified
2452,363895199,3314,COC1=C(C=CC(=C1)CC=C)O,Unspecified
2453,363895200,853433,C/C=C/C1=CC(=C(C=C1)O)OC,Active
2454,363895201,7340,CC1=CC=CC=C1N=NC2=CC(=C(C=C2)N)C,Active
2455,363895201,7340,CC1=CC=CC=C1N=NC2=CC(=C(C=C2)N)C,Active
2456,363895201,7340,CC1=CC=CC=C1N=NC2=CC(=C(C=C2)N)C,Active
2457,363895201,7340,CC1=CC=CC=C1N=NC2=CC(=C(C=C2)N)C,Inactive
2458,363895201,7340,CC1=CC=CC=C1N=NC2=CC(=C(C=C2)N)C,Active
2459,363895201,7340,CC1=CC=CC=C1N=NC2=CC(=C(C=C2)N)C,Unspecified
2460,363895201,7340,CC1=CC=CC=C1N=NC2=CC(=C(C=C2)N)C,Active
2461,363895201,7340,CC1=CC=CC=C1N=NC2=CC(=C(C=C2)N)C,Unspecified
2462,363895201,7340,CC1=CC=CC=C1N=NC2=CC(=C(C=C2)N)C,Inactive
2463,363895201,7340,CC1=CC=CC=C1N=NC2=CC(=C(C=C2)N)C,Active
2464,363895201,7340,CC1=CC=CC=C1N=NC2=CC(=C(C=C2)N)C,Active
2465,363895201,7340,CC1=CC=CC=C1N=NC2=CC(=C(C=C2)N)C,Active
2466,363895202,7347,CN(C)C(=S)SC(=S)N(C)C,Active
2467,363895203,3117,CCN(CC)C(=S)SSC(=S)N(CC)CC,Unspecified
2468,363895203,3117,CCN(CC)C(=S)SSC(=S)N(CC)CC,Inactive
2469,363895204,7361,C1=COC(=C1)CO,Unspecified
2470,363895204,7361,C1=COC(=C1)CO,Unspecified
2471,363895205,7362,C1=COC(=C1)C=O,Active
2472,363895205,7362,C1=COC(=C1)C=O,Active
2473,363895205,7362,C1=COC(=C1)C=O,Active
2474,363895206,7367,C1=CC=C(C=C1)C(Cl)(Cl)Cl,Active
2475,363895206,7367,C1=CC=C(C=C1)C(Cl)(Cl)Cl,Active
2476,363895207,7406,CC(C)C1=CC=CC=C1,Inactive
2477,363895207,7406,CC(C)C1=CC=CC=C1,Inactive
2478,363895208,7407,CC(=C)C1=CC=CC=C1,Active
2479,363895208,7407,CC(=C)C1=CC=CC=C1,Active
2480,363895209,7409,CC(C1=CC=CC=C1)O,Unspecified
2481,363895210,7410,CC(=O)C1=CC=CC=C1,Inactive
2482,363895210,7410,CC(=O)C1=CC=CC=C1,Inactive
2483,363895211,7411,C1=CC=C(C=C1)C(Cl)Cl,Active
2484,363895211,7411,C1=CC=C(C=C1)C(Cl)Cl,Active
2485,363895212,7412,C1=CC=C(C=C1)C(=O)Cl,Unspecified
2486,363895213,936,C1=CC(=CN=C1)C(=O)N,Active
2487,363895213,936,C1=CC(=CN=C1)C(=O)N,Active
2488,363895214,7416,C1=CC=C(C=C1)[N+](=O)[O-],Inactive
2489,363895214,7416,C1=CC=C(C=C1)[N+](=O)[O-],Inactive
2490,363895215,7423,C1=CC(=CC(=C1)[N+](=O)[O-])N,Unspecified
2491,363895216,7430,C1=C(C=C(C(=C1Cl)N)Cl)[N+](=O)[O-],Unspecified
2492,363895216,7430,C1=C(C=C(C(=C1Cl)N)Cl)[N+](=O)[O-],Active
2493,363895216,7430,C1=C(C=C(C(=C1Cl)N)Cl)[N+](=O)[O-],Active
2494,363895216,7430,C1=C(C=C(C(=C1Cl)N)Cl)[N+](=O)[O-],Unspecified
2495,363895217,7432,C1=C(C=C(C=C1[N+](=O)[O-])[N+](=O)[O-])C(=O)Cl,Active
2496,363895218,5111791,C1=CC(=C(C=C1[N+](=O)[O-])N)N,Unspecified
2497,363895218,5111791,C1=CC(=C(C=C1[N+](=O)[O-])N)N,Active
2498,363895218,5111791,C1=CC(=C(C=C1[N+](=O)[O-])N)N,Active
2499,363895218,5111791,C1=CC(=C(C=C1[N+](=O)[O-])N)N,Active
2500,363895218,5111791,C1=CC(=C(C=C1[N+](=O)[O-])N)N,Active
2501,363895218,5111791,C1=CC(=C(C=C1[N+](=O)[O-])N)N,Unspecified
2502,363895218,5111791,C1=CC(=C(C=C1[N+](=O)[O-])N)N,Unspecified
2503,363895218,5111791,C1=CC(=C(C=C1[N+](=O)[O-])N)N,Inactive
2504,363895218,5111791,C1=CC(=C(C=C1[N+](=O)[O-])N)N,Active
2505,363895218,5111791,C1=CC(=C(C=C1[N+](=O)[O-])N)N,Inactive
2506,363895218,5111791,C1=CC(=C(C=C1[N+](=O)[O-])N)N,Active
2507,363895218,5111791,C1=CC(=C(C=C1[N+](=O)[O-])N)N,Unspecified
2508,363895218,5111791,C1=CC(=C(C=C1[N+](=O)[O-])N)N,Inactive
2509,363895218,5111791,C1=CC(=C(C=C1[N+](=O)[O-])N)N,Active
2510,363895218,5111791,C1=CC(=C(C=C1[N+](=O)[O-])N)N,Inactive
2511,363895218,5111791,C1=CC(=C(C=C1[N+](=O)[O-])N)N,Active
2512,363895219,3613389,C1=CC(=C(C=C1[N+](=O)[O-])N)O,Unspecified
2513,363895219,3613389,C1=CC(=C(C=C1[N+](=O)[O-])N)O,Inactive
2514,363895219,3613389,C1=CC(=C(C=C1[N+](=O)[O-])N)O,Inactive
2515,363895220,7447,COC1=C(C=C(C=C1)[N+](=O)[O-])N,Active
2516,363895220,7447,COC1=C(C=C(C=C1)[N+](=O)[O-])N,Active
2517,363895221,7452,C1=CC(=CC(=C1)[N+](=O)[O-])[N+](=O)[O-],Active
2518,363895222,7475,C1=CC(=CC=C1N)[N+](=O)[O-],Inactive
2519,363895223,980,C1=CC(=CC=C1[N+](=O)[O-])O,Unspecified
2520,363895223,980,C1=CC(=CC=C1[N+](=O)[O-])O,Inactive
2521,363895223,980,C1=CC(=CC=C1[N+](=O)[O-])O,Active
2522,363895223,980,C1=CC(=CC=C1[N+](=O)[O-])O,Inactive
2523,363895224,7485,COC1=CC=C(C=C1)[N+](=O)[O-],Active
2524,363895225,7489,C1=CC(=CC=C1C(=O)O)C(=O)O,Inactive
2525,363895226,7496,C1=CC(=CC=C1[N+](=O)[O-])SSC2=CC=C(C=C2)[N+](=O)[O-],Active
2526,363895227,13364,CCN(CC)CCCl,Active
2527,363895228,7500,CCC1=CC=CC=C1,Active
2528,363895228,7500,CCC1=CC=CC=C1,Active
2529,363895228,7500,CCC1=CC=CC=C1,Inactive
2530,363895229,7501,C=CC1=CC=CC=C1,Active
2531,363895229,7501,C=CC1=CC=CC=C1,Active
2532,363895229,7501,C=CC1=CC=CC=C1,Active
2533,363895229,7501,C=CC1=CC=CC=C1,Active
2534,363895229,7501,C=CC1=CC=CC=C1,Active
2535,363895229,7501,C=CC1=CC=CC=C1,Inactive
2536,363895229,7501,C=CC1=CC=CC=C1,Active
2537,363895229,7501,C=CC1=CC=CC=C1,Active
2538,363895229,7501,C=CC1=CC=CC=C1,Active
2539,363895229,7501,C=CC1=CC=CC=C1,Inactive
2540,363895229,7501,C=CC1=CC=CC=C1,Inactive
2541,363895229,7501,C=CC1=CC=CC=C1,Unspecified
2542,363895229,7501,C=CC1=CC=CC=C1,Active
2543,363895229,7501,C=CC1=CC=CC=C1,Active
2544,363895229,7501,C=CC1=CC=CC=C1,Active
2545,363895229,7501,C=CC1=CC=CC=C1,Active
2546,363895229,7501,C=CC1=CC=CC=C1,Active
2547,363895230,7503,C1=CC=C(C=C1)CCl,Inactive
2548,363895230,7503,C1=CC=C(C=C1)CCl,Unspecified
2549,363895230,7503,C1=CC=C(C=C1)CCl,Active
2550,363895230,7503,C1=CC=C(C=C1)CCl,Active
2551,363895230,7503,C1=CC=C(C=C1)CCl,Active
2552,363895230,7503,C1=CC=C(C=C1)CCl,Inactive
2553,363895230,7503,C1=CC=C(C=C1)CCl,Active
2554,363895230,7503,C1=CC=C(C=C1)CCl,Active
2555,363895230,7503,C1=CC=C(C=C1)CCl,Active
2556,363895230,7503,C1=CC=C(C=C1)CCl,Active
2557,363895230,7503,C1=CC=C(C=C1)CCl,Active
2558,363895230,7503,C1=CC=C(C=C1)CCl,Active
2559,363895230,7503,C1=CC=C(C=C1)CCl,Active
2560,363895231,244,C1=CC=C(C=C1)CO,Inactive
2561,363895232,240,C1=CC=C(C=C1)C=O,Active
2562,363895233,7512,C1=CC=C(C=C1)[Hg].O,Active
2563,363895234,7516,C1=CC=C(C=C1)NN,Active
2564,363895235,7517,C1CCC(=NO)CC1,Unspecified
2565,363895236,7518,C1=CC=C(C=C1)NO,Active
2566,363895237,7526,C1CCN(CC1)N=O,Active
2567,363895237,7526,C1CCN(CC1)N=O,Active
2568,363895237,7526,C1CCN(CC1)N=O,Active
2569,363895237,7526,C1CCN(CC1)N=O,Active
2570,363895237,7526,C1CCN(CC1)N=O,Active
2571,363895237,7526,C1CCN(CC1)N=O,Active
2572,363895237,7526,C1CCN(CC1)N=O,Unspecified
2573,363895237,7526,C1CCN(CC1)N=O,Unspecified
2574,363895237,7526,C1CCN(CC1)N=O,Active
2575,363895237,7526,C1CCN(CC1)N=O,Active
2576,363895238,7529,CC1=CC(=CC=C1)C=C,Active
2577,363895238,7529,CC1=CC(=CC=C1)C=C,Active
2578,363895239,4101,C1N2CN3CN1CN(C2)C3,Active
2579,363895240,7541,C1=CC=C(C(=C1)NC2=NC(=NC(=N2)Cl)Cl)Cl,Active
2580,363895240,7541,C1=CC=C(C(=C1)NC2=NC(=NC(=N2)Cl)Cl)Cl,Inactive
2581,363895241,7543,C1=CC(=C(C=C1CC2=CC(=C(C=C2)N)Cl)Cl)N,Unspecified
2582,363895241,7543,C1=CC(=C(C=C1CC2=CC(=C(C=C2)N)Cl)Cl)N,Active
2583,363895241,7543,C1=CC(=C(C=C1CC2=CC(=C(C=C2)N)Cl)Cl)N,Active
2584,363895241,7543,C1=CC(=C(C=C1CC2=CC(=C(C=C2)N)Cl)Cl)N,Active
2585,363895241,7543,C1=CC(=C(C=C1CC2=CC(=C(C=C2)N)Cl)Cl)N,Active
2586,363895241,7543,C1=CC(=C(C=C1CC2=CC(=C(C=C2)N)Cl)Cl)N,Active
2587,363895241,7543,C1=CC(=C(C=C1CC2=CC(=C(C=C2)N)Cl)Cl)N,Active
2588,363895241,7543,C1=CC(=C(C=C1CC2=CC(=C(C=C2)N)Cl)Cl)N,Active
2589,363895242,2728,CC(C)OC(=O)NC1=CC(=CC=C1)Cl,Active
2590,363895242,2728,CC(C)OC(=O)NC1=CC(=CC=C1)Cl,Unspecified
2591,363895242,2728,CC(C)OC(=O)NC1=CC(=CC=C1)Cl,Active
2592,363895242,2728,CC(C)OC(=O)NC1=CC(=CC=C1)Cl,Inactive
2593,363895243,7549,C1N2CN(CN1CN(C2)N=O)N=O,Active
2594,363895243,7549,C1N2CN(CN1CN(C2)N=O)N=O,Inactive
2595,363895243,7549,C1N2CN(CN1CN(C2)N=O)N=O,Unspecified
2596,363895244,7551,C1=CC(=CC(=C1)Cl)NC(=O)OCC#CCCl,Active
2597,363895245,7564,C1=CC=C(C=C1)NC2=CC=C(C=C2)N,Inactive
2598,363895246,7567,CN(C)C1=CC=C(C=C1)CC2=CC=C(C=C2)N(C)C,Active
2599,363895246,7567,CN(C)C1=CC=C(C=C1)CC2=CC=C(C=C2)N(C)C,Active
2600,363895246,7567,CN(C)C1=CC=C(C=C1)CC2=CC=C(C=C2)N(C)C,Active
2601,363895246,7567,CN(C)C1=CC=C(C=C1)CC2=CC=C(C=C2)N(C)C,Active
2602,363895246,7567,CN(C)C1=CC=C(C=C1)CC2=CC=C(C=C2)N(C)C,Inactive
2603,363895246,7567,CN(C)C1=CC=C(C=C1)CC2=CC=C(C=C2)N(C)C,Inactive
2604,363895246,7567,CN(C)C1=CC=C(C=C1)CC2=CC=C(C=C2)N(C)C,Active
2605,363895246,7567,CN(C)C1=CC=C(C=C1)CC2=CC=C(C=C2)N(C)C,Active
2606,363895247,7579,C1=CC(=CC=C1N)OC2=CC=C(C=C2)N,Unspecified
2607,363895247,7579,C1=CC(=CC=C1N)OC2=CC=C(C=C2)N,Active
2608,363895248,7611,[CH-]1C=CC=C1.[CH-]1C=CC=C1.[Fe+2],Active
2609,363895249,7618,C(CO)N(CCO)CCO,Active
2610,363895250,7641,CCCCC(CC)COC(=O)CCCCC(=O)OCC(CC)CCCC,Active
2611,363895251,638088,C1=CC=C(C=C1)/C=C/C2=CC=CC=C2,Inactive
2612,363895252,2272,C1=CC=C(C=C1)N=NC2=CC=CC=C2,Active
2613,363895252,2272,C1=CC=C(C=C1)N=NC2=CC=CC=C2,Active
2614,363895252,2272,C1=CC=C(C=C1)N=NC2=CC=CC=C2,Active
2615,363895253,904,CC(=O)NC1=CC=CC=C1,Unspecified
2616,363895253,904,CC(=O)NC1=CC=CC=C1,Inactive
2617,363895253,904,CC(=O)NC1=CC=CC=C1,Unspecified
2618,363895254,676454,C1=CC=C(C=C1)NC(=S)N,Inactive
2619,363895255,1983,CC(=O)NC1=CC=C(C=C1)O,Inactive
2620,363895255,1983,CC(=O)NC1=CC=C(C=C1)O,Unspecified
2621,363895256,7728,CCC1=CN=C(C=C1)C,Inactive
2622,363895256,7728,CCC1=CN=C(C=C1)C,Inactive
2623,363895257,2735009,CCNC(=S)NCC,Inactive
2624,363895257,2735009,CCNC(=S)NCC,Active
2625,363895258,7768,C1CCC(=O)NCC1,Inactive
2626,363895258,7768,C1CCC(=O)NCC1,Inactive
2627,363895259,7771,CC1=CC(=C(C=C1)O)C,Unspecified
2628,363895260,7801,C1=CC(=O)C=CC1=O.C1=CC(=CC=C1O)O,Unspecified
2629,363895261,7806,C1=CC(=CC=C1Cl)Br,Inactive
2630,363895261,7806,C1=CC(=CC=C1Cl)Br,Inactive
2631,363895262,7807,C1=CC(=CC=C1N)Br,Unspecified
2632,363895262,7807,C1=CC(=CC=C1N)Br,Inactive
2633,363895263,7809,CC1=CC=C(C=C1)C,Unspecified
2634,363895264,7810,CC1=CC=C(C=C1)Cl,Inactive
2635,363895264,7810,CC1=CC=C(C=C1)Cl,Inactive
2636,363895265,2879,CC1=CC=C(C=C1)O,Unspecified
2637,363895265,2879,CC1=CC=C(C=C1)O,Unspecified
2638,363895265,2879,CC1=CC=C(C=C1)O,Inactive
2639,363895265,2879,CC1=CC=C(C=C1)O,Unspecified
2640,363895266,4685,C1=CC(=CC=C1Cl)Cl,Active
2641,363895266,4685,C1=CC(=CC=C1Cl)Cl,Active
2642,363895267,7812,C1=CC(=CC=C1N)Cl,Active
2643,363895267,7812,C1=CC(=CC=C1N)Cl,Active
2644,363895267,7812,C1=CC(=CC=C1N)Cl,Inactive
2645,363895268,7813,CC1=CC=C(C=C1)N,Inactive
2646,363895268,7813,CC1=CC=C(C=C1)N,Inactive
2647,363895268,7813,CC1=CC=C(C=C1)N,Inactive
2648,363895269,7814,C1=CC(=CC=C1N)N,Active
2649,363895269,7814,C1=CC(=CC=C1N)N,Inactive
2650,363895269,7814,C1=CC(=CC=C1N)N,Unspecified
2651,363895269,7814,C1=CC(=CC=C1N)N,Inactive
2652,363895269,7814,C1=CC(=CC=C1N)N,Active
2653,363895269,7814,C1=CC(=CC=C1N)N,Inactive
2654,363895269,7814,C1=CC(=CC=C1N)N,Active
2655,363895269,7814,C1=CC(=CC=C1N)N,Active
2656,363895269,7814,C1=CC(=CC=C1N)N,Inactive
2657,363895270,4650,C1=CC(=O)C=CC1=O,Active
2658,363895270,4650,C1=CC(=O)C=CC1=O,Unspecified
2659,363895271,7834,CCC1CO1,Inactive
2660,363895271,7834,CCC1CO1,Active
2661,363895271,7834,CCC1CO1,Active
2662,363895271,7834,CCC1CO1,Active
2663,363895271,7834,CCC1CO1,Active
2664,363895271,7834,CCC1CO1,Active
2665,363895271,7834,CCC1CO1,Active
2666,363895271,7834,CCC1CO1,Unspecified
2667,363895271,7834,CCC1CO1,Active
2668,363895272,7835,C1C(O1)CCl,Active
2669,363895272,7835,C1C(O1)CCl,Active
2670,363895272,7835,C1C(O1)CCl,Active
2671,363895272,7835,C1C(O1)CCl,Active
2672,363895272,7835,C1C(O1)CCl,Active
2673,363895272,7835,C1C(O1)CCl,Unspecified
2674,363895272,7835,C1C(O1)CCl,Active
2675,363895272,7835,C1C(O1)CCl,Active
2676,363895272,7835,C1C(O1)CCl,Inactive
2677,363895272,7835,C1C(O1)CCl,Inactive
2678,363895272,7835,C1C(O1)CCl,Active
2679,363895272,7835,C1C(O1)CCl,Active
2680,363895272,7835,C1C(O1)CCl,Active
2681,363895272,7835,C1C(O1)CCl,Active
2682,363895272,7835,C1C(O1)CCl,Active
2683,363895272,7835,C1C(O1)CCl,Active
2684,363895273,7839,C(CBr)Br,Active
2685,363895273,7839,C(CBr)Br,Unspecified
2686,363895273,7839,C(CBr)Br,Active
2687,363895273,7839,C(CBr)Br,Active
2688,363895273,7839,C(CBr)Br,Active
2689,363895273,7839,C(CBr)Br,Active
2690,363895273,7839,C(CBr)Br,Active
2691,363895273,7839,C(CBr)Br,Unspecified
2692,363895273,7839,C(CBr)Br,Active
2693,363895273,7839,C(CBr)Br,Active
2694,363895273,7839,C(CBr)Br,Active
2695,363895273,7839,C(CBr)Br,Active
2696,363895273,7839,C(CBr)Br,Active
2697,363895273,7839,C(CBr)Br,Active
2698,363895273,7839,C(CBr)Br,Active
2699,363895273,7839,C(CBr)Br,Active
2700,363895273,7839,C(CBr)Br,Active
2701,363895273,7839,C(CBr)Br,Active
2702,363895273,7839,C(CBr)Br,Active
2703,363895273,7839,C(CBr)Br,Active
2704,363895273,7839,C(CBr)Br,Active
2705,363895273,7839,C(CBr)Br,Inactive
2706,363895274,7845,C=CC=C,Active
2707,363895275,7847,C=CC=O,Active
2708,363895276,7849,C(CBr)Cl,Active
2709,363895276,7849,C(CBr)Cl,Active
2710,363895277,7850,C=CCCl,Active
2711,363895277,7850,C=CCCl,Active
2712,363895277,7850,C=CCCl,Active
2713,363895278,11,C(CCl)Cl,Active
2714,363895278,11,C(CCl)Cl,Active
2715,363895278,11,C(CCl)Cl,Active
2716,363895278,11,C(CCl)Cl,Active
2717,363895278,11,C(CCl)Cl,Active
2718,363895278,11,C(CCl)Cl,Active
2719,363895278,11,C(CCl)Cl,Active
2720,363895278,11,C(CCl)Cl,Active
2721,363895278,11,C(CCl)Cl,Active
2722,363895279,34,C(CCl)O,Inactive
2723,363895279,34,C(CCl)O,Active
2724,363895279,34,C(CCl)O,Inactive
2725,363895279,34,C(CCl)O,Inactive
2726,363895279,34,C(CCl)O,Inactive
2727,363895279,34,C(CCl)O,Active
2728,363895280,7855,C=CC#N,Inactive
2729,363895280,7855,C=CC#N,Active
2730,363895280,7855,C=CC#N,Active
2731,363895280,7855,C=CC#N,Active
2732,363895280,7855,C=CC#N,Active
2733,363895280,7855,C=CC#N,Unspecified
2734,363895280,7855,C=CC#N,Active
2735,363895280,7855,C=CC#N,Active
2736,363895280,7855,C=CC#N,Active
2737,363895280,7855,C=CC#N,Active
2738,363895281,3301,C(CN)N,Inactive
2739,363895281,3301,C(CN)N,Inactive
2740,363895282,33,C(C=O)Cl,Active
2741,363895282,33,C(C=O)Cl,Active
2742,363895282,33,C(C=O)Cl,Active
2743,363895282,33,C(C=O)Cl,Inactive
2744,363895282,33,C(C=O)Cl,Unspecified
2745,363895282,33,C(C=O)Cl,Active
2746,363895283,174,C(CO)O,Inactive
2747,363895283,174,C(CO)O,Inactive
2748,363895283,174,C(CO)O,Unspecified
2749,363895283,174,C(CO)O,Unspecified
2750,363895283,174,C(CO)O,Inactive
2751,363895284,7862,CC[Hg]Cl,Unspecified
2752,363895285,7864,COCCl,Active
2753,363895285,7864,COCCl,Active
2754,363895286,7868,CC(=C)CC(C)(C)C,Unspecified
2755,363895287,1088,CNCC(=O)O,Inactive
2756,363895288,7901,CN(C)CCCl,Active
2757,363895289,7903,CCC[N+](=O)[O-],Unspecified
2758,363895290,7904,CC(=O)OC=C,Active
2759,363895290,7904,CC(=O)OC=C,Active
2760,363895290,7904,CC(=O)OC=C,Active
2761,363895290,7904,CC(=O)OC=C,Active
2762,363895290,7904,CC(=O)OC=C,Active
2763,363895290,7904,CC(=O)OC=C,Active
2764,363895290,7904,CC(=O)OC=C,Inactive
2765,363895291,16682934,CC(=O)O[Hg]C,Unspecified
2766,363895291,16682934,CC(=O)O[Hg]C,Inactive
2767,363895292,7922,C1CC(=O)OC1=O,Active
2768,363895292,7922,C1CC(=O)OC1=O,Inactive
2769,363895292,7922,C1CC(=O)OC1=O,Inactive
2770,363895292,7922,C1CC(=O)OC1=O,Inactive
2771,363895292,7922,C1CC(=O)OC1=O,Inactive
2772,363895292,7922,C1CC(=O)OC1=O,Inactive
2773,363895292,7922,C1CC(=O)OC1=O,Active
2774,363895292,7922,C1CC(=O)OC1=O,Inactive
2775,363895293,7928,C1=CC(=CC(=C1)Br)Cl,Inactive
2776,363895294,7929,CC1=CC(=CC=C1)C,Unspecified
2777,363895295,342,CC1=CC(=CC=C1)O,Active
2778,363895295,342,CC1=CC(=CC=C1)O,Unspecified
2779,363895295,342,CC1=CC(=CC=C1)O,Unspecified
2780,363895295,342,CC1=CC(=CC=C1)O,Unspecified
2781,363895296,7932,C1=CC(=CC(=C1)Cl)N,Inactive
2782,363895297,7935,C1=CC(=CC(=C1)N)N,Active
2783,363895297,7935,C1=CC(=CC(=C1)N)N,Unspecified
2784,363895297,7935,C1=CC(=CC(=C1)N)N,Active
2785,363895297,7935,C1=CC(=CC(=C1)N)N,Active
2786,363895298,5054,C1=CC(=CC(=C1)O)O,Inactive
2787,363895298,5054,C1=CC(=CC(=C1)O)O,Unspecified
2788,363895298,5054,C1=CC(=CC(=C1)O)O,Inactive
2789,363895298,5054,C1=CC(=CC(=C1)O)O,Inactive
2790,363895298,5054,C1=CC(=CC(=C1)O)O,Unspecified
2791,363895298,5054,C1=CC(=CC(=C1)O)O,Inactive
2792,363895298,5054,C1=CC(=CC(=C1)O)O,Active
2793,363895298,5054,C1=CC(=CC(=C1)O)O,Inactive
2794,363895299,7948,CC1=CC(=CC(=C1)O)C,Unspecified
2795,363895300,7950,C1=C(C=C(C=C1Cl)Cl)Cl,Active
2796,363895300,7950,C1=C(C=C(C=C1Cl)Cl)Cl,Unspecified
2797,363895300,7950,C1=C(C=C(C=C1Cl)Cl)Cl,Unspecified
2798,363895300,7950,C1=C(C=C(C=C1Cl)Cl)Cl,Inactive
2799,363895301,359,C1=C(C=C(C=C1O)O)O,Active
2800,363895302,7955,C1(=NC(=NC(=N1)N)N)N,Unspecified
2801,363895303,7961,C1=CC=C(C=C1)Br,Active
2802,363895303,7961,C1=CC=C(C=C1)Br,Inactive
2803,363895303,7961,C1=CC=C(C=C1)Br,Inactive
2804,363895303,7961,C1=CC=C(C=C1)Br,Unspecified
2805,363895303,7961,C1=CC=C(C=C1)Br,Inactive
2806,363895303,7961,C1=CC=C(C=C1)Br,Inactive
2807,363895304,1140,CC1=CC=CC=C1,Active
2808,363895304,1140,CC1=CC=CC=C1,Inactive
2809,363895304,1140,CC1=CC=CC=C1,Active
2810,363895304,1140,CC1=CC=CC=C1,Inactive
2811,363895304,1140,CC1=CC=CC=C1,Unspecified
2812,363895304,1140,CC1=CC=CC=C1,Inactive
2813,363895304,1140,CC1=CC=CC=C1,Inactive
2814,363895305,7964,C1=CC=C(C=C1)Cl,Active
2815,363895306,7965,C1CCC(CC1)N,Active
2816,363895306,7965,C1CCC(CC1)N,Active
2817,363895306,7965,C1CCC(CC1)N,Inactive
2818,363895306,7965,C1CCC(CC1)N,Inactive
2819,363895306,7965,C1CCC(CC1)N,Active
2820,363895306,7965,C1CCC(CC1)N,Unspecified
2821,363895306,7965,C1CCC(CC1)N,Unspecified
2822,363895306,7965,C1CCC(CC1)N,Unspecified
2823,363895306,7965,C1CCC(CC1)N,Inactive
2824,363895306,7965,C1CCC(CC1)N,Unspecified
2825,363895306,7965,C1CCC(CC1)N,Inactive
2826,363895306,7965,C1CCC(CC1)N,Unspecified
2827,363895307,7966,C1CCC(CC1)O,Inactive
2828,363895308,996,C1=CC=C(C=C1)O,Unspecified
2829,363895308,996,C1=CC=C(C=C1)O,Active
2830,363895308,996,C1=CC=C(C=C1)O,Active
2831,363895308,996,C1=CC=C(C=C1)O,Inactive
2832,363895309,8001,C(CBr)CBr,Unspecified
2833,363895310,8002,CCCCBr,Unspecified
2834,363895311,8005,CCCCCl,Unspecified
2835,363895312,8017,C(CO)NN,Active
2836,363895312,8017,C(CO)NN,Active
2837,363895312,8017,C(CO)NN,Active
2838,363895312,8017,C(CO)NN,Active
2839,363895312,8017,C(CO)NN,Active
2840,363895313,8023,CCOC=C,Active
2841,363895314,8024,C=COC=C,Active
2842,363895315,8054,CC(=O)OCCOC,Inactive
2843,363895316,8063,CCCCC=O,Active
2844,363895316,8063,CCCCC=O,Active
2845,363895317,8064,C(CCO)CO,Unspecified
2846,363895318,8078,C1CCCCC1,Inactive
2847,363895318,8078,C1CCCCC1,Inactive
2848,363895319,1049,C1=CC=NC=C1,Unspecified
2849,363895319,1049,C1=CC=NC=C1,Active
2850,363895320,8082,C1CCNCC1,Inactive
2851,363895321,8083,C1COCCN1,Active
2852,363895322,8100,C(CCBr)CCBr,Active
2853,363895323,3485,C(CC=O)CC=O,Inactive
2854,363895323,3485,C(CC=O)CC=O,Active
2855,363895324,8148,CCCCNCCCC,Active
2856,363895324,8148,CCCCNCCCC,Active
2857,363895325,8225,CCC(=O)O[C@H]1CC[C@@H]2[C@@]1(CC[C@H]3[C@H]2CCC4=C3C=CC(=C4)OC(=O)CC)C,Active
2858,363895326,8228,CN(C)CCCN1C2=CC=CC=C2CCC3=CC=CC=C31.Cl,Unspecified
2859,363895327,5284550,CN(C)CC/C=C/1\C2=CC=CC=C2CSC3=CC=CC=C31,Inactive
2860,363895328,667467,CN(C)CC/C=C\1/C2=CC=CC=C2SC3=C1C=C(C=C3)Cl,Active
2861,363895329,23664709,CC1([C@@H](N2[C@H](S1)[C@@H](C2=O)NC(=O)CC3=CC=CC=C3)C(=O)[O-])C.[K+],Inactive
2862,363895330,12560,CC[C@@H]1[C@@]([C@@H]([C@H](C(=O)[C@@H](C[C@@]([C@@H]([C@H]([C@@H]([C@H](C(=O)O1)C)O[C@H]2C[C@@]([C@H]([C@@H](O2)C)O)(C)OC)C)O[C@H]3[C@@H]([C@H](C[C@H](O3)C)N(C)C)O)(C)O)C)C)O)(C)O,Inactive
2863,363895331,4944,CC(C)OC1=CC=CC=C1OC(=O)NC,Unspecified
2864,363895331,4944,CC(C)OC1=CC=CC=C1OC(=O)NC,Inactive
2865,363895331,4944,CC(C)OC1=CC=CC=C1OC(=O)NC,Inactive
2866,363895331,4944,CC(C)OC1=CC=CC=C1OC(=O)NC,Inactive
2867,363895332,6603108,CN1[C@@H]2CC(C[C@H]1[C@H]3[C@@H]2O3)OC(=O)[C@H](CO)C4=CC=CC=C4.Br,Unspecified
2868,363895333,460129,C([C@@H](C(=O)O)N)OC(=O)C=[N+]=[N-],Active
2869,363895333,460129,C([C@@H](C(=O)O)N)OC(=O)C=[N+]=[N-],Active
2870,363895333,460129,C([C@@H](C(=O)O)N)OC(=O)C=[N+]=[N-],Active
2871,363895333,460129,C([C@@H](C(=O)O)N)OC(=O)C=[N+]=[N-],Active
2872,363895333,460129,C([C@@H](C(=O)O)N)OC(=O)C=[N+]=[N-],Active
2873,363895333,460129,C([C@@H](C(=O)O)N)OC(=O)C=[N+]=[N-],Active
2874,363895334,409301,C[Hg]Cl,Unspecified
2875,363895334,409301,C[Hg]Cl,Active
2876,363895334,409301,C[Hg]Cl,Active
2877,363895334,409301,C[Hg]Cl,Inactive
2878,363895334,409301,C[Hg]Cl,Active
2879,363895335,8259,C(C(Cl)(Cl)Cl)O,Unspecified
2880,363895336,8263,C1(C(C(C1(F)F)(F)F)(F)F)(F)F,Unspecified
2881,363895337,3224,C1C2C(COS(=O)O1)C3(C(=C(C2(C3(Cl)Cl)Cl)Cl)Cl)Cl,Unspecified
2882,363895338,8272,C1=CC=C2C(=C1)C(OS2(=O)=O)(C3=CC(=C(C(=C3)Br)O)Br)C4=CC(=C(C(=C4)Br)O)Br,Unspecified
2883,363895339,8292,CCOP(=S)(OCC)OC1=CC=C(C=C1)S(=O)C,Unspecified
2884,363895339,8292,CCOP(=S)(OCC)OC1=CC=C(C=C1)S(=O)C,Unspecified
2885,363895339,8292,CCOP(=S)(OCC)OC1=CC=C(C=C1)S(=O)C,Unspecified
2886,363895339,8292,CCOP(=S)(OCC)OC1=CC=C(C=C1)S(=O)C,Inactive
2887,363895339,8292,CCOP(=S)(OCC)OC1=CC=C(C=C1)S(=O)C,Inactive
2888,363895339,8292,CCOP(=S)(OCC)OC1=CC=C(C=C1)S(=O)C,Inactive
2889,363895339,8292,CCOP(=S)(OCC)OC1=CC=C(C=C1)S(=O)C,Inactive
2890,363895339,8292,CCOP(=S)(OCC)OC1=CC=C(C=C1)S(=O)C,Inactive
2891,363895340,8295,C(CCl)OP(=O)(OCCCl)OCCCl,Active
2892,363895340,8295,C(CCl)OP(=O)(OCCCl)OCCCl,Inactive
2893,363895341,2086,CC(C)(C=NOC(=O)NC)SC,Active
2894,363895341,2086,CC(C)(C=NOC(=O)NC)SC,Active
2895,363895341,2086,CC(C)(C=NOC(=O)NC)SC,Inactive
2896,363895342,8305,C1=CC(=CC=C1S(=O)(=O)C2=CC(=C(C=C2Cl)Cl)Cl)Cl,Active
2897,363895343,638015,CC1=C(C(CCC1)(C)C)/C=C/C(=C/C=C/C(=C/C=O)/C)/C,Unspecified
2898,363895344,8316,C1=CC=C2C(=C1)C(=CC(=C2N)O)S(=O)(=O)O,Unspecified
2899,363895345,8321,COC1=C2C(=C(C=C1)N)C(=O)C3=CC=CC=C3C2=O,Active
2900,363895346,8323,C1=CC=C2C(=C1)C(=O)C3=C(C=CC(=C3C2=O)O)N,Active
2901,363895347,5280343,C1=CC(=C(C=C1C2=C(C(=O)C3=C(C=C(C=C3O2)O)O)O)O)O,Unspecified
2902,363895347,5280343,C1=CC(=C(C=C1C2=C(C(=O)C3=C(C=C(C=C3O2)O)O)O)O)O,Active
2903,363895347,5280343,C1=CC(=C(C=C1C2=C(C(=O)C3=C(C=C(C=C3O2)O)O)O)O)O,Inactive
2904,363895347,5280343,C1=CC(=C(C=C1C2=C(C(=O)C3=C(C=C(C=C3O2)O)O)O)O)O,Inactive
2905,363895347,5280343,C1=CC(=C(C=C1C2=C(C(=O)C3=C(C=C(C=C3O2)O)O)O)O)O,Active
2906,363895347,5280343,C1=CC(=C(C=C1C2=C(C(=O)C3=C(C=C(C=C3O2)O)O)O)O)O,Active
2907,363895347,5280343,C1=CC(=C(C=C1C2=C(C(=O)C3=C(C=C(C=C3O2)O)O)O)O)O,Active
2908,363895347,5280343,C1=CC(=C(C=C1C2=C(C(=O)C3=C(C=C(C=C3O2)O)O)O)O)O,Active
2909,363895348,8338,C1=CC2=C(C=CC(=C2S(=O)(=O)O)N)C(=C1)S(=O)(=O)O,Unspecified
2910,363895349,8341,C1=CC=C2C(=C1)C(=O)C3=C(C2=O)C=C(C=C3)N,Active
2911,363895350,8343,CCCCC(CC)COC(=O)C1=CC=CC=C1C(=O)OCC(CC)CCCC,Active
2912,363895350,8343,CCCCC(CC)COC(=O)C1=CC=CC=C1C(=O)OCC(CC)CCCC,Unspecified
2913,363895350,8343,CCCCC(CC)COC(=O)C1=CC=CC=C1C(=O)OCC(CC)CCCC,Active
2914,363895351,8344,COCCOC(=O)C1=CC=CC=C1C(=O)OCCOC,Unspecified
2915,363895352,8369,CC1=C(C(=O)C=CO1)O,Active
2916,363895352,8369,CC1=C(C(=O)C=CO1)O,Active
2917,363895353,8370,C1(=C(C(=C(C(=C1Cl)Cl)Cl)Cl)Cl)Cl,Active
2918,363895353,8370,C1(=C(C(=C(C(=C1Cl)Cl)Cl)Cl)Cl)Cl,Inactive
2919,363895354,8376,CC1=C(C=C(C=C1[N+](=O)[O-])[N+](=O)[O-])[N+](=O)[O-],Inactive
2920,363895354,8376,CC1=C(C=C(C=C1[N+](=O)[O-])[N+](=O)[O-])[N+](=O)[O-],Active
2921,363895355,3772977,C1=CC(=C(C=C1[N+](=O)[O-])[N+](=O)[O-])NN,Active
2922,363895356,8385,COC1=C(C=C(C=C1)[N+](=O)[O-])[N+](=O)[O-],Active
2923,363895357,3417419,C1=CC(=C(C=C1N)[N+](=O)[O-])O,Active
2924,363895357,3417419,C1=CC(=C(C=C1N)[N+](=O)[O-])O,Active
2925,363895357,3417419,C1=CC(=C(C=C1N)[N+](=O)[O-])O,Inactive
2926,363895358,8394,C1=CC=C2C(=C1)C=NNC2=O,Active
2927,363895359,8400,C1=CC=C(C=C1)C(C(=O)C2=CC=CC=C2)O,Inactive
2928,363895360,3102,C1=CC=C(C=C1)C(=O)C2=CC=CC=C2,Inactive
2929,363895361,8405,C1=CC=C2C=NC=CC2=C1,Unspecified
2930,363895362,8411,COC1=C(C=CC(=C1)C2=CC(=C(C=C2)N)OC)N,Active
2931,363895362,8411,COC1=C(C=CC(=C1)C2=CC(=C(C=C2)N)OC)N,Unspecified
2932,363895362,8411,COC1=C(C=CC(=C1)C2=CC(=C(C=C2)N)OC)N,Active
2933,363895362,8411,COC1=C(C=CC(=C1)C2=CC(=C(C=C2)N)OC)N,Active
2934,363895362,8411,COC1=C(C=CC(=C1)C2=CC(=C(C=C2)N)OC)N,Active
2935,363895363,8413,CC1=C(C=CC(=C1)C2=CC(=C(C=C2)N)C)N,Active
2936,363895363,8413,CC1=C(C=CC(=C1)C2=CC(=C(C=C2)N)C)N,Active
2937,363895363,8413,CC1=C(C=CC(=C1)C2=CC(=C(C=C2)N)C)N,Active
2938,363895363,8413,CC1=C(C=CC(=C1)C2=CC(=C(C=C2)N)C)N,Unspecified
2939,363895363,8413,CC1=C(C=CC(=C1)C2=CC(=C(C=C2)N)C)N,Active
2940,363895363,8413,CC1=C(C=CC(=C1)C2=CC(=C(C=C2)N)C)N,Active
2941,363895364,8418,C1=CC=C2C=C3C=CC=CC3=CC2=C1,Active
2942,363895364,8418,C1=CC=C2C=C3C=CC=CC3=CC2=C1,Unspecified
2943,363895364,8418,C1=CC=C2C=C3C=CC=CC3=CC2=C1,Inactive
2944,363895364,8418,C1=CC=C2C=C3C=CC=CC3=CC2=C1,Inactive
2945,363895364,8418,C1=CC=C2C=C3C=CC=CC3=CC2=C1,Inactive
2946,363895364,8418,C1=CC=C2C=C3C=CC=CC3=CC2=C1,Unspecified
2947,363895364,8418,C1=CC=C2C=C3C=CC=CC3=CC2=C1,Inactive
2948,363895364,8418,C1=CC=C2C=C3C=CC=CC3=CC2=C1,Unspecified
2949,363895364,8418,C1=CC=C2C=C3C=CC=CC3=CC2=C1,Unspecified
2950,363895364,8418,C1=CC=C2C=C3C=CC=CC3=CC2=C1,Unspecified
2951,363895364,8418,C1=CC=C2C=C3C=CC=CC3=CC2=C1,Inactive
2952,363895364,8418,C1=CC=C2C=C3C=CC=CC3=CC2=C1,Unspecified
2953,363895364,8418,C1=CC=C2C=C3C=CC=CC3=CC2=C1,Inactive
2954,363895364,8418,C1=CC=C2C=C3C=CC=CC3=CC2=C1,Inactive
2955,363895364,8418,C1=CC=C2C=C3C=CC=CC3=CC2=C1,Inactive
2956,363895364,8418,C1=CC=C2C=C3C=CC=CC3=CC2=C1,Inactive
2957,363895364,8418,C1=CC=C2C=C3C=CC=CC3=CC2=C1,Inactive
2958,363895364,8418,C1=CC=C2C=C3C=CC=CC3=CC2=C1,Unspecified
2959,363895364,8418,C1=CC=C2C=C3C=CC=CC3=CC2=C1,Inactive
2960,363895365,8429,CCCCCOC(=O)COC1=CC(=C(C=C1Cl)Cl)Cl,Inactive
2961,363895366,637796,C/C=C/C1=CC2=C(C=C1)OCO2,Active
2962,363895367,8441,COC(=O)C1=CC=C(C=C1)C(=O)OC,Inactive
2963,363895367,8441,COC(=O)C1=CC=C(C=C1)C(=O)OC,Inactive
2964,363895368,8445,CC1=CC(=C(C=C1)OC)N,Active
2965,363895369,1044,C1=C2C(=NC=N1)N=CN2,Inactive
2966,363895370,289,C1=CC=C(C(=C1)O)O,Unspecified
2967,363895370,289,C1=CC=C(C(=C1)O)O,Active
2968,363895370,289,C1=CC=C(C(=C1)O)O,Active
2969,363895370,289,C1=CC=C(C(=C1)O)O,Active
2970,363895371,13,C1=CC(=C(C=C1Cl)Cl)Cl,Active
2971,363895372,8449,C1=CC(=C(C=C1Cl)Cl)O,Unspecified
2972,363895373,8461,CC1=C(C=C(C=C1)[N+](=O)[O-])[N+](=O)[O-],Unspecified
2973,363895373,8461,CC1=C(C=C(C=C1)[N+](=O)[O-])[N+](=O)[O-],Inactive
2974,363895374,1183,COC1=C(C=CC(=C1)C=O)O,Active
2975,363895374,1183,COC1=C(C=CC(=C1)C=O)O,Active
2976,363895375,4004,CCOC(=O)CC(C(=O)OCC)SP(=S)(OC)OC,Active
2977,363895375,4004,CCOC(=O)CC(C(=O)OCC)SP(=S)(OC)OC,Active
2978,363895375,4004,CCOC(=O)CC(C(=O)OCC)SP(=S)(OC)OC,Active
2979,363895375,4004,CCOC(=O)CC(C(=O)OCC)SP(=S)(OC)OC,Active
2980,363895375,4004,CCOC(=O)CC(C(=O)OCC)SP(=S)(OC)OC,Unspecified
2981,363895375,4004,CCOC(=O)CC(C(=O)OCC)SP(=S)(OC)OC,Unspecified
2982,363895375,4004,CCOC(=O)CC(C(=O)OCC)SP(=S)(OC)OC,Active
2983,363895375,4004,CCOC(=O)CC(C(=O)OCC)SP(=S)(OC)OC,Inactive
2984,363895375,4004,CCOC(=O)CC(C(=O)OCC)SP(=S)(OC)OC,Inactive
2985,363895375,4004,CCOC(=O)CC(C(=O)OCC)SP(=S)(OC)OC,Inactive
2986,363895375,4004,CCOC(=O)CC(C(=O)OCC)SP(=S)(OC)OC,Inactive
2987,363895375,4004,CCOC(=O)CC(C(=O)OCC)SP(=S)(OC)OC,Inactive
2988,363895375,4004,CCOC(=O)CC(C(=O)OCC)SP(=S)(OC)OC,Inactive
2989,363895376,4947,CCCOC(=O)C1=CC(=C(C(=C1)O)O)O,Unspecified
2990,363895377,4984721,C1=CC(=C(C=C1[N+](=O)[O-])O)N,Inactive
2991,363895377,4984721,C1=CC(=C(C=C1[N+](=O)[O-])O)N,Inactive
2992,363895377,4984721,C1=CC(=C(C=C1[N+](=O)[O-])O)N,Active
2993,363895378,8497,C1=CC(=CC(=C1)[N+](=O)[O-])C(=O)O,Active
2994,363895379,31200,CC1=C(C=CC(=C1)OP(=S)(OC)OC)[N+](=O)[O-],Unspecified
2995,363895379,31200,CC1=C(C=CC(=C1)OP(=S)(OC)OC)[N+](=O)[O-],Active
2996,363895379,31200,CC1=C(C=CC(=C1)OP(=S)(OC)OC)[N+](=O)[O-],Inactive
2997,363895379,31200,CC1=C(C=CC(=C1)OP(=S)(OC)OC)[N+](=O)[O-],Inactive
2998,363895379,31200,CC1=C(C=CC(=C1)OP(=S)(OC)OC)[N+](=O)[O-],Unspecified
2999,363895380,5216,CCNC1=NC(=NC(=N1)Cl)NCC,Active
3000,363895380,5216,CCNC1=NC(=NC(=N1)Cl)NCC,Unspecified
3001,363895380,5216,CCNC1=NC(=NC(=N1)Cl)NCC,Unspecified
3002,363895380,5216,CCNC1=NC(=NC(=N1)Cl)NCC,Inactive
3003,363895380,5216,CCNC1=NC(=NC(=N1)Cl)NCC,Inactive
3004,363895380,5216,CCNC1=NC(=NC(=N1)Cl)NCC,Inactive
3005,363895380,5216,CCNC1=NC(=NC(=N1)Cl)NCC,Inactive
3006,363895380,5216,CCNC1=NC(=NC(=N1)Cl)NCC,Unspecified
3007,363895381,11487,C1=CC=C(C=C1)NC2=CC=CC=C2,Active
3008,363895382,24685,CC(C)OC(=O)NC1=CC=CC=C1,Active
3009,363895383,31217,C1C(O1)COC2=CC=CC=C2,Active
3010,363895384,31222,C1=CC=C(C=C1)NNC2=CC=CC=C2,Active
3011,363895385,67149,C1=CC(=CC=C1NCC(=O)O)O,Active
3012,363895386,403,C1=CC(=CC=C1N)O,Inactive
3013,363895386,403,C1=CC(=CC=C1N)O,Active
3014,363895386,403,C1=CC(=CC=C1N)O,Active
3015,363895386,403,C1=CC(=CC=C1N)O,Unspecified
3016,363895386,403,C1=CC(=CC=C1N)O,Active
3017,363895386,403,C1=CC(=CC=C1N)O,Active
3018,363895386,403,C1=CC(=CC=C1N)O,Inactive
3019,363895387,785,C1=CC(=CC=C1O)O,Active
3020,363895387,785,C1=CC(=CC=C1O)O,Active
3021,363895387,785,C1=CC(=CC=C1O)O,Active
3022,363895387,785,C1=CC(=CC=C1O)O,Active
3023,363895388,21954,C1=CC(=O)NNC1=O,Active
3024,363895388,21954,C1=CC(=O)NNC1=O,Active
3025,363895388,21954,C1=CC(=O)NNC1=O,Active
3026,363895388,21954,C1=CC(=O)NNC1=O,Unspecified
3027,363895388,21954,C1=CC(=O)NNC1=O,Inactive
3028,363895388,21954,C1=CC(=O)NNC1=O,Inactive
3029,363895388,21954,C1=CC(=O)NNC1=O,Active
3030,363895388,21954,C1=CC(=O)NNC1=O,Active
3031,363895388,21954,C1=CC(=O)NNC1=O,Active
3032,363895388,21954,C1=CC(=O)NNC1=O,Inactive
3033,363895388,21954,C1=CC(=O)NNC1=O,Active
3034,363895388,21954,C1=CC(=O)NNC1=O,Inactive
3035,363895388,21954,C1=CC(=O)NNC1=O,Inactive
3036,363895389,527,CCC=O,Active
3037,363895389,527,CCC=O,Active
3038,363895390,31254,CNC=O,Inactive
3039,363895391,261,CCCC=O,Active
3040,363895391,261,CCCC=O,Active
3041,363895392,31268,C1CCNC1,Inactive
3042,363895393,12521357,COCC[Hg]Cl,Inactive
3043,363895393,12521357,COCC[Hg]Cl,Inactive
3044,363895394,31275,C1COCCO1,Inactive
3045,363895394,31275,C1COCCO1,Active
3046,363895395,196,C(CCC(=O)O)CC(=O)O,Inactive
3047,363895395,196,C(CCC(=O)O)CC(=O)O,Inactive
3048,363895396,1102,C(CCNCCCN)CN,Unspecified
3049,363895397,674,CNC,Inactive
3050,363895398,31296,C(Cl)(Br)Br,Active
3051,363895398,31296,C(Cl)(Br)Br,Active
3052,363895398,31296,C(Cl)(Br)Br,Active
3053,363895399,4909,CCC1(C(=O)NCNC1=O)C2=CC=CC=C2,Active
3054,363895400,441140,C[C@@H]1CC(=O)C=C([C@]12C(=O)C3=C(O2)C(=C(C=C3OC)OC)Cl)OC,Active
3055,363895400,441140,C[C@@H]1CC(=O)C=C([C@]12C(=O)C3=C(O2)C(=C(C=C3OC)OC)Cl)OC,Unspecified
3056,363895400,441140,C[C@@H]1CC(=O)C=C([C@]12C(=O)C3=C(O2)C(=C(C=C3OC)OC)Cl)OC,Active
3057,363895400,441140,C[C@@H]1CC(=O)C=C([C@]12C(=O)C3=C(O2)C(=C(C=C3OC)OC)Cl)OC,Unspecified
3058,363895400,441140,C[C@@H]1CC(=O)C=C([C@]12C(=O)C3=C(O2)C(=C(C=C3OC)OC)Cl)OC,Active
3059,363895400,441140,C[C@@H]1CC(=O)C=C([C@]12C(=O)C3=C(O2)C(=C(C=C3OC)OC)Cl)OC,Unspecified
3060,363895400,441140,C[C@@H]1CC(=O)C=C([C@]12C(=O)C3=C(O2)C(=C(C=C3OC)OC)Cl)OC,Unspecified
3061,363895400,441140,C[C@@H]1CC(=O)C=C([C@]12C(=O)C3=C(O2)C(=C(C=C3OC)OC)Cl)OC,Active
3062,363895400,441140,C[C@@H]1CC(=O)C=C([C@]12C(=O)C3=C(O2)C(=C(C=C3OC)OC)Cl)OC,Inactive
3063,363895400,441140,C[C@@H]1CC(=O)C=C([C@]12C(=O)C3=C(O2)C(=C(C=C3OC)OC)Cl)OC,Active
3064,363895400,441140,C[C@@H]1CC(=O)C=C([C@]12C(=O)C3=C(O2)C(=C(C=C3OC)OC)Cl)OC,Unspecified
3065,363895401,31356,C(C(CBr)Br)OP(=O)(OCC(CBr)Br)OCC(CBr)Br,Active
3066,363895401,31356,C(C(CBr)Br)OP(=O)(OCC(CBr)Br)OCC(CBr)Br,Active
3067,363895401,31356,C(C(CBr)Br)OP(=O)(OCC(CBr)Br)OCC(CBr)Br,Active
3068,363895401,31356,C(C(CBr)Br)OP(=O)(OCC(CBr)Br)OCC(CBr)Br,Active
3069,363895401,31356,C(C(CBr)Br)OP(=O)(OCC(CBr)Br)OCC(CBr)Br,Active
3070,363895401,31356,C(C(CBr)Br)OP(=O)(OCC(CBr)Br)OCC(CBr)Br,Active
3071,363895401,31356,C(C(CBr)Br)OP(=O)(OCC(CBr)Br)OCC(CBr)Br,Active
3072,363895401,31356,C(C(CBr)Br)OP(=O)(OCC(CBr)Br)OCC(CBr)Br,Active
3073,363895401,31356,C(C(CBr)Br)OP(=O)(OCC(CBr)Br)OCC(CBr)Br,Active
3074,363895401,31356,C(C(CBr)Br)OP(=O)(OCC(CBr)Br)OCC(CBr)Br,Active
3075,363895402,9335,C[N+](CCCl)(CCCl)[O-],Active
3076,363895402,9335,C[N+](CCCl)(CCCl)[O-],Active
3077,363895402,9335,C[N+](CCCl)(CCCl)[O-],Active
3078,363895403,31369,C=CC(=C)Cl,Active
3079,363895403,31369,C=CC(=C)Cl,Active
3080,363895403,31369,C=CC(=C)Cl,Active
3081,363895404,3657,C(=O)(N)NO,Active
3082,363895404,3657,C(=O)(N)NO,Inactive
3083,363895404,3657,C(=O)(N)NO,Active
3084,363895404,3657,C(=O)(N)NO,Active
3085,363895404,3657,C(=O)(N)NO,Unspecified
3086,363895404,3657,C(=O)(N)NO,Active
3087,363895404,3657,C(=O)(N)NO,Active
3088,363895404,3657,C(=O)(N)NO,Inactive
3089,363895404,3657,C(=O)(N)NO,Active
3090,363895404,3657,C(=O)(N)NO,Inactive
3091,363895404,3657,C(=O)(N)NO,Active
3092,363895404,3657,C(=O)(N)NO,Unspecified
3093,363895405,517045,CC(=O)[O-].[Na+],Inactive
3094,363895405,517045,CC(=O)[O-].[Na+],Inactive
3095,363895406,31373,C(=C(Cl)Cl)(Cl)Cl,Active
3096,363895406,31373,C(=C(Cl)Cl)(Cl)Cl,Inactive
3097,363895406,31373,C(=C(Cl)Cl)(Cl)Cl,Active
3098,363895406,31373,C(=C(Cl)Cl)(Cl)Cl,Active
3099,363895406,31373,C(=C(Cl)Cl)(Cl)Cl,Active
3100,363895406,31373,C(=C(Cl)Cl)(Cl)Cl,Active
3101,363895407,517058,CC(C(=O)[O-])(Cl)Cl.[Na+],Inactive
3102,363895407,517058,CC(C(=O)[O-])(Cl)Cl.[Na+],Inactive
3103,363895408,,,Unspecified
3104,363895409,638034,CC1=C(C(CCC1)(C)C)/C=C/C(=C/C=C/C(=C/COC(=O)C)/C)/C,Unspecified
3105,363895409,638034,CC1=C(C(CCC1)(C)C)/C=C/C(=C/C=C/C(=C/COC(=O)C)/C)/C,Active
3106,363895410,3641960,CC1=CC=C(C=C1)S(=O)(=O)[N-]Cl.[Na+],Unspecified
3107,363895411,31404,CC1=CC(=C(C(=C1)C(C)(C)C)O)C(C)(C)C,Unspecified
3108,363895411,31404,CC1=CC(=C(C(=C1)C(C)(C)C)O)C(C)(C)C,Active
3109,363895411,31404,CC1=CC(=C(C(=C1)C(C)(C)C)O)C(C)(C)C,Inactive
3110,363895411,31404,CC1=CC(=C(C(=C1)C(C)(C)C)O)C(C)(C)C,Unspecified
3111,363895411,31404,CC1=CC(=C(C(=C1)C(C)(C)C)O)C(C)(C)C,Inactive
3112,363895411,31404,CC1=CC(=C(C(=C1)C(C)(C)C)O)C(C)(C)C,Active
3113,363895411,31404,CC1=CC(=C(C(=C1)C(C)(C)C)O)C(C)(C)C,Unspecified
3114,363895411,31404,CC1=CC(=C(C(=C1)C(C)(C)C)O)C(C)(C)C,Inactive
3115,363895412,656582,C1=CC=C2C(=C1)C(=O)[N-]S2(=O)=O.[Na+],Unspecified
3116,363895412,656582,C1=CC=C2C(=C1)C(=O)[N-]S2(=O)=O.[Na+],Active
3117,363895412,656582,C1=CC=C2C(=C1)C(=O)[N-]S2(=O)=O.[Na+],Active
3118,363895412,656582,C1=CC=C2C(=C1)C(=O)[N-]S2(=O)=O.[Na+],Active
3119,363895412,656582,C1=CC=C2C(=C1)C(=O)[N-]S2(=O)=O.[Na+],Active
3120,363895412,656582,C1=CC=C2C(=C1)C(=O)[N-]S2(=O)=O.[Na+],Active
3121,363895412,656582,C1=CC=C2C(=C1)C(=O)[N-]S2(=O)=O.[Na+],Inactive
3122,363895412,656582,C1=CC=C2C(=C1)C(=O)[N-]S2(=O)=O.[Na+],Active
3123,363895412,656582,C1=CC=C2C(=C1)C(=O)[N-]S2(=O)=O.[Na+],Unspecified
3124,363895412,656582,C1=CC=C2C(=C1)C(=O)[N-]S2(=O)=O.[Na+],Inactive
3125,363895413,439369,C[C@H]1[C@@]([C@H]([C@@H](O1)O[C@@H]2[C@H]([C@@H]([C@H]([C@@H]([C@H]2O)O)N=C(N)N)O)N=C(N)N)O[C@H]3[C@H]([C@@H]([C@H]([C@@H](O3)CO)O)O)NC)(CO)O,Inactive
3126,363895414,31420,C1=CC=C2C(=C1)C(=O)C3=C(C=CC(=C3C2=O)N)N,Inactive
3127,363895415,31423,C1=CC2=C3C(=C1)C=CC4=CC=CC(=C43)C=C2,Active
3128,363895415,31423,C1=CC2=C3C(=C1)C=CC4=CC=CC(=C43)C=C2,Inactive
3129,363895415,31423,C1=CC2=C3C(=C1)C=CC4=CC=CC(=C43)C=C2,Inactive
3130,363895415,31423,C1=CC2=C3C(=C1)C=CC4=CC=CC(=C43)C=C2,Inactive
3131,363895415,31423,C1=CC2=C3C(=C1)C=CC4=CC=CC(=C43)C=C2,Inactive
3132,363895415,31423,C1=CC2=C3C(=C1)C=CC4=CC=CC(=C43)C=C2,Inactive
3133,363895415,31423,C1=CC2=C3C(=C1)C=CC4=CC=CC(=C43)C=C2,Inactive
3134,363895415,31423,C1=CC2=C3C(=C1)C=CC4=CC=CC(=C43)C=C2,Unspecified
3135,363895415,31423,C1=CC2=C3C(=C1)C=CC4=CC=CC(=C43)C=C2,Active
3136,363895415,31423,C1=CC2=C3C(=C1)C=CC4=CC=CC(=C43)C=C2,Unspecified
3137,363895415,31423,C1=CC2=C3C(=C1)C=CC4=CC=CC(=C43)C=C2,Inactive
3138,363895415,31423,C1=CC2=C3C(=C1)C=CC4=CC=CC(=C43)C=C2,Inactive
3139,363895415,31423,C1=CC2=C3C(=C1)C=CC4=CC=CC(=C43)C=C2,Inactive
3140,363895415,31423,C1=CC2=C3C(=C1)C=CC4=CC=CC(=C43)C=C2,Inactive
3141,363895415,31423,C1=CC2=C3C(=C1)C=CC4=CC=CC(=C43)C=C2,Unspecified
3142,363895415,31423,C1=CC2=C3C(=C1)C=CC4=CC=CC(=C43)C=C2,Inactive
3143,363895416,2913,CN1CCC(=C2C3=CC=CC=C3C=CC4=CC=CC=C42)CC1,Unspecified
3144,363895417,8505,C1=CC=C2C(=C1)C(=O)OC23C4=CC(=C(C=C4OC5=C(C(=C(C=C35)Br)[O-])[Hg])[O-])Br.O.[Na+].[Na+],Active
3145,363895417,8505,C1=CC=C2C(=C1)C(=O)OC23C4=CC(=C(C=C4OC5=C(C(=C(C=C35)Br)[O-])[Hg])[O-])Br.O.[Na+].[Na+],Active
3146,363895418,8507,CCN(CC)C1=CC=C(C=C1)C(=C2C=CC(=[N+](CC)CC)C=C2)C3=C(C=C(C=C3)S(=O)(=O)[O-])S(=O)(=O)[O-].[Na+],Active
3147,363895419,5281073,CC[C@@H](CO)NC(=O)[C@H]1CN([C@@H]2CC3=CN(C4=CC=CC(=C34)C2=C1)C)C.C(=C\C(=O)O)\C(=O)O,Active
3148,363895420,8521,C1=CC2=C(C=C1[N+](=O)[O-])C(=O)C3=C2C(=CC(=C3)[N+](=O)[O-])[N+](=O)[O-],Active
3149,363895420,8521,C1=CC2=C(C=C1[N+](=O)[O-])C(=O)C3=C2C(=CC(=C3)[N+](=O)[O-])[N+](=O)[O-],Active
3150,363895420,8521,C1=CC2=C(C=C1[N+](=O)[O-])C(=O)C3=C2C(=CC(=C3)[N+](=O)[O-])[N+](=O)[O-],Active
3151,363895421,5280906,C/C=C\1/C[C@H]([C@@](C(=O)OCC2=CCN3[C@H]2[C@@H](CC3)OC1=O)(C)O)C,Active
3152,363895422,2817,C1=CC2=C(C=CC(=C2N=C1)O)Cl,Unspecified
3153,363895423,2788,C1=CC2=C(C(=C(C=C2Cl)I)O)N=C1,Inactive
3154,363895424,66062,CN1CCCCC1CCN2C3=CC=CC=C3SC4=C2C=C(C=C4)SC.Cl,Unspecified
3155,363895424,66062,CN1CCCCC1CCN2C3=CC=CC=C3SC4=C2C=C(C=C4)SC.Cl,Active
3156,363895425,657220,CC/C(=C(/CC)\C1=CC=C(C=C1)OC(=O)CC)/C2=CC=C(C=C2)OC(=O)CC,Active
3157,363895425,657220,CC/C(=C(/CC)\C1=CC=C(C=C1)OC(=O)CC)/C2=CC=C(C=C2)OC(=O)CC,Active
3158,363895425,657220,CC/C(=C(/CC)\C1=CC=C(C=C1)OC(=O)CC)/C2=CC=C(C=C2)OC(=O)CC,Unspecified
3159,363895425,657220,CC/C(=C(/CC)\C1=CC=C(C=C1)OC(=O)CC)/C2=CC=C(C=C2)OC(=O)CC,Active
3160,363895426,91558,COC1=CC2=C(C=CN=C2C=C1)[C@H]([C@@H]3C[C@@H]4CCN3C[C@@H]4C=C)O.Cl,Active
3161,363895426,91558,COC1=CC2=C(C=CN=C2C=C1)[C@H]([C@@H]3C[C@@H]4CCN3C[C@@H]4C=C)O.Cl,Active
3162,363895427,23663539,C1(=C(C(=C(C(=C1Cl)Cl)Cl)Cl)Cl)[O-].[Na+],Active
3163,363895427,23663539,C1(=C(C(=C(C(=C1Cl)Cl)Cl)Cl)Cl)[O-].[Na+],Unspecified
3164,363895428,8578,CC1=CC=CC=C1N=NC2=C(C=CC3=CC=CC=C32)N,Unspecified
3165,363895429,8588,CCN1C2=C(C=C(C=C2)N)C3=CC=CC=C31,Active
3166,363895430,8594,C1=CC=C2C(=C1)C=CC=C2NC(=O)C3=CC=CC=C3C(=O)O,Active
3167,363895430,8594,C1=CC=C2C(=C1)C=CC=C2NC(=O)C3=CC=CC=C3C(=O)O,Active
3168,363895431,8601,C1=CC=C2C(=C1)C=C(C=C2O)O,Unspecified
3169,363895432,18594026,C1C=CC[C@H]2[C@@H]1C(=O)N(C2=O)SC(Cl)(Cl)Cl,Active
3170,363895432,18594026,C1C=CC[C@H]2[C@@H]1C(=O)N(C2=O)SC(Cl)(Cl)Cl,Active
3171,363895432,18594026,C1C=CC[C@H]2[C@@H]1C(=O)N(C2=O)SC(Cl)(Cl)Cl,Active
3172,363895432,18594026,C1C=CC[C@H]2[C@@H]1C(=O)N(C2=O)SC(Cl)(Cl)Cl,Active
3173,363895432,18594026,C1C=CC[C@H]2[C@@H]1C(=O)N(C2=O)SC(Cl)(Cl)Cl,Active
3174,363895432,18594026,C1C=CC[C@H]2[C@@H]1C(=O)N(C2=O)SC(Cl)(Cl)Cl,Active
3175,363895432,18594026,C1C=CC[C@H]2[C@@H]1C(=O)N(C2=O)SC(Cl)(Cl)Cl,Inactive
3176,363895432,18594026,C1C=CC[C@H]2[C@@H]1C(=O)N(C2=O)SC(Cl)(Cl)Cl,Inactive
3177,363895432,18594026,C1C=CC[C@H]2[C@@H]1C(=O)N(C2=O)SC(Cl)(Cl)Cl,Active
3178,363895432,18594026,C1C=CC[C@H]2[C@@H]1C(=O)N(C2=O)SC(Cl)(Cl)Cl,Active
3179,363895432,18594026,C1C=CC[C@H]2[C@@H]1C(=O)N(C2=O)SC(Cl)(Cl)Cl,Inactive
3180,363895432,18594026,C1C=CC[C@H]2[C@@H]1C(=O)N(C2=O)SC(Cl)(Cl)Cl,Active
3181,363895432,18594026,C1C=CC[C@H]2[C@@H]1C(=O)N(C2=O)SC(Cl)(Cl)Cl,Active
3182,363895432,18594026,C1C=CC[C@H]2[C@@H]1C(=O)N(C2=O)SC(Cl)(Cl)Cl,Active
3183,363895432,18594026,C1C=CC[C@H]2[C@@H]1C(=O)N(C2=O)SC(Cl)(Cl)Cl,Inactive
3184,363895432,18594026,C1C=CC[C@H]2[C@@H]1C(=O)N(C2=O)SC(Cl)(Cl)Cl,Active
3185,363895432,18594026,C1C=CC[C@H]2[C@@H]1C(=O)N(C2=O)SC(Cl)(Cl)Cl,Inactive
3186,363895432,18594026,C1C=CC[C@H]2[C@@H]1C(=O)N(C2=O)SC(Cl)(Cl)Cl,Active
3187,363895432,18594026,C1C=CC[C@H]2[C@@H]1C(=O)N(C2=O)SC(Cl)(Cl)Cl,Active
3188,363895432,18594026,C1C=CC[C@H]2[C@@H]1C(=O)N(C2=O)SC(Cl)(Cl)Cl,Active
3189,363895432,18594026,C1C=CC[C@H]2[C@@H]1C(=O)N(C2=O)SC(Cl)(Cl)Cl,Unspecified
3190,363895432,18594026,C1C=CC[C@H]2[C@@H]1C(=O)N(C2=O)SC(Cl)(Cl)Cl,Active
3191,363895432,18594026,C1C=CC[C@H]2[C@@H]1C(=O)N(C2=O)SC(Cl)(Cl)Cl,Active
3192,363895433,8607,C1=CC=C2C(=C1)C(=O)N(C2=O)SC(Cl)(Cl)Cl,Active
3193,363895433,8607,C1=CC=C2C(=C1)C(=O)N(C2=O)SC(Cl)(Cl)Cl,Unspecified
3194,363895433,8607,C1=CC=C2C(=C1)C(=O)N(C2=O)SC(Cl)(Cl)Cl,Inactive
3195,363895433,8607,C1=CC=C2C(=C1)C(=O)N(C2=O)SC(Cl)(Cl)Cl,Unspecified
3196,363895433,8607,C1=CC=C2C(=C1)C(=O)N(C2=O)SC(Cl)(Cl)Cl,Active
3197,363895433,8607,C1=CC=C2C(=C1)C(=O)N(C2=O)SC(Cl)(Cl)Cl,Active
3198,363895433,8607,C1=CC=C2C(=C1)C(=O)N(C2=O)SC(Cl)(Cl)Cl,Inactive
3199,363895433,8607,C1=CC=C2C(=C1)C(=O)N(C2=O)SC(Cl)(Cl)Cl,Inactive
3200,363895433,8607,C1=CC=C2C(=C1)C(=O)N(C2=O)SC(Cl)(Cl)Cl,Active
3201,363895433,8607,C1=CC=C2C(=C1)C(=O)N(C2=O)SC(Cl)(Cl)Cl,Active
3202,363895433,8607,C1=CC=C2C(=C1)C(=O)N(C2=O)SC(Cl)(Cl)Cl,Active
3203,363895433,8607,C1=CC=C2C(=C1)C(=O)N(C2=O)SC(Cl)(Cl)Cl,Active
3204,363895434,67246,CN(C(=O)C1=CC=C(C=C1)C(=O)N(C)N=O)N=O,Inactive
3205,363895434,67246,CN(C(=O)C1=CC=C(C=C1)C(=O)N(C)N=O)N=O,Inactive
3206,363895434,67246,CN(C(=O)C1=CC=C(C=C1)C(=O)N(C)N=O)N=O,Active
3207,363895435,23667548,C([C@@H]([C@@H]1C(=C(C(=O)O1)O)[O-])O)O.[Na+],Active
3208,363895435,23667548,C([C@@H]([C@@H]1C(=C(C(=O)O1)O)[O-])O)O.[Na+],Unspecified
3209,363895435,23667548,C([C@@H]([C@@H]1C(=C(C(=O)O1)O)[O-])O)O.[Na+],Unspecified
3210,363895436,8638,COC1=CC=CC=C1N.Cl,Active
3211,363895437,8639,C1=CC2=C(C(=C1)O)[NH+]=CC=C2.C1=CC2=C(C(=C1)O)[NH+]=CC=C2.[O-]S(=O)(=O)[O-],Active
3212,363895437,8639,C1=CC2=C(C(=C1)O)[NH+]=CC=C2.C1=CC2=C(C(=C1)O)[NH+]=CC=C2.[O-]S(=O)(=O)[O-],Active
3213,363895437,8639,C1=CC2=C(C(=C1)O)[NH+]=CC=C2.C1=CC2=C(C(=C1)O)[NH+]=CC=C2.[O-]S(=O)(=O)[O-],Inactive
3214,363895437,8639,C1=CC2=C(C(=C1)O)[NH+]=CC=C2.C1=CC2=C(C(=C1)O)[NH+]=CC=C2.[O-]S(=O)(=O)[O-],Active
3215,363895438,8640,C1=CC=C2C(=C1)C=CC=C2N,Active
3216,363895438,8640,C1=CC=C2C(=C1)C=CC=C2N,Inactive
3217,363895438,8640,C1=CC=C2C(=C1)C=CC=C2N,Inactive
3218,363895438,8640,C1=CC=C2C(=C1)C=CC=C2N,Active
3219,363895438,8640,C1=CC=C2C(=C1)C=CC=C2N,Active
3220,363895438,8640,C1=CC=C2C(=C1)C=CC=C2N,Active
3221,363895438,8640,C1=CC=C2C(=C1)C=CC=C2N,Unspecified
3222,363895438,8640,C1=CC=C2C(=C1)C=CC=C2N,Active
3223,363895438,8640,C1=CC=C2C(=C1)C=CC=C2N,Inactive
3224,363895438,8640,C1=CC=C2C(=C1)C=CC=C2N,Active
3225,363895438,8640,C1=CC=C2C(=C1)C=CC=C2N,Unspecified
3226,363895438,8640,C1=CC=C2C(=C1)C=CC=C2N,Inactive
3227,363895438,8640,C1=CC=C2C(=C1)C=CC=C2N,Inactive
3228,363895438,8640,C1=CC=C2C(=C1)C=CC=C2N,Inactive
3229,363895438,8640,C1=CC=C2C(=C1)C=CC=C2N,Active
3230,363895439,135403646,C12=NNN=C1N=C(NC2=O)N,Inactive
3231,363895440,92099,C1=CC(=CC=C1[C@@H]([C@H](CO)NC(=O)C(Cl)Cl)O)[N+](=O)[O-],Active
3232,363895441,8663,C1=CC=C2C=C(C=CC2=C1)O,Inactive
3233,363895442,135465076,C1=CC=C(C=C1)/[N+](=N/[O-])/[O-].[NH4+],Active
3234,363895442,135465076,C1=CC=C(C=C1)/[N+](=N/[O-])/[O-].[NH4+],Active
3235,363895443,8667,CN(C)CCN(CC1=CC=CS1)C2=CC=CC=N2.Cl,Inactive
3236,363895443,8667,CN(C)CCN(CC1=CC=CS1)C2=CC=CC=N2.Cl,Inactive
3237,363895444,8672,CC1=CC2=CC3=C(C=C(C(=C3)C)N)N=C2C=C1N.Cl,Active
3238,363895444,8672,CC1=CC2=CC3=C(C=C(C(=C3)C)N)N=C2C=C1N.Cl,Active
3239,363895445,8689,C1=CC=C(C=C1)NN=NC2=CC=CC=C2,Active
3240,363895446,8691,C1=CC=C(C=C1)N=NC2=C(N=C(C=C2)N)N.Cl,Active
3241,363895447,8695,CCCCNC1=CC=C(C=C1)C(=O)OCCN(C)C.Cl,Unspecified
3242,363895448,8715,C1=CC(=C(C=C1N)N)O.Cl.Cl,Inactive
3243,363895449,8717,CC1=CC(=C(C=C1C)N)C,Active
3244,363895450,5455,CN(C)C(=S)SSC(=S)N(C)C,Active
3245,363895450,5455,CN(C)C(=S)SSC(=S)N(C)C,Active
3246,363895451,,,Unspecified
3247,363895451,,,Unspecified
3248,363895451,,,Inactive
3249,363895452,8739,C1=CC(=CC=C1C(=O)O)S(=O)(=O)N,Unspecified
3250,363895453,8742,C1[C@H]([C@@H]([C@@H](C=C1C(=O)O)O)O)O,Inactive
3251,363895454,23665706,C1CCC(CC1)NS(=O)(=O)[O-].[Na+],Unspecified
3252,363895454,23665706,C1CCC(CC1)NS(=O)(=O)[O-].[Na+],Inactive
3253,363895454,23665706,C1CCC(CC1)NS(=O)(=O)[O-].[Na+],Inactive
3254,363895454,23665706,C1CCC(CC1)NS(=O)(=O)[O-].[Na+],Inactive
3255,363895454,23665706,C1CCC(CC1)NS(=O)(=O)[O-].[Na+],Unspecified
3256,363895454,23665706,C1CCC(CC1)NS(=O)(=O)[O-].[Na+],Inactive
3257,363895454,23665706,C1CCC(CC1)NS(=O)(=O)[O-].[Na+],Inactive
3258,363895454,23665706,C1CCC(CC1)NS(=O)(=O)[O-].[Na+],Inactive
3259,363895455,8752,C1CCC(CC1)NS(=O)(=O)[O-].C1CCC(CC1)NS(=O)(=O)[O-].[Ca+2],Unspecified
3260,363895455,8752,C1CCC(CC1)NS(=O)(=O)[O-].C1CCC(CC1)NS(=O)(=O)[O-].[Ca+2],Unspecified
3261,363895455,8752,C1CCC(CC1)NS(=O)(=O)[O-].C1CCC(CC1)NS(=O)(=O)[O-].[Ca+2],Inactive
3262,363895455,8752,C1CCC(CC1)NS(=O)(=O)[O-].C1CCC(CC1)NS(=O)(=O)[O-].[Ca+2],Unspecified
3263,363895456,8758,C(C(=O)O)N(CC(=O)O)CC(=O)O,Active
3264,363895456,8758,C(C(=O)O)N(CC(=O)O)CC(=O)O,Inactive
3265,363895456,8758,C(C(=O)O)N(CC(=O)O)CC(=O)O,Active
3266,363895457,8759,C(CN(CC(=O)O)CC(=O)[O-])N(CC(=O)O)CC(=O)[O-].[Na+].[Na+],Inactive
3267,363895458,8765,C1=CC(=CC=C1N)SC2=CC=C(C=C2)N,Active
3268,363895459,9553856,C1COCCN1CC2CN(C(=O)O2)/N=C/C3=CC=C(O3)[N+](=O)[O-],Active
3269,363895459,9553856,C1COCCN1CC2CN(C(=O)O2)/N=C/C3=CC=C(O3)[N+](=O)[O-],Active
3270,363895459,9553856,C1COCCN1CC2CN(C(=O)O2)/N=C/C3=CC=C(O3)[N+](=O)[O-],Active
3271,363895460,8776,CCNC(=O)NC1=NC=C(S1)[N+](=O)[O-],Active
3272,363895461,8805,CC(=O)NC1=CC=C(C=C1)C(=O)CCl,Inactive
3273,363895462,23668198,CN(C)C1=CC=C(C=C1)N=NS(=O)(=O)[O-].[Na+],Active
3274,363895462,23668198,CN(C)C1=CC=C(C=C1)N=NS(=O)(=O)[O-].[Na+],Active
3275,363895462,23668198,CN(C)C1=CC=C(C=C1)N=NS(=O)(=O)[O-].[Na+],Active
3276,363895462,23668198,CN(C)C1=CC=C(C=C1)N=NS(=O)(=O)[O-].[Na+],Active
3277,363895462,23668198,CN(C)C1=CC=C(C=C1)N=NS(=O)(=O)[O-].[Na+],Active
3278,363895462,23668198,CN(C)C1=CC=C(C=C1)N=NS(=O)(=O)[O-].[Na+],Active
3279,363895462,23668198,CN(C)C1=CC=C(C=C1)N=NS(=O)(=O)[O-].[Na+],Inactive
3280,363895462,23668198,CN(C)C1=CC=C(C=C1)N=NS(=O)(=O)[O-].[Na+],Active
3281,363895463,8809,CC(COC1=CC=C(C=C1)C(C)(C)C)OS(=O)OCCCl,Active
3282,363895464,8819,C1CN(CCN1N=O)N=O,Active
3283,363895464,8819,C1CN(CCN1N=O)N=O,Active
3284,363895464,8819,C1CN(CCN1N=O)N=O,Inactive
3285,363895464,8819,C1CN(CCN1N=O)N=O,Active
3286,363895464,8819,C1CN(CCN1N=O)N=O,Unspecified
3287,363895464,8819,C1CN(CCN1N=O)N=O,Active
3288,363895464,8819,C1CN(CCN1N=O)N=O,Active
3289,363895465,8821,CCOC(=O)C=C,Active
3290,363895466,8844,CCOC(=O)CCCCC(=O)OCC,Active
3291,363895467,5371560,C/C(=C\C(=O)N(C)C)/OP(=O)(OC)OC,Active
3292,363895467,5371560,C/C(=C\C(=O)N(C)C)/OP(=O)(OC)OC,Active
3293,363895468,8857,CCOC(=O)C,Inactive
3294,363895468,8857,CCOC(=O)C,Unspecified
3295,363895469,1269845,C1=CNC(=S)NC1=O,Unspecified
3296,363895470,8870,C1=CC=C(C=C1)N.Cl,Active
3297,363895470,8870,C1=CC=C(C=C1)N.Cl,Active
3298,363895470,8870,C1=CC=C(C=C1)N.Cl,Active
3299,363895470,8870,C1=CC=C(C=C1)N.Cl,Inactive
3300,363895470,8870,C1=CC=C(C=C1)N.Cl,Active
3301,363895470,8870,C1=CC=C(C=C1)N.Cl,Active
3302,363895471,23672308,C(CC(=O)O)[C@@H](C(=O)[O-])N.[Na+],Unspecified
3303,363895471,23672308,C(CC(=O)O)[C@@H](C(=O)[O-])N.[Na+],Inactive
3304,363895472,3032297,C(CNC(=S)[S-])NC(=S)[S-].[Na+].[Na+],Active
3305,363895473,8893,C1CNCCN1.Cl.Cl,Active
3306,363895474,8896,CC(=O)[O-].CC(=O)[O-].[Mg+2],Inactive
3307,363895475,299,C1(=O)C2(C3(C4(C1(C5(C2(C3(C(C45Cl)(Cl)Cl)Cl)Cl)Cl)Cl)Cl)Cl)Cl,Unspecified
3308,363895475,299,C1(=O)C2(C3(C4(C1(C5(C2(C3(C(C45Cl)(Cl)Cl)Cl)Cl)Cl)Cl)Cl)Cl)Cl,Active
3309,363895476,5388983,CC[C@@]1(C[C@H]2C[C@@](C3=C(CCN(C2)C1)C4=CC=CC=C4N3)(C5=C(C=C6C(=C5)[C@]78CCN9[C@H]7[C@@](C=CC9)([C@H]([C@@]([C@@H]8N6C)(C(=O)OC)O)OC(=O)C)CC)OC)C(=O)OC)O.OS(=O)(=O)O,Active
3310,363895476,5388983,CC[C@@]1(C[C@H]2C[C@@](C3=C(CCN(C2)C1)C4=CC=CC=C4N3)(C5=C(C=C6C(=C5)[C@]78CCN9[C@H]7[C@@](C=CC9)([C@H]([C@@]([C@@H]8N6C)(C(=O)OC)O)OC(=O)C)CC)OC)C(=O)OC)O.OS(=O)(=O)O,Inactive
3311,363895477,4766,C1=CC=C2C(=C1)C(OS2(=O)=O)(C3=CC=C(C=C3)O)C4=CC=C(C=C4)O,Unspecified
3312,363895478,8947,C[As](=O)([O-])[O-].[Na+].[Na+],Unspecified
3313,363895478,8947,C[As](=O)([O-])[O-].[Na+].[Na+],Inactive
3314,363895478,8947,C[As](=O)([O-])[O-].[Na+].[Na+],Inactive
3315,363895478,8947,C[As](=O)([O-])[O-].[Na+].[Na+],Inactive
3316,363895478,8947,C[As](=O)([O-])[O-].[Na+].[Na+],Unspecified
3317,363895479,3727,C(C(=O)N)I,Inactive
3318,363895480,5320,CC(=O)NS(=O)(=O)C1=CC=C(C=C1)N,Active
3319,363895480,5320,CC(=O)NS(=O)(=O)C1=CC=C(C=C1)N,Active
3320,363895481,168842,C1C[C@H]2[C@@H]([C@@H]([C@@H]1O2)C(=O)O)C(=O)O,Active
3321,363895482,5324556,C1=CC2=C(C(=C1)O)C(=O)OC=C2C(=O)CO,Unspecified
3322,363895483,4506,C1C(=O)NC2=C(C=C(C=C2)[N+](=O)[O-])C(=N1)C3=CC=CC=C3,Active
3323,363895484,5568,CN(C)CCCN1C2=CC=CC=C2SC3=C1C=C(C=C3)C(F)(F)F,Active
3324,363895484,5568,CN(C)CCCN1C2=CC=CC=C2SC3=C1C=C(C=C3)C(F)(F)F,Inactive
3325,363895484,5568,CN(C)CCCN1C2=CC=CC=C2SC3=C1C=C(C=C3)C(F)(F)F,Active
3326,363895484,5568,CN(C)CCCN1C2=CC=CC=C2SC3=C1C=C(C=C3)C(F)(F)F,Inactive
3327,363895485,67356,C1CN(CCN1CCCN2C3=CC=CC=C3SC4=C2C=C(C=C4)C(F)(F)F)CCO.Cl.Cl,Active
3328,363895486,8971,CCN(CCCNC1=C2C=C(C=CC2=NC3=C1C=CC(=C3)Cl)OC)CCCl.Cl.Cl,Active
3329,363895486,8971,CCN(CCCNC1=C2C=C(C=CC2=NC3=C1C=CC(=C3)Cl)OC)CCCl.Cl.Cl,Unspecified
3330,363895486,8971,CCN(CCCNC1=C2C=C(C=CC2=NC3=C1C=CC(=C3)Cl)OC)CCCl.Cl.Cl,Active
3331,363895486,8971,CCN(CCCNC1=C2C=C(C=CC2=NC3=C1C=CC(=C3)Cl)OC)CCCl.Cl.Cl,Active
3332,363895486,8971,CCN(CCCNC1=C2C=C(C=CC2=NC3=C1C=CC(=C3)Cl)OC)CCCl.Cl.Cl,Active
3333,363895486,8971,CCN(CCCNC1=C2C=C(C=CC2=NC3=C1C=CC(=C3)Cl)OC)CCCl.Cl.Cl,Active
3334,363895486,8971,CCN(CCCNC1=C2C=C(C=CC2=NC3=C1C=CC(=C3)Cl)OC)CCCl.Cl.Cl,Active
3335,363895486,8971,CCN(CCCNC1=C2C=C(C=CC2=NC3=C1C=CC(=C3)Cl)OC)CCCl.Cl.Cl,Active
3336,363895486,8971,CCN(CCCNC1=C2C=C(C=CC2=NC3=C1C=CC(=C3)Cl)OC)CCCl.Cl.Cl,Active
3337,363895486,8971,CCN(CCCNC1=C2C=C(C=CC2=NC3=C1C=CC(=C3)Cl)OC)CCCl.Cl.Cl,Active
3338,363895486,8971,CCN(CCCNC1=C2C=C(C=CC2=NC3=C1C=CC(=C3)Cl)OC)CCCl.Cl.Cl,Active
3339,363895486,8971,CCN(CCCNC1=C2C=C(C=CC2=NC3=C1C=CC(=C3)Cl)OC)CCCl.Cl.Cl,Active
3340,363895486,8971,CCN(CCCNC1=C2C=C(C=CC2=NC3=C1C=CC(=C3)Cl)OC)CCCl.Cl.Cl,Active
3341,363895487,8987,CCN(CC)C(=S)S,Active
3342,363895488,145742,C1C[C@H](NC1)C(=O)O,Inactive
3343,363895489,6253,C1=CN(C(=O)N=C1N)[C@H]2[C@H]([C@@H]([C@H](O2)CO)O)O,Active
3344,363895489,6253,C1=CN(C(=O)N=C1N)[C@H]2[C@H]([C@@H]([C@H](O2)CO)O)O,Active
3345,363895489,6253,C1=CN(C(=O)N=C1N)[C@H]2[C@H]([C@@H]([C@H](O2)CO)O)O,Active
3346,363895489,6253,C1=CN(C(=O)N=C1N)[C@H]2[C@H]([C@@H]([C@H](O2)CO)O)O,Active
3347,363895489,6253,C1=CN(C(=O)N=C1N)[C@H]2[C@H]([C@@H]([C@H](O2)CO)O)O,Active
3348,363895489,6253,C1=CN(C(=O)N=C1N)[C@H]2[C@H]([C@@H]([C@H](O2)CO)O)O,Active
3349,363895489,6253,C1=CN(C(=O)N=C1N)[C@H]2[C@H]([C@@H]([C@H](O2)CO)O)O,Active
3350,363895489,6253,C1=CN(C(=O)N=C1N)[C@H]2[C@H]([C@@H]([C@H](O2)CO)O)O,Active
3351,363895489,6253,C1=CN(C(=O)N=C1N)[C@H]2[C@H]([C@@H]([C@H](O2)CO)O)O,Inactive
3352,363895489,6253,C1=CN(C(=O)N=C1N)[C@H]2[C@H]([C@@H]([C@H](O2)CO)O)O,Unspecified
3353,363895489,6253,C1=CN(C(=O)N=C1N)[C@H]2[C@H]([C@@H]([C@H](O2)CO)O)O,Unspecified
3354,363895489,6253,C1=CN(C(=O)N=C1N)[C@H]2[C@H]([C@@H]([C@H](O2)CO)O)O,Unspecified
3355,363895489,6253,C1=CN(C(=O)N=C1N)[C@H]2[C@H]([C@@H]([C@H](O2)CO)O)O,Unspecified
3356,363895489,6253,C1=CN(C(=O)N=C1N)[C@H]2[C@H]([C@@H]([C@H](O2)CO)O)O,Active
3357,363895489,6253,C1=CN(C(=O)N=C1N)[C@H]2[C@H]([C@@H]([C@H](O2)CO)O)O,Active
3358,363895490,533728,CCN(CC)C(=S)[S-].[Na+],Inactive
3359,363895491,1923,C1=CC2=C(C(=C1)O)N=CC=C2,Unspecified
3360,363895491,1923,C1=CC2=C(C(=C1)O)N=CC=C2,Inactive
3361,363895491,1923,C1=CC2=C(C(=C1)O)N=CC=C2,Active
3362,363895491,1923,C1=CC2=C(C(=C1)O)N=CC=C2,Active
3363,363895491,1923,C1=CC2=C(C(=C1)O)N=CC=C2,Inactive
3364,363895492,5430,C1=CC=C2C(=C1)NC(=N2)C3=CSC=N3,Active
3365,363895492,5430,C1=CC=C2C(=C1)NC(=N2)C3=CSC=N3,Unspecified
3366,363895492,5430,C1=CC=C2C(=C1)NC(=N2)C3=CSC=N3,Active
3367,363895493,460612,C1=CC(=CC=C1C[C@@H](C(=O)O)N)N(CCCl)CCCl,Active
3368,363895493,460612,C1=CC(=CC=C1C[C@@H](C(=O)O)N)N(CCCl)CCCl,Active
3369,363895493,460612,C1=CC(=CC=C1C[C@@H](C(=O)O)N)N(CCCl)CCCl,Active
3370,363895493,460612,C1=CC(=CC=C1C[C@@H](C(=O)O)N)N(CCCl)CCCl,Active
3371,363895493,460612,C1=CC(=CC=C1C[C@@H](C(=O)O)N)N(CCCl)CCCl,Active
3372,363895493,460612,C1=CC(=CC=C1C[C@@H](C(=O)O)N)N(CCCl)CCCl,Active
3373,363895493,460612,C1=CC(=CC=C1C[C@@H](C(=O)O)N)N(CCCl)CCCl,Unspecified
3374,363895493,460612,C1=CC(=CC=C1C[C@@H](C(=O)O)N)N(CCCl)CCCl,Active
3375,363895493,460612,C1=CC(=CC=C1C[C@@H](C(=O)O)N)N(CCCl)CCCl,Active
3376,363895493,460612,C1=CC(=CC=C1C[C@@H](C(=O)O)N)N(CCCl)CCCl,Active
3377,363895493,460612,C1=CC(=CC=C1C[C@@H](C(=O)O)N)N(CCCl)CCCl,Active
3378,363895493,460612,C1=CC(=CC=C1C[C@@H](C(=O)O)N)N(CCCl)CCCl,Unspecified
3379,363895493,460612,C1=CC(=CC=C1C[C@@H](C(=O)O)N)N(CCCl)CCCl,Active
3380,363895493,460612,C1=CC(=CC=C1C[C@@H](C(=O)O)N)N(CCCl)CCCl,Active
3381,363895494,4696,C1C=C2C(=CC(=O)O2)C(O1)O,Inactive
3382,363895494,4696,C1C=C2C(=CC(=O)O2)C(O1)O,Active
3383,363895494,4696,C1C=C2C(=CC(=O)O2)C(O1)O,Active
3384,363895494,4696,C1C=C2C(=CC(=O)O2)C(O1)O,Active
3385,363895494,4696,C1C=C2C(=CC(=O)O2)C(O1)O,Inactive
3386,363895494,4696,C1C=C2C(=CC(=O)O2)C(O1)O,Active
3387,363895494,4696,C1C=C2C(=CC(=O)O2)C(O1)O,Inactive
3388,363895494,4696,C1C=C2C(=CC(=O)O2)C(O1)O,Unspecified
3389,363895494,4696,C1C=C2C(=CC(=O)O2)C(O1)O,Inactive
3390,363895495,23689980,C(O)S(=O)[O-].[Na+],Unspecified
3391,363895496,370,C1=C(C=C(C(=C1O)O)O)C(=O)O,Inactive
3392,363895496,370,C1=C(C=C(C(=C1O)O)O)C(=O)O,Active
3393,363895497,9008,C(CN(CC(=O)[O-])CC(=O)[O-])N(CC(=O)O)CC(=O)[O-].[Na+].[Na+].[Na+],Inactive
3394,363895498,8800,CN(C)C(=O)NC1=CC=C(C=C1)Cl,Active
3395,363895498,8800,CN(C)C(=O)NC1=CC=C(C=C1)Cl,Unspecified
3396,363895498,8800,CN(C)C(=O)NC1=CC=C(C=C1)Cl,Unspecified
3397,363895498,8800,CN(C)C(=O)NC1=CC=C(C=C1)Cl,Unspecified
3398,363895498,8800,CN(C)C(=O)NC1=CC=C(C=C1)Cl,Inactive
3399,363895498,8800,CN(C)C(=O)NC1=CC=C(C=C1)Cl,Inactive
3400,363895498,8800,CN(C)C(=O)NC1=CC=C(C=C1)Cl,Active
3401,363895498,8800,CN(C)C(=O)NC1=CC=C(C=C1)Cl,Inactive
3402,363895499,9015,COC1=CC=C(C=C1)O,Active
3403,363895500,2039,C(CSC(=N)N)N,Unspecified
3404,363895500,2039,C(CSC(=N)N)N,Unspecified
3405,363895501,1647,C(CN)C#N,Active
3406,363895501,1647,C(CN)C#N,Unspecified
3407,363895502,9032,[C-]#N.[K+],Inactive
3408,363895502,9032,[C-]#N.[K+],Active
3409,363895503,9033,C1CN1,Active
3410,363895503,9033,C1CN1,Active
3411,363895503,9033,C1CN1,Active
3412,363895503,9033,C1CN1,Active
3413,363895503,9033,C1CN1,Active
3414,363895503,9033,C1CN1,Active
3415,363895503,9033,C1CN1,Active
3416,363895503,9033,C1CN1,Active
3417,363895503,9033,C1CN1,Active
3418,363895503,9033,C1CN1,Active
3419,363895503,9033,C1CN1,Active
3420,363895503,9033,C1CN1,Active
3421,363895503,9033,C1CN1,Active
3422,363895503,9033,C1CN1,Active
3423,363895503,9033,C1CN1,Active
3424,363895503,9033,C1CN1,Active
3425,363895503,9033,C1CN1,Active
3426,363895503,9033,C1CN1,Active
3427,363895504,3562,C(C(F)(F)F)(Cl)Br,Unspecified
3428,363895504,3562,C(C(F)(F)F)(Cl)Br,Active
3429,363895504,3562,C(C(F)(F)F)(Cl)Br,Unspecified
3430,363895504,3562,C(C(F)(F)F)(Cl)Br,Active
3431,363895504,3562,C(C(F)(F)F)(Cl)Br,Inactive
3432,363895504,3562,C(C(F)(F)F)(Cl)Br,Active
3433,363895504,3562,C(C(F)(F)F)(Cl)Br,Inactive
3434,363895504,3562,C(C(F)(F)F)(Cl)Br,Active
3435,363895504,3562,C(C(F)(F)F)(Cl)Br,Active
3436,363895504,3562,C(C(F)(F)F)(Cl)Br,Active
3437,363895504,3562,C(C(F)(F)F)(Cl)Br,Inactive
3438,363895505,5280805,C[C@H]1[C@@H]([C@H]([C@H]([C@@H](O1)OC[C@@H]2[C@H]([C@@H]([C@H]([C@@H](O2)OC3=C(OC4=CC(=CC(=C4C3=O)O)O)C5=CC(=C(C=C5)O)O)O)O)O)O)O)O,Unspecified
3439,363895506,1539,C1C2=CC=CC=C2C3=C1C=C(C=C3)N,Unspecified
3440,363895506,1539,C1C2=CC=CC=C2C3=C1C=C(C=C3)N,Active
3441,363895506,1539,C1C2=CC=CC=C2C3=C1C=C(C=C3)N,Active
3442,363895506,1539,C1C2=CC=CC=C2C3=C1C=C(C=C3)N,Active
3443,363895506,1539,C1C2=CC=CC=C2C3=C1C=C(C=C3)N,Active
3444,363895506,1539,C1C2=CC=CC=C2C3=C1C=C(C=C3)N,Unspecified
3445,363895506,1539,C1C2=CC=CC=C2C3=C1C=C(C=C3)N,Inactive
3446,363895506,1539,C1C2=CC=CC=C2C3=C1C=C(C=C3)N,Active
3447,363895506,1539,C1C2=CC=CC=C2C3=C1C=C(C=C3)N,Active
3448,363895506,1539,C1C2=CC=CC=C2C3=C1C=C(C=C3)N,Unspecified
3449,363895506,1539,C1C2=CC=CC=C2C3=C1C=C(C=C3)N,Active
3450,363895506,1539,C1C2=CC=CC=C2C3=C1C=C(C=C3)N,Inactive
3451,363895506,1539,C1C2=CC=CC=C2C3=C1C=C(C=C3)N,Active
3452,363895506,1539,C1C2=CC=CC=C2C3=C1C=C(C=C3)N,Active
3453,363895506,1539,C1C2=CC=CC=C2C3=C1C=C(C=C3)N,Active
3454,363895507,3000540,CCC[C@@H]1C[C@H](N(C1)C)C(=O)N[C@@H]([C@@H]2[C@@H]([C@@H]([C@H]([C@H](O2)SC)O)O)O)[C@@H](C)O,Unspecified
3455,363895508,2578,C(CCl)NC(=O)N(CCCl)N=O,Active
3456,363895508,2578,C(CCl)NC(=O)N(CCCl)N=O,Active
3457,363895508,2578,C(CCl)NC(=O)N(CCCl)N=O,Active
3458,363895508,2578,C(CCl)NC(=O)N(CCCl)N=O,Active
3459,363895508,2578,C(CCl)NC(=O)N(CCCl)N=O,Active
3460,363895508,2578,C(CCl)NC(=O)N(CCCl)N=O,Active
3461,363895508,2578,C(CCl)NC(=O)N(CCCl)N=O,Active
3462,363895508,2578,C(CCl)NC(=O)N(CCCl)N=O,Active
3463,363895508,2578,C(CCl)NC(=O)N(CCCl)N=O,Active
3464,363895509,9074,C1=CC=C(C=C1)NC2=CC=C(C=C2)N=O,Active
3465,363895510,61100,C1=CC=C(C=C1)CCNN.OS(=O)(=O)O,Active
3466,363895510,61100,C1=CC=C(C=C1)CCNN.OS(=O)(=O)O,Unspecified
3467,363895511,9082,C(CS)N.Cl,Unspecified
3468,363895511,9082,C(CS)N.Cl,Unspecified
3469,363895512,67443,C1C2C(O2)C3C1O3,Active
3470,363895513,9106,C1=CC=C2C3=C4C(=CC2=C1)C=CC5=CC6=CC=CC=C6C(=C54)C=C3,Active
3471,363895513,9106,C1=CC=C2C3=C4C(=CC2=C1)C=CC5=CC6=CC=CC=C6C(=C54)C=C3,Active
3472,363895514,9108,C1=CC=C2C3=C4C(=CC2=C1)C=CC5=C4C(=CC6=CC=CC=C56)C=C3,Active
3473,363895515,9117,C1=CC2=C3C(=C1)C4=CC=CC5=C4C6=C(C=C5)C=CC(=C36)C=C2,Unspecified
3474,363895516,9118,C1=CC2=C3C(=C1)C=C4C=CC5=C6C4=C3C(=CC6=CC=C5)C=C2,Active
3475,363895517,9119,C1=CC=C2C(=C1)C=C3C=CC4=C5C3=C2C6=CC=CC=C6C5=CC=C4,Active
3476,363895518,9126,C1=CC=C2C3=C4C(=CC2=C1)C5=CC=CC=C5C6=CC=CC(=C64)C=C3,Active
3477,363895519,9128,C1=CC=C2C(=C1)C3=CC=CC4=C3C5=C(C=CC=C25)C=C4,Unspecified
3478,363895519,9128,C1=CC=C2C(=C1)C3=CC=CC4=C3C5=C(C=CC=C25)C=C4,Active
3479,363895519,9128,C1=CC=C2C(=C1)C3=CC=CC4=C3C5=C(C=CC=C25)C=C4,Inactive
3480,363895519,9128,C1=CC=C2C(=C1)C3=CC=CC4=C3C5=C(C=CC=C25)C=C4,Inactive
3481,363895519,9128,C1=CC=C2C(=C1)C3=CC=CC4=C3C5=C(C=CC=C25)C=C4,Inactive
3482,363895519,9128,C1=CC=C2C(=C1)C3=CC=CC4=C3C5=C(C=CC=C25)C=C4,Unspecified
3483,363895519,9128,C1=CC=C2C(=C1)C3=CC=CC4=C3C5=C(C=CC=C25)C=C4,Unspecified
3484,363895519,9128,C1=CC=C2C(=C1)C3=CC=CC4=C3C5=C(C=CC=C25)C=C4,Inactive
3485,363895519,9128,C1=CC=C2C(=C1)C3=CC=CC4=C3C5=C(C=CC=C25)C=C4,Unspecified
3486,363895519,9128,C1=CC=C2C(=C1)C3=CC=CC4=C3C5=C(C=CC=C25)C=C4,Active
3487,363895519,9128,C1=CC=C2C(=C1)C3=CC=CC4=C3C5=C(C=CC=C25)C=C4,Inactive
3488,363895519,9128,C1=CC=C2C(=C1)C3=CC=CC4=C3C5=C(C=CC=C25)C=C4,Inactive
3489,363895519,9128,C1=CC=C2C(=C1)C3=CC=CC4=C3C5=C(C=CC=C25)C=C4,Unspecified
3490,363895519,9128,C1=CC=C2C(=C1)C3=CC=CC4=C3C5=C(C=CC=C25)C=C4,Active
3491,363895520,9131,C1=CC=C2C(=C1)C3=C4C2=CC5=CC=CC6=C5C4=C(C=C6)C=C3,Active
3492,363895521,9134,C1=CC=C2C(=C1)C=CC3=C2C4=C(N3)C=CC5=CC=CC=C54,Active
3493,363895522,9142,C1=CC2=C3C(=C1)C4=CC=CC5=C4C(=CC=C5)C3=CC=C2,Inactive
3494,363895522,9142,C1=CC2=C3C(=C1)C4=CC=CC5=C4C(=CC=C5)C3=CC=C2,Inactive
3495,363895523,9152,C1=CC=C2C(=C1)C=CC3=C2C4=CC=CC5=C4C3=CC=C5,Active
3496,363895524,9153,C1=CC=C2C3=C4C(=CC=C3)C5=CC=CC=C5C4=CC2=C1,Active
3497,363895524,9153,C1=CC=C2C3=C4C(=CC=C3)C5=CC=CC=C5C4=CC2=C1,Unspecified
3498,363895524,9153,C1=CC=C2C3=C4C(=CC=C3)C5=CC=CC=C5C4=CC2=C1,Active
3499,363895525,9154,C1=CC=C2C(=C1)C3=CC=CC4=C3C2=CC=C4,Active
3500,363895525,9154,C1=CC=C2C(=C1)C3=CC=CC4=C3C2=CC=C4,Inactive
3501,363895525,9154,C1=CC=C2C(=C1)C3=CC=CC4=C3C2=CC=C4,Active
3502,363895525,9154,C1=CC=C2C(=C1)C3=CC=CC4=C3C2=CC=C4,Unspecified
3503,363895526,9158,C1=CC=C2C=C3C4=CC=CC5=C4C(=CC=C5)C3=CC2=C1,Active
3504,363895527,9164,C1=CC=C2C=C3C4=CC=CC=C4C5=CC=CC=C5C3=CC2=C1,Unspecified
3505,363895527,9164,C1=CC=C2C=C3C4=CC=CC=C4C5=CC=CC=C5C3=CC2=C1,Inactive
3506,363895527,9164,C1=CC=C2C=C3C4=CC=CC=C4C5=CC=CC=C5C3=CC2=C1,Active
3507,363895527,9164,C1=CC=C2C=C3C4=CC=CC=C4C5=CC=CC=C5C3=CC2=C1,Active
3508,363895527,9164,C1=CC=C2C=C3C4=CC=CC=C4C5=CC=CC=C5C3=CC2=C1,Unspecified
3509,363895527,9164,C1=CC=C2C=C3C4=CC=CC=C4C5=CC=CC=C5C3=CC2=C1,Active
3510,363895527,9164,C1=CC=C2C=C3C4=CC=CC=C4C5=CC=CC=C5C3=CC2=C1,Active
3511,363895528,9171,C1=CC=C2C(=C1)C=CC3=C2C=CC4=CC=CC=C43,Active
3512,363895528,9171,C1=CC=C2C(=C1)C=CC3=C2C=CC4=CC=CC=C43,Active
3513,363895528,9171,C1=CC=C2C(=C1)C=CC3=C2C=CC4=CC=CC=C43,Inactive
3514,363895528,9171,C1=CC=C2C(=C1)C=CC3=C2C=CC4=CC=CC=C43,Inactive
3515,363895528,9171,C1=CC=C2C(=C1)C=CC3=C2C=CC4=CC=CC=C43,Inactive
3516,363895528,9171,C1=CC=C2C(=C1)C=CC3=C2C=CC4=CC=CC=C43,Unspecified
3517,363895528,9171,C1=CC=C2C(=C1)C=CC3=C2C=CC4=CC=CC=C43,Inactive
3518,363895528,9171,C1=CC=C2C(=C1)C=CC3=C2C=CC4=CC=CC=C43,Unspecified
3519,363895528,9171,C1=CC=C2C(=C1)C=CC3=C2C=CC4=CC=CC=C43,Active
3520,363895528,9171,C1=CC=C2C(=C1)C=CC3=C2C=CC4=CC=CC=C43,Inactive
3521,363895528,9171,C1=CC=C2C(=C1)C=CC3=C2C=CC4=CC=CC=C43,Active
3522,363895529,130801,C1C=CC2=C1C=CC3=C2C=CC4=CC=CC=C43,Active
3523,363895530,9176,C1=CC=C2C(=C1)C=CC3=CC4=C(C=C32)C5=CC=CC=C5C=C4,Active
3524,363895531,9177,C1=CC=C2C(=C1)C=CC3=NC4=C(C=C32)C5=CC=CC=C5C=C4,Active
3525,363895531,9177,C1=CC=C2C(=C1)C=CC3=NC4=C(C=C32)C5=CC=CC=C5C=C4,Active
3526,363895531,9177,C1=CC=C2C(=C1)C=CC3=NC4=C(C=C32)C5=CC=CC=C5C=C4,Active
3527,363895532,9181,C1=CC=C2C(=C1)C=CC3=CC4=CC=CC=C4N=C32,Active
3528,363895533,9183,C1=CC=C2C(=C1)C=CC3=C2C=C4C=CC5=CC=CC=C5C4=N3,Active
3529,363895533,9183,C1=CC=C2C(=C1)C=CC3=C2C=C4C=CC5=CC=CC=C5C4=N3,Active
3530,363895534,9184,C1=CC=C2C(=C1)C=CC3=C2N=C4C=CC5=CC=CC=C5C4=N3,Unspecified
3531,363895535,9189,C1=CC=C2C(=C1)C=NC3=CC=CC=C23,Active
3532,363895536,64961,C1=CC=C2C(=C1)C3=C(N2)C=NC=C3,Active
3533,363895536,64961,C1=CC=C2C(=C1)C3=C(N2)C=NC=C3,Active
3534,363895537,9215,C1=CC=C2C(=C1)C=C3C=CC=CC3=N2,Unspecified
3535,363895538,9216,C1=CC=C2C(=C1)OC3=CC=CC=C3O2,Inactive
3536,363895539,9232,C1CC2C(O2)C3C1O3,Inactive
3537,363895540,637978,C1CC[C@H]2[C@@H](C1)O2,Active
3538,363895540,637978,C1CC[C@H]2[C@@H](C1)O2,Unspecified
3539,363895541,9262,C1=NC=NC=N1,Unspecified
3540,363895542,9263,C1=NN=CN=N1,Unspecified
3541,363895543,4130,COP(=S)(OC)OC1=CC=C(C=C1)[N+](=O)[O-],Active
3542,363895543,4130,COP(=S)(OC)OC1=CC=C(C=C1)[N+](=O)[O-],Active
3543,363895543,4130,COP(=S)(OC)OC1=CC=C(C=C1)[N+](=O)[O-],Active
3544,363895543,4130,COP(=S)(OC)OC1=CC=C(C=C1)[N+](=O)[O-],Unspecified
3545,363895543,4130,COP(=S)(OC)OC1=CC=C(C=C1)[N+](=O)[O-],Unspecified
3546,363895543,4130,COP(=S)(OC)OC1=CC=C(C=C1)[N+](=O)[O-],Inactive
3547,363895543,4130,COP(=S)(OC)OC1=CC=C(C=C1)[N+](=O)[O-],Inactive
3548,363895543,4130,COP(=S)(OC)OC1=CC=C(C=C1)[N+](=O)[O-],Active
3549,363895543,4130,COP(=S)(OC)OC1=CC=C(C=C1)[N+](=O)[O-],Inactive
3550,363895543,4130,COP(=S)(OC)OC1=CC=C(C=C1)[N+](=O)[O-],Unspecified
3551,363895544,4790,CCOP(=S)(OCC)SCSCC,Active
3552,363895544,4790,CCOP(=S)(OCC)SCSCC,Active
3553,363895544,4790,CCOP(=S)(OCC)SCSCC,Active
3554,363895544,4790,CCOP(=S)(OCC)SCSCC,Unspecified
3555,363895544,4790,CCOP(=S)(OCC)SCSCC,Unspecified
3556,363895544,4790,CCOP(=S)(OCC)SCSCC,Inactive
3557,363895544,4790,CCOP(=S)(OCC)SCSCC,Inactive
3558,363895544,4790,CCOP(=S)(OCC)SCSCC,Inactive
3559,363895544,4790,CCOP(=S)(OCC)SCSCC,Inactive
3560,363895544,4790,CCOP(=S)(OCC)SCSCC,Unspecified
3561,363895545,3118,CCOP(=S)(OCC)SCCSCC,Unspecified
3562,363895545,3118,CCOP(=S)(OCC)SCCSCC,Active
3563,363895545,3118,CCOP(=S)(OCC)SCCSCC,Unspecified
3564,363895545,3118,CCOP(=S)(OCC)SCCSCC,Unspecified
3565,363895545,3118,CCOP(=S)(OCC)SCCSCC,Inactive
3566,363895545,3118,CCOP(=S)(OCC)SCCSCC,Inactive
3567,363895545,3118,CCOP(=S)(OCC)SCCSCC,Inactive
3568,363895545,3118,CCOP(=S)(OCC)SCCSCC,Inactive
3569,363895545,3118,CCOP(=S)(OCC)SCCSCC,Inactive
3570,363895546,233706,C1[C@@H](O1)[C@@H]2CO2,Active
3571,363895546,233706,C1[C@@H](O1)[C@@H]2CO2,Active
3572,363895547,2554,C1=CC=C2C(=C1)C=CC3=CC=CC=C3N2C(=O)N,Unspecified
3573,363895547,2554,C1=CC=C2C(=C1)C=CC3=CC=CC=C3N2C(=O)N,Unspecified
3574,363895547,2554,C1=CC=C2C(=C1)C=CC3=CC=CC=C3N2C(=O)N,Unspecified
3575,363895548,4114,COC1=C2C(=CC3=C1OC=C3)C=CC(=O)O2,Unspecified
3576,363895548,4114,COC1=C2C(=CC3=C1OC=C3)C=CC(=O)O2,Active
3577,363895548,4114,COC1=C2C(=CC3=C1OC=C3)C=CC(=O)O2,Active
3578,363895548,4114,COC1=C2C(=CC3=C1OC=C3)C=CC(=O)O2,Unspecified
3579,363895548,4114,COC1=C2C(=CC3=C1OC=C3)C=CC(=O)O2,Unspecified
3580,363895548,4114,COC1=C2C(=CC3=C1OC=C3)C=CC(=O)O2,Unspecified
3581,363895548,4114,COC1=C2C(=CC3=C1OC=C3)C=CC(=O)O2,Unspecified
3582,363895548,4114,COC1=C2C(=CC3=C1OC=C3)C=CC(=O)O2,Active
3583,363895548,4114,COC1=C2C(=CC3=C1OC=C3)C=CC(=O)O2,Active
3584,363895548,4114,COC1=C2C(=CC3=C1OC=C3)C=CC(=O)O2,Inactive
3585,363895548,4114,COC1=C2C(=CC3=C1OC=C3)C=CC(=O)O2,Unspecified
3586,363895548,4114,COC1=C2C(=CC3=C1OC=C3)C=CC(=O)O2,Unspecified
3587,363895549,9281,COC1=C(C=CC(=C1)C2=CC(=C(C=C2)[N+]3=NC(=NN3C4=CC=C(C=C4)[N+](=O)[O-])C5=CC=CC=C5)OC)[N+]6=NC(=NN6C7=CC=C(C=C7)[N+](=O)[O-])C8=CC=CC=C8.[Cl-].[Cl-],Unspecified
3588,363895550,9882105,CS(=O)(=O)OC[C@@H]([C@H](COS(=O)(=O)C)O)O,Active
3589,363895550,9882105,CS(=O)(=O)OC[C@@H]([C@H](COS(=O)(=O)C)O)O,Active
3590,363895550,9882105,CS(=O)(=O)OC[C@@H]([C@H](COS(=O)(=O)C)O)O,Active
3591,363895550,9882105,CS(=O)(=O)OC[C@@H]([C@H](COS(=O)(=O)C)O)O,Active
3592,363895551,9298,COP(=S)(OC)OC1=CC(=C(C=C1Cl)Cl)Cl,Active
3593,363895552,3007,CC(CC1=CC=CC=C1)N,Active
3594,363895553,9317,CC(=O)[O-].CC(=O)[O-].[Pb+2],Active
3595,363895553,9317,CC(=O)[O-].CC(=O)[O-].[Pb+2],Active
3596,363895553,9317,CC(=O)[O-].CC(=O)[O-].[Pb+2],Unspecified
3597,363895553,9317,CC(=O)[O-].CC(=O)[O-].[Pb+2],Inactive
3598,363895553,9317,CC(=O)[O-].CC(=O)[O-].[Pb+2],Inactive
3599,363895553,9317,CC(=O)[O-].CC(=O)[O-].[Pb+2],Active
3600,363895553,9317,CC(=O)[O-].CC(=O)[O-].[Pb+2],Unspecified
3601,363895553,9317,CC(=O)[O-].CC(=O)[O-].[Pb+2],Inactive
3602,363895553,9317,CC(=O)[O-].CC(=O)[O-].[Pb+2],Unspecified
3603,363895553,9317,CC(=O)[O-].CC(=O)[O-].[Pb+2],Inactive
3604,363895553,9317,CC(=O)[O-].CC(=O)[O-].[Pb+2],Active
3605,363895553,9317,CC(=O)[O-].CC(=O)[O-].[Pb+2],Active
3606,363895553,9317,CC(=O)[O-].CC(=O)[O-].[Pb+2],Active
3607,363895553,9317,CC(=O)[O-].CC(=O)[O-].[Pb+2],Inactive
3608,363895553,9317,CC(=O)[O-].CC(=O)[O-].[Pb+2],Active
3609,363895554,4618,CCS(=O)CCSP(=O)(OC)OC,Active
3610,363895554,4618,CCS(=O)CCSP(=O)(OC)OC,Active
3611,363895554,4618,CCS(=O)CCSP(=O)(OC)OC,Active
3612,363895554,4618,CCS(=O)CCSP(=O)(OC)OC,Active
3613,363895554,4618,CCS(=O)CCSP(=O)(OC)OC,Unspecified
3614,363895554,4618,CCS(=O)CCSP(=O)(OC)OC,Active
3615,363895555,9321,NN,Unspecified
3616,363895555,9321,NN,Active
3617,363895556,2707,C(C(Cl)(Cl)Cl)(O)O,Inactive
3618,363895556,2707,C(C(Cl)(Cl)Cl)(O)O,Active
3619,363895556,2707,C(C(Cl)(Cl)Cl)(O)O,Unspecified
3620,363895556,2707,C(C(Cl)(Cl)Cl)(O)O,Inactive
3621,363895556,2707,C(C(Cl)(Cl)Cl)(O)O,Inactive
3622,363895556,2707,C(C(Cl)(Cl)Cl)(O)O,Unspecified
3623,363895556,2707,C(C(Cl)(Cl)Cl)(O)O,Active
3624,363895557,120197,CCNP(=O)(N1CC1)N2CC2,Active
3625,363895557,120197,CCNP(=O)(N1CC1)N2CC2,Active
3626,363895557,120197,CCNP(=O)(N1CC1)N2CC2,Active
3627,363895558,9334,C[N+](CCCl)(CCCl)[O-].Cl,Active
3628,363895558,9334,C[N+](CCCl)(CCCl)[O-].Cl,Active
3629,363895558,9334,C[N+](CCCl)(CCCl)[O-].Cl,Active
3630,363895558,9334,C[N+](CCCl)(CCCl)[O-].Cl,Active
3631,363895559,444795,CC1=C(C(CCC1)(C)C)/C=C/C(=C/C=C/C(=C/C(=O)O)/C)/C,Unspecified
3632,363895559,444795,CC1=C(C(CCC1)(C)C)/C=C/C(=C/C=C/C(=C/C(=O)O)/C)/C,Active
3633,363895560,906426,C[C@H]([C@@](C(C)C)(C(=O)OCC1=CCN2[C@H]1[C@H](CC2)O)O)OC,Active
3634,363895560,906426,C[C@H]([C@@](C(C)C)(C(=O)OCC1=CCN2[C@H]1[C@H](CC2)O)O)OC,Active
3635,363895560,906426,C[C@H]([C@@](C(C)C)(C(=O)OCC1=CCN2[C@H]1[C@H](CC2)O)O)OC,Active
3636,363895560,906426,C[C@H]([C@@](C(C)C)(C(=O)OCC1=CCN2[C@H]1[C@H](CC2)O)O)OC,Active
3637,363895560,906426,C[C@H]([C@@](C(C)C)(C(=O)OCC1=CCN2[C@H]1[C@H](CC2)O)O)OC,Active
3638,363895560,906426,C[C@H]([C@@](C(C)C)(C(=O)OCC1=CCN2[C@H]1[C@H](CC2)O)O)OC,Unspecified
3639,363895560,906426,C[C@H]([C@@](C(C)C)(C(=O)OCC1=CCN2[C@H]1[C@H](CC2)O)O)OC,Active
3640,363895560,906426,C[C@H]([C@@](C(C)C)(C(=O)OCC1=CCN2[C@H]1[C@H](CC2)O)O)OC,Unspecified
3641,363895561,5281735,C/C=C(/C)\C(=O)O[C@H]1CCN2[C@@H]1C(=CC2)COC(=O)[C@@]([C@H](C)OC)(C(C)(C)O)O,Unspecified
3642,363895561,5281735,C/C=C(/C)\C(=O)O[C@H]1CCN2[C@@H]1C(=CC2)COC(=O)[C@@]([C@H](C)OC)(C(C)(C)O)O,Active
3643,363895561,5281735,C/C=C(/C)\C(=O)O[C@H]1CCN2[C@@H]1C(=CC2)COC(=O)[C@@]([C@H](C)OC)(C(C)(C)O)O,Active
3644,363895561,5281735,C/C=C(/C)\C(=O)O[C@H]1CCN2[C@@H]1C(=CC2)COC(=O)[C@@]([C@H](C)OC)(C(C)(C)O)O,Active
3645,363895561,5281735,C/C=C(/C)\C(=O)O[C@H]1CCN2[C@@H]1C(=CC2)COC(=O)[C@@]([C@H](C)OC)(C(C)(C)O)O,Active
3646,363895562,3503,CC1=CC2=C(C(=C(C(=C2C(C)C)O)O)C=O)C(=C1C3=C(C4=C(C=C3C)C(=C(C(=C4C=O)O)O)C(C)C)O)O,Active
3647,363895562,3503,CC1=CC2=C(C(=C(C(=C2C(C)C)O)O)C=O)C(=C1C3=C(C4=C(C=C3C)C(=C(C(=C4C=O)O)O)C(C)C)O)O,Active
3648,363895562,3503,CC1=CC2=C(C(=C(C(=C2C(C)C)O)O)C=O)C(=C1C3=C(C4=C(C=C3C)C(=C(C(=C4C=O)O)O)C(C)C)O)O,Active
3649,363895562,3503,CC1=CC2=C(C(=C(C(=C2C(C)C)O)O)C=O)C(=C1C3=C(C4=C(C=C3C)C(=C(C(=C4C=O)O)O)C(C)C)O)O,Active
3650,363895562,3503,CC1=CC2=C(C(=C(C(=C2C(C)C)O)O)C=O)C(=C1C3=C(C4=C(C=C3C)C(=C(C(=C4C=O)O)O)C(C)C)O)O,Active
3651,363895562,3503,CC1=CC2=C(C(=C(C(=C2C(C)C)O)O)C=O)C(=C1C3=C(C4=C(C=C3C)C(=C(C(=C4C=O)O)O)C(C)C)O)O,Unspecified
3652,363895563,9344,C[C@@H]1CC2=C(C=C(C(=C2C(=O)O1)O)C(=O)NC(CC3=CC=CC=C3)C(=O)O)Cl,Inactive
3653,363895564,2895,CN(C)CCC=C1C2=CC=CC=C2C=CC3=CC=CC=C31,Unspecified
3654,363895565,54675769,CC1=C(C=CC2=C1OC(=O)C(=C2O)NC(=O)C3=CC(=C(C=C3)O)CC=C(C)C)O[C@H]4[C@@H]([C@@H]([C@H](C(O4)(C)C)OC)OC(=O)N)O,Active
3655,363895566,5289540,CC1=C(C(=O)C(=C(C1=O)OC)OC)C/C=C(\C)/CC/C=C(\C)/CC/C=C(\C)/CC/C=C(\C)/CC/C=C(\C)/CC/C=C(\C)/CCC=C(C)C,Unspecified
3656,363895567,131709167,CNC1=NN=CC2=CC=CC=C21.Cl,Active
3657,363895567,131709167,CNC1=NN=CC2=CC=CC=C21.Cl,Active
3658,363895568,9352,CC(=O)NC1=CC2=C(C=C1)C3=C(C2)C=C(C=C3)NC(=O)C,Active
3659,363895569,2708,C1=CC(=CC=C1CCCC(=O)O)N(CCCl)CCCl,Active
3660,363895569,2708,C1=CC(=CC=C1CCCC(=O)O)N(CCCl)CCCl,Active
3661,363895569,2708,C1=CC(=CC=C1CCCC(=O)O)N(CCCl)CCCl,Active
3662,363895569,2708,C1=CC(=CC=C1CCCC(=O)O)N(CCCl)CCCl,Active
3663,363895569,2708,C1=CC(=CC=C1CCCC(=O)O)N(CCCl)CCCl,Active
3664,363895569,2708,C1=CC(=CC=C1CCCC(=O)O)N(CCCl)CCCl,Active
3665,363895569,2708,C1=CC(=CC=C1CCCC(=O)O)N(CCCl)CCCl,Active
3666,363895569,2708,C1=CC(=CC=C1CCCC(=O)O)N(CCCl)CCCl,Active
3667,363895569,2708,C1=CC(=CC=C1CCCC(=O)O)N(CCCl)CCCl,Active
3668,363895569,2708,C1=CC(=CC=C1CCCC(=O)O)N(CCCl)CCCl,Active
3669,363895569,2708,C1=CC(=CC=C1CCCC(=O)O)N(CCCl)CCCl,Active
3670,363895569,2708,C1=CC(=CC=C1CCCC(=O)O)N(CCCl)CCCl,Active
3671,363895569,2708,C1=CC(=CC=C1CCCC(=O)O)N(CCCl)CCCl,Active
3672,363895570,9380,CNNC.Cl.Cl,Active
3673,363895570,9380,CNNC.Cl.Cl,Active
3674,363895570,9380,CNNC.Cl.Cl,Unspecified
3675,363895570,9380,CNNC.Cl.Cl,Active
3676,363895571,12310947,C1[C@@H]2C=C[C@H]1[C@H]3[C@@H]2[C@]4(C(=C([C@@]3(C4(Cl)Cl)Cl)Cl)Cl)Cl,Unspecified
3677,363895571,12310947,C1[C@@H]2C=C[C@H]1[C@H]3[C@@H]2[C@]4(C(=C([C@@]3(C4(Cl)Cl)Cl)Cl)Cl)Cl,Unspecified
3678,363895571,12310947,C1[C@@H]2C=C[C@H]1[C@H]3[C@@H]2[C@]4(C(=C([C@@]3(C4(Cl)Cl)Cl)Cl)Cl)Cl,Inactive
3679,363895571,12310947,C1[C@@H]2C=C[C@H]1[C@H]3[C@@H]2[C@]4(C(=C([C@@]3(C4(Cl)Cl)Cl)Cl)Cl)Cl,Active
3680,363895571,12310947,C1[C@@H]2C=C[C@H]1[C@H]3[C@@H]2[C@]4(C(=C([C@@]3(C4(Cl)Cl)Cl)Cl)Cl)Cl,Inactive
3681,363895572,9395,CCOP(=O)(OCC)OC1=CC=C(C=C1)[N+](=O)[O-],Active
3682,363895573,2236,COC1=CC=CC2=C3C(=C(C=C21)[N+](=O)[O-])C(=CC4=C3OCO4)C(=O)O,Active
3683,363895573,2236,COC1=CC=CC2=C3C(=C(C=C21)[N+](=O)[O-])C(=CC4=C3OCO4)C(=O)O,Active
3684,363895574,9411,CCC(C)N1C(=O)C(=C(NC1=O)C)Br,Active
3685,363895574,9411,CCC(C)N1C(=O)C(=C(NC1=O)C)Br,Active
3686,363895574,9411,CCC(C)N1C(=O)C(=C(NC1=O)C)Br,Inactive
3687,363895574,9411,CCC(C)N1C(=O)C(=C(NC1=O)C)Br,Inactive
3688,363895574,9411,CCC(C)N1C(=O)C(=C(NC1=O)C)Br,Inactive
3689,363895574,9411,CCC(C)N1C(=O)C(=C(NC1=O)C)Br,Inactive
3690,363895574,9411,CCC(C)N1C(=O)C(=C(NC1=O)C)Br,Inactive
3691,363895574,9411,CCC(C)N1C(=O)C(=C(NC1=O)C)Br,Inactive
3692,363895574,9411,CCC(C)N1C(=O)C(=C(NC1=O)C)Br,Inactive
3693,363895574,9411,CCC(C)N1C(=O)C(=C(NC1=O)C)Br,Unspecified
3694,363895575,9414,CC1=CC(=CC(=C1N(C)C)C)OC(=O)NC,Inactive
3695,363895576,9415,C[C@H]1C(=O)O[C@@H]2CCN3[C@@H]2C(=CC3)COC(=O)[C@]([C@]1(C)O)(C)O,Active
3696,363895576,9415,C[C@H]1C(=O)O[C@@H]2CCN3[C@@H]2C(=CC3)COC(=O)[C@]([C@]1(C)O)(C)O,Active
3697,363895576,9415,C[C@H]1C(=O)O[C@@H]2CCN3[C@@H]2C(=CC3)COC(=O)[C@]([C@]1(C)O)(C)O,Active
3698,363895576,9415,C[C@H]1C(=O)O[C@@H]2CCN3[C@@H]2C(=CC3)COC(=O)[C@]([C@]1(C)O)(C)O,Unspecified
3699,363895576,9415,C[C@H]1C(=O)O[C@@H]2CCN3[C@@H]2C(=CC3)COC(=O)[C@]([C@]1(C)O)(C)O,Active
3700,363895576,9415,C[C@H]1C(=O)O[C@@H]2CCN3[C@@H]2C(=CC3)COC(=O)[C@]([C@]1(C)O)(C)O,Inactive
3701,363895576,9415,C[C@H]1C(=O)O[C@@H]2CCN3[C@@H]2C(=CC3)COC(=O)[C@]([C@]1(C)O)(C)O,Inactive
3702,363895576,9415,C[C@H]1C(=O)O[C@@H]2CCN3[C@@H]2C(=CC3)COC(=O)[C@]([C@]1(C)O)(C)O,Unspecified
3703,363895576,9415,C[C@H]1C(=O)O[C@@H]2CCN3[C@@H]2C(=CC3)COC(=O)[C@]([C@]1(C)O)(C)O,Active
3704,363895577,9416,CCCCCCC(=O)O[C@H]1CC[C@@H]2[C@@]1(CC[C@H]3[C@H]2CCC4=CC(=O)CC[C@]34C)C,Active
3705,363895577,9416,CCCCCCC(=O)O[C@H]1CC[C@@H]2[C@@]1(CC[C@H]3[C@H]2CCC4=CC(=O)CC[C@]34C)C,Active
3706,363895578,9422,CC1=CC2=CC=CC=C2C3=CC4=CC=CC=C4C=C13,Active
3707,363895578,9422,CC1=CC2=CC=CC=C2C3=CC4=CC=CC=C4C=C13,Active
3708,363895579,9422,CC1=CC2=CC=CC=C2C3=CC4=CC=CC=C4C=C13,Inactive
3709,363895579,9422,CC1=CC2=CC=CC=C2C3=CC4=CC=CC=C4C=C13,Active
3710,363895580,9428,CC1=CC2=C(C=C1)C3=CC4=C(C=C(C=C4)C)C=C3C=C2,Unspecified
3711,363895581,62882,CC(C)NCC(COC1=CC=CC2=CC=CC=C21)O.Cl,Active
3712,363895582,727,C1(C(C(C(C(C1Cl)Cl)Cl)Cl)Cl)Cl,Inactive
3713,363895583,9444,C1=NC(=NC(=O)N1[C@H]2[C@@H]([C@@H]([C@H](O2)CO)O)O)N,Active
3714,363895583,9444,C1=NC(=NC(=O)N1[C@H]2[C@@H]([C@@H]([C@H](O2)CO)O)O)N,Active
3715,363895583,9444,C1=NC(=NC(=O)N1[C@H]2[C@@H]([C@@H]([C@H](O2)CO)O)O)N,Active
3716,363895583,9444,C1=NC(=NC(=O)N1[C@H]2[C@@H]([C@@H]([C@H](O2)CO)O)O)N,Active
3717,363895583,9444,C1=NC(=NC(=O)N1[C@H]2[C@@H]([C@@H]([C@H](O2)CO)O)O)N,Active
3718,363895584,9462,C1=CC(=CC=C1C2=CC=C(C=C2)F)N,Active
3719,363895585,3120,CN(C)C(=O)NC1=CC(=C(C=C1)Cl)Cl,Inactive
3720,363895586,9502,CN(C(=O)NC1=CC(=C(C=C1)Cl)Cl)OC,Active
3721,363895586,9502,CN(C(=O)NC1=CC(=C(C=C1)Cl)Cl)OC,Active
3722,363895586,9502,CN(C(=O)NC1=CC(=C(C=C1)Cl)Cl)OC,Unspecified
3723,363895587,689043,C1=CC(=C(C=C1/C=C/C(=O)O)O)O,Unspecified
3724,363895588,516872,C(#N)[S-].[K+],Unspecified
3725,363895589,3017,CCOP(=S)(OCC)OC1=NC(=NC(=C1)C)C(C)C,Active
3726,363895589,3017,CCOP(=S)(OCC)OC1=NC(=NC(=C1)C)C(C)C,Active
3727,363895589,3017,CCOP(=S)(OCC)OC1=NC(=NC(=C1)C)C(C)C,Unspecified
3728,363895589,3017,CCOP(=S)(OCC)OC1=NC(=NC(=C1)C)C(C)C,Unspecified
3729,363895589,3017,CCOP(=S)(OCC)OC1=NC(=NC(=C1)C)C(C)C,Inactive
3730,363895589,3017,CCOP(=S)(OCC)OC1=NC(=NC(=C1)C)C(C)C,Inactive
3731,363895589,3017,CCOP(=S)(OCC)OC1=NC(=NC(=C1)C)C(C)C,Inactive
3732,363895589,3017,CCOP(=S)(OCC)OC1=NC(=NC(=C1)C)C(C)C,Inactive
3733,363895589,3017,CCOP(=S)(OCC)OC1=NC(=NC(=C1)C)C(C)C,Inactive
3734,363895590,9533,C(CCl)NCCCl,Active
3735,363895590,9533,C(CCl)NCCCl,Active
3736,363895590,9533,C(CCl)NCCCl,Active
3737,363895591,9550,C=[N+]=[N-],Active
3738,363895591,9550,C=[N+]=[N-],Active
3739,363895591,9550,C=[N+]=[N-],Active
3740,363895592,5359389,CC1=NC=CC2=C1NC3=C2C=CC(=C3)OC.Cl,Active
3741,363895593,9625,C(F)(F)(Cl)Br,Inactive
3742,363895594,2775851,C(=C(/C(F)(F)F)\F)(\C(F)(F)F)/F,Unspecified
3743,363895595,196973,CC1=NCCC2=C1NC3=C2C=CC(=C3)OC.Cl,Unspecified
3744,363895596,9695,CC(=O)NC1=CC2=C(C=C1)C3=C(C2)C=C(C=C3)O,Inactive
3745,363895596,9695,CC(=O)NC1=CC2=C(C=C1)C3=C(C2)C=C(C=C3)O,Inactive
3746,363895596,9695,CC(=O)NC1=CC2=C(C=C1)C3=C(C2)C=C(C=C3)O,Unspecified
3747,363895596,9695,CC(=O)NC1=CC2=C(C=C1)C3=C(C2)C=C(C=C3)O,Active
3748,363895596,9695,CC(=O)NC1=CC2=C(C=C1)C3=C(C2)C=C(C=C3)O,Inactive
3749,363895596,9695,CC(=O)NC1=CC2=C(C=C1)C3=C(C2)C=C(C=C3)O,Inactive
3750,363895596,9695,CC(=O)NC1=CC2=C(C=C1)C3=C(C2)C=C(C=C3)O,Active
3751,363895597,9702,CN(C)C1=CC=C(C=C1)C2=CC=C(C=C2)N(C)C,Inactive
3752,363895598,4915,CC(C)NC(=O)C1=CC=C(C=C1)CNNC,Active
3753,363895598,4915,CC(C)NC(=O)C1=CC=C(C=C1)CNNC,Active
3754,363895598,4915,CC(C)NC(=O)C1=CC=C(C=C1)CNNC,Inactive
3755,363895598,4915,CC(C)NC(=O)C1=CC=C(C=C1)CNNC,Active
3756,363895598,4915,CC(C)NC(=O)C1=CC=C(C=C1)CNNC,Active
3757,363895598,4915,CC(C)NC(=O)C1=CC=C(C=C1)CNNC,Active
3758,363895598,4915,CC(C)NC(=O)C1=CC=C(C=C1)CNNC,Active
3759,363895598,4915,CC(C)NC(=O)C1=CC=C(C=C1)CNNC,Active
3760,363895598,4915,CC(C)NC(=O)C1=CC=C(C=C1)CNNC,Active
3761,363895598,4915,CC(C)NC(=O)C1=CC=C(C=C1)CNNC,Active
3762,363895598,4915,CC(C)NC(=O)C1=CC=C(C=C1)CNNC,Active
3763,363895598,4915,CC(C)NC(=O)C1=CC=C(C=C1)CNNC,Active
3764,363895598,4915,CC(C)NC(=O)C1=CC=C(C=C1)CNNC,Active
3765,363895598,4915,CC(C)NC(=O)C1=CC=C(C=C1)CNNC,Active
3766,363895598,4915,CC(C)NC(=O)C1=CC=C(C=C1)CNNC,Active
3767,363895598,4915,CC(C)NC(=O)C1=CC=C(C=C1)CNNC,Active
3768,363895598,4915,CC(C)NC(=O)C1=CC=C(C=C1)CNNC,Active
3769,363895598,4915,CC(C)NC(=O)C1=CC=C(C=C1)CNNC,Inactive
3770,363895598,4915,CC(C)NC(=O)C1=CC=C(C=C1)CNNC,Inactive
3771,363895598,4915,CC(C)NC(=O)C1=CC=C(C=C1)CNNC,Inactive
3772,363895598,4915,CC(C)NC(=O)C1=CC=C(C=C1)CNNC,Active
3773,363895598,4915,CC(C)NC(=O)C1=CC=C(C=C1)CNNC,Inactive
3774,363895598,4915,CC(C)NC(=O)C1=CC=C(C=C1)CNNC,Active
3775,363895598,4915,CC(C)NC(=O)C1=CC=C(C=C1)CNNC,Inactive
3776,363895598,4915,CC(C)NC(=O)C1=CC=C(C=C1)CNNC,Active
3777,363895598,4915,CC(C)NC(=O)C1=CC=C(C=C1)CNNC,Inactive
3778,363895599,23690444,C(C(=O)[O-])S.[Na+],Unspecified
3779,363895600,9731,C1=CC(=CC=C1N)F,Inactive
3780,363895601,9787,C[C@@]1(C(=O)N2[C@H](C(=O)N3CCC[C@H]3[C@@]2(O1)O)CC4=CC=CC=C4)NC(=O)[C@H]5CN([C@@H]6CC7=CNC8=CC=CC(=C78)C6=C5)C.C[C@@]1(C(=O)N2[C@H](C(=O)N3CCC[C@H]3[C@@]2(O1)O)CC4=CC=CC=C4)NC(=O)[C@H]5CN([C@@H]6CC7=CNC8=CC=CC(=C78)C6=C5)C.[C@@H]([C@H](C(=O)O)O)(C(=O)O)O,Active
3781,363895602,4421,CCN1C=C(C(=O)C2=C1N=C(C=C2)C)C(=O)O,Active
3782,363895602,4421,CCN1C=C(C(=O)C2=C1N=C(C=C2)C)C(=O)O,Active
3783,363895602,4421,CCN1C=C(C(=O)C2=C1N=C(C=C2)C)C(=O)O,Active
3784,363895602,4421,CCN1C=C(C(=O)C2=C1N=C(C=C2)C)C(=O)O,Active
3785,363895603,1548943,CC(C)/C=C/CCCCC(=O)NCC1=CC(=C(C=C1)O)OC,Active
3786,363895604,9844,C=COCC(F)(F)F,Active
3787,363895604,9844,C=COCC(F)(F)F,Inactive
3788,363895604,9844,C=COCC(F)(F)F,Active
3789,363895605,9164,C1=CC=C2C=C3C4=CC=CC=C4C5=CC=CC=C5C3=CC2=C1,Active
3790,363895605,9164,C1=CC=C2C=C3C4=CC=CC=C4C5=CC=CC=C5C3=CC2=C1,Unspecified
3791,363895606,9870,COS(=O)(=O)F,Active
3792,363895607,67901,C(C(F)(F)F)(O)O,Unspecified
3793,363895608,9880,CC(=O)[C@]1(CC[C@@H]2[C@@]1(CC[C@H]3[C@H]2C=C(C4=CC(=O)[C@@H]5C[C@@H]5[C@]34C)Cl)C)OC(=O)C,Active
3794,363895609,9903,C[C@H](CCC(=O)O)[C@H]1CC[C@@H]2[C@@]1(CC[C@H]3[C@H]2CC[C@H]4[C@@]3(CC[C@H](C4)O)C)C,Unspecified
3795,363895609,9903,C[C@H](CCC(=O)O)[C@H]1CC[C@@H]2[C@@]1(CC[C@H]3[C@H]2CC[C@H]4[C@@]3(CC[C@H](C4)O)C)C,Active
3796,363895610,71627,CCCOC1=C(C(=O)C(=C(C1=O)N2CC2)OCCC)N3CC3,Active
3797,363895610,71627,CCCOC1=C(C(=O)C(=C(C1=O)N2CC2)OCCC)N3CC3,Active
3798,363895610,71627,CCCOC1=C(C(=O)C(=C(C1=O)N2CC2)OCCC)N3CC3,Active
3799,363895611,9916,CN=C1CN(C(=C2C=C(C=CC2=N1)Cl)C3=CC=CC=C3)O.Cl,Active
3800,363895611,9916,CN=C1CN(C(=C2C=C(C=CC2=N1)Cl)C3=CC=CC=C3)O.Cl,Unspecified
3801,363895612,3016,CN1C(=O)CN=C(C2=C1C=CC(=C2)Cl)C3=CC=CC=C3,Unspecified
3802,363895612,3016,CN1C(=O)CN=C(C2=C1C=CC(=C2)Cl)C3=CC=CC=C3,Active
3803,363895612,3016,CN1C(=O)CN=C(C2=C1C=CC(=C2)Cl)C3=CC=CC=C3,Active
3804,363895612,3016,CN1C(=O)CN=C(C2=C1C=CC(=C2)Cl)C3=CC=CC=C3,Unspecified
3805,363895612,3016,CN1C(=O)CN=C(C2=C1C=CC(=C2)Cl)C3=CC=CC=C3,Unspecified
3806,363895613,9922,C1CN1C2=CC(=O)C(=O)C3=CC=CC=C32,Active
3807,363895614,66064,CN1CCN(CC1)CCCN2C3=CC=CC=C3SC4=C2C=C(C=C4)C(F)(F)F.Cl.Cl,Active
3808,363895614,66064,CN1CCN(CC1)CCCN2C3=CC=CC=C3SC4=C2C=C(C=C4)C(F)(F)F.Cl.Cl,Active
3809,363895615,4173,CC1=NC=C(N1CCO)[N+](=O)[O-],Unspecified
3810,363895615,4173,CC1=NC=C(N1CCO)[N+](=O)[O-],Active
3811,363895615,4173,CC1=NC=C(N1CCO)[N+](=O)[O-],Active
3812,363895615,4173,CC1=NC=C(N1CCO)[N+](=O)[O-],Active
3813,363895615,4173,CC1=NC=C(N1CCO)[N+](=O)[O-],Inactive
3814,363895615,4173,CC1=NC=C(N1CCO)[N+](=O)[O-],Active
3815,363895615,4173,CC1=NC=C(N1CCO)[N+](=O)[O-],Inactive
3816,363895615,4173,CC1=NC=C(N1CCO)[N+](=O)[O-],Unspecified
3817,363895615,4173,CC1=NC=C(N1CCO)[N+](=O)[O-],Unspecified
3818,363895615,4173,CC1=NC=C(N1CCO)[N+](=O)[O-],Active
3819,363895615,4173,CC1=NC=C(N1CCO)[N+](=O)[O-],Active
3820,363895615,4173,CC1=NC=C(N1CCO)[N+](=O)[O-],Active
3821,363895615,4173,CC1=NC=C(N1CCO)[N+](=O)[O-],Inactive
3822,363895615,4173,CC1=NC=C(N1CCO)[N+](=O)[O-],Active
3823,363895616,9932,C1CCC2=C(C1)C(=O)C=C(C2=O)N3CC3,Active
3824,363895617,2265,CN1C=NC(=C1SC2=NC=NC3=C2NC=N3)[N+](=O)[O-],Active
3825,363895617,2265,CN1C=NC(=C1SC2=NC=NC3=C2NC=N3)[N+](=O)[O-],Inactive
3826,363895617,2265,CN1C=NC(=C1SC2=NC=NC3=C2NC=N3)[N+](=O)[O-],Unspecified
3827,363895617,2265,CN1C=NC(=C1SC2=NC=NC3=C2NC=N3)[N+](=O)[O-],Unspecified
3828,363895617,2265,CN1C=NC(=C1SC2=NC=NC3=C2NC=N3)[N+](=O)[O-],Unspecified
3829,363895617,2265,CN1C=NC(=C1SC2=NC=NC3=C2NC=N3)[N+](=O)[O-],Active
3830,363895617,2265,CN1C=NC(=C1SC2=NC=NC3=C2NC=N3)[N+](=O)[O-],Active
3831,363895617,2265,CN1C=NC(=C1SC2=NC=NC3=C2NC=N3)[N+](=O)[O-],Active
3832,363895617,2265,CN1C=NC(=C1SC2=NC=NC3=C2NC=N3)[N+](=O)[O-],Active
3833,363895617,2265,CN1C=NC(=C1SC2=NC=NC3=C2NC=N3)[N+](=O)[O-],Active
3834,363895617,2265,CN1C=NC(=C1SC2=NC=NC3=C2NC=N3)[N+](=O)[O-],Active
3835,363895617,2265,CN1C=NC(=C1SC2=NC=NC3=C2NC=N3)[N+](=O)[O-],Unspecified
3836,363895617,2265,CN1C=NC(=C1SC2=NC=NC3=C2NC=N3)[N+](=O)[O-],Active
3837,363895617,2265,CN1C=NC(=C1SC2=NC=NC3=C2NC=N3)[N+](=O)[O-],Active
3838,363895618,9955,C1=C2C(=NC(=N1)N)N=CN2,Active
3839,363895618,9955,C1=C2C(=NC(=N1)N)N=CN2,Active
3840,363895618,9955,C1=C2C(=NC(=N1)N)N=CN2,Active
3841,363895618,9955,C1=C2C(=NC(=N1)N)N=CN2,Unspecified
3842,363895618,9955,C1=C2C(=NC(=N1)N)N=CN2,Active
3843,363895618,9955,C1=C2C(=NC(=N1)N)N=CN2,Active
3844,363895618,9955,C1=C2C(=NC(=N1)N)N=CN2,Unspecified
3845,363895619,9976,C1=CC(=CC(=C1)F)CC(C(=O)O)N,Inactive
3846,363895620,969516,COC1=C(C=CC(=C1)/C=C/C(=O)CC(=O)/C=C/C2=CC(=C(C=C2)O)OC)O,Inactive
3847,363895621,9994,CC(=O)N1CC1,Active
3848,363895622,10038,C=C=O,Active
3849,363895622,10038,C=C=O,Active
3850,363895623,1201518,C[C@]12CC[C@H](C1(C)C)C[C@H]2O,Inactive
3851,363895623,1201518,C[C@]12CC[C@H](C1(C)C)C[C@H]2O,Inactive
3852,363895624,10087,C1=CC=C2C(=C1)C3=CC=CC=C3C2(C(=O)O)O,Inactive
3853,363895625,10111,CN=C(N)N,Inactive
3854,363895626,135426831,CC1=C(C(=O)C(=C(C1=O)O)C2=C(C(=O)C(=C(C2=O)O)C)O)O,Inactive
3855,363895626,135426831,CC1=C(C(=O)C(=C(C1=O)O)C2=C(C(=O)C(=C(C2=O)O)C)O)O,Unspecified
3856,363895627,72378,C1CN2CC3=CC4=C(C=C3[C@H]5[C@H]2C1=C[C@@H]([C@H]5O)O)OCO4,Active
3857,363895628,10148,CC1=CC(=C2C(=C1O)C(=O)C3=C(C=CC(=C3C2=O)O)O)O,Active
3858,363895629,10150,CC1=CC(=C2C(=C1O)C(=O)C3=C(C2=O)C(=CC(=C3)O)O)O,Active
3859,363895630,220401,CN[C@H]1CCC2=CC(=C(C(=C2C3=CC=C(C(=O)C=C13)OC)OC)OC)OC,Unspecified
3860,363895630,220401,CN[C@H]1CCC2=CC(=C(C(=C2C3=CC=C(C(=O)C=C13)OC)OC)OC)OC,Unspecified
3861,363895630,220401,CN[C@H]1CCC2=CC(=C(C(=C2C3=CC=C(C(=O)C=C13)OC)OC)OC)OC,Unspecified
3862,363895630,220401,CN[C@H]1CCC2=CC(=C(C(=C2C3=CC=C(C(=O)C=C13)OC)OC)OC)OC,Active
3863,363895630,220401,CN[C@H]1CCC2=CC(=C(C(=C2C3=CC=C(C(=O)C=C13)OC)OC)OC)OC,Active
3864,363895630,220401,CN[C@H]1CCC2=CC(=C(C(=C2C3=CC=C(C(=O)C=C13)OC)OC)OC)OC,Active
3865,363895631,2723800,CC1=CC2=C(C=C1N)[N+](=C3C=C(C(=CC3=N2)C)N)C4=CC=CC=C4.[Cl-],Unspecified
3866,363895632,10163,C1=CC=C2C(=C1)C(=O)C3=CC(=C(C(=C3C2=O)O)CO)O,Active
3867,363895633,3182,CN1C2=C(C(=O)N(C1=O)C)N(C=N2)CC(CO)O,Unspecified
3868,363895633,3182,CN1C2=C(C(=O)N(C1=O)C)N(C=N2)CC(CO)O,Unspecified
3869,363895634,10180,CCN(CC)CCNC1=C2C(=C(C=C1)C)SC3=CC=CC=C3C2=O,Active
3870,363895634,10180,CCN(CC)CCNC1=C2C(=C(C=C1)C)SC3=CC=CC=C3C2=O,Active
3871,363895634,10180,CCN(CC)CCNC1=C2C(=C(C=C1)C)SC3=CC=CC=C3C2=O,Inactive
3872,363895634,10180,CCN(CC)CCNC1=C2C(=C(C=C1)C)SC3=CC=CC=C3C2=O,Active
3873,363895634,10180,CCN(CC)CCNC1=C2C(=C(C=C1)C)SC3=CC=CC=C3C2=O,Unspecified
3874,363895635,10187,C1=CC2=CC3=C(C(=CC=C3)O)C(=C2C(=C1)O)O,Inactive
3875,363895635,10187,C1=CC2=CC3=C(C(=CC=C3)O)C(=C2C(=C1)O)O,Inactive
3876,363895635,10187,C1=CC2=CC3=C(C(=CC=C3)O)C(=C2C(=C1)O)O,Inactive
3877,363895635,10187,C1=CC2=CC3=C(C(=CC=C3)O)C(=C2C(=C1)O)O,Active
3878,363895635,10187,C1=CC2=CC3=C(C(=CC=C3)O)C(=C2C(=C1)O)O,Inactive
3879,363895635,10187,C1=CC2=CC3=C(C(=CC=C3)O)C(=C2C(=C1)O)O,Active
3880,363895635,10187,C1=CC2=CC3=C(C(=CC=C3)O)C(=C2C(=C1)O)O,Unspecified
3881,363895635,10187,C1=CC2=CC3=C(C(=CC=C3)O)C(=C2C(=C1)O)O,Inactive
3882,363895636,5281743,C/C=C\1/C[C@H]([C@@](C(=O)OCC2=CCN3[C@H]2[C@@H](CC3)OC1=O)(CO)O)C,Active
3883,363895636,5281743,C/C=C\1/C[C@H]([C@@](C(=O)OCC2=CCN3[C@H]2[C@@H](CC3)OC1=O)(CO)O)C,Active
3884,363895637,5281742,C/C=C\1/C[C@H]([C@@](C(=O)OC[C@H]2CCN3[C@H]2[C@@H](CC3)OC1=O)(C)O)C,Unspecified
3885,363895638,5281750,C/C=C\1/CC(=C)[C@@](C(=O)OCC2=CCN3[C@H]2[C@@H](CC3)OC1=O)(C)O,Active
3886,363895639,10197,C[C@@H](C(C(C)C)(C(=O)OCC1=CCN2[C@@H]1[C@H](CC2)O)O)O,Active
3887,363895640,10207,C1=CC2=C(C(=C1)O)C(=O)C3=C(C2=O)C=C(C=C3O)CO,Inactive
3888,363895641,10212,CC(=CCOC1=C2C(=CC3=C1OC=C3)C=CC(=O)O2)C,Active
3889,363895641,10212,CC(=CCOC1=C2C(=CC3=C1OC=C3)C=CC(=O)O2)C,Active
3890,363895642,10226,C1=CC2=C(C=C1S(=O)(=O)O)C(=C(C=C2[N+](=O)[O-])[N+](=O)[O-])O,Active
3891,363895643,10241,C1=CC=C2C(=C1)C3=CC=CC=C3C2=O,Unspecified
3892,363895644,5281404,CC1=NC=CC2=C1NC3=CC=CC=C23,Active
3893,363895644,5281404,CC1=NC=CC2=C1NC3=CC=CC=C23,Active
3894,363895645,656655,C([C@H]([C@H]([C@@H]([C@@H](CBr)O)O)O)O)Br,Active
3895,363895646,10285,CC1=CC=NC2=CC=CC=C12,Active
3896,363895647,10303,CN(C)C1=CC=C(C=C1)N=NC2=CC=CC=C2C(=O)O,Active
3897,363895647,10303,CN(C)C1=CC=C(C=C1)N=NC2=CC=CC=C2C(=O)O,Unspecified
3898,363895648,10307,C1=CC=C2C=C(C=CC2=C1)N(CCCl)CCCl,Active
3899,363895648,10307,C1=CC=C2C=C(C=CC2=C1)N(CCCl)CCCl,Active
3900,363895648,10307,C1=CC=C2C=C(C=CC2=C1)N(CCCl)CCCl,Active
3901,363895648,10307,C1=CC=C2C=C(C=CC2=C1)N(CCCl)CCCl,Active
3902,363895649,205586,C1CCN[C@@H](C1)C2=CN=CC=C2,Unspecified
3903,363895650,91462,C1C[C@H](NC1)C2=CN=CC=C2,Active
3904,363895651,10313,C1=CC=C(C=C1)C(=O)NO,Active
3905,363895652,10316,C1=CC=C(C=C1)N=[N+](C2=CC=CC=C2)[O-],Active
3906,363895652,10316,C1=CC=C(C=C1)N=[N+](C2=CC=CC=C2)[O-],Active
3907,363895652,10316,C1=CC=C(C=C1)N=[N+](C2=CC=CC=C2)[O-],Inactive
3908,363895653,10332,CC1=CC(=C(C=C1)N)N,Active
3909,363895654,10340,C(=O)([O-])[O-].[Na+].[Na+],Unspecified
3910,363895655,10341,C1C=CC(=O)O1,Inactive
3911,363895656,10355,CN1CCC=C(C1)C(=O)O,Unspecified
3912,363895657,10377,CCCCCC1=CC(=CC(=C1)O)O,Active
3913,363895658,3840,C1=C(OC=C(C1=O)O)CO,Active
3914,363895659,10401,C1CCC(=O)OCC1,Inactive
3915,363895659,10401,C1CCC(=O)OCC1,Inactive
3916,363895659,10401,C1CCC(=O)OCC1,Inactive
3917,363895659,10401,C1CCC(=O)OCC1,Inactive
3918,363895659,10401,C1CCC(=O)OCC1,Inactive
3919,363895659,10401,C1CCC(=O)OCC1,Inactive
3920,363895659,10401,C1CCC(=O)OCC1,Inactive
3921,363895659,10401,C1CCC(=O)OCC1,Inactive
3922,363895660,10436,CC1=CC(=CC(=C1)O)O,Inactive
3923,363895661,1678,C(C[N+](=O)[O-])C(=O)O,Active
3924,363895661,1678,C(C[N+](=O)[O-])C(=O)O,Inactive
3925,363895662,10461,C(CCl)SCCCl,Active
3926,363895662,10461,C(CCl)SCCCl,Active
3927,363895662,10461,C(CCl)SCCCl,Active
3928,363895662,10461,C(CCl)SCCCl,Active
3929,363895662,10461,C(CCl)SCCCl,Active
3930,363895662,10461,C(CCl)SCCCl,Active
3931,363895663,5280933,CCCCC/C=C\C/C=C\C/C=C\CCCCC(=O)O,Unspecified
3932,363895664,444899,CCCCC/C=C\C/C=C\C/C=C\C/C=C\CCCC(=O)O,Unspecified
3933,363895664,444899,CCCCC/C=C\C/C=C\C/C=C\C/C=C\CCCC(=O)O,Unspecified
3934,363895664,444899,CCCCC/C=C\C/C=C\C/C=C\C/C=C\CCCC(=O)O,Unspecified
3935,363895665,10473,CNC.Cl,Inactive
3936,363895665,10473,CNC.Cl,Inactive
3937,363895665,10473,CNC.Cl,Unspecified
3938,363895665,10473,CNC.Cl,Inactive
3939,363895666,10485,CC(C)(C)Br,Inactive
3940,363895667,10486,CC(C)(C)Cl,Unspecified
3941,363895668,10539,C1CC2CCCC3C2C(C1)NP(=O)(N3)N4CC4,Active
3942,363895669,10541,COP(=O)(OC)OC,Active
3943,363895669,10541,COP(=O)(OC)OC,Active
3944,363895669,10541,COP(=O)(OC)OC,Active
3945,363895669,10541,COP(=O)(OC)OC,Active
3946,363895669,10541,COP(=O)(OC)OC,Unspecified
3947,363895669,10541,COP(=O)(OC)OC,Active
3948,363895669,10541,COP(=O)(OC)OC,Active
3949,363895669,10541,COP(=O)(OC)OC,Active
3950,363895670,10556,CC(C)CI,Unspecified
3951,363895671,10559,CCC(C)I,Active
3952,363895672,10598,CC[Hg]N(C1=CC=CC=C1)S(=O)(=O)C2=CC=C(C=C2)C,Active
3953,363895673,10607,COC1=CC(=CC(=C1OC)OC)[C@H]2[C@@H]3[C@H](COC3=O)[C@H](C4=CC5=C(C=C24)OCO5)O,Unspecified
3954,363895674,54680783,C[C@@H]1[C@H](OC=C2C1=C(C(=C(C2=O)C(=O)O)O)C)C,Active
3955,363895674,54680783,C[C@@H]1[C@H](OC=C2C1=C(C(=C(C2=O)C(=O)O)O)C)C,Inactive
3956,363895675,3220,CC1=CC2=C(C(=C1)O)C(=O)C3=C(C2=O)C=C(C=C3O)O,Inactive
3957,363895675,3220,CC1=CC2=C(C(=C1)O)C(=O)C3=C(C2=O)C=C(C=C3O)O,Unspecified
3958,363895676,3213,CC1=C2C=CN=CC2=C(C3=C1NC4=CC=CC=C43)C,Active
3959,363895676,3213,CC1=C2C=CN=CC2=C(C3=C1NC4=CC=CC=C43)C,Active
3960,363895677,5280863,C1=CC(=CC=C1C2=C(C(=O)C3=C(C=C(C=C3O2)O)O)O)O,Active
3961,363895677,5280863,C1=CC(=CC=C1C2=C(C(=O)C3=C(C=C(C=C3O2)O)O)O)O,Active
3962,363895678,10624,CN(C)CCC1=CNC2=C1C(=CC=C2)OP(=O)(O)O,Unspecified
3963,363895679,442736,C1CN2CC=C([C@@H]2[C@H]1O)CO,Unspecified
3964,363895680,5281729,C/C=C(/C)\C(=O)O[C@@H]1CCN2[C@@H]1C(=CC2)COC(=O)[C@@]([C@H](C)O)(C(C)(C)O)O,Active
3965,363895681,2543,CCCCCC1=CC(=C2C(=C1)OC(C3=C2C=C(C=C3)C)(C)C)O,Active
3966,363895681,2543,CCCCCC1=CC(=C2C(=C1)OC(C3=C2C=C(C=C3)C)(C)C)O,Active
3967,363895681,2543,CCCCCC1=CC(=C2C(=C1)OC(C3=C2C=C(C=C3)C)(C)C)O,Inactive
3968,363895681,2543,CCCCCC1=CC(=C2C(=C1)OC(C3=C2C=C(C=C3)C)(C)C)O,Active
3969,363895682,10639,CC1=CC2=C(C(=C1)O)C(=O)C3=C(C2=O)C=C(C=C3O)OC,Active
3970,363895683,2453,C1=CC2=C(C(=C(C=C2Br)Br)O)N=C1,Unspecified
3971,363895684,3032325,CC/C(=C(/CC)\C1=CC=C(C=C1)OP(=O)(O)O)/C2=CC=C(C=C2)OP(=O)(O)O,Inactive
3972,363895684,3032325,CC/C(=C(/CC)\C1=CC=C(C=C1)OP(=O)(O)O)/C2=CC=C(C=C2)OP(=O)(O)O,Unspecified
3973,363895684,3032325,CC/C(=C(/CC)\C1=CC=C(C=C1)OP(=O)(O)O)/C2=CC=C(C=C2)OP(=O)(O)O,Inactive
3974,363895685,135513128,C1=CC=C2C(=C1)C(=CC=C2O)N=NC3=CC=C(C=C3)S(=O)(=O)[O-].[Na+],Unspecified
3975,363895685,135513128,C1=CC=C2C(=C1)C(=CC=C2O)N=NC3=CC=C(C=C3)S(=O)(=O)[O-].[Na+],Unspecified
3976,363895685,135513128,C1=CC=C2C(=C1)C(=CC=C2O)N=NC3=CC=C(C=C3)S(=O)(=O)[O-].[Na+],Inactive
3977,363895686,10658,C1=CC2=C(C=CO2)C3=C1C=CC(=O)O3,Active
3978,363895686,10658,C1=CC2=C(C=CO2)C3=C1C=CC(=O)O3,Unspecified
3979,363895687,10672,C1=CC2=C(C(=C(C=C2C=C1S(=O)(=O)[O-])S(=O)(=O)[O-])O)N=O.[Na+].[Na+],Inactive
3980,363895688,10677,C1=CC2=C(C=CC(=N2)C(=O)O)C(=C1)[N+](=O)[O-],Active
3981,363895689,10679,C1C2=C(C=CC(=C2)N)C3=C1C=C(C=C3)N,Active
3982,363895690,95715,C1CN1C2=CC(=O)C(=CC2=O)N3CC3,Active
3983,363895691,10748,COC1=CC2=C(C=C1)C=CC(=O)O2,Active
3984,363895692,4053,C1=CC(=CC=C1CC(C(=O)O)N)N(CCCl)CCCl,Active
3985,363895692,4053,C1=CC(=CC=C1CC(C(=O)O)N)N(CCCl)CCCl,Active
3986,363895693,10753,CC(=O)NC1=NC(=CS1)C2=CC=C(O2)[N+](=O)[O-],Active
3987,363895693,10753,CC(=O)NC1=NC(=CS1)C2=CC=C(O2)[N+](=O)[O-],Active
3988,363895693,10753,CC(=O)NC1=NC(=CS1)C2=CC=C(O2)[N+](=O)[O-],Inactive
3989,363895693,10753,CC(=O)NC1=NC(=CS1)C2=CC=C(O2)[N+](=O)[O-],Active
3990,363895693,10753,CC(=O)NC1=NC(=CS1)C2=CC=C(O2)[N+](=O)[O-],Active
3991,363895693,10753,CC(=O)NC1=NC(=CS1)C2=CC=C(O2)[N+](=O)[O-],Active
3992,363895694,10754,C1=CC(=CC=C1C2=CC=C(C=C2)N)N.Cl.Cl,Active
3993,363895694,10754,C1=CC(=CC=C1C2=CC=C(C=C2)N)N.Cl.Cl,Active
3994,363895694,10754,C1=CC(=CC=C1C2=CC=C(C=C2)N)N.Cl.Cl,Inactive
3995,363895694,10754,C1=CC(=CC=C1C2=CC=C(C=C2)N)N.Cl.Cl,Active
3996,363895694,10754,C1=CC(=CC=C1C2=CC=C(C=C2)N)N.Cl.Cl,Active
3997,363895695,442649,C1CC(=NC1)C2=CN=CC=C2,Unspecified
3998,363895696,517055,C1=CC=C(C=C1)C(=O)[O-].[Na+],Inactive
3999,363895696,517055,C1=CC=C(C=C1)C(=O)[O-].[Na+],Inactive
4000,363895697,10771,C1=CC=C(C=C1)N=NC2=C(C=C(C=C2)N)N.Cl,Active
4001,363895698,516953,C1=CC=C(C=C1)C(=O)NCC(=O)[O-].[Na+],Inactive
4002,363895698,516953,C1=CC=C(C=C1)C(=O)NCC(=O)[O-].[Na+],Inactive
4003,363895699,10787,C1=CC(=C(C=C1O)O)O,Active
4004,363895700,10793,C(C(=O)CCl)Cl,Unspecified
4005,363895700,10793,C(C(=O)CCl)Cl,Active
4006,363895701,10796,C(=O)([O-])[O-].[Cs+].[Cs+],Active
4007,363895702,10800,CC1=CC(=CC(=C1O)[N+](=O)[O-])[N+](=O)[O-],Inactive
4008,363895703,849,C1CCNC(C1)C(=O)O,Inactive
4009,363895704,2761171,CCC1=NC=CC(=C1)C(=S)N,Unspecified
4010,363895705,3442,CCCCC1=CN=C(C=C1)C(=O)O,Inactive
4011,363895706,10850,CCCCCCCC(=O)OCC(COC(=O)CCCCCCC)OC(=O)CCCCCCC,Unspecified
4012,363895707,10891,CC1=CC=C(C=C1)N.Cl,Active
4013,363895708,10893,C1=CC(=CC=C1N)I,Inactive
4014,363895709,10898,C(CBr)O,Active
4015,363895709,10898,C(CBr)O,Active
4016,363895709,10898,C(CBr)O,Inactive
4017,363895709,10898,C(CBr)O,Active
4018,363895710,1322,CNNC,Unspecified
4019,363895710,1322,CNNC,Active
4020,363895710,1322,CNNC,Inactive
4021,363895710,1322,CNNC,Unspecified
4022,363895710,1322,CNNC,Active
4023,363895710,1322,CNNC,Unspecified
4024,363895710,1322,CNNC,Active
4025,363895710,1322,CNNC,Unspecified
4026,363895710,1322,CNNC,Active
4027,363895710,1322,CNNC,Inactive
4028,363895711,5372798,C(=C/[As](Cl)Cl)\Cl,Unspecified
4029,363895712,10943,C1=CC(=CC(=C1)Cl)Cl,Active
4030,363895713,10962,CCCCI,Unspecified
4031,363895714,24726,C(/C=C/Cl)Cl,Active
4032,363895715,10964,C(C=O)C=O,Unspecified
4033,363895716,10967,C(OCCl)Cl,Active
4034,363895717,10971,C(#CC(=O)N)C(=O)N,Inactive
4035,363895718,10986,CC(=O)[O-].CC(=O)[O-].[Cd+2],Active
4036,363895718,10986,CC(=O)[O-].CC(=O)[O-].[Cd+2],Active
4037,363895718,10986,CC(=O)[O-].CC(=O)[O-].[Cd+2],Unspecified
4038,363895719,11016,C1CN1P(=O)(N2CC2)N3CC3,Active
4039,363895719,11016,C1CN1P(=O)(N2CC2)N3CC3,Active
4040,363895719,11016,C1CN1P(=O)(N2CC2)N3CC3,Active
4041,363895719,11016,C1CN1P(=O)(N2CC2)N3CC3,Active
4042,363895719,11016,C1CN1P(=O)(N2CC2)N3CC3,Active
4043,363895719,11016,C1CN1P(=O)(N2CC2)N3CC3,Unspecified
4044,363895719,11016,C1CN1P(=O)(N2CC2)N3CC3,Active
4045,363895719,11016,C1CN1P(=O)(N2CC2)N3CC3,Active
4046,363895719,11016,C1CN1P(=O)(N2CC2)N3CC3,Active
4047,363895719,11016,C1CN1P(=O)(N2CC2)N3CC3,Active
4048,363895719,11016,C1CN1P(=O)(N2CC2)N3CC3,Active
4049,363895719,11016,C1CN1P(=O)(N2CC2)N3CC3,Active
4050,363895719,11016,C1CN1P(=O)(N2CC2)N3CC3,Active
4051,363895719,11016,C1CN1P(=O)(N2CC2)N3CC3,Unspecified
4052,363895720,11025,CC(=O)[O-].CC(=O)[O-].CC(=O)[O-].CC(=O)[O-].[Pb+2],Active
4053,363895721,1990,CC(=O)NO,Inactive
4054,363895722,15899898,C1=CN=C(N=C1)[N-]S(=O)(=O)C2=CC=C(C=C2)N.[Na+],Inactive
4055,363895723,23673835,CN(C)C1=CC=C(C=C1)N=NC2=CC=C(C=C2)S(=O)(=O)[O-].[Na+],Active
4056,363895723,23673835,CN(C)C1=CC=C(C=C1)N=NC2=CC=C(C=C2)S(=O)(=O)[O-].[Na+],Unspecified
4057,363895723,23673835,CN(C)C1=CC=C(C=C1)N=NC2=CC=C(C=C2)S(=O)(=O)[O-].[Na+],Unspecified
4058,363895723,23673835,CN(C)C1=CC=C(C=C1)N=NC2=CC=C(C=C2)S(=O)(=O)[O-].[Na+],Inactive
4059,363895723,23673835,CN(C)C1=CC=C(C=C1)N=NC2=CC=C(C=C2)S(=O)(=O)[O-].[Na+],Inactive
4060,363895724,11048,C1=CC=C(C(=C1)C2=C3C=C(C(=O)C(=C3OC4=C(C(=C(C=C24)Br)[O-])Br)Br)Br)C(=O)[O-].[Na+].[Na+],Inactive
4061,363895724,11048,C1=CC=C(C(=C1)C2=C3C=C(C(=O)C(=C3OC4=C(C(=C(C=C24)Br)[O-])Br)Br)Br)C(=O)[O-].[Na+].[Na+],Unspecified
4062,363895724,11048,C1=CC=C(C(=C1)C2=C3C=C(C(=O)C(=C3OC4=C(C(=C(C=C24)Br)[O-])Br)Br)Br)C(=O)[O-].[Na+].[Na+],Unspecified
4063,363895725,11054,CCN(CC)CCNC1=C2C(=C(C=C1)C)SC3=CC=CC=C3C2=O.Cl,Active
4064,363895725,11054,CCN(CC)CCNC1=C2C(=C(C=C1)C)SC3=CC=CC=C3C2=O.Cl,Active
4065,363895725,11054,CCN(CC)CCNC1=C2C(=C(C=C1)C)SC3=CC=CC=C3C2=O.Cl,Active
4066,363895725,11054,CCN(CC)CCNC1=C2C(=C(C=C1)C)SC3=CC=CC=C3C2=O.Cl,Active
4067,363895726,11057,CN(C)C1=CC=C(C=C1)C(=C2C=CC(=[N+](C)C)C=C2)C3=CC=C(C=C3)N(C)C.[Cl-],Active
4068,363895726,11057,CN(C)C1=CC=C(C=C1)C(=C2C=CC(=[N+](C)C)C=C2)C3=CC=C(C=C3)N(C)C.[Cl-],Unspecified
4069,363895726,11057,CN(C)C1=CC=C(C=C1)C(=C2C=CC(=[N+](C)C)C=C2)C3=CC=C(C=C3)N(C)C.[Cl-],Unspecified
4070,363895726,11057,CN(C)C1=CC=C(C=C1)C(=C2C=CC(=[N+](C)C)C=C2)C3=CC=C(C=C3)N(C)C.[Cl-],Inactive
4071,363895726,11057,CN(C)C1=CC=C(C=C1)C(=C2C=CC(=[N+](C)C)C=C2)C3=CC=C(C=C3)N(C)C.[Cl-],Unspecified
4072,363895727,5281616,C1=CC=C(C=C1)C2=C(C(=O)C3=C(C=C(C=C3O2)O)O)O,Active
4073,363895727,5281616,C1=CC=C(C=C1)C2=C(C(=O)C3=C(C=C(C=C3O2)O)O)O,Active
4074,363895728,11067,C1=CC2=C(C=C1S(=O)(=O)[O-])C(=C(C=C2[N+](=O)[O-])[N+](=O)[O-])[O-].[K+].[K+],Unspecified
4075,363895728,11067,C1=CC2=C(C=C1S(=O)(=O)[O-])C(=C(C=C2[N+](=O)[O-])[N+](=O)[O-])[O-].[K+].[K+],Unspecified
4076,363895729,196984,CC1CCC2=C1C=CC3=C2C=CC4=CC=CC=C43,Active
4077,363895730,68368,C1=C2C(=NC=N1)N(C=N2)[C@H]3[C@@H]([C@@H]([C@H](O3)CO)O)O,Inactive
4078,363895731,11075,C1=CC=C2C(=C1)C=CC(=C2[N+](=O)[O-])O,Active
4079,363895732,68369,CC1=NN(C(=O)C1[N+](=O)[O-])C2=CC=C(C=C2)[N+](=O)[O-],Active
4080,363895732,68369,CC1=NN(C(=O)C1[N+](=O)[O-])C2=CC=C(C=C2)[N+](=O)[O-],Active
4081,363895733,11080,C1=CC=C2C(=C1)C=CC=C2N=C=S,Active
4082,363895733,11080,C1=CC=C2C(=C1)C=CC=C2N=C=S,Inactive
4083,363895733,11080,C1=CC=C2C(=C1)C=CC=C2N=C=S,Inactive
4084,363895733,11080,C1=CC=C2C(=C1)C=CC=C2N=C=S,Unspecified
4085,363895733,11080,C1=CC=C2C(=C1)C=CC=C2N=C=S,Inactive
4086,363895733,11080,C1=CC=C2C(=C1)C=CC=C2N=C=S,Unspecified
4087,363895733,11080,C1=CC=C2C(=C1)C=CC=C2N=C=S,Inactive
4088,363895734,5280363,CCCCC[C@@H](/C=C/[C@H]1[C@@H](C[C@@H]([C@@H]1C/C=C\CCCC(=O)O)O)O)O,Active
4089,363895735,108053,C[C@H]([C@@](C(C)C)(C(=O)OCC1=CCN2[C@H]1CCC2)O)O,Active
4090,363895735,108053,C[C@H]([C@@](C(C)C)(C(=O)OCC1=CCN2[C@H]1CCC2)O)O,Active
4091,363895736,62369,C(CCl)NC[C@H]([C@H]([C@@H]([C@@H](CNCCCl)O)O)O)O.Cl.Cl,Active
4092,363895736,62369,C(CCl)NC[C@H]([C@H]([C@@H]([C@@H](CNCCCl)O)O)O)O.Cl.Cl,Active
4093,363895736,62369,C(CCl)NC[C@H]([C@H]([C@@H]([C@@H](CNCCCl)O)O)O)O.Cl.Cl,Active
4094,363895737,3090,CC1=NC=C(N1C)[N+](=O)[O-],Active
4095,363895738,11087,C1=CC=C(C(=C1)C(=O)O)[N+](=O)[O-],Active
4096,363895739,11094,C1=CC=C2C(=C1)C=CC=C2N.Cl,Active
4097,363895739,11094,C1=CC=C2C(=C1)C=CC=C2N.Cl,Active
4098,363895740,11101,C1=CC=C(C(=C1)C=O)[N+](=O)[O-],Active
4099,363895741,11105,CC1=CC2=NC3=C(C=C(C=C3)N(C)C)N=C2C=C1N.Cl,Inactive
4100,363895741,11105,CC1=CC2=NC3=C(C=C(C=C3)N(C)C)N=C2C=C1N.Cl,Unspecified
4101,363895741,11105,CC1=CC2=NC3=C(C=C(C=C3)N(C)C)N=C2C=C1N.Cl,Unspecified
4102,363895741,11105,CC1=CC2=NC3=C(C=C(C=C3)N(C)C)N=C2C=C1N.Cl,Active
4103,363895742,11108,C1=CC=C(C=C1)N(CCCl)CCCl,Active
4104,363895743,11111,C1=CC(=CC2=NC3=C(C=CC(=C3)N)C=C21)N.OS(=O)(=O)O,Active
4105,363895743,11111,C1=CC(=CC2=NC3=C(C=CC(=C3)N)C=C21)N.OS(=O)(=O)O,Active
4106,363895743,11111,C1=CC(=CC2=NC3=C(C=CC(=C3)N)C=C21)N.OS(=O)(=O)O,Active
4107,363895743,11111,C1=CC(=CC2=NC3=C(C=CC(=C3)N)C=C21)N.OS(=O)(=O)O,Active
4108,363895744,11123,C1=CC(=C(C=C1Cl)Cl)N,Inactive
4109,363895745,11137,C1=CC(=CC(=C1)O)[N+](=O)[O-],Inactive
4110,363895746,541,C1=CC(=CC=C1C=O)[N+](=O)[O-],Active
4111,363895747,5561,C(CCl)N(CCCl)CCCl,Active
4112,363895747,5561,C(CCl)N(CCCl)CCCl,Active
4113,363895747,5561,C(CCl)N(CCCl)CCCl,Active
4114,363895748,9568055,C1CN(C(=O)N1)/N=C/C2=CC=C(O2)[N+](=O)[O-],Active
4115,363895749,6436102,C1=C(OC(=C1)[N+](=O)[O-])/C=C/C2=CN=C(N=N2)N,Inactive
4116,363895749,6436102,C1=C(OC(=C1)[N+](=O)[O-])/C=C/C2=CN=C(N=N2)N,Active
4117,363895749,6436102,C1=C(OC(=C1)[N+](=O)[O-])/C=C/C2=CN=C(N=N2)N,Active
4118,363895750,11164,C1C(O1)CO,Active
4119,363895750,11164,C1C(O1)CO,Active
4120,363895750,11164,C1C(O1)CO,Unspecified
4121,363895750,11164,C1C(O1)CO,Active
4122,363895750,11164,C1C(O1)CO,Active
4123,363895750,11164,C1C(O1)CO,Inactive
4124,363895750,11164,C1C(O1)CO,Active
4125,363895750,11164,C1C(O1)CO,Active
4126,363895750,11164,C1C(O1)CO,Active
4127,363895751,11201,CC(Br)Br,Inactive
4128,363895751,11201,CC(Br)Br,Active
4129,363895751,11201,CC(Br)Br,Unspecified
4130,363895752,11206,CC(C)(C)I,Active
4131,363895753,3286,CCOP(=S)(OCC)SCSP(=S)(OCC)OCC,Inactive
4132,363895753,3286,CCOP(=S)(OCC)SCSP(=S)(OCC)OCC,Unspecified
4133,363895753,3286,CCOP(=S)(OCC)SCSP(=S)(OCC)OCC,Unspecified
4134,363895753,3286,CCOP(=S)(OCC)SCSP(=S)(OCC)OCC,Inactive
4135,363895753,3286,CCOP(=S)(OCC)SCSP(=S)(OCC)OCC,Inactive
4136,363895753,3286,CCOP(=S)(OCC)SCSP(=S)(OCC)OCC,Inactive
4137,363895753,3286,CCOP(=S)(OCC)SCSP(=S)(OCC)OCC,Inactive
4138,363895754,11247,CC(=O)[O-].[Tl+],Active
4139,363895755,91595,C1[C@H](O1)[C@@H]2CO2,Active
4140,363895755,91595,C1[C@H](O1)[C@@H]2CO2,Active
4141,363895755,91595,C1[C@H](O1)[C@@H]2CO2,Active
4142,363895756,54671203,C[C@@H]1[C@H]2[C@@H]([C@H]3[C@@H](C(=O)C(=C([C@]3(C(=O)C2=C(C4=C1C=CC=C4O)O)O)O)C(=O)N)N(C)C)O,Unspecified
4143,363895757,11284,CC1=C2C=CC3=CC=CC=C3C2=C(C4=CC=CC=C14)CO,Active
4144,363895757,11284,CC1=C2C=CC3=CC=CC=C3C2=C(C4=CC=CC=C14)CO,Active
4145,363895758,11285,CC1=C2C(=C(C3=CC=CC=C13)CO)C=CC4=CC=CC=C42,Inactive
4146,363895758,11285,CC1=C2C(=C(C3=CC=CC=C13)CO)C=CC4=CC=CC=C42,Unspecified
4147,363895758,11285,CC1=C2C(=C(C3=CC=CC=C13)CO)C=CC4=CC=CC=C42,Active
4148,363895758,11285,CC1=C2C(=C(C3=CC=CC=C13)CO)C=CC4=CC=CC=C42,Active
4149,363895758,11285,CC1=C2C(=C(C3=CC=CC=C13)CO)C=CC4=CC=CC=C42,Active
4150,363895758,11285,CC1=C2C(=C(C3=CC=CC=C13)CO)C=CC4=CC=CC=C42,Inactive
4151,363895758,11285,CC1=C2C(=C(C3=CC=CC=C13)CO)C=CC4=CC=CC=C42,Active
4152,363895759,11286,CN1C2=C(N=C1OC)N(C(=O)N(C2=O)C)C,Active
4153,363895759,11286,CN1C2=C(N=C1OC)N(C(=O)N(C2=O)C)C,Active
4154,363895760,11292,C1=CC(=N)C=CC1=C(C2=CC=C(C=C2)N)C3=CC=C(C=C3)N.Cl,Active
4155,363895760,11292,C1=CC(=N)C=CC1=C(C2=CC=C(C=C2)N)C3=CC=C(C=C3)N.Cl,Unspecified
4156,363895760,11292,C1=CC(=N)C=CC1=C(C2=CC=C(C=C2)N)C3=CC=C(C=C3)N.Cl,Inactive
4157,363895760,11292,C1=CC(=N)C=CC1=C(C2=CC=C(C=C2)N)C3=CC=C(C=C3)N.Cl,Active
4158,363895760,11292,C1=CC(=N)C=CC1=C(C2=CC=C(C=C2)N)C3=CC=C(C=C3)N.Cl,Active
4159,363895760,11292,C1=CC(=N)C=CC1=C(C2=CC=C(C=C2)N)C3=CC=C(C=C3)N.Cl,Active
4160,363895760,11292,C1=CC(=N)C=CC1=C(C2=CC=C(C=C2)N)C3=CC=C(C=C3)N.Cl,Inactive
4161,363895760,11292,C1=CC(=N)C=CC1=C(C2=CC=C(C=C2)N)C3=CC=C(C=C3)N.Cl,Inactive
4162,363895761,5281571,C1=CC(=O)C(=C2C(=C1)C=C(C(=C2O)O)O)O,Inactive
4163,363895762,11327,CC1=CC2=CC=CC=C2C(=C1)C,Inactive
4164,363895762,11327,CC1=CC2=CC=CC=C2C(=C1)C,Inactive
4165,363895763,11347,CCOC1=NC2=C(N1C)C(=O)N(C(=O)N2C)C,Inactive
4166,363895763,11347,CCOC1=NC2=C(N1C)C(=O)N(C(=O)N2C)C,Active
4167,363895763,11347,CCOC1=NC2=C(N1C)C(=O)N(C(=O)N2C)C,Active
4168,363895763,11347,CCOC1=NC2=C(N1C)C(=O)N(C(=O)N2C)C,Active
4169,363895763,11347,CCOC1=NC2=C(N1C)C(=O)N(C(=O)N2C)C,Active
4170,363895763,11347,CCOC1=NC2=C(N1C)C(=O)N(C(=O)N2C)C,Active
4171,363895763,11347,CCOC1=NC2=C(N1C)C(=O)N(C(=O)N2C)C,Unspecified
4172,363895764,11353,C1=CC=C2C(=C1)C=C3C=CC=C(C3=N2)N,Unspecified
4173,363895764,11353,C1=CC=C2C(=C1)C=C3C=CC=C(C3=N2)N,Unspecified
4174,363895765,11359,C1=CC2=C(C(=C1)N)N=CC=C2,Unspecified
4175,363895765,11359,C1=CC2=C(C(=C1)N)N=CC=C2,Inactive
4176,363895765,11359,C1=CC2=C(C(=C1)N)N=CC=C2,Inactive
4177,363895765,11359,C1=CC2=C(C(=C1)N)N=CC=C2,Inactive
4178,363895765,11359,C1=CC2=C(C(=C1)N)N=CC=C2,Active
4179,363895765,11359,C1=CC2=C(C(=C1)N)N=CC=C2,Active
4180,363895766,135441757,C1=CC2=C(C=CC=N2)C(=C1)O,Active
4181,363895767,11374,C1=CC2=C(C=CC(=C2)O)N=C1,Inactive
4182,363895768,135426866,C1=CC2=C(C=C(C=C2)O)N=C1,Inactive
4183,363895769,5378293,[C-]#[N+]/C(=C\C1=CC=C(C=C1)O)/C(=C/C2=CC=C(C=C2)O)/[N+]#[C-],Unspecified
4184,363895770,11385,C1=CC=C2C(=C1)C=C3C=CC(=CC3=N2)N,Inactive
4185,363895771,11388,C1C=CCN[C@@H]1C2=CN=CC=C2,Active
4186,363895772,65043,C1=CC2=C(C=C1N)SC3=CC(=[NH2+])C=CC3=N2.[Cl-],Inactive
4187,363895772,65043,C1=CC2=C(C=C1N)SC3=CC(=[NH2+])C=CC3=N2.[Cl-],Unspecified
4188,363895772,65043,C1=CC2=C(C=C1N)SC3=CC(=[NH2+])C=CC3=N2.[Cl-],Unspecified
4189,363895773,11392,C1=CC=C2C=C(C=CC2=C1)[N+](=O)[O-],Active
4190,363895773,11392,C1=CC=C2C=C(C=CC2=C1)[N+](=O)[O-],Active
4191,363895773,11392,C1=CC=C2C=C(C=CC2=C1)[N+](=O)[O-],Active
4192,363895773,11392,C1=CC=C2C=C(C=CC2=C1)[N+](=O)[O-],Active
4193,363895773,11392,C1=CC=C2C=C(C=CC2=C1)[N+](=O)[O-],Active
4194,363895774,15558638,CC1=C(C(=O)CC1OC(=O)[C@@H]2[C@H](C2(C)C)C=C(C)C)CC=C,Inactive
4195,363895774,15558638,CC1=C(C(=O)CC1OC(=O)[C@@H]2[C@H](C2(C)C)C=C(C)C)CC=C,Inactive
4196,363895775,104975,C1=CC=C2C(=C1)C3C(O3)C4=CC=CC=C42,Active
4197,363895775,104975,C1=CC=C2C(=C1)C3C(O3)C4=CC=CC=C42,Inactive
4198,363895776,493591,C([C@@H]1[C@H]([C@@H]([C@H]([C@H](O1)O[C@H]([C@@H](CO)O)[C@@H]([C@H](CO)O)O)O)O)O)O,Inactive
4199,363895777,11510,CCOC(=O)NO,Active
4200,363895777,11510,CCOC(=O)NO,Active
4201,363895777,11510,CCOC(=O)NO,Active
4202,363895777,11510,CCOC(=O)NO,Active
4203,363895777,11510,CCOC(=O)NO,Active
4204,363895777,11510,CCOC(=O)NO,Active
4205,363895777,11510,CCOC(=O)NO,Active
4206,363895777,11510,CCOC(=O)NO,Active
4207,363895777,11510,CCOC(=O)NO,Unspecified
4208,363895777,11510,CCOC(=O)NO,Active
4209,363895778,23676745,C/C=C/C=C/C(=O)[O-].[K+],Unspecified
4210,363895779,11378442,C(#N)[O-].[K+],Active
4211,363895780,11552,CC(C)CC=O,Active
4212,363895780,11552,CC(C)CC=O,Active
4213,363895781,6433205,C/[N+](=N/CO)/[O-],Active
4214,363895781,6433205,C/[N+](=N/CO)/[O-],Active
4215,363895781,6433205,C/[N+](=N/CO)/[O-],Active
4216,363895781,6433205,C/[N+](=N/CO)/[O-],Active
4217,363895781,6433205,C/[N+](=N/CO)/[O-],Active
4218,363895782,11568,C1=CC(=CC(=C1)O)N,Unspecified
4219,363895782,11568,C1=CC(=CC(=C1)O)N,Inactive
4220,363895783,11577,CCCCNC(=O)OCC,Inactive
4221,363895783,11577,CCCCNC(=O)OCC,Unspecified
4222,363895784,11595,CCCCNC(=O)N,Inactive
4223,363895784,11595,CCCCNC(=O)N,Active
4224,363895785,5363199,CC(=O)OC/N=[N+](/C)\[O-],Active
4225,363895785,5363199,CC(=O)OC/N=[N+](/C)\[O-],Active
4226,363895785,5363199,CC(=O)OC/N=[N+](/C)\[O-],Active
4227,363895785,5363199,CC(=O)OC/N=[N+](/C)\[O-],Active
4228,363895785,5363199,CC(=O)OC/N=[N+](/C)\[O-],Active
4229,363895785,5363199,CC(=O)OC/N=[N+](/C)\[O-],Active
4230,363895785,5363199,CC(=O)OC/N=[N+](/C)\[O-],Active
4231,363895785,5363199,CC(=O)OC/N=[N+](/C)\[O-],Active
4232,363895785,5363199,CC(=O)OC/N=[N+](/C)\[O-],Inactive
4233,363895785,5363199,CC(=O)OC/N=[N+](/C)\[O-],Active
4234,363895785,5363199,CC(=O)OC/N=[N+](/C)\[O-],Active
4235,363895785,5363199,CC(=O)OC/N=[N+](/C)\[O-],Active
4236,363895785,5363199,CC(=O)OC/N=[N+](/C)\[O-],Active
4237,363895786,521874,CON.Cl,Unspecified
4238,363895786,521874,CON.Cl,Active
4239,363895787,11641,C=CBr,Active
4240,363895788,11645,C[Hg]C,Inactive
4241,363895788,11645,C[Hg]C,Unspecified
4242,363895789,11647,CNO,Active
4243,363895790,11663,CC(C)C(Br)Br,Active
4244,363895791,68995,CC1=C(C=CC(=C1)C2(C3=CC=CC=C3C(=O)O2)C4=CC(=C(C=C4)O)C)O,Active
4245,363895792,11719,CNC(=O)N,Unspecified
4246,363895792,11719,CNC(=O)N,Unspecified
4247,363895792,11719,CNC(=O)N,Active
4248,363895793,11722,COC(=O)N,Unspecified
4249,363895793,11722,COC(=O)N,Inactive
4250,363895793,11722,COC(=O)N,Inactive
4251,363895793,11722,COC(=O)N,Active
4252,363895793,11722,COC(=O)N,Unspecified
4253,363895793,11722,COC(=O)N,Inactive
4254,363895793,11722,COC(=O)N,Inactive
4255,363895793,11722,COC(=O)N,Unspecified
4256,363895793,11722,COC(=O)N,Inactive
4257,363895794,5339,C1=CC=NC(=C1)NS(=O)(=O)C2=CC=C(C=C2)N=NC3=CC(=C(C=C3)O)C(=O)O,Active
4258,363895795,11761,CC1=C(C(=CC=C1)[N+](=O)[O-])[N+](=O)[O-],Unspecified
4259,363895796,11769,C1CC2=CC=C(C3=CC=CC1=C23)[N+](=O)[O-],Active
4260,363895796,11769,C1CC2=CC=C(C3=CC=CC1=C23)[N+](=O)[O-],Active
4261,363895797,196986,CN=C1C=CC(=C(C2=CC=C(C=C2)N(C)C)C3=CC=C(C=C3)N(C)C)C=C1.Cl,Active
4262,363895797,196986,CN=C1C=CC(=C(C2=CC=C(C=C2)N(C)C)C3=CC=C(C=C3)N(C)C)C=C1.Cl,Unspecified
4263,363895798,11790,C1=CC=C(C=C1)C2=CC(=O)C3=C(O2)C4=CC=CC=C4C=C3,Unspecified
4264,363895798,11790,C1=CC=C(C=C1)C2=CC(=O)C3=C(O2)C4=CC=CC=C4C=C3,Active
4265,363895798,11790,C1=CC=C(C=C1)C2=CC(=O)C3=C(O2)C4=CC=CC=C4C=C3,Active
4266,363895798,11790,C1=CC=C(C=C1)C2=CC(=O)C3=C(O2)C4=CC=CC=C4C=C3,Inactive
4267,363895798,11790,C1=CC=C(C=C1)C2=CC(=O)C3=C(O2)C4=CC=CC=C4C=C3,Unspecified
4268,363895799,11813,CC1=C(C=CC=C1[N+](=O)[O-])[N+](=O)[O-],Unspecified
4269,363895800,11814,C1=CC(=C(C(=C1)[N+](=O)[O-])Cl)[N+](=O)[O-],Unspecified
4270,363895801,11828,C1=CC=C2C(=C1)C=CC=C2NO,Inactive
4271,363895801,11828,C1=CC=C2C(=C1)C=CC=C2NO,Active
4272,363895801,11828,C1=CC=C2C(=C1)C=CC=C2NO,Active
4273,363895801,11828,C1=CC=C2C(=C1)C=CC=C2NO,Active
4274,363895801,11828,C1=CC=C2C(=C1)C=CC=C2NO,Active
4275,363895801,11828,C1=CC=C2C(=C1)C=CC=C2NO,Active
4276,363895802,11829,C1=CC2=C(C=CC=N2)C(=C1)[N+](=O)[O-],Active
4277,363895803,11830,C1=CC2=C(C(=C1)[N+](=O)[O-])N=CC=C2,Active
4278,363895804,11831,C1C2=CC=CC=C2C3=C1C=C(C=C3)[N+](=O)[O-],Active
4279,363895804,11831,C1C2=CC=CC=C2C3=C1C=C(C=C3)[N+](=O)[O-],Active
4280,363895804,11831,C1C2=CC=CC=C2C3=C1C=C(C=C3)[N+](=O)[O-],Active
4281,363895804,11831,C1C2=CC=CC=C2C3=C1C=C(C=C3)[N+](=O)[O-],Active
4282,363895804,11831,C1C2=CC=CC=C2C3=C1C=C(C=C3)[N+](=O)[O-],Inactive
4283,363895804,11831,C1C2=CC=CC=C2C3=C1C=C(C=C3)[N+](=O)[O-],Active
4284,363895804,11831,C1C2=CC=CC=C2C3=C1C=C(C=C3)[N+](=O)[O-],Unspecified
4285,363895804,11831,C1C2=CC=CC=C2C3=C1C=C(C=C3)[N+](=O)[O-],Inactive
4286,363895804,11831,C1C2=CC=CC=C2C3=C1C=C(C=C3)[N+](=O)[O-],Active
4287,363895804,11831,C1C2=CC=CC=C2C3=C1C=C(C=C3)[N+](=O)[O-],Active
4288,363895805,11833,CC1=CC(=O)OC2=CC=CC=C12,Active
4289,363895806,11883,CC1=CC(=C(C=C1)[N+](=O)[O-])[N+](=O)[O-],Unspecified
4290,363895807,11885,C1=CC=C2C=C3C(=CC2=C1)C=CC=C3N,Inactive
4291,363895807,11885,C1=CC=C2C=C3C(=CC2=C1)C=CC=C3N,Inactive
4292,363895807,11885,C1=CC=C2C=C3C(=CC2=C1)C=CC=C3N,Inactive
4293,363895807,11885,C1=CC=C2C=C3C(=CC2=C1)C=CC=C3N,Unspecified
4294,363895807,11885,C1=CC=C2C=C3C(=CC2=C1)C=CC=C3N,Inactive
4295,363895807,11885,C1=CC=C2C=C3C(=CC2=C1)C=CC=C3N,Active
4296,363895808,11889,CCOC1=CC=CC=C1[N+](=O)[O-],Active
4297,363895809,4669250,C1=CC2=C(C=C1[N+](=O)[O-])C(=O)C(=O)N2,Active
4298,363895810,11904,CC1=CC=CC=C1C=C,Active
4299,363895810,11904,CC1=CC=CC=C1C=C,Active
4300,363895811,11910,CC1=C2C(=CC=C1)C=CC=N2,Active
4301,363895812,69141,C1=CC=C2C(=C1)C(=O)C=CN2,Inactive
4302,363895813,65051,CC1=CN(C(=O)NC1=O)[C@H]2CC[C@H](O2)COP(=O)(O)OP(=O)(O)OP(=O)(O)O,Unspecified
4303,363895814,11922,C1=CC=C(C(=C1)C#N)[N+](=O)[O-],Unspecified
4304,363895815,11925,C1=CC=C2C=C(C=CC2=C1)[NH3+].[Cl-],Unspecified
4305,363895815,11925,C1=CC=C2C=C(C=CC2=C1)[NH3+].[Cl-],Active
4306,363895815,11925,C1=CC=C2C=C(C=CC2=C1)[NH3+].[Cl-],Active
4307,363895816,11926,CC1=CC2=CC=CC=C2N=C1,Active
4308,363895817,11927,CC1=CC2=C(C=CC=N2)C=C1,Active
4309,363895818,11928,C1=CC=C2C(=C1)C=CC(=N2)Cl,Unspecified
4310,363895819,11929,CCN(C1=CC=CC=C1)N=O,Inactive
4311,363895819,11929,CCN(C1=CC=CC=C1)N=O,Active
4312,363895819,11929,CCN(C1=CC=CC=C1)N=O,Inactive
4313,363895820,11937,C1=CC=C2C=C3C=C(C=CC3=CC2=C1)N,Active
4314,363895820,11937,C1=CC=C2C=C3C=C(C=CC3=CC2=C1)N,Active
4315,363895820,11937,C1=CC=C2C=C3C=C(C=CC3=CC2=C1)N,Inactive
4316,363895820,11937,C1=CC=C2C=C3C=C(C=CC3=CC2=C1)N,Active
4317,363895820,11937,C1=CC=C2C=C3C=C(C=CC3=CC2=C1)N,Active
4318,363895820,11937,C1=CC=C2C=C3C=C(C=CC3=CC2=C1)N,Unspecified
4319,363895820,11937,C1=CC=C2C=C3C=C(C=CC3=CC2=C1)N,Active
4320,363895820,11937,C1=CC=C2C=C3C=C(C=CC3=CC2=C1)N,Active
4321,363895820,11937,C1=CC=C2C=C3C=C(C=CC3=CC2=C1)N,Active
4322,363895820,11937,C1=CC=C2C=C3C=C(C=CC3=CC2=C1)N,Inactive
4323,363895820,11937,C1=CC=C2C=C3C=C(C=CC3=CC2=C1)N,Active
4324,363895821,11938,CC1=CC2=CC3=CC=CC=C3N=C2C=C1,Unspecified
4325,363895822,11942,CC(=O)NC1=CC=C(C=C1)C2=CC=C(C=C2)NC(=O)C,Active
4326,363895823,11944,C1=CC=C2C=C(C=CC2=C1)C#N,Active
4327,363895824,69176,C1=CC=C2C=C(C=CC2=C1)NO,Active
4328,363895824,69176,C1=CC=C2C=C(C=CC2=C1)NO,Active
4329,363895824,69176,C1=CC=C2C=C(C=CC2=C1)NO,Active
4330,363895824,69176,C1=CC=C2C=C(C=CC2=C1)NO,Active
4331,363895824,69176,C1=CC=C2C=C(C=CC2=C1)NO,Active
4332,363895824,69176,C1=CC=C2C=C(C=CC2=C1)NO,Active
4333,363895824,69176,C1=CC=C2C=C(C=CC2=C1)NO,Active
4334,363895825,11945,C1=CC2=C(C=CC(=C2)[N+](=O)[O-])N=C1,Active
4335,363895826,11957,CN(C1=CC=CC=C1)N=O,Active
4336,363895826,11957,CN(C1=CC=CC=C1)N=O,Inactive
4337,363895827,11972,CC(=O)NC1=CC=CC=C1O,Unspecified
4338,363895828,11977,CCN(C(=O)OCC)N=O,Active
4339,363895828,11977,CCN(C(=O)OCC)N=O,Active
4340,363895828,11977,CCN(C(=O)OCC)N=O,Active
4341,363895828,11977,CCN(C(=O)OCC)N=O,Active
4342,363895828,11977,CCN(C(=O)OCC)N=O,Active
4343,363895828,11977,CCN(C(=O)OCC)N=O,Active
4344,363895828,11977,CCN(C(=O)OCC)N=O,Active
4345,363895828,11977,CCN(C(=O)OCC)N=O,Unspecified
4346,363895828,11977,CCN(C(=O)OCC)N=O,Active
4347,363895828,11977,CCN(C(=O)OCC)N=O,Active
4348,363895829,11976,COC1=C(C=C(C=C1)N)N,Active
4349,363895829,11976,COC1=C(C=C(C=C1)N)N,Inactive
4350,363895829,11976,COC1=C(C=C(C=C1)N)N,Unspecified
4351,363895829,11976,COC1=C(C=C(C=C1)N)N,Inactive
4352,363895829,11976,COC1=C(C=C(C=C1)N)N,Active
4353,363895830,94179,C1=CC(=C(C=C1N)N)N.Cl.Cl,Unspecified
4354,363895831,12001,CCOC(=O)N(C)N=O,Active
4355,363895831,12001,CCOC(=O)N(C)N=O,Active
4356,363895831,12001,CCOC(=O)N(C)N=O,Active
4357,363895831,12001,CCOC(=O)N(C)N=O,Active
4358,363895831,12001,CCOC(=O)N(C)N=O,Active
4359,363895831,12001,CCOC(=O)N(C)N=O,Active
4360,363895831,12001,CCOC(=O)N(C)N=O,Active
4361,363895831,12001,CCOC(=O)N(C)N=O,Active
4362,363895831,12001,CCOC(=O)N(C)N=O,Active
4363,363895831,12001,CCOC(=O)N(C)N=O,Active
4364,363895831,12001,CCOC(=O)N(C)N=O,Unspecified
4365,363895831,12001,CCOC(=O)N(C)N=O,Active
4366,363895831,12001,CCOC(=O)N(C)N=O,Active
4367,363895832,69206,C1=CC(=C(C=C1N)N)N,Inactive
4368,363895833,12067,CC1=CC(=CC(=C1)[N+](=O)[O-])[N+](=O)[O-],Unspecified
4369,363895834,12075,CC1=C(C=CC(=C1)[N+](=O)[O-])[N+](=O)[O-],Unspecified
4370,363895835,12076,C1=CC(=C(C=C1[N+](=O)[O-])N)C(=O)O,Inactive
4371,363895836,12088,C1=CC(=CC=C1C=O)C(=O)O,Active
4372,363895837,12130,CCCN(CCC)N=O,Active
4373,363895837,12130,CCCN(CCC)N=O,Active
4374,363895837,12130,CCCN(CCC)N=O,Unspecified
4375,363895837,12130,CCCN(CCC)N=O,Active
4376,363895837,12130,CCCN(CCC)N=O,Active
4377,363895837,12130,CCCN(CCC)N=O,Active
4378,363895838,12137,CNC1=CC=C(C=C1)N=NC2=CC=CC=C2,Active
4379,363895839,12161,CC1=CC=C(C=C1)C=C,Active
4380,363895839,12161,CC1=CC=C(C=C1)C=C,Active
4381,363895840,12166,CC1=CC=C(C=C1)N=O,Active
4382,363895841,12205,C1=CC(=CC=C1N)N.Cl.Cl,Inactive
4383,363895842,12225,C(CI)O,Active
4384,363895842,12225,C(CI)O,Inactive
4385,363895842,12225,C(CI)O,Active
4386,363895843,9561073,C(=N/O)\N,Active
4387,363895844,12228,CN=C=O,Active
4388,363895845,12254,CCNC(=O)N,Active
4389,363895846,12305,C(CCl)OC(=O)Cl,Inactive
4390,363895846,12305,C(CCl)OC(=O)Cl,Inactive
4391,363895847,5462923,C=C/C=C/Cl,Active
4392,363895848,657302,C1=CC=C(C=C1)C2(C(=O)[N-]C(=O)N2)C3=CC=CC=C3.[Na+],Active
4393,363895849,69436,C1=CC=C(C(=C1)C(=O)O)S(=O)(=O)N,Unspecified
4394,363895850,12443,C12=C(C(=C(C(=C1Br)Br)Br)Br)C(=O)OC2=O,Inactive
4395,363895851,12447,CC1=CC(=C(C2=CC=C(C=C2)N)C3=CC=C(C=C3)N)C=CC1=N.Cl,Unspecified
4396,363895852,135442941,C1=CC=C2C(=C1)C=CC(=C2N=NC3=CC=C(C=C3)S(=O)(=O)[O-])O.[Na+],Unspecified
4397,363895852,135442941,C1=CC=C2C(=C1)C=CC(=C2N=NC3=CC=C(C=C3)S(=O)(=O)[O-])O.[Na+],Unspecified
4398,363895853,5280352,CC1=C(NC(=C1CCC(=O)O)CC2=C(C(=C(N2)/C=C\3/C(=C(C(=O)N3)C)C=C)C)CCC(=O)O)/C=C\4/C(=C(C(=O)N4)C=C)C,Inactive
4399,363895853,5280352,CC1=C(NC(=C1CCC(=O)O)CC2=C(C(=C(N2)/C=C\3/C(=C(C(=O)N3)C)C=C)C)CCC(=O)O)/C=C\4/C(=C(C(=O)N4)C=C)C,Inactive
4400,363895854,12484,CC1=CC=CC=C1N.Cl,Unspecified
4401,363895854,12484,CC1=CC=CC=C1N.Cl,Active
4402,363895855,12525,CC(=O)[O-].CC(=O)[O-].[Mn+2],Active
4403,363895856,12541,CCSCCSP(=S)(OC)OC,Active
4404,363895857,2123,CN(C)C1=NC(=NC(=N1)N(C)C)N(C)C,Active
4405,363895858,12577,C1=C(OC(=C1)[N+](=O)[O-])C(=O)O,Inactive
4406,363895858,12577,C1=C(OC(=C1)[N+](=O)[O-])C(=O)O,Inactive
4407,363895858,12577,C1=C(OC(=C1)[N+](=O)[O-])C(=O)O,Inactive
4408,363895858,12577,C1=C(OC(=C1)[N+](=O)[O-])C(=O)O,Active
4409,363895859,12618,CC[NH2+]CC.[Cl-],Inactive
4410,363895860,12639,CCOC(=O)N1CC1,Active
4411,363895861,12679,CN(C)P(=O)(N(C)C)N(C)C,Active
4412,363895861,12679,CN(C)P(=O)(N(C)C)N(C)C,Active
4413,363895861,12679,CN(C)P(=O)(N(C)C)N(C)C,Active
4414,363895861,12679,CN(C)P(=O)(N(C)C)N(C)C,Active
4415,363895861,12679,CN(C)P(=O)(N(C)C)N(C)C,Active
4416,363895861,12679,CN(C)P(=O)(N(C)C)N(C)C,Active
4417,363895861,12679,CN(C)P(=O)(N(C)C)N(C)C,Active
4418,363895861,12679,CN(C)P(=O)(N(C)C)N(C)C,Active
4419,363895861,12679,CN(C)P(=O)(N(C)C)N(C)C,Active
4420,363895862,12699,CN(C(=O)N)N=O,Active
4421,363895862,12699,CN(C(=O)N)N=O,Active
4422,363895862,12699,CN(C(=O)N)N=O,Active
4423,363895862,12699,CN(C(=O)N)N=O,Active
4424,363895862,12699,CN(C(=O)N)N=O,Active
4425,363895862,12699,CN(C(=O)N)N=O,Active
4426,363895862,12699,CN(C(=O)N)N=O,Inactive
4427,363895862,12699,CN(C(=O)N)N=O,Active
4428,363895862,12699,CN(C(=O)N)N=O,Active
4429,363895862,12699,CN(C(=O)N)N=O,Active
4430,363895862,12699,CN(C(=O)N)N=O,Active
4431,363895862,12699,CN(C(=O)N)N=O,Active
4432,363895862,12699,CN(C(=O)N)N=O,Active
4433,363895862,12699,CN(C(=O)N)N=O,Active
4434,363895862,12699,CN(C(=O)N)N=O,Active
4435,363895862,12699,CN(C(=O)N)N=O,Active
4436,363895862,12699,CN(C(=O)N)N=O,Active
4437,363895862,12699,CN(C(=O)N)N=O,Active
4438,363895862,12699,CN(C(=O)N)N=O,Active
4439,363895862,12699,CN(C(=O)N)N=O,Active
4440,363895862,12699,CN(C(=O)N)N=O,Active
4441,363895862,12699,CN(C(=O)N)N=O,Active
4442,363895862,12699,CN(C(=O)N)N=O,Active
4443,363895862,12699,CN(C(=O)N)N=O,Active
4444,363895862,12699,CN(C(=O)N)N=O,Active
4445,363895862,12699,CN(C(=O)N)N=O,Active
4446,363895862,12699,CN(C(=O)N)N=O,Active
4447,363895862,12699,CN(C(=O)N)N=O,Unspecified
4448,363895862,12699,CN(C(=O)N)N=O,Active
4449,363895862,12699,CN(C(=O)N)N=O,Active
4450,363895862,12699,CN(C(=O)N)N=O,Active
4451,363895862,12699,CN(C(=O)N)N=O,Active
4452,363895862,12699,CN(C(=O)N)N=O,Active
4453,363895862,12699,CN(C(=O)N)N=O,Active
4454,363895863,12706,C(=O)(NO)NO,Unspecified
4455,363895863,12706,C(=O)(NO)NO,Unspecified
4456,363895863,12706,C(=O)(NO)NO,Inactive
4457,363895864,12733,CCSCCCl,Active
4458,363895865,12753,C1=CC=[N+](C=C1)[O-],Active
4459,363895865,12753,C1=CC=[N+](C=C1)[O-],Inactive
4460,363895866,69672,C1=C(C(=O)NC(=O)N1)I,Active
4461,363895867,12760,CC1=NC=C(N1)[N+](=O)[O-],Unspecified
4462,363895868,12774,C1=C(OC(=C1)[N+](=O)[O-])C=O,Inactive
4463,363895868,12774,C1=C(OC(=C1)[N+](=O)[O-])C=O,Inactive
4464,363895869,12788,CC1=CC(=C(C=C1)[N+](=O)[O-])O,Active
4465,363895870,4933,CCC(=O)NC1=CC(=C(C=C1)Cl)Cl,Inactive
4466,363895870,4933,CCC(=O)NC1=CC(=C(C=C1)Cl)Cl,Active
4467,363895870,4933,CCC(=O)NC1=CC(=C(C=C1)Cl)Cl,Inactive
4468,363895870,4933,CCC(=O)NC1=CC(=C(C=C1)Cl)Cl,Inactive
4469,363895870,4933,CCC(=O)NC1=CC(=C(C=C1)Cl)Cl,Inactive
4470,363895870,4933,CCC(=O)NC1=CC(=C(C=C1)Cl)Cl,Inactive
4471,363895870,4933,CCC(=O)NC1=CC(=C(C=C1)Cl)Cl,Inactive
4472,363895871,6433211,C1=C(OC(=C1)[N+](=O)[O-])/C=C/C(=O)N,Active
4473,363895871,6433211,C1=C(OC(=C1)[N+](=O)[O-])/C=C/C(=O)N,Active
4474,363895872,61205,C1=C(OC(=C1)[N+](=O)[O-])C2=NN=C(S2)N,Active
4475,363895873,69756,C1=C(OC(=C1)[N+](=O)[O-])C2=NC(=NC(=N2)N)N,Active
4476,363895874,5578,COC1=CC(=CC(=C1OC)OC)CC2=CN=C(N=C2N)N,Active
4477,363895874,5578,COC1=CC(=CC(=C1OC)OC)CC2=CN=C(N=C2N)N,Active
4478,363895875,96563,C1CN1P(=O)(N2CC2)N3CCN(CC3)P(=O)(N4CC4)N5CC5,Active
4479,363895875,96563,C1CN1P(=O)(N2CC2)N3CCN(CC3)P(=O)(N4CC4)N5CC5,Active
4480,363895875,96563,C1CN1P(=O)(N2CC2)N3CCN(CC3)P(=O)(N4CC4)N5CC5,Active
4481,363895876,5584,CC(CN1C2=CC=CC=C2CCC3=CC=CC=C31)CN(C)C,Unspecified
4482,363895877,12938,CCC1(C(=O)NC(=O)N(C1=O)C(=O)C2=CC=CC=C2)C3=CC=CC=C3,Unspecified
4483,363895877,12938,CCC1(C(=O)NC(=O)N(C1=O)C(=O)C2=CC=CC=C2)C3=CC=CC=C3,Inactive
4484,363895878,12967,CCN(C(=O)N)N=O,Active
4485,363895878,12967,CCN(C(=O)N)N=O,Active
4486,363895878,12967,CCN(C(=O)N)N=O,Active
4487,363895878,12967,CCN(C(=O)N)N=O,Unspecified
4488,363895878,12967,CCN(C(=O)N)N=O,Active
4489,363895878,12967,CCN(C(=O)N)N=O,Active
4490,363895878,12967,CCN(C(=O)N)N=O,Active
4491,363895878,12967,CCN(C(=O)N)N=O,Active
4492,363895878,12967,CCN(C(=O)N)N=O,Active
4493,363895878,12967,CCN(C(=O)N)N=O,Active
4494,363895878,12967,CCN(C(=O)N)N=O,Active
4495,363895878,12967,CCN(C(=O)N)N=O,Active
4496,363895878,12967,CCN(C(=O)N)N=O,Active
4497,363895878,12967,CCN(C(=O)N)N=O,Active
4498,363895878,12967,CCN(C(=O)N)N=O,Active
4499,363895878,12967,CCN(C(=O)N)N=O,Active
4500,363895878,12967,CCN(C(=O)N)N=O,Active
4501,363895878,12967,CCN(C(=O)N)N=O,Active
4502,363895878,12967,CCN(C(=O)N)N=O,Active
4503,363895878,12967,CCN(C(=O)N)N=O,Active
4504,363895878,12967,CCN(C(=O)N)N=O,Active
4505,363895878,12967,CCN(C(=O)N)N=O,Active
4506,363895878,12967,CCN(C(=O)N)N=O,Active
4507,363895878,12967,CCN(C(=O)N)N=O,Active
4508,363895878,12967,CCN(C(=O)N)N=O,Active
4509,363895878,12967,CCN(C(=O)N)N=O,Unspecified
4510,363895878,12967,CCN(C(=O)N)N=O,Active
4511,363895878,12967,CCN(C(=O)N)N=O,Active
4512,363895878,12967,CCN(C(=O)N)N=O,Active
4513,363895879,12968,CCCN(CCC)C(=O)SCC,Inactive
4514,363895879,12968,CCCN(CCC)C(=O)SCC,Inactive
4515,363895880,96019,C=CCN(C(=O)N)N=O,Active
4516,363895880,96019,C=CCN(C(=O)N)N=O,Active
4517,363895881,69800,CC(C)CN(C(=O)N)N=O,Active
4518,363895882,642197,C(/C=C/CCl)Cl,Active
4519,363895883,13002,C1C(O1)C=O,Active
4520,363895883,13002,C1C(O1)C=O,Active
4521,363895883,13002,C1C(O1)C=O,Active
4522,363895883,13002,C1C(O1)C=O,Active
4523,363895883,13002,C1C(O1)C=O,Active
4524,363895883,13002,C1C(O1)C=O,Active
4525,363895883,13002,C1C(O1)C=O,Active
4526,363895883,13002,C1C(O1)C=O,Active
4527,363895884,2130,C1C2CC3CC1CC(C2)(C3)N,Inactive
4528,363895885,69866,C1CC(C2=CC=CC=C2C1)OO,Inactive
4529,363895886,9566269,C1=C(OC(=C1)[N+](=O)[O-])/C(=N/O)/N,Active
4530,363895886,9566269,C1=C(OC(=C1)[N+](=O)[O-])/C(=N/O)/N,Active
4531,363895887,2722,C1=CC2=C(C(=C(C=C2Cl)Cl)O)N=C1,Unspecified
4532,363895888,3561,C1=C(C(=CC(=C1Cl)Cl)Cl)OCC#CI,Inactive
4533,363895889,69899,CN(C(=O)NC1=CC=C(C=C1)F)N=O,Active
4534,363895890,13076,CC1=C2C=CC=CC2=C(C3=CC=CC=C13)C,Active
4535,363895890,13076,CC1=C2C=CC=CC2=C(C3=CC=CC=C13)C,Unspecified
4536,363895890,13076,CC1=C2C=CC=CC2=C(C3=CC=CC=C13)C,Inactive
4537,363895890,13076,CC1=C2C=CC=CC2=C(C3=CC=CC=C13)C,Active
4538,363895891,13081,CCOP(=S)(OCC)SCSC1=CC=C(C=C1)Cl,Active
4539,363895892,107708,C1CC(=O)C2=C1C3=C(C=C2)C4=CC=CC=C4C=C3,Unspecified
4540,363895892,107708,C1CC(=O)C2=C1C3=C(C=C2)C4=CC=CC=C4C=C3,Unspecified
4541,363895892,107708,C1CC(=O)C2=C1C3=C(C=C2)C4=CC=CC=C4C=C3,Active
4542,363895893,13089,C1=CC=C(C(=C1)C(C2=CC=C(C=C2)Cl)C(Cl)(Cl)Cl)Cl,Active
4543,363895894,150852,CC1=CC2=C(C=CC3=CC=CC=C32)C4=C1C(=O)CC4,Unspecified
4544,363895895,196991,COC1=CC2=C(C=C1)C3=C(C=C2)C4=C(C=C3)C(=O)CC4,Unspecified
4545,363895896,69927,CC1=C2C=C(C3=CC=CC=C3C2=C(C4=CC=CC=C14)C)F,Inactive
4546,363895897,6414792,C1=C(OC(=C1)[N+](=O)[O-])/C=C/C2=CN=C(N=N2)N(CO)CO,Active
4547,363895898,62929,CC[C@@]12CC[C@@H]3[C@@H]([C@H]1CC[C@@]2(C#C)O)CCC4=CC(=O)CC[C@@H]34,Inactive
4548,363895899,61215,COCCOC1=C(C(=O)C(=C(C1=O)N2CC2)OCCOC)N3CC3,Active
4549,363895899,61215,COCCOC1=C(C(=O)C(=C(C1=O)N2CC2)OCCOC)N3CC3,Unspecified
4550,363895900,13116,CC1=C(C(=O)C2=C(C1=O)N3C[C@H]4[C@@H]([C@@]3([C@@H]2COC(=O)N)OC)N4C)N,Active
4551,363895901,13157,CCCN(C(=O)N)N=O,Inactive
4552,363895901,13157,CCCN(C(=O)N)N=O,Active
4553,363895901,13157,CCCN(C(=O)N)N=O,Active
4554,363895902,61220,C(CCl)N(CCCl)CCCl.Cl,Active
4555,363895902,61220,C(CCl)N(CCCl)CCCl.Cl,Active
4556,363895902,61220,C(CCl)N(CCCl)CCCl.Cl,Active
4557,363895902,61220,C(CCl)N(CCCl)CCCl.Cl,Active
4558,363895903,91489,C(C(=O)N)NC(=O)C=[N+]=[N-],Active
4559,363895903,91489,C(C(=O)N)NC(=O)C=[N+]=[N-],Active
4560,363895904,13178,C(C(=O)NN)NC(=O)C=[N+]=[N-],Active
4561,363895905,13186,C(CCl)[NH2+]CCCl.[Cl-],Active
4562,363895905,13186,C(CCl)[NH2+]CCCl.[Cl-],Active
4563,363895905,13186,C(CCl)[NH2+]CCCl.[Cl-],Active
4564,363895906,13206,CC1=CC=C(O1)[N+](=O)[O-],Active
4565,363895906,13206,CC1=CC=C(O1)[N+](=O)[O-],Active
4566,363895907,69988,COC1=C(C=CC(=C1)O)O,Unspecified
4567,363895908,13224,CC1=NC2=C(C=CC=C2O)C=C1,Unspecified
4568,363895909,13263,CCNC1=NC(=NC(=N1)SC)NC(C)C,Inactive
4569,363895910,13283,CC1=C(C=CC(=C1)CC2=CC(=C(C=C2)N)C)N,Active
4570,363895911,640024,CN(C)C1=CC=C(C=C1)/C=C/C2=CC=CC=C2,Unspecified
4571,363895912,786655,CC(=O)NC1=CC=C(C=C1)/C=C/C2=CC=CC=C2,Active
4572,363895913,2724063,C1=CC2=C(C=C1S(=O)(=O)[O-])C(=C(C=C2[N+](=O)[O-])[N+](=O)[O-])[O-].[Na+].[Na+],Unspecified
4573,363895914,70063,C1=C(C=C(C(=C1[N+](=O)[O-])O)SC2=CC(=CC(=C2O)[N+](=O)[O-])Cl)Cl,Unspecified
4574,363895915,13334,C1=CC(=CC=C1CC(C(=O)O)N)OC2=CC=C(C=C2)N(CCCl)CCCl,Active
4575,363895916,2723854,C1=CC2=C(C=C1S(=O)(=O)[O-])C(=C(N2)C3=NC4=C(C3=O)C=C(C=C4)S(=O)(=O)[O-])O.[Na+].[Na+],Unspecified
4576,363895916,2723854,C1=CC2=C(C=C1S(=O)(=O)[O-])C(=C(N2)C3=NC4=C(C3=O)C=C(C=C4)S(=O)(=O)[O-])O.[Na+].[Na+],Unspecified
4577,363895916,2723854,C1=CC2=C(C=C1S(=O)(=O)[O-])C(=C(N2)C3=NC4=C(C3=O)C=C(C=C4)S(=O)(=O)[O-])O.[Na+].[Na+],Inactive
4578,363895916,2723854,C1=CC2=C(C=C1S(=O)(=O)[O-])C(=C(N2)C3=NC4=C(C3=O)C=C(C=C4)S(=O)(=O)[O-])O.[Na+].[Na+],Inactive
4579,363895917,13342,CC[C@@]1(C[C@H]2C[C@@](C3=C(CCN(C2)C1)C4=CC=CC=C4N3)(C5=C(C=C6C(=C5)[C@]78CCN9[C@H]7[C@@](C=CC9)([C@H]([C@@]([C@@H]8N6C)(C(=O)OC)O)OC(=O)C)CC)OC)C(=O)OC)O,Active
4580,363895917,13342,CC[C@@]1(C[C@H]2C[C@@](C3=C(CCN(C2)C1)C4=CC=CC=C4N3)(C5=C(C=C6C(=C5)[C@]78CCN9[C@H]7[C@@](C=CC9)([C@H]([C@@]([C@@H]8N6C)(C(=O)OC)O)OC(=O)C)CC)OC)C(=O)OC)O,Active
4581,363895918,13362,CCCCN(C(=O)N)N=O,Active
4582,363895918,13362,CCCCN(C(=O)N)N=O,Active
4583,363895918,13362,CCCCN(C(=O)N)N=O,Inactive
4584,363895918,13362,CCCCN(C(=O)N)N=O,Active
4585,363895918,13362,CCCCN(C(=O)N)N=O,Active
4586,363895918,13362,CCCCN(C(=O)N)N=O,Active
4587,363895918,13362,CCCCN(C(=O)N)N=O,Inactive
4588,363895918,13362,CCCCN(C(=O)N)N=O,Active
4589,363895918,13362,CCCCN(C(=O)N)N=O,Active
4590,363895919,13363,CCN(CC)CCCl.Cl,Inactive
4591,363895919,13363,CCN(CC)CCCl.Cl,Active
4592,363895919,13363,CCN(CC)CCCl.Cl,Active
4593,363895919,13363,CCN(CC)CCCl.Cl,Active
4594,363895920,252325,C/C=C/C1=CC=CC=C1,Active
4595,363895920,252325,C/C=C/C1=CC=CC=C1,Active
4596,363895921,13396,C1=CC(=CC=C1C#N)N,Inactive
4597,363895922,13433,CC1=NC2=C(C=CC=C2[N+](=O)[O-])C=C1,Active
4598,363895923,96661,C1CN1P(=O)(NC2=NC=CC=N2)N3CC3,Active
4599,363895924,3034752,CC1=CC2=C(CCC2=O)C3=C1C4=CC=CC=C4C=C3,Active
4600,363895924,3034752,CC1=CC2=C(CCC2=O)C3=C1C4=CC=CC=C4C=C3,Active
4601,363895924,3034752,CC1=CC2=C(CCC2=O)C3=C1C4=CC=CC=C4C=C3,Active
4602,363895924,3034752,CC1=CC2=C(CCC2=O)C3=C1C4=CC=CC=C4C=C3,Active
4603,363895925,150165,CC1=C(C2=C(C=CC3=CC=CC=C32)C4=C1C(=O)CC4)C,Active
4604,363895926,13506,C1=CC=C2C(=C1)C(=CC=C2S(=O)(=O)[O-])N=NC3=C4C=CC(=CC4=CC(=C3O)S(=O)(=O)[O-])S(=O)(=O)[O-].[Na+].[Na+].[Na+],Inactive
4605,363895926,13506,C1=CC=C2C(=C1)C(=CC=C2S(=O)(=O)[O-])N=NC3=C4C=CC(=CC4=CC(=C3O)S(=O)(=O)[O-])S(=O)(=O)[O-].[Na+].[Na+].[Na+],Unspecified
4606,363895926,13506,C1=CC=C2C(=C1)C(=CC=C2S(=O)(=O)[O-])N=NC3=C4C=CC(=CC4=CC(=C3O)S(=O)(=O)[O-])S(=O)(=O)[O-].[Na+].[Na+].[Na+],Unspecified
4607,363895926,13506,C1=CC=C2C(=C1)C(=CC=C2S(=O)(=O)[O-])N=NC3=C4C=CC(=CC4=CC(=C3O)S(=O)(=O)[O-])S(=O)(=O)[O-].[Na+].[Na+].[Na+],Inactive
4608,363895926,13506,C1=CC=C2C(=C1)C(=CC=C2S(=O)(=O)[O-])N=NC3=C4C=CC(=CC4=CC(=C3O)S(=O)(=O)[O-])S(=O)(=O)[O-].[Na+].[Na+].[Na+],Inactive
4609,363895926,13506,C1=CC=C2C(=C1)C(=CC=C2S(=O)(=O)[O-])N=NC3=C4C=CC(=CC4=CC(=C3O)S(=O)(=O)[O-])S(=O)(=O)[O-].[Na+].[Na+].[Na+],Inactive
4610,363895927,13520,[Li+].[Li+].[Li+].C(C(=O)[O-])C(CC(=O)[O-])(C(=O)[O-])O,Active
4611,363895928,13542,CCCCN(CCCC)N=O,Active
4612,363895928,13542,CCCCN(CCCC)N=O,Active
4613,363895928,13542,CCCCN(CCCC)N=O,Active
4614,363895928,13542,CCCCN(CCCC)N=O,Inactive
4615,363895928,13542,CCCCN(CCCC)N=O,Unspecified
4616,363895928,13542,CCCCN(CCCC)N=O,Unspecified
4617,363895928,13542,CCCCN(CCCC)N=O,Inactive
4618,363895928,13542,CCCCN(CCCC)N=O,Unspecified
4619,363895928,13542,CCCCN(CCCC)N=O,Active
4620,363895928,13542,CCCCN(CCCC)N=O,Active
4621,363895928,13542,CCCCN(CCCC)N=O,Active
4622,363895929,13545,CCCN(C)N=O,Active
4623,363895930,13551,CC(C)OS(=O)(=O)C,Active
4624,363895930,13551,CC(C)OS(=O)(=O)C,Active
4625,363895930,13551,CC(C)OS(=O)(=O)C,Active
4626,363895930,13551,CC(C)OS(=O)(=O)C,Unspecified
4627,363895930,13551,CC(C)OS(=O)(=O)C,Active
4628,363895930,13551,CC(C)OS(=O)(=O)C,Active
4629,363895930,13551,CC(C)OS(=O)(=O)C,Active
4630,363895930,13551,CC(C)OS(=O)(=O)C,Active
4631,363895930,13551,CC(C)OS(=O)(=O)C,Active
4632,363895930,13551,CC(C)OS(=O)(=O)C,Active
4633,363895930,13551,CC(C)OS(=O)(=O)C,Unspecified
4634,363895930,13551,CC(C)OS(=O)(=O)C,Active
4635,363895930,13551,CC(C)OS(=O)(=O)C,Active
4636,363895930,13551,CC(C)OS(=O)(=O)C,Active
4637,363895930,13551,CC(C)OS(=O)(=O)C,Inactive
4638,363895930,13551,CC(C)OS(=O)(=O)C,Active
4639,363895930,13551,CC(C)OS(=O)(=O)C,Active
4640,363895930,13551,CC(C)OS(=O)(=O)C,Active
4641,363895931,13564,CC(=O)OCCBr,Active
4642,363895932,13586,C=CC1CO1,Active
4643,363895933,13591,C1CCN(C1)N=O,Active
4644,363895933,13591,C1CCN(C1)N=O,Active
4645,363895933,13591,C1CCN(C1)N=O,Active
4646,363895933,13591,C1CCN(C1)N=O,Active
4647,363895934,13611,C1=C(C(=O)NC(=O)N1)N,Active
4648,363895935,13623,C1=CC2=C(C=C1N)NC=N2,Inactive
4649,363895936,13643,CN(CC1=CC=CC=C1)N=O,Active
4650,363895936,13643,CN(CC1=CC=CC=C1)N=O,Active
4651,363895936,13643,CN(CC1=CC=CC=C1)N=O,Active
4652,363895936,13643,CN(CC1=CC=CC=C1)N=O,Active
4653,363895936,13643,CN(CC1=CC=CC=C1)N=O,Active
4654,363895937,3282,CCOC1=CC=CC=C1C(=O)N,Active
4655,363895938,135854,CC1=CC(=[O+]C(=C1)C)C.[O-]Cl(=O)(=O)=O,Active
4656,363895939,13676,CCOP(=S)(CC)SC1=CC=CC=C1,Unspecified
4657,363895939,13676,CCOP(=S)(CC)SC1=CC=CC=C1,Unspecified
4658,363895939,13676,CCOP(=S)(CC)SC1=CC=CC=C1,Inactive
4659,363895939,13676,CCOP(=S)(CC)SC1=CC=CC=C1,Inactive
4660,363895939,13676,CCOP(=S)(CC)SC1=CC=CC=C1,Inactive
4661,363895939,13676,CCOP(=S)(CC)SC1=CC=CC=C1,Inactive
4662,363895940,6440121,C/C(=C/C1=CC=C(C=C1)SC#N)/[N+](=O)[O-],Active
4663,363895941,13707,CCOP(=O)(N=C1SCC(S1)C)OCC,Active
4664,363895942,13709,COC1=NN(C(=O)S1)CSP(=S)(OC)OC,Active
4665,363895943,13711,C1[C@@H]([C@H](O[C@H]1N2C=CC(=NC2=O)N)CO)O,Unspecified
4666,363895943,13711,C1[C@@H]([C@H](O[C@H]1N2C=CC(=NC2=O)N)CO)O,Inactive
4667,363895943,13711,C1[C@@H]([C@H](O[C@H]1N2C=CC(=NC2=O)N)CO)O,Unspecified
4668,363895943,13711,C1[C@@H]([C@H](O[C@H]1N2C=CC(=NC2=O)N)CO)O,Unspecified
4669,363895943,13711,C1[C@@H]([C@H](O[C@H]1N2C=CC(=NC2=O)N)CO)O,Inactive
4670,363895944,13712,C1[C@@H]([C@H](O[C@H]1N2C=CC(=O)NC2=O)CO)O,Unspecified
4671,363895945,13730,C1[C@@H]([C@H](O[C@H]1N2C=NC3=C(N=CN=C32)N)CO)O,Unspecified
4672,363895945,13730,C1[C@@H]([C@H](O[C@H]1N2C=NC3=C(N=CN=C32)N)CO)O,Inactive
4673,363895946,66245,CC(C)NCC(C1=CC=C(C=C1)NS(=O)(=O)C)O.Cl,Unspecified
4674,363895947,70401,C1=CC=C2C=C3C4=CC=CC=C4C(=CC3=CC2=C1)O,Active
4675,363895947,70401,C1=CC=C2C=C3C4=CC=CC=C4C(=CC3=CC2=C1)O,Inactive
4676,363895947,70401,C1=CC=C2C=C3C4=CC=CC=C4C(=CC3=CC2=C1)O,Active
4677,363895948,135398592,C1[C@@H]([C@H](O[C@H]1N2C=NC3=C2N=C(NC3=O)N)CO)O,Inactive
4678,363895949,188169,C1=CC=C2C=C3C4=CC=CC=C4[C@H]5[C@@H](C3=CC2=C1)O5,Active
4679,363895949,188169,C1=CC=C2C=C3C4=CC=CC=C4[C@H]5[C@@H](C3=CC2=C1)O5,Active
4680,363895949,188169,C1=CC=C2C=C3C4=CC=CC=C4[C@H]5[C@@H](C3=CC2=C1)O5,Active
4681,363895949,188169,C1=CC=C2C=C3C4=CC=CC=C4[C@H]5[C@@H](C3=CC2=C1)O5,Active
4682,363895949,188169,C1=CC=C2C=C3C4=CC=CC=C4[C@H]5[C@@H](C3=CC2=C1)O5,Active
4683,363895949,188169,C1=CC=C2C=C3C4=CC=CC=C4[C@H]5[C@@H](C3=CC2=C1)O5,Active
4684,363895949,188169,C1=CC=C2C=C3C4=CC=CC=C4[C@H]5[C@@H](C3=CC2=C1)O5,Active
4685,363895949,188169,C1=CC=C2C=C3C4=CC=CC=C4[C@H]5[C@@H](C3=CC2=C1)O5,Active
4686,363895950,13754,CCOP(=O)(OCC)OC1=NC(=NC(=C1)C)C(C)C,Active
4687,363895951,13757,CC1=CC2=C(C=C1)N=C3C(=C2C)C=CC4=CC=CC=C43,Inactive
4688,363895951,13757,CC1=CC2=C(C=C1)N=C3C(=C2C)C=CC4=CC=CC=C43,Active
4689,363895951,13757,CC1=CC2=C(C=C1)N=C3C(=C2C)C=CC4=CC=CC=C43,Active
4690,363895951,13757,CC1=CC2=C(C=C1)N=C3C(=C2C)C=CC4=CC=CC=C43,Inactive
4691,363895951,13757,CC1=CC2=C(C=C1)N=C3C(=C2C)C=CC4=CC=CC=C43,Unspecified
4692,363895951,13757,CC1=CC2=C(C=C1)N=C3C(=C2C)C=CC4=CC=CC=C43,Unspecified
4693,363895951,13757,CC1=CC2=C(C=C1)N=C3C(=C2C)C=CC4=CC=CC=C43,Active
4694,363895951,13757,CC1=CC2=C(C=C1)N=C3C(=C2C)C=CC4=CC=CC=C43,Inactive
4695,363895951,13757,CC1=CC2=C(C=C1)N=C3C(=C2C)C=CC4=CC=CC=C43,Active
4696,363895952,65063,C1[C@@H]([C@H](O[C@H]1N2C=CC(=O)NC2=O)COP(=O)(O)O)O,Unspecified
4697,363895953,1989,CC(=O)C1=CC=C(C=C1)S(=O)(=O)NC(=O)NC2CCCCC2,Unspecified
4698,363895954,13781,C[NH+]1CC(=O)N=C1N.C1=CC2=C(C=C1O)C(=CN2)CC[NH3+].[O-]S(=O)(=O)[O-],Unspecified
4699,363895954,13781,C[NH+]1CC(=O)N=C1N.C1=CC2=C(C=C1O)C(=CN2)CC[NH3+].[O-]S(=O)(=O)[O-],Unspecified
4700,363895955,13806,CCNC1=CC2=C(C=C1C)C(=C3C=C(C(=[NH+]CC)C=C3O2)C)C4=CC=CC=C4C(=O)OCC.[Cl-],Unspecified
4701,363895956,13832,CCOC(=O)CNC(=O)C=[N+]=[N-],Active
4702,363895957,13836,C[N+](C)(C)CCCl.[Cl-],Active
4703,363895957,13836,C[N+](C)(C)CCCl.[Cl-],Inactive
4704,363895958,115249,CC1=NC=C(N1CC(=O)O)[N+](=O)[O-],Unspecified
4705,363895958,115249,CC1=NC=C(N1CC(=O)O)[N+](=O)[O-],Unspecified
4706,363895959,70549,C(NC1=NC(=NC(=N1)NCO)NCO)O,Active
4707,363895960,13925,CNC1=C(C=C(C=C1)Cl)C(=O)C2=CC=CC=C2,Unspecified
4708,363895961,472175,C1[C@@H]([C@H](O[C@H]1N2C=C(C(=NC2=O)N)Br)CO)O,Unspecified
4709,363895961,472175,C1[C@@H]([C@H](O[C@H]1N2C=C(C(=NC2=O)N)Br)CO)O,Unspecified
4710,363895961,472175,C1[C@@H]([C@H](O[C@H]1N2C=C(C(=NC2=O)N)Br)CO)O,Active
4711,363895961,472175,C1[C@@H]([C@H](O[C@H]1N2C=C(C(=NC2=O)N)Br)CO)O,Active
4712,363895961,472175,C1[C@@H]([C@H](O[C@H]1N2C=C(C(=NC2=O)N)Br)CO)O,Unspecified
4713,363895962,15559699,[C@@H]12[C@@H]([C@H]([C@@H]3[C@H]1O3)Cl)[C@]4(C(=C([C@@]2(C4(Cl)Cl)Cl)Cl)Cl)Cl,Inactive
4714,363895962,15559699,[C@@H]12[C@@H]([C@H]([C@@H]3[C@H]1O3)Cl)[C@]4(C(=C([C@@]2(C4(Cl)Cl)Cl)Cl)Cl)Cl,Unspecified
4715,363895962,15559699,[C@@H]12[C@@H]([C@H]([C@@H]3[C@H]1O3)Cl)[C@]4(C(=C([C@@]2(C4(Cl)Cl)Cl)Cl)Cl)Cl,Unspecified
4716,363895963,23691982,C1=CC(=CC=C1CCCC(=O)[O-])N(CCCl)CCCl.[Na+],Active
4717,363895964,13981,C1=CC(=CC(=C1)N=NC2=C(C=C(C=C2)N)N)N=NC3=C(C=C(C=C3)N)N,Unspecified
4718,363895965,14005,CC(=O)OC1=C(C=C(C=C1)C2=C(C(=O)C3=C(O2)C=C(C=C3OC(=O)C)OC(=O)C)OC(=O)C)OC(=O)C,Active
4719,363895966,135442942,C1=CC=C(C=C1)N=NC2=C(C3=C(C(=C(C=C3C=C2S(=O)(=O)[O-])S(=O)(=O)[O-])N=NC4=CC=C(C=C4)[N+](=O)[O-])N)O.[Na+].[Na+],Unspecified
4720,363895967,44144393,CCC(C)CCCC(=O)N[C@@H](CCN)C(=O)N[C@@H]([C@@H](C)O)C(=O)N[C@@H](CCN)C(=O)N[C@H]1CCNC(=O)C(NC(=O)[C@H](NC(=O)[C@@H](NC(=O)[C@H](NC(=O)[C@H](NC(=O)[C@@H](NC1=O)CCN)CC(C)C)CC(C)C)CCN)CCN)[C@@H](C)O,Inactive
4721,363895967,44144393,CCC(C)CCCC(=O)N[C@@H](CCN)C(=O)N[C@@H]([C@@H](C)O)C(=O)N[C@@H](CCN)C(=O)N[C@H]1CCNC(=O)C(NC(=O)[C@H](NC(=O)[C@@H](NC(=O)[C@H](NC(=O)[C@H](NC(=O)[C@@H](NC1=O)CCN)CC(C)C)CC(C)C)CCN)CCN)[C@@H](C)O,Inactive
4722,363895967,44144393,CCC(C)CCCC(=O)N[C@@H](CCN)C(=O)N[C@@H]([C@@H](C)O)C(=O)N[C@@H](CCN)C(=O)N[C@H]1CCNC(=O)C(NC(=O)[C@H](NC(=O)[C@@H](NC(=O)[C@H](NC(=O)[C@H](NC(=O)[C@@H](NC1=O)CCN)CC(C)C)CC(C)C)CCN)CCN)[C@@H](C)O,Inactive
4723,363895968,14012,CC(=O)[O-].CC(=O)[O-].CC(=O)[O-].[Cr+3],Unspecified
4724,363895968,14012,CC(=O)[O-].CC(=O)[O-].CC(=O)[O-].[Cr+3],Unspecified
4725,363895969,14019,CC[Pb](CC)(CC)Cl,Inactive
4726,363895969,14019,CC[Pb](CC)(CC)Cl,Active
4727,363895970,14039,CC(=O)NN,Active
4728,363895971,14051,CC[C@@H](CO)NCCN[C@@H](CC)CO.Cl.Cl,Active
4729,363895972,14075,C1COS(=O)(=O)O1,Active
4730,363895972,14075,C1COS(=O)(=O)O1,Active
4731,363895973,14076,C1CN1CCCN,Active
4732,363895974,14077,C1CN1CCC#N,Active
4733,363895975,70623,C1COS(=O)(=O)OC1,Active
4734,363895975,70623,C1COS(=O)(=O)OC1,Active
4735,363895976,14087,COC(=O)CCN1CC1,Active
4736,363895977,,,Active
4737,363895977,,,Active
4738,363895978,71602,CC(=O)NNC(=O)C1=CC=NC=C1,Unspecified
4739,363895979,65067,C1=CSC(=C1)C2=CC=C(S2)C3=CC=CS3,Unspecified
4740,363895980,14145,CN(C)S(=O)(=O)N(C1=CC=CC=C1)SC(F)(Cl)Cl,Unspecified
4741,363895980,14145,CN(C)S(=O)(=O)N(C1=CC=CC=C1)SC(F)(Cl)Cl,Inactive
4742,363895981,11098767,C1=CC(=CC(=C1)N(CCCl)CCCl)C[C@@H](C(=O)O)N,Active
4743,363895982,9571062,C1C(=O)N(C(=O)N1/N=C/C2=CC=C(O2)[N+](=O)[O-])CO,Unspecified
4744,363895983,14223,C(CO)N(CCO)N=O,Unspecified
4745,363895983,14223,C(CO)N(CCO)N=O,Active
4746,363895984,14264,C1COS(=O)(=O)C1,Unspecified
4747,363895984,14264,C1COS(=O)(=O)C1,Active
4748,363895984,14264,C1COS(=O)(=O)C1,Active
4749,363895984,14264,C1COS(=O)(=O)C1,Active
4750,363895984,14264,C1COS(=O)(=O)C1,Active
4751,363895984,14264,C1COS(=O)(=O)C1,Active
4752,363895984,14264,C1COS(=O)(=O)C1,Active
4753,363895984,14264,C1COS(=O)(=O)C1,Active
4754,363895984,14264,C1COS(=O)(=O)C1,Active
4755,363895984,14264,C1COS(=O)(=O)C1,Active
4756,363895984,14264,C1COS(=O)(=O)C1,Active
4757,363895984,14264,C1COS(=O)(=O)C1,Active
4758,363895984,14264,C1COS(=O)(=O)C1,Active
4759,363895984,14264,C1COS(=O)(=O)C1,Active
4760,363895985,14267,CCCCN1CC1,Active
4761,363895986,70716,CC1CCOS1(=O)=O,Active
4762,363895987,70746,C1=NC2=NNN=C2C(=N1)N,Active
4763,363895988,,,Active
4764,363895989,70761,CCC1=CC(=C(C=C1)O)O,Inactive
4765,363895990,14306,CC1=CC2=CC=CC=C2C=N1,Unspecified
4766,363895991,14322,CC1=CC(=CC=C1)OC(=O)NC,Inactive
4767,363895991,14322,CC1=CC(=CC=C1)OC(=O)NC,Inactive
4768,363895992,70794,C(C1OC(OC(O1)CCl)CCl)Cl,Active
4769,363895993,97254,C1=CC=C(C=C1)CCN(CCCl)CCCl,Active
4770,363895994,2202,C1C2=C(C(=CC=C2)O)C(=O)C3=C1C=CC=C3O,Inactive
4771,363895994,2202,C1C2=C(C(=CC=C2)O)C(=O)C3=C1C=CC=C3O,Unspecified
4772,363895995,14371,CC(=O)NC1=CC2=C(C=C1)C3=C(C2)C=CC=C3O,Unspecified
4773,363895995,14371,CC(=O)NC1=CC2=C(C=C1)C3=C(C2)C=CC=C3O,Active
4774,363895995,14371,CC(=O)NC1=CC2=C(C=C1)C3=C(C2)C=CC=C3O,Inactive
4775,363895995,14371,CC(=O)NC1=CC2=C(C=C1)C3=C(C2)C=CC=C3O,Inactive
4776,363895995,14371,CC(=O)NC1=CC2=C(C=C1)C3=C(C2)C=CC=C3O,Active
4777,363895996,14388,CC1=C2C3C(O3)C4=CC=CC=C4C2=CC5=CC=CC=C15,Active
4778,363895996,14388,CC1=C2C3C(O3)C4=CC=CC=C4C2=CC5=CC=CC=C15,Active
4779,363895996,14388,CC1=C2C3C(O3)C4=CC=CC=C4C2=CC5=CC=CC=C15,Active
4780,363895996,14388,CC1=C2C3C(O3)C4=CC=CC=C4C2=CC5=CC=CC=C15,Active
4781,363895996,14388,CC1=C2C3C(O3)C4=CC=CC=C4C2=CC5=CC=CC=C15,Active
4782,363895997,5503,CC1=CC=C(C=C1)S(=O)(=O)NC(=O)NN2CCCCCC2,Unspecified
4783,363895998,186907,COC1=C2C3=C(C(=O)CC3)C(=O)OC2=C4[C@@H]5C=CO[C@@H]5OC4=C1,Active
4784,363895998,186907,COC1=C2C3=C(C(=O)CC3)C(=O)OC2=C4[C@@H]5C=CO[C@@H]5OC4=C1,Active
4785,363895998,186907,COC1=C2C3=C(C(=O)CC3)C(=O)OC2=C4[C@@H]5C=CO[C@@H]5OC4=C1,Active
4786,363895998,186907,COC1=C2C3=C(C(=O)CC3)C(=O)OC2=C4[C@@H]5C=CO[C@@H]5OC4=C1,Active
4787,363895998,186907,COC1=C2C3=C(C(=O)CC3)C(=O)OC2=C4[C@@H]5C=CO[C@@H]5OC4=C1,Active
4788,363895998,186907,COC1=C2C3=C(C(=O)CC3)C(=O)OC2=C4[C@@H]5C=CO[C@@H]5OC4=C1,Active
4789,363895998,186907,COC1=C2C3=C(C(=O)CC3)C(=O)OC2=C4[C@@H]5C=CO[C@@H]5OC4=C1,Active
4790,363895998,186907,COC1=C2C3=C(C(=O)CC3)C(=O)OC2=C4[C@@H]5C=CO[C@@H]5OC4=C1,Active
4791,363895998,186907,COC1=C2C3=C(C(=O)CC3)C(=O)OC2=C4[C@@H]5C=CO[C@@H]5OC4=C1,Active
4792,363895998,186907,COC1=C2C3=C(C(=O)CC3)C(=O)OC2=C4[C@@H]5C=CO[C@@H]5OC4=C1,Unspecified
4793,363895998,186907,COC1=C2C3=C(C(=O)CC3)C(=O)OC2=C4[C@@H]5C=CO[C@@H]5OC4=C1,Active
4794,363895998,186907,COC1=C2C3=C(C(=O)CC3)C(=O)OC2=C4[C@@H]5C=CO[C@@H]5OC4=C1,Active
4795,363895998,186907,COC1=C2C3=C(C(=O)CC3)C(=O)OC2=C4[C@@H]5C=CO[C@@H]5OC4=C1,Active
4796,363895998,186907,COC1=C2C3=C(C(=O)CC3)C(=O)OC2=C4[C@@H]5C=CO[C@@H]5OC4=C1,Active
4797,363895998,186907,COC1=C2C3=C(C(=O)CC3)C(=O)OC2=C4[C@@H]5C=CO[C@@H]5OC4=C1,Active
4798,363895998,186907,COC1=C2C3=C(C(=O)CC3)C(=O)OC2=C4[C@@H]5C=CO[C@@H]5OC4=C1,Active
4799,363895998,186907,COC1=C2C3=C(C(=O)CC3)C(=O)OC2=C4[C@@H]5C=CO[C@@H]5OC4=C1,Active
4800,363895998,186907,COC1=C2C3=C(C(=O)CC3)C(=O)OC2=C4[C@@H]5C=CO[C@@H]5OC4=C1,Active
4801,363895998,186907,COC1=C2C3=C(C(=O)CC3)C(=O)OC2=C4[C@@H]5C=CO[C@@H]5OC4=C1,Active
4802,363895998,186907,COC1=C2C3=C(C(=O)CC3)C(=O)OC2=C4[C@@H]5C=CO[C@@H]5OC4=C1,Inactive
4803,363895998,186907,COC1=C2C3=C(C(=O)CC3)C(=O)OC2=C4[C@@H]5C=CO[C@@H]5OC4=C1,Inactive
4804,363895998,186907,COC1=C2C3=C(C(=O)CC3)C(=O)OC2=C4[C@@H]5C=CO[C@@H]5OC4=C1,Active
4805,363895998,186907,COC1=C2C3=C(C(=O)CC3)C(=O)OC2=C4[C@@H]5C=CO[C@@H]5OC4=C1,Active
4806,363895998,186907,COC1=C2C3=C(C(=O)CC3)C(=O)OC2=C4[C@@H]5C=CO[C@@H]5OC4=C1,Active
4807,363895998,186907,COC1=C2C3=C(C(=O)CC3)C(=O)OC2=C4[C@@H]5C=CO[C@@H]5OC4=C1,Active
4808,363895998,186907,COC1=C2C3=C(C(=O)CC3)C(=O)OC2=C4[C@@H]5C=CO[C@@H]5OC4=C1,Active
4809,363895998,186907,COC1=C2C3=C(C(=O)CC3)C(=O)OC2=C4[C@@H]5C=CO[C@@H]5OC4=C1,Active
4810,363895998,186907,COC1=C2C3=C(C(=O)CC3)C(=O)OC2=C4[C@@H]5C=CO[C@@H]5OC4=C1,Active
4811,363895998,186907,COC1=C2C3=C(C(=O)CC3)C(=O)OC2=C4[C@@H]5C=CO[C@@H]5OC4=C1,Active
4812,363895999,2724361,COC1=C2C3=C(C(=O)OCC3)C(=O)OC2=C4[C@@H]5C=CO[C@@H]5OC4=C1,Active
4813,363895999,2724361,COC1=C2C3=C(C(=O)OCC3)C(=O)OC2=C4[C@@H]5C=CO[C@@H]5OC4=C1,Active
4814,363895999,2724361,COC1=C2C3=C(C(=O)OCC3)C(=O)OC2=C4[C@@H]5C=CO[C@@H]5OC4=C1,Active
4815,363895999,2724361,COC1=C2C3=C(C(=O)OCC3)C(=O)OC2=C4[C@@H]5C=CO[C@@H]5OC4=C1,Active
4816,363895999,2724361,COC1=C2C3=C(C(=O)OCC3)C(=O)OC2=C4[C@@H]5C=CO[C@@H]5OC4=C1,Active
4817,363895999,2724361,COC1=C2C3=C(C(=O)OCC3)C(=O)OC2=C4[C@@H]5C=CO[C@@H]5OC4=C1,Active
4818,363895999,2724361,COC1=C2C3=C(C(=O)OCC3)C(=O)OC2=C4[C@@H]5C=CO[C@@H]5OC4=C1,Inactive
4819,363895999,2724361,COC1=C2C3=C(C(=O)OCC3)C(=O)OC2=C4[C@@H]5C=CO[C@@H]5OC4=C1,Active
4820,363896000,14451,C[Hg+].[OH-],Active
4821,363896000,14451,C[Hg+].[OH-],Active
4822,363896000,14451,C[Hg+].[OH-],Active
4823,363896001,142775,CS(=O)(=O)OC[C@H]([C@H]([C@@H]([C@@H](COS(=O)(=O)C)O)O)O)O,Active
4824,363896002,14510,C1=CC(=CC=C1N)S,Inactive
4825,363896003,3031,C1=CC(=C(C(=C1)Cl)C#N)Cl,Inactive
4826,363896004,96669,CN(C)P(=O)(N1CC1)N(C)C,Active
4827,363896004,96669,CN(C)P(=O)(N1CC1)N(C)C,Active
4828,363896004,96669,CN(C)P(=O)(N1CC1)N(C)C,Active
4829,363896004,96669,CN(C)P(=O)(N1CC1)N(C)C,Active
4830,363896005,119044,CN(C)P(=O)(N1CC1)N2CC2,Active
4831,363896005,119044,CN(C)P(=O)(N1CC1)N2CC2,Active
4832,363896005,119044,CN(C)P(=O)(N1CC1)N2CC2,Active
4833,363896005,119044,CN(C)P(=O)(N1CC1)N2CC2,Active
4834,363896005,119044,CN(C)P(=O)(N1CC1)N2CC2,Active
4835,363896006,70967,CN(C)C1=CC=C(C=C1)C#N,Unspecified
4836,363896007,14534,C1=CC=C2C(=C1)C=CC(=C2[NH3+])O.[Cl-],Active
4837,363896007,14534,C1=CC=C2C(=C1)C=CC(=C2[NH3+])O.[Cl-],Unspecified
4838,363896008,100400,CC1=CC=C(C=C1)N(CCCl)CCCl,Active
4839,363896009,71018,C1=CC(=CC=C1C=O)N(CCCl)CCCl,Unspecified
4840,363896010,727200,C1CCC(CC1)NC(=S)NC2CCCCC2,Active
4841,363896011,14710,CC[N+]1=C2C=C(C=CC2=C3C=CC(=CC3=C1C4=CC=CC=C4)N)N.[Br-],Active
4842,363896011,14710,CC[N+]1=C2C=C(C=CC2=C3C=CC(=CC3=C1C4=CC=CC=C4)N)N.[Br-],Inactive
4843,363896011,14710,CC[N+]1=C2C=C(C=CC2=C3C=CC(=CC3=C1C4=CC=CC=C4)N)N.[Br-],Active
4844,363896011,14710,CC[N+]1=C2C=C(C=CC2=C3C=CC(=CC3=C1C4=CC=CC=C4)N)N.[Br-],Unspecified
4845,363896011,14710,CC[N+]1=C2C=C(C=CC2=C3C=CC(=CC3=C1C4=CC=CC=C4)N)N.[Br-],Active
4846,363896011,14710,CC[N+]1=C2C=C(C=CC2=C3C=CC(=CC3=C1C4=CC=CC=C4)N)N.[Br-],Inactive
4847,363896011,14710,CC[N+]1=C2C=C(C=CC2=C3C=CC(=CC3=C1C4=CC=CC=C4)N)N.[Br-],Inactive
4848,363896011,14710,CC[N+]1=C2C=C(C=CC2=C3C=CC(=CC3=C1C4=CC=CC=C4)N)N.[Br-],Inactive
4849,363896011,14710,CC[N+]1=C2C=C(C=CC2=C3C=CC(=CC3=C1C4=CC=CC=C4)N)N.[Br-],Inactive
4850,363896011,14710,CC[N+]1=C2C=C(C=CC2=C3C=CC(=CC3=C1C4=CC=CC=C4)N)N.[Br-],Active
4851,363896012,135487615,C1=CC=C2C(=C1)C=CC(=C2N=NC3=C(C4=CC=CC=C4C=C3)S(=O)(=O)[O-])O.[Na+],Inactive
4852,363896013,227037,C[C@H](CCCC(C)C)[C@H]1CC[C@@H]2[C@@]1(CC[C@H]3[C@H]2C[C@H]4[C@@]5([C@@]3(CC[C@@H](C5)O)C)O4)C,Active
4853,363896014,,,Active
4854,363896014,,,Active
4855,363896014,,,Inactive
4856,363896014,,,Inactive
4857,363896014,,,Unspecified
4858,363896014,,,Active
4859,363896014,,,Active
4860,363896015,14771,O=[As](=O)O[As](=O)=O,Active
4861,363896015,14771,O=[As](=O)O[As](=O)=O,Active
4862,363896016,14775,[Be]=O,Active
4863,363896017,14782,O=[Cd],Active
4864,363896018,14783,S=[Cd],Active
4865,363896018,14783,S=[Cd],Active
4866,363896019,14785,O.O.O.[Co],Active
4867,363896020,14789,O[Fe]=O.O[Fe]=O.[Fe],Inactive
4868,363896021,14794,[O-2].[O-2].[O-2].[Sb+3].[Sb+3],Active
4869,363896022,14798,[OH-].[Na+],Unspecified
4870,363896022,14798,[OH-].[Na+],Inactive
4871,363896023,237873,[Na+].[Na+].[SH-],Unspecified
4872,363896024,73973,[Na+].[Na+].[Se-2],Active
4873,363896024,73973,[Na+].[Na+].[Se-2],Active
4874,363896024,73973,[Na+].[Na+].[Se-2],Active
4875,363896025,14814,O=[V](=O)O[V](=O)=O,Active
4876,363896026,14823,S=[Mo]=S,Active
4877,363896027,14827,O=[Pb],Active
4878,363896028,14888,[O-2].[O-2].[O-2].[As+3].[As+3],Active
4879,363896029,,,Unspecified
4880,363896029,,,Inactive
4881,363896029,,,Inactive
4882,363896030,150167,[O-][As]([O-])[O-].[K+].[K+].[K+],Active
4883,363896030,150167,[O-][As]([O-])[O-].[K+].[K+].[K+],Inactive
4884,363896031,,,Inactive
4885,363896031,,,Active
4886,363896032,14915,O=[Cr](=O)=O,Active
4887,363896032,14915,O=[Cr](=O)=O,Active
4888,363896032,14915,O=[Cr](=O)=O,Active
4889,363896032,14915,O=[Cr](=O)=O,Active
4890,363896032,14915,O=[Cr](=O)=O,Active
4891,363896032,14915,O=[Cr](=O)=O,Active
4892,363896032,14915,O=[Cr](=O)=O,Active
4893,363896033,297,C,Active
4894,363896034,5284406,CC(=O)[O-].CC(=O)[O-].[OH-].[OH-].[OH-].[OH-].[Pb+2].[Pb+2].[Pb+2],Unspecified
4895,363896034,5284406,CC(=O)[O-].CC(=O)[O-].[OH-].[OH-].[OH-].[OH-].[Pb+2].[Pb+2].[Pb+2],Active
4896,363896035,,,Inactive
4897,363896036,,,Active
4898,363896037,,,Active
4899,363896038,,,Inactive
4900,363896039,,,Active
4901,363896040,164825,C1=CC(=CC=C1N=NC2C(=NN(C2=O)C3=CC=C(C=C3)S(=O)(=O)[O-])C(=O)[O-])S(=O)(=O)[O-].[Na+].[Na+].[Na+],Inactive
4902,363896041,,,Inactive
4903,363896042,,,Unspecified
4904,363896043,25113282,CC1=C2C(=CC(=C1C(=O)O)O)C(=O)C3=C(C2=O)C(=C(C(=C3O)O)[C@H]4[C@@H]([C@@H]([C@H]([C@@H](O4)CO)O)O)O)O,Unspecified
4905,363896043,25113282,CC1=C2C(=CC(=C1C(=O)O)O)C(=O)C3=C(C2=O)C(=C(C(=C3O)O)[C@H]4[C@@H]([C@@H]([C@H]([C@@H](O4)CO)O)O)O)O,Unspecified
4906,363896044,5280965,C[C@H]1/C=C/C=C/C=C/C=C/C=C/C=C/C=C/[C@@H](C[C@H]2[C@@H]([C@H](C[C@](O2)(C[C@H](C[C@H]([C@@H](CC[C@H](C[C@H](CC(=O)O[C@H]([C@@H]([C@@H]1O)C)C)O)O)O)O)O)O)O)C(=O)O)O[C@H]3[C@H]([C@H]([C@@H]([C@H](O3)C)O)N)O,Active
4907,363896045,6433272,C[C@H]1/C=C/C=C/CC/C=C/C=C/C=C/C=C/C(CC2C(C(C[C@](O2)(CC(C(CCC(CC(CC(CC(=O)O[C@H]([C@@H]([C@@H]1O)C)C)O)O)O)O)O)O)O)C(=O)O)O[C@@H]3[C@H]([C@H]([C@@H]([C@H](O3)C)O)N)O,Inactive
4908,363896046,16133892,C1=C(C=C(C(=C1O)O)O)C(=O)OC2=CC(=CC(=C2O)O)C(=O)OC[C@H]3[C@@H]([C@H]([C@@H]([C@H](O3)OC(=O)C4=CC(=C(C(=C4)OC(=O)C5=CC(=C(C(=C5)O)O)O)O)O)OC(=O)C6=CC(=C(C(=C6)OC(=O)C7=CC(=C(C(=C7)O)O)O)O)O)OC(=O)C8=CC(=C(C(=C8)OC(=O)C9=CC(=C(C(=C9)O)O)O)O)O)OC(=O)C1=CC(=C(C(=C1)OC(=O)C1=CC(=C(C(=C1)O)O)O)O)O,Active
4909,363896046,16133892,C1=C(C=C(C(=C1O)O)O)C(=O)OC2=CC(=CC(=C2O)O)C(=O)OC[C@H]3[C@@H]([C@H]([C@@H]([C@H](O3)OC(=O)C4=CC(=C(C(=C4)OC(=O)C5=CC(=C(C(=C5)O)O)O)O)O)OC(=O)C6=CC(=C(C(=C6)OC(=O)C7=CC(=C(C(=C7)O)O)O)O)O)OC(=O)C8=CC(=C(C(=C8)OC(=O)C9=CC(=C(C(=C9)O)O)O)O)O)OC(=O)C1=CC(=C(C(=C1)OC(=O)C1=CC(=C(C(=C1)O)O)O)O)O,Unspecified
4910,363896047,14421,COC1=C2C3=C(C(=O)OCC3)C(=O)OC2=C4C5C=COC5OC4=C1,Active
4911,363896047,14421,COC1=C2C3=C(C(=O)OCC3)C(=O)OC2=C4C5C=COC5OC4=C1,Unspecified
4912,363896047,14421,COC1=C2C3=C(C(=O)OCC3)C(=O)OC2=C4C5C=COC5OC4=C1,Active
4913,363896047,14421,COC1=C2C3=C(C(=O)OCC3)C(=O)OC2=C4C5C=COC5OC4=C1,Unspecified
4914,363896047,14421,COC1=C2C3=C(C(=O)OCC3)C(=O)OC2=C4C5C=COC5OC4=C1,Unspecified
4915,363896048,3467,CC(C1CCC(C(O1)OC2C(CC(C(C2O)OC3C(C(C(CO3)(C)O)NC)O)N)N)N)NC,Inactive
4916,363896049,62403,C1[C@H]([C@@H]([C@H]([C@@H]([C@H]1N)O[C@@H]2[C@@H]([C@H]([C@@H]([C@H](O2)CN)O)O)N)O[C@H]3[C@@H]([C@@H]([C@H](O3)CO)OC4[C@@H]([C@H]([C@@H]([C@@H](O4)CN)O)O)N)O)O)N.OS(=O)(=O)O,Active
4917,363896050,,,Unspecified
4918,363896050,,,Inactive
4919,363896050,,,Inactive
4920,363896051,14985,CC1=C(C2=C(CC[C@@](O2)(C)CCC[C@H](C)CCC[C@H](C)CCCC(C)C)C(=C1O)C)C,Unspecified
4921,363896051,14985,CC1=C(C2=C(CC[C@@](O2)(C)CCC[C@H](C)CCC[C@H](C)CCCC(C)C)C(=C1O)C)C,Unspecified
4922,363896052,98300,C1=CC=C2C=C3C4=CC=CC=C4C(C(C3=CC2=C1)O)O,Inactive
4923,363896053,15012,C1=CC=C2C(=C1)C=CC3=CC4=C(C=C32)C5C(O5)C6=CC=CC=C64,Active
4924,363896053,15012,C1=CC=C2C(=C1)C=CC3=CC4=C(C=C32)C5C(O5)C6=CC=CC=C64,Active
4925,363896053,15012,C1=CC=C2C(=C1)C=CC3=CC4=C(C=C32)C5C(O5)C6=CC=CC=C64,Active
4926,363896053,15012,C1=CC=C2C(=C1)C=CC3=CC4=C(C=C32)C5C(O5)C6=CC=CC=C64,Active
4927,363896053,15012,C1=CC=C2C(=C1)C=CC3=CC4=C(C=C32)C5C(O5)C6=CC=CC=C64,Unspecified
4928,363896053,15012,C1=CC=C2C(=C1)C=CC3=CC4=C(C=C32)C5C(O5)C6=CC=CC=C64,Active
4929,363896053,15012,C1=CC=C2C(=C1)C=CC3=CC4=C(C=C32)C5C(O5)C6=CC=CC=C64,Active
4930,363896054,,,Inactive
4931,363896055,15041,CC(=O)OC1=C(C(=C(C(=C1Cl)Cl)Cl)Cl)Cl,Unspecified
4932,363896056,15061,C(CCC(=O)C=[N+]=[N-])CC(=O)C=[N+]=[N-],Unspecified
4933,363896056,15061,C(CCC(=O)C=[N+]=[N-])CC(=O)C=[N+]=[N-],Active
4934,363896056,15061,C(CCC(=O)C=[N+]=[N-])CC(=O)C=[N+]=[N-],Inactive
4935,363896057,15064,COC1=CC=C(C=C1)N(CCCl)CCCl,Active
4936,363896058,15081,CC1CN(CC(O1)C)N=O,Active
4937,363896059,11254,C1C(O1)C2CO2,Active
4938,363896059,11254,C1C(O1)C2CO2,Active
4939,363896059,11254,C1C(O1)C2CO2,Active
4940,363896059,11254,C1C(O1)C2CO2,Active
4941,363896059,11254,C1C(O1)C2CO2,Active
4942,363896059,11254,C1C(O1)C2CO2,Active
4943,363896059,11254,C1C(O1)C2CO2,Active
4944,363896059,11254,C1C(O1)C2CO2,Active
4945,363896059,11254,C1C(O1)C2CO2,Active
4946,363896059,11254,C1C(O1)C2CO2,Active
4947,363896059,11254,C1C(O1)C2CO2,Active
4948,363896059,11254,C1C(O1)C2CO2,Active
4949,363896059,11254,C1C(O1)C2CO2,Active
4950,363896059,11254,C1C(O1)C2CO2,Active
4951,363896059,11254,C1C(O1)C2CO2,Active
4952,363896059,11254,C1C(O1)C2CO2,Active
4953,363896059,11254,C1C(O1)C2CO2,Active
4954,363896059,11254,C1C(O1)C2CO2,Active
4955,363896059,11254,C1C(O1)C2CO2,Active
4956,363896059,11254,C1C(O1)C2CO2,Active
4957,363896059,11254,C1C(O1)C2CO2,Active
4958,363896059,11254,C1C(O1)C2CO2,Active
4959,363896059,11254,C1C(O1)C2CO2,Active
4960,363896059,11254,C1C(O1)C2CO2,Active
4961,363896060,15106,C1=CC=C2C(=C1)C=CC=C2NCCN.Cl.Cl,Inactive
4962,363896061,5284653,C[C@]12CC[C@H]3[C@H]([C@@H]1C[C@H]([C@@H]2O)O)CCC4=C3C=CC(=C4)OC,Active
4963,363896062,15128,CCN(CC1=CC=C(C=C1)CN(CC)C(=O)C(Cl)Cl)C(=O)C(Cl)Cl,Active
4964,363896063,15134,C(CCCCNC(=O)C(Cl)Cl)CCCNC(=O)C(Cl)Cl,Active
4965,363896064,15160,C1=CC=C(C=C1)C(=O)NCC(=O)NO,Active
4966,363896065,15221,C(C(C(CBr)Br)Br)Br,Inactive
4967,363896066,15238,C1=CC(=CC(=C1)F)CN(CCCl)CCCl,Active
4968,363896067,15239,C1=CC=C(C(=C1)CN(CCCl)CCCl)F,Active
4969,363896068,15240,C1=CC(=CC=C1CN(CCCl)CCCl)F,Active
4970,363896069,6440846,C1=CC(=CC=C1/C=C/C2=CC=C(O2)[N+](=O)[O-])C(=O)N,Active
4971,363896069,6440846,C1=CC(=CC=C1/C=C/C2=CC=C(O2)[N+](=O)[O-])C(=O)N,Active
4972,363896069,6440846,C1=CC(=CC=C1/C=C/C2=CC=C(O2)[N+](=O)[O-])C(=O)N,Active
4973,363896069,6440846,C1=CC(=CC=C1/C=C/C2=CC=C(O2)[N+](=O)[O-])C(=O)N,Active
4974,363896069,6440846,C1=CC(=CC=C1/C=C/C2=CC=C(O2)[N+](=O)[O-])C(=O)N,Active
4975,363896070,73801,CN(C)C1=CC2=C(C=C1)[NH+]=C3C(=CC(=O)C(=C3O2)O)C(=O)O.[Cl-],Unspecified
4976,363896071,2566,CC1(CC2=C(O1)C(=CC=C2)OC(=O)NC)C,Active
4977,363896071,2566,CC1(CC2=C(O1)C(=CC=C2)OC(=O)NC)C,Unspecified
4978,363896071,2566,CC1(CC2=C(O1)C(=CC=C2)OC(=O)NC)C,Unspecified
4979,363896071,2566,CC1(CC2=C(O1)C(=CC=C2)OC(=O)NC)C,Inactive
4980,363896071,2566,CC1(CC2=C(O1)C(=CC=C2)OC(=O)NC)C,Inactive
4981,363896071,2566,CC1(CC2=C(O1)C(=CC=C2)OC(=O)NC)C,Inactive
4982,363896071,2566,CC1(CC2=C(O1)C(=CC=C2)OC(=O)NC)C,Inactive
4983,363896071,2566,CC1(CC2=C(O1)C(=CC=C2)OC(=O)NC)C,Inactive
4984,363896072,5569,CCCN(CCC)C1=C(C=C(C=C1[N+](=O)[O-])C(F)(F)F)[N+](=O)[O-],Active
4985,363896072,5569,CCCN(CCC)C1=C(C=C(C=C1[N+](=O)[O-])C(F)(F)F)[N+](=O)[O-],Active
4986,363896072,5569,CCCN(CCC)C1=C(C=C(C=C1[N+](=O)[O-])C(F)(F)F)[N+](=O)[O-],Active
4987,363896072,5569,CCCN(CCC)C1=C(C=C(C=C1[N+](=O)[O-])C(F)(F)F)[N+](=O)[O-],Unspecified
4988,363896072,5569,CCCN(CCC)C1=C(C=C(C=C1[N+](=O)[O-])C(F)(F)F)[N+](=O)[O-],Unspecified
4989,363896072,5569,CCCN(CCC)C1=C(C=C(C=C1[N+](=O)[O-])C(F)(F)F)[N+](=O)[O-],Inactive
4990,363896072,5569,CCCN(CCC)C1=C(C=C(C=C1[N+](=O)[O-])C(F)(F)F)[N+](=O)[O-],Inactive
4991,363896072,5569,CCCN(CCC)C1=C(C=C(C=C1[N+](=O)[O-])C(F)(F)F)[N+](=O)[O-],Inactive
4992,363896072,5569,CCCN(CCC)C1=C(C=C(C=C1[N+](=O)[O-])C(F)(F)F)[N+](=O)[O-],Active
4993,363896072,5569,CCCN(CCC)C1=C(C=C(C=C1[N+](=O)[O-])C(F)(F)F)[N+](=O)[O-],Inactive
4994,363896072,5569,CCCN(CCC)C1=C(C=C(C=C1[N+](=O)[O-])C(F)(F)F)[N+](=O)[O-],Inactive
4995,363896073,15325,C1=CC(=C(C=C1[N+](=O)[O-])[N+](=O)[O-])SC#N,Active
4996,363896073,15325,C1=CC(=C(C=C1[N+](=O)[O-])[N+](=O)[O-])SC#N,Active
4997,363896073,15325,C1=CC(=C(C=C1[N+](=O)[O-])[N+](=O)[O-])SC#N,Inactive
4998,363896073,15325,C1=CC(=C(C=C1[N+](=O)[O-])[N+](=O)[O-])SC#N,Inactive
4999,363896073,15325,C1=CC(=C(C=C1[N+](=O)[O-])[N+](=O)[O-])SC#N,Active
5000,363896074,15331,CN(C)NC(=O)CCC(=O)O,Active
5001,363896074,15331,CN(C)NC(=O)CCC(=O)O,Unspecified
5002,363896074,15331,CN(C)NC(=O)CCC(=O)O,Unspecified
5003,363896075,15337,CC(=O)[O-].CC(=O)[O-].[Hg+2],Inactive
5004,363896075,15337,CC(=O)[O-].CC(=O)[O-].[Hg+2],Inactive
5005,363896076,15352,C1=CC2=C3C(=C1)C=CC4=C(C=CC(=C43)C=C2)N,Active
5006,363896077,15374,CCNNCC,Active
5007,363896078,2802,C1C(=O)NC2=C(C=C(C=C2)[N+](=O)[O-])C(=N1)C3=CC=CC=C3Cl,Inactive
5008,363896078,2802,C1C(=O)NC2=C(C=C(C=C2)[N+](=O)[O-])C(=N1)C3=CC=CC=C3Cl,Inactive
5009,363896079,15411,C1CCS(=O)(=O)OC1,Active
5010,363896079,15411,C1CCS(=O)(=O)OC1,Active
5011,363896079,15411,C1CCS(=O)(=O)OC1,Active
5012,363896079,15411,C1CCS(=O)(=O)OC1,Active
5013,363896079,15411,C1CCS(=O)(=O)OC1,Active
5014,363896079,15411,C1CCS(=O)(=O)OC1,Unspecified
5015,363896079,15411,C1CCS(=O)(=O)OC1,Active
5016,363896080,15415,CCOC(=O)CC(C(=O)OCC)SP(=O)(OC)OC,Active
5017,363896080,15415,CCOC(=O)CC(C(=O)OCC)SP(=O)(OC)OC,Inactive
5018,363896081,135465069,C1=CC=C2C(=C1)C=CC(=C2N=NC3=CC=C(C4=CC=CC=C43)S(=O)(=O)[O-])O.[Na+],Unspecified
5019,363896082,15463,C1=CC=C(C=C1)C2=CC=C(C=C2)CCl,Unspecified
5020,363896082,15463,C1=CC=C(C=C1)C2=CC=C(C=C2)CCl,Inactive
5021,363896082,15463,C1=CC=C(C=C1)C2=CC=C(C=C2)CCl,Active
5022,363896082,15463,C1=CC=C(C=C1)C2=CC=C(C=C2)CCl,Active
5023,363896083,6870646,C1C(=O)NC(=O)N1/N=C/C=C/C2=CC=C(O2)[N+](=O)[O-],Inactive
5024,363896083,6870646,C1C(=O)NC(=O)N1/N=C/C=C/C2=CC=C(O2)[N+](=O)[O-],Active
5025,363896084,2286,CC(C)(C1=CC=C(C=C1)OCC2CO2)C3=CC=C(C=C3)OCC4CO4,Active
5026,363896085,159626,CCN(CC)CC(CNC1=C2C=C(C=CC2=NC3=C1C=CC(=C3)Cl)OC)O.Cl.Cl,Active
5027,363896086,15529,C1=CC=C(C=C1)N=NC2=CC=C(C=C2)O,Inactive
5028,363896087,15532,C1=C(C=C(C(=C1[N+](=O)[O-])O)I)C#N,Unspecified
5029,363896088,23691992,CCN(CC1=CC(=CC=C1)S(=O)(=O)O)C2=CC=C(C=C2)C(=C3C=CC(=[N+](C)C)C=C3)C4=CC=C(C=C4)N(CC)CC5=CC(=CC=C5)S(=O)(=O)[O-].[Na+],Unspecified
5030,363896088,23691992,CCN(CC1=CC(=CC=C1)S(=O)(=O)O)C2=CC=C(C=C2)C(=C3C=CC(=[N+](C)C)C=C3)C4=CC=C(C=C4)N(CC)CC5=CC(=CC=C5)S(=O)(=O)[O-].[Na+],Unspecified
5031,363896088,23691992,CCN(CC1=CC(=CC=C1)S(=O)(=O)O)C2=CC=C(C=C2)C(=C3C=CC(=[N+](C)C)C=C3)C4=CC=C(C=C4)N(CC)CC5=CC(=CC=C5)S(=O)(=O)[O-].[Na+],Active
5032,363896088,23691992,CCN(CC1=CC(=CC=C1)S(=O)(=O)O)C2=CC=C(C=C2)C(=C3C=CC(=[N+](C)C)C=C3)C4=CC=C(C=C4)N(CC)CC5=CC(=CC=C5)S(=O)(=O)[O-].[Na+],Inactive
5033,363896089,15546,C1=CC=C(C=C1)N2C(=O)C(=C(C=N2)N)Cl,Inactive
5034,363896090,15564,CC1=CC2=C(C=CC3=CC=CC=C32)C4=CC=CC=C14,Active
5035,363896091,15587,C1=CC(=CC=C1N=NC2=CC(=C(C=C2)[O-])C(=O)O)[N+](=O)[O-].[Na+],Unspecified
5036,363896092,15625,C1=C2C(=CC(=C1Cl)Cl)OC3=CC(=C(C=C3O2)Cl)Cl,Unspecified
5037,363896092,15625,C1=C2C(=CC(=C1Cl)Cl)OC3=CC(=C(C=C3O2)Cl)Cl,Unspecified
5038,363896092,15625,C1=C2C(=CC(=C1Cl)Cl)OC3=CC(=C(C=C3O2)Cl)Cl,Inactive
5039,363896092,15625,C1=C2C(=CC(=C1Cl)Cl)OC3=CC(=C(C=C3O2)Cl)Cl,Active
5040,363896093,15666,C(#N)[S-].[NH4+],Inactive
5041,363896094,74524,CC1=NC2=C(N1)C=C(C=C2)[N+](=O)[O-],Active
5042,363896095,64116,CCCOC1=NC2=C(N1C)C(=O)N(C(=O)N2C)C,Active
5043,363896096,15758,C1=C(C(=O)NC(=O)N1)Cl,Unspecified
5044,363896097,135565636,C1=CC=C(C(=C1)C(=O)O)N=NC2=C3C=CC(=CC3=CC(=C2[O-])S(=O)(=O)[O-])S(=O)(=O)[O-].[Na+].[Na+].[Na+],Unspecified
5045,363896098,15787,C1=CC(=CC=C1[N+](=O)[O-])OC2=C(C=C(C=C2)Cl)Cl,Unspecified
5046,363896098,15787,C1=CC(=CC=C1[N+](=O)[O-])OC2=C(C=C(C=C2)Cl)Cl,Active
5047,363896099,15788,C1=CC(=CC=C1[N+](=O)[O-])OC2=C(C=C(C=C2Cl)Cl)Cl,Unspecified
5048,363896100,15794,CC(=O)NC1=C(C=C2C(=C1)CC3=CC=CC=C32)O,Unspecified
5049,363896100,15794,CC(=O)NC1=C(C=C2C(=C1)CC3=CC=CC=C32)O,Inactive
5050,363896100,15794,CC(=O)NC1=C(C=C2C(=C1)CC3=CC=CC=C32)O,Unspecified
5051,363896100,15794,CC(=O)NC1=C(C=C2C(=C1)CC3=CC=CC=C32)O,Inactive
5052,363896100,15794,CC(=O)NC1=C(C=C2C(=C1)CC3=CC=CC=C32)O,Inactive
5053,363896100,15794,CC(=O)NC1=C(C=C2C(=C1)CC3=CC=CC=C32)O,Inactive
5054,363896101,15805,COC1=CC2=C(C=C1)C(=C(CC2)C3=CC=CC=C3)C4=CC=C(C=C4)OCCN5CCCC5.Cl,Active
5055,363896102,159631,CC1=C(C=C(C=C1)C2CO2)C,Active
5056,363896102,159631,CC1=C(C=C(C=C1)C2CO2)C,Active
5057,363896103,15851,CNC1(CCCCC1=O)C2=CC=CC=C2Cl.Cl,Unspecified
5058,363896104,15903,C1C(O1)CCC2CO2,Active
5059,363896104,15903,C1C(O1)CCC2CO2,Active
5060,363896104,15903,C1C(O1)CCC2CO2,Active
5061,363896105,15910,C(#N)C1=C(C(=C(C(=C1Cl)Cl)Cl)C#N)Cl,Inactive
5062,363896105,15910,C(#N)C1=C(C(=C(C(=C1Cl)Cl)Cl)C#N)Cl,Active
5063,363896106,30976,C1=NC2=NC(=NC(=C2N1)N)N,Unspecified
5064,363896106,30976,C1=NC2=NC(=NC(=C2N1)N)N,Active
5065,363896107,15938,C[N+]1=CC=C(C=C1)C2=CC=[N+](C=C2)C.[Cl-].[Cl-],Active
5066,363896107,15938,C[N+]1=CC=C(C=C1)C2=CC=[N+](C=C2)C.[Cl-].[Cl-],Active
5067,363896108,2256,CCNC1=NC(=NC(=N1)Cl)NC(C)C,Active
5068,363896108,2256,CCNC1=NC(=NC(=N1)Cl)NC(C)C,Inactive
5069,363896108,2256,CCNC1=NC(=NC(=N1)Cl)NC(C)C,Active
5070,363896108,2256,CCNC1=NC(=NC(=N1)Cl)NC(C)C,Inactive
5071,363896108,2256,CCNC1=NC(=NC(=N1)Cl)NC(C)C,Active
5072,363896108,2256,CCNC1=NC(=NC(=N1)Cl)NC(C)C,Active
5073,363896108,2256,CCNC1=NC(=NC(=N1)Cl)NC(C)C,Unspecified
5074,363896108,2256,CCNC1=NC(=NC(=N1)Cl)NC(C)C,Active
5075,363896108,2256,CCNC1=NC(=NC(=N1)Cl)NC(C)C,Unspecified
5076,363896108,2256,CCNC1=NC(=NC(=N1)Cl)NC(C)C,Unspecified
5077,363896109,15952,CCS(=O)(=O)OC,Active
5078,363896109,15952,CCS(=O)(=O)OC,Active
5079,363896109,15952,CCS(=O)(=O)OC,Active
5080,363896109,15952,CCS(=O)(=O)OC,Unspecified
5081,363896110,74704,CCOS(=O)(=O)CC,Active
5082,363896110,74704,CCOS(=O)(=O)CC,Active
5083,363896110,74704,CCOS(=O)(=O)CC,Inactive
5084,363896111,74705,CCCOS(=O)(=O)C,Unspecified
5085,363896111,74705,CCCOS(=O)(=O)C,Active
5086,363896111,74705,CCCOS(=O)(=O)C,Active
5087,363896111,74705,CCCOS(=O)(=O)C,Active
5088,363896111,74705,CCCOS(=O)(=O)C,Active
5089,363896111,74705,CCCOS(=O)(=O)C,Active
5090,363896112,15953,CCCCOS(=O)(=O)C,Active
5091,363896112,15953,CCCCOS(=O)(=O)C,Active
5092,363896112,15953,CCCCOS(=O)(=O)C,Active
5093,363896112,15953,CCCCOS(=O)(=O)C,Unspecified
5094,363896113,3030,COC1=C(C=CC(=C1C(=O)O)Cl)Cl,Active
5095,363896113,3030,COC1=C(C=CC(=C1C(=O)O)Cl)Cl,Active
5096,363896113,3030,COC1=C(C=CC(=C1C(=O)O)Cl)Cl,Active
5097,363896113,3030,COC1=C(C=CC(=C1C(=O)O)Cl)Cl,Unspecified
5098,363896113,3030,COC1=C(C=CC(=C1C(=O)O)Cl)Cl,Inactive
5099,363896113,3030,COC1=C(C=CC(=C1C(=O)O)Cl)Cl,Inactive
5100,363896113,3030,COC1=C(C=CC(=C1C(=O)O)Cl)Cl,Inactive
5101,363896113,3030,COC1=C(C=CC(=C1C(=O)O)Cl)Cl,Inactive
5102,363896114,2734819,C1=CC(=C(C(=C1)Cl)C(=S)N)Cl,Inactive
5103,363896115,4931,CC(C)N(C1=CC=CC=C1)C(=O)CCl,Active
5104,363896116,16007,CNC(=O)NC1=NC2=CC=CC=C2S1,Inactive
5105,363896117,16010,CC(=O)NC1=CC=C(C=C1)N=NN(C)C,Active
5106,363896117,16010,CC(=O)NC1=CC=C(C=C1)N=NN(C)C,Inactive
5107,363896118,135465070,C1=CC=C(C=C1)N=NC2=C(C=CC3=C2C=CC(=C3)S(=O)(=O)[O-])O.[Na+],Inactive
5108,363896119,164825,C1=CC(=CC=C1N=NC2C(=NN(C2=O)C3=CC=C(C=C3)S(=O)(=O)[O-])C(=O)[O-])S(=O)(=O)[O-].[Na+].[Na+].[Na+],Unspecified
5109,363896119,164825,C1=CC(=CC=C1N=NC2C(=NN(C2=O)C3=CC=C(C=C3)S(=O)(=O)[O-])C(=O)[O-])S(=O)(=O)[O-].[Na+].[Na+].[Na+],Unspecified
5110,363896119,164825,C1=CC(=CC=C1N=NC2C(=NN(C2=O)C3=CC=C(C=C3)S(=O)(=O)[O-])C(=O)[O-])S(=O)(=O)[O-].[Na+].[Na+].[Na+],Inactive
5111,363896119,164825,C1=CC(=CC=C1N=NC2C(=NN(C2=O)C3=CC=C(C=C3)S(=O)(=O)[O-])C(=O)[O-])S(=O)(=O)[O-].[Na+].[Na+].[Na+],Inactive
5112,363896120,16015,C1=CC=C(C=C1)N=NC2=C(C=CC3=CC(=CC(=C32)S(=O)(=O)[O-])S(=O)(=O)[O-])O.[Na+].[Na+],Unspecified
5113,363896121,5359662,C1=CC=C(C=C1)N/N=C/2\C(=CC3=CC(=C(C(=C3C2=O)N)N=NC4=CC=C(C=C4)C5=CC=C(C=C5)N=NC6=C(C=C(C=C6)N)N)S(=O)(=O)[O-])S(=O)(=O)[O-].[Na+].[Na+],Inactive
5114,363896121,5359662,C1=CC=C(C=C1)N/N=C/2\C(=CC3=CC(=C(C(=C3C2=O)N)N=NC4=CC=C(C=C4)C5=CC=C(C=C5)N=NC6=C(C=C(C=C6)N)N)S(=O)(=O)[O-])S(=O)(=O)[O-].[Na+].[Na+],Active
5115,363896122,16035,C(CCl)N=C=O,Inactive
5116,363896123,95839,CS(=O)(=O)OC[C@H]([C@@H](COS(=O)(=O)C)O)O,Active
5117,363896123,95839,CS(=O)(=O)OC[C@H]([C@@H](COS(=O)(=O)C)O)O,Active
5118,363896124,6433308,CC(C)NC(=O)/C=C/C1=CC=C(O1)[N+](=O)[O-],Active
5119,363896124,6433308,CC(C)NC(=O)/C=C/C1=CC=C(O1)[N+](=O)[O-],Active
5120,363896124,6433308,CC(C)NC(=O)/C=C/C1=CC=C(O1)[N+](=O)[O-],Active
5121,363896124,6433308,CC(C)NC(=O)/C=C/C1=CC=C(O1)[N+](=O)[O-],Active
5122,363896124,6433308,CC(C)NC(=O)/C=C/C1=CC=C(O1)[N+](=O)[O-],Active
5123,363896125,5483,CC(C(=O)NCC(=O)O)S,Unspecified
5124,363896126,6432663,CS(=O)(=O)OC/C=C/COS(=O)(=O)C,Active
5125,363896127,16078,CCCCCC1=CC(=C2[C@@H]3C=C(CC[C@H]3C(OC2=C1)(C)C)C)O,Active
5126,363896127,16078,CCCCCC1=CC(=C2[C@@H]3C=C(CC[C@H]3C(OC2=C1)(C)C)C)O,Active
5127,363896127,16078,CCCCCC1=CC(=C2[C@@H]3C=C(CC[C@H]3C(OC2=C1)(C)C)C)O,Active
5128,363896127,16078,CCCCCC1=CC(=C2[C@@H]3C=C(CC[C@H]3C(OC2=C1)(C)C)C)O,Inactive
5129,363896127,16078,CCCCCC1=CC(=C2[C@@H]3C=C(CC[C@H]3C(OC2=C1)(C)C)C)O,Inactive
5130,363896127,16078,CCCCCC1=CC(=C2[C@@H]3C=C(CC[C@H]3C(OC2=C1)(C)C)C)O,Active
5131,363896127,16078,CCCCCC1=CC(=C2[C@@H]3C=C(CC[C@H]3C(OC2=C1)(C)C)C)O,Inactive
5132,363896127,16078,CCCCCC1=CC(=C2[C@@H]3C=C(CC[C@H]3C(OC2=C1)(C)C)C)O,Unspecified
5133,363896128,16115,CN(C)C(=O)NC1=CC=C(C=C1)OC2=CC=C(C=C2)Cl,Inactive
5134,363896129,16116,CC1CCCCC1NC(=O)NC2=CC=CC=C2,Unspecified
5135,363896129,16116,CC1CCCCC1NC(=O)NC2=CC=CC=C2,Inactive
5136,363896129,16116,CC1CCCCC1NC(=O)NC2=CC=CC=C2,Inactive
5137,363896129,16116,CC1CCCCC1NC(=O)NC2=CC=CC=C2,Inactive
5138,363896129,16116,CC1CCCCC1NC(=O)NC2=CC=CC=C2,Inactive
5139,363896129,16116,CC1CCCCC1NC(=O)NC2=CC=CC=C2,Unspecified
5140,363896129,16116,CC1CCCCC1NC(=O)NC2=CC=CC=C2,Inactive
5141,363896130,40302,C1=CC=C(C=C1)C2=CSC(=N2)N,Inactive
5142,363896131,74841,CC1=C2C=CC=C(C2=C(C3=C1C=CC4=CC=CC=C43)C)F,Active
5143,363896132,23674757,C1=C(C=C(C(=C1O)O)O)C(=O)[O-].[Na+],Active
5144,363896133,2723785,C1CNC(=S)NC1,Unspecified
5145,363896134,74946,C1=CC(=CC=C1N)N(CCCl)CCCl,Active
5146,363896135,5388992,CC[C@@]1(C[C@H]2C[C@@](C3=C(CCN(C2)C1)C4=CC=CC=C4N3)(C5=C(C=C6C(=C5)[C@]78CCN9[C@H]7[C@@](C=CC9)([C@H]([C@@]([C@@H]8N6C=O)(C(=O)OC)O)OC(=O)C)CC)OC)C(=O)OC)O.OS(=O)(=O)O,Active
5147,363896135,5388992,CC[C@@]1(C[C@H]2C[C@@](C3=C(CCN(C2)C1)C4=CC=CC=C4N3)(C5=C(C=C6C(=C5)[C@]78CCN9[C@H]7[C@@](C=CC9)([C@H]([C@@]([C@@H]8N6C=O)(C(=O)OC)O)OC(=O)C)CC)OC)C(=O)OC)O.OS(=O)(=O)O,Unspecified
5148,363896135,5388992,CC[C@@]1(C[C@H]2C[C@@](C3=C(CCN(C2)C1)C4=CC=CC=C4N3)(C5=C(C=C6C(=C5)[C@]78CCN9[C@H]7[C@@](C=CC9)([C@H]([C@@]([C@@H]8N6C=O)(C(=O)OC)O)OC(=O)C)CC)OC)C(=O)OC)O.OS(=O)(=O)O,Unspecified
5149,363896136,62422,C[N+]1=CC=C(C=C1)C2=CC=[N+](C=C2)C.COS(=O)(=O)[O-].COS(=O)(=O)[O-],Active
5150,363896137,135465078,C1=CC=C2C(=C1)C=CC(=C2N=NC3=C(C=CC(=C3)S(=O)(=O)[O-])O)O.[Na+],Unspecified
5151,363896138,135565346,CC1=CC(=C(C=C1Cl)S(=O)(=O)[O-])N=NC2=C(C=CC3=CC=CC=C32)O.[Na+],Unspecified
5152,363896139,159644,COC1=CC=C(C=C1)C2=CSC(=N2)N,Unspecified
5153,363896140,16422,COP(=S)(OC)OC1=CC(=C(C=C1Cl)Br)Cl,Unspecified
5154,363896141,3036234,CC1=NC=C(C(=N1)N)CN(C=O)/C(=C(/CCOC(=O)C2=CC=CC=C2)\SC(=O)C3=CC=CC=C3)/C.Cl,Inactive
5155,363896141,3036234,CC1=NC=C(C(=N1)N)CN(C=O)/C(=C(/CCOC(=O)C2=CC=CC=C2)\SC(=O)C3=CC=CC=C3)/C.Cl,Inactive
5156,363896141,3036234,CC1=NC=C(C(=N1)N)CN(C=O)/C(=C(/CCOC(=O)C2=CC=CC=C2)\SC(=O)C3=CC=CC=C3)/C.Cl,Inactive
5157,363896142,16451,C1=CC=C(C=C1)C2=CC=C(C=C2)[NH3+].[Cl-],Active
5158,363896143,23663958,COC1=CC=C(C=C1)C(=O)/C(=C/C(=O)[O-])/Br.[Na+],Active
5159,363896143,23663958,COC1=CC=C(C=C1)C(=O)/C(=C/C(=O)[O-])/Br.[Na+],Active
5160,363896144,407912,C1=C2C(=C3C=C(C(=O)C(=C3OC2=C(C(=C1Br)O)Br)Br)Br)C4=C(C(=C(C(=C4Cl)Cl)Cl)Cl)C(=O)O,Unspecified
5161,363896145,159648,CCOC(=O)N(C(=O)C)OC(=O)C,Active
5162,363896145,159648,CCOC(=O)N(C(=O)C)OC(=O)C,Unspecified
5163,363896146,16524,CCN(CC)C1=CC2=C(C=C1)C=C3C=CC(=[N+](CC)CC)C=C3O2.[Cl-],Active
5164,363896147,16540,C1CCN(CC1)Cl,Inactive
5165,363896148,23664719,C[As](=O)(O)[O-].[Na+],Unspecified
5166,363896148,23664719,C[As](=O)(O)[O-].[Na+],Unspecified
5167,363896148,23664719,C[As](=O)(O)[O-].[Na+],Unspecified
5168,363896148,23664719,C[As](=O)(O)[O-].[Na+],Inactive
5169,363896148,23664719,C[As](=O)(O)[O-].[Na+],Inactive
5170,363896148,23664719,C[As](=O)(O)[O-].[Na+],Inactive
5171,363896149,16562,CN(C)C(=O)NC1=CC=CC(=C1)C(F)(F)F,Inactive
5172,363896150,75146,C1=CC=C(C=C1)NC2=CC=C(C=C2)N.Cl,Inactive
5173,363896151,16622,CCNC1(CCCCC1)C2=CC=CC=C2,Active
5174,363896152,72935,C1CCC(CC1)NO,Inactive
5175,363896152,72935,C1CCC(CC1)NO,Unspecified
5176,363896152,72935,C1CCC(CC1)NO,Unspecified
5177,363896153,95779,CC1=CC(=C(C=C1O)C(C)C)O,Inactive
5178,363896154,683563,C1=CC=C(C=C1)C(=S)N,Active
5179,363896155,16704,C1C(O1)COCC2CO2,Active
5180,363896156,16718,C1=CC=C2C=C(C=CC2=C1)N=C=O,Active
5181,363896157,16720,C1=CC2=C(C=CC=C2N)C(=C1)N,Active
5182,363896158,15588,C1=CC(=CC=C1N=NC2=CC(=C(C=C2)O)C(=O)O)[N+](=O)[O-],Unspecified
5183,363896159,15571694,CC1=C[C@@H]2[C@](CC1)([C@]3([C@@H]([C@H]([C@H]([C@@]34CO4)O2)O)OC(=O)C)C)COC(=O)C,Inactive
5184,363896159,15571694,CC1=C[C@@H]2[C@](CC1)([C@]3([C@@H]([C@H]([C@H]([C@@]34CO4)O2)O)OC(=O)C)C)COC(=O)C,Unspecified
5185,363896160,560193,CC(C(=O)NC)SCCSP(=O)(OC)OC,Active
5186,363896160,560193,CC(C(=O)NC)SCCSP(=O)(OC)OC,Active
5187,363896160,560193,CC(C(=O)NC)SCCSP(=O)(OC)OC,Active
5188,363896160,560193,CC(C(=O)NC)SCCSP(=O)(OC)OC,Active
5189,363896160,560193,CC(C(=O)NC)SCCSP(=O)(OC)OC,Active
5190,363896161,145657,CNP(=O)(N1CC1)N2CC2,Active
5191,363896162,145658,CCCNP(=O)(N1CC1)N2CC2,Active
5192,363896162,145658,CCCNP(=O)(N1CC1)N2CC2,Active
5193,363896162,145658,CCCNP(=O)(N1CC1)N2CC2,Active
5194,363896163,16779,C1=C(C=C(C(=C1NC(=O)C2=C(C(=CC(=C2Cl)Cl)Cl)O)O)Cl)Cl,Unspecified
5195,363896164,16808,CC1=CC=CC=C1N=NC2=CC(=C(C=C2)N)C.Cl,Unspecified
5196,363896165,16813,C1=CC=C2C(=C1)C(=CC=C2S(=O)(=O)[O-])N=NC3=C(C=CC4=C3C=CC(=C4)S(=O)(=O)[O-])O.[Na+].[Na+],Inactive
5197,363896166,73030,CC1=C(C=CC(=C1)O)C2(C3=CC=CC=C3S(=O)(=O)O2)C4=C(C=C(C=C4)O)C,Active
5198,363896167,5284376,CC(C)N(C(C)C)C(=O)SC/C(=C/Cl)/Cl,Active
5199,363896167,5284376,CC(C)N(C(C)C)C(=O)SC/C(=C/Cl)/Cl,Active
5200,363896168,5543,CC(C)N(C(C)C)C(=O)SCC(=C(Cl)Cl)Cl,Active
5201,363896169,6433331,CS(=O)(=O)OC/C=C\COS(=O)(=O)C,Unspecified
5202,363896170,75324,CN1C2=C(N(C1=O)C)N(C(=O)N(C2=O)C)C,Active
5203,363896171,107975,C1=C(OC(=C1)[N+](=O)[O-])C=CC(=NN=C(N)N)C=CC2=CC=C(O2)[N+](=O)[O-].Cl,Active
5204,363896172,5281752,C/C=C\1/C[C@H]([C@@](C(=O)OC/C/2=C/CN(CC[C@H](C2=O)OC1=O)C)(C)O)C,Active
5205,363896173,75348,CC1=CC2=CC3=CC=CC=C3C=C2C4=CC=CC=C14,Active
5206,363896173,75348,CC1=CC2=CC3=CC=CC=C3C=C2C4=CC=CC=C14,Active
5207,363896174,16850,C1=CC=C2C(=C1)C(=O)OC23C4=C(C=C(C=C4)O)OC5=C3C=CC(=C5)O,Unspecified
5208,363896175,92178,CN1CCN(CC1)CCCN2C3=CC=CC=C3SC4=C2C=C(C=C4)S(=O)(=O)N(C)C.CS(=O)(=O)O.CS(=O)(=O)O,Inactive
5209,363896176,16887,CCN(CC1=CC(=CC=C1)S(=O)(=O)[O-])C2=CC=C(C=C2)C(=C3C=CC(=[N+](CC)CC4=CC(=CC=C4)S(=O)(=O)[O-])C=C3)C5=C(C=C(C=C5)O)S(=O)(=O)[O-].[Na+].[Na+],Active
5210,363896176,16887,CCN(CC1=CC(=CC=C1)S(=O)(=O)[O-])C2=CC=C(C=C2)C(=C3C=CC(=[N+](CC)CC4=CC(=CC=C4)S(=O)(=O)[O-])C=C3)C5=C(C=C(C=C5)O)S(=O)(=O)[O-].[Na+].[Na+],Unspecified
5211,363896176,16887,CCN(CC1=CC(=CC=C1)S(=O)(=O)[O-])C2=CC=C(C=C2)C(=C3C=CC(=[N+](CC)CC4=CC(=CC=C4)S(=O)(=O)[O-])C=C3)C5=C(C=C(C=C5)O)S(=O)(=O)[O-].[Na+].[Na+],Unspecified
5212,363896176,16887,CCN(CC1=CC(=CC=C1)S(=O)(=O)[O-])C2=CC=C(C=C2)C(=C3C=CC(=[N+](CC)CC4=CC(=CC=C4)S(=O)(=O)[O-])C=C3)C5=C(C=C(C=C5)O)S(=O)(=O)[O-].[Na+].[Na+],Inactive
5213,363896176,16887,CCN(CC1=CC(=CC=C1)S(=O)(=O)[O-])C2=CC=C(C=C2)C(=C3C=CC(=[N+](CC)CC4=CC(=CC=C4)S(=O)(=O)[O-])C=C3)C5=C(C=C(C=C5)O)S(=O)(=O)[O-].[Na+].[Na+],Inactive
5214,363896177,16892,C1=CC=C(C(=C1)CN(CCCl)CCCl)Br,Active
5215,363896178,16893,C1=CC(=CC(=C1)Br)CN(CCCl)CCCl,Active
5216,363896179,16894,C1=CC=C(C(=C1)CN(CCCl)CCCl)Cl,Active
5217,363896180,16895,C1=CC(=CC(=C1)Cl)CN(CCCl)CCCl,Active
5218,363896181,75394,C(CCl)N(C(=O)N)N=O,Active
5219,363896182,142760,CCCCS(=O)(=O)OC,Active
5220,363896183,3000709,CC1=CC(=CC2=C1C(=O)/C(=C\3/C(=O)C4=C(S3)C=C(C=C4C)Cl)/S2)Cl,Inactive
5221,363896184,16929,CC1=CC2=CC3=C(C=CC4=CC=CC=C43)C=C2C=C1,Active
5222,363896184,16929,CC1=CC2=CC3=C(C=CC4=CC=CC=C43)C=C2C=C1,Active
5223,363896184,16929,CC1=CC2=CC3=C(C=CC4=CC=CC=C43)C=C2C=C1,Active
5224,363896185,16930,CC1=CC2=C(C=C1)C=C3C(=C2)C=CC4=CC=CC=C43,Active
5225,363896185,16930,CC1=CC2=C(C=C1)C=C3C(=C2)C=CC4=CC=CC=C43,Active
5226,363896186,16933,CC1=C2C=C3C=CC4=CC=CC=C4C3=CC2=CC=C1,Active
5227,363896186,16933,CC1=C2C=C3C=CC4=CC=CC=C4C3=CC2=CC=C1,Inactive
5228,363896186,16933,CC1=C2C=C3C=CC4=CC=CC=C4C3=CC2=CC=C1,Active
5229,363896186,16933,CC1=C2C=C3C=CC4=CC=CC=C4C3=CC2=CC=C1,Active
5230,363896187,16935,CC1=C2C=CC3=C4C2=C(C=CC4=CC=C3)C5=CC=CC=C15,Active
5231,363896187,16935,CC1=C2C=CC3=C4C2=C(C=CC4=CC=C3)C5=CC=CC=C15,Active
5232,363896188,16936,CC1=CC2=NC3=C(C=CC4=CC=CC=C43)C(=C2C=C1)C,Active
5233,363896189,16945,C12(C3(C4(C5(C3(C(C1(C5(C2(C4(Cl)Cl)Cl)Cl)Cl)(Cl)Cl)Cl)Cl)Cl)Cl)Cl,Inactive
5234,363896189,16945,C12(C3(C4(C5(C3(C(C1(C5(C2(C4(Cl)Cl)Cl)Cl)Cl)(Cl)Cl)Cl)Cl)Cl)Cl)Cl,Active
5235,363896190,61307,C1CC(C2C1O2)OC3CCC4C3O4,Inactive
5236,363896191,5510,CC1=CC(=CC=C1)N(C)C(=S)OC2=CC3=CC=CC=C3C=C2,Inactive
5237,363896192,9570107,C1=COC(=C1)/C=N/NC(=O)N,Inactive
5238,363896193,107813,CN(C)C1=CC2=C(C=C1)C=C3C=CC(=[N+](C)C)C=C3S2.[Cl-],Inactive
5239,363896194,17019,C1=CC=C2C(=C1)C=C3C=CC=CC3=C2CBr,Active
5240,363896195,17026,CC1=C2C(=CC3=CC=CC=C13)C=CC4=CC=CC=C42,Active
5241,363896195,17026,CC1=C2C(=CC3=CC=CC=C13)C=CC4=CC=CC=C42,Active
5242,363896196,,,Inactive
5243,363896197,16760159,C1C=CC[C@H]2[C@@H]1C(=O)N(C2=O)SC(C(Cl)Cl)(Cl)Cl,Active
5244,363896197,16760159,C1C=CC[C@H]2[C@@H]1C(=O)N(C2=O)SC(C(Cl)Cl)(Cl)Cl,Active
5245,363896197,16760159,C1C=CC[C@H]2[C@@H]1C(=O)N(C2=O)SC(C(Cl)Cl)(Cl)Cl,Active
5246,363896197,16760159,C1C=CC[C@H]2[C@@H]1C(=O)N(C2=O)SC(C(Cl)Cl)(Cl)Cl,Inactive
5247,363896197,16760159,C1C=CC[C@H]2[C@@H]1C(=O)N(C2=O)SC(C(Cl)Cl)(Cl)Cl,Unspecified
5248,363896197,16760159,C1C=CC[C@H]2[C@@H]1C(=O)N(C2=O)SC(C(Cl)Cl)(Cl)Cl,Inactive
5249,363896197,16760159,C1C=CC[C@H]2[C@@H]1C(=O)N(C2=O)SC(C(Cl)Cl)(Cl)Cl,Active
5250,363896197,16760159,C1C=CC[C@H]2[C@@H]1C(=O)N(C2=O)SC(C(Cl)Cl)(Cl)Cl,Inactive
5251,363896197,16760159,C1C=CC[C@H]2[C@@H]1C(=O)N(C2=O)SC(C(Cl)Cl)(Cl)Cl,Active
5252,363896197,16760159,C1C=CC[C@H]2[C@@H]1C(=O)N(C2=O)SC(C(Cl)Cl)(Cl)Cl,Unspecified
5253,363896198,17040,CC1=C(C=C(C=C1)OC(=O)NC)C,Inactive
5254,363896198,17040,CC1=C(C=C(C=C1)OC(=O)NC)C,Inactive
5255,363896199,17048,C1C(O1)CCCCC2CO2,Active
5256,363896199,17048,C1C(O1)CCCCC2CO2,Active
5257,363896200,17049,CCCCOCC1CO1,Active
5258,363896201,17089,CC1=C(C=CC(=C1)Cl)OCC(=O)OC,Active
5259,363896202,17102,CC(=O)N(C1=CC2=C(C=C1)C3=CC=CC=C3C=C2)O,Active
5260,363896202,17102,CC(=O)N(C1=CC2=C(C=C1)C3=CC=CC=C3C=C2)O,Active
5261,363896203,2466,CCCCOC1=CC=C(C=C1)CC(=O)NO,Active
5262,363896203,2466,CCCCOC1=CC=C(C=C1)CC(=O)NO,Unspecified
5263,363896203,2466,CCCCOC1=CC=C(C=C1)CC(=O)NO,Unspecified
5264,363896203,2466,CCCCOC1=CC=C(C=C1)CC(=O)NO,Unspecified
5265,363896204,17107,COC1=C(C(=C(C(=C1Cl)Cl)[N+](=O)[O-])Cl)Cl,Inactive
5266,363896205,17109,CC1=CC2=C(C=C1)N=C3C(=N2)SC(=O)S3,Inactive
5267,363896206,17110,CCCCCCCCCCCCN=C(N)N.CC(=O)O,Inactive
5268,363896207,17130,CC1=CC2=CC=CC=C2OC1=O,Active
5269,363896208,17170,CN(C)C1=CC=C(C=C1)C(=N)C2=CC=C(C=C2)N(C)C.Cl,Active
5270,363896208,17170,CN(C)C1=CC=C(C=C1)C(=N)C2=CC=C(C=C2)N(C)C.Cl,Active
5271,363896208,17170,CN(C)C1=CC=C(C=C1)C(=N)C2=CC=C(C=C2)N(C)C.Cl,Unspecified
5272,363896208,17170,CN(C)C1=CC=C(C=C1)C(=N)C2=CC=C(C=C2)N(C)C.Cl,Unspecified
5273,363896208,17170,CN(C)C1=CC=C(C=C1)C(=N)C2=CC=C(C=C2)N(C)C.Cl,Active
5274,363896208,17170,CN(C)C1=CC=C(C=C1)C(=N)C2=CC=C(C=C2)N(C)C.Cl,Active
5275,363896208,17170,CN(C)C1=CC=C(C=C1)C(=N)C2=CC=C(C=C2)N(C)C.Cl,Active
5276,363896208,17170,CN(C)C1=CC=C(C=C1)C(=N)C2=CC=C(C=C2)N(C)C.Cl,Inactive
5277,363896209,17171,CNC1=CC2=C(C=C1)C=C3C=CC(=[NH+]C)C=C3O2.[Cl-],Unspecified
5278,363896210,17204,CCN(CC)C1=CC=C(C=C1)N=NC2=CC=CC=C2,Inactive
5279,363896210,17204,CCN(CC)C1=CC=C(C=C1)N=NC2=CC=CC=C2,Inactive
5280,363896211,96014,C1CN1C2=CC(=NC(=N2)N3CC3)Cl,Active
5281,363896212,17222,C1=CC=C(C=C1)N=NC2=CC=C(C=C2)[N+](=O)[O-],Active
5282,363896213,17254,CC1=CC2=C(C=C1)C3=CC4=CC=CC=C4C=C3C=C2,Inactive
5283,363896213,17254,CC1=CC2=C(C=C1)C3=CC4=CC=CC=C4C=C3C=C2,Active
5284,363896214,17255,CC1=CC2=C(C=C1)C=CC3=CC4=CC=CC=C4C=C32,Active
5285,363896214,17255,CC1=CC2=C(C=C1)C=CC3=CC4=CC=CC=C4C=C32,Active
5286,363896215,17256,CC1=C2C(=CC=C1)C=CC3=CC4=CC=CC=C4C=C32,Active
5287,363896215,17256,CC1=C2C(=CC=C1)C=CC3=CC4=CC=CC=C4C=C32,Active
5288,363896216,75630,CC(C)(C)N(C)N=O,Inactive
5289,363896217,142772,CS(=O)(=O)O.CS(=O)(=O)O.CS(=O)(=O)OCCNC[C@H]([C@H](CNCCOS(=O)(=O)C)O)O,Active
5290,363896217,142772,CS(=O)(=O)O.CS(=O)(=O)O.CS(=O)(=O)OCCNC[C@H]([C@H](CNCCOS(=O)(=O)C)O)O,Active
5291,363896218,17271,C1C2=CC=CC=C2C3=C1C=C(C=C3)N=O,Active
5292,363896218,17271,C1C2=CC=CC=C2C3=C1C=C(C=C3)N=O,Active
5293,363896219,135874,C1=CC=C2C(=C1)C(=N)C=CN2O,Active
5294,363896219,135874,C1=CC=C2C(=C1)C(=N)C=CN2O,Inactive
5295,363896219,135874,C1=CC=C2C(=C1)C(=N)C=CN2O,Active
5296,363896219,135874,C1=CC=C2C(=C1)C(=N)C=CN2O,Unspecified
5297,363896220,17330,C[As]=S,Active
5298,363896221,17347,CC1=C2C=CC3=CC=CC=C3C2=CC4=CC=CC=C14,Active
5299,363896221,17347,CC1=C2C=CC3=CC=CC=C3C2=CC4=CC=CC=C14,Active
5300,363896221,17347,CC1=C2C=CC3=CC=CC=C3C2=CC4=CC=CC=C14,Active
5301,363896221,17347,CC1=C2C=CC3=CC=CC=C3C2=CC4=CC=CC=C14,Unspecified
5302,363896221,17347,CC1=C2C=CC3=CC=CC=C3C2=CC4=CC=CC=C14,Active
5303,363896221,17347,CC1=C2C=CC3=CC=CC=C3C2=CC4=CC=CC=C14,Active
5304,363896221,17347,CC1=C2C=CC3=CC=CC=C3C2=CC4=CC=CC=C14,Active
5305,363896222,17375,C1=CC=C2C(=C1)C=CC3=C(C4=CC=CC=C4C(=C32)CO)CO,Inactive
5306,363896222,17375,C1=CC=C2C(=C1)C=CC3=C(C4=CC=CC=C4C(=C32)CO)CO,Unspecified
5307,363896223,17402,C(CBr)[NH3+].[Br-],Active
5308,363896224,17405,CC(=O)NC1=NN=C(S1)C2=CC=C(O2)[N+](=O)[O-],Active
5309,363896225,17412,CC1=C(C=CC(=C1)O)[N+](=O)[O-],Active
5310,363896226,17434,CCOC(=O)N(C)C(=O)CSP(=S)(OCC)OCC,Unspecified
5311,363896227,9570116,C1=CC(=CC=C1C2=CC=C(C=C2)N/N=C\3/C(=O)C4=C(C=C3S(=O)(=O)[O-])C=C(C=C4N)S(=O)(=O)[O-])N/N=C\5/C(=O)C6=C(C=C5S(=O)(=O)[O-])C=C(C=C6N)S(=O)(=O)[O-].[Na+].[Na+].[Na+].[Na+],Active
5312,363896228,17466,C1=CC=C2C(=C1)C(=CC=C2S(=O)(=O)[O-])N=NC3=C(C=CC4=CC(=CC(=C43)S(=O)(=O)[O-])S(=O)(=O)[O-])O.[Na+].[Na+].[Na+],Unspecified
5313,363896228,17466,C1=CC=C2C(=C1)C(=CC=C2S(=O)(=O)[O-])N=NC3=C(C=CC4=CC(=CC(=C43)S(=O)(=O)[O-])S(=O)(=O)[O-])O.[Na+].[Na+].[Na+],Unspecified
5314,363896228,17466,C1=CC=C2C(=C1)C(=CC=C2S(=O)(=O)[O-])N=NC3=C(C=CC4=CC(=CC(=C43)S(=O)(=O)[O-])S(=O)(=O)[O-])O.[Na+].[Na+].[Na+],Inactive
5315,363896229,23721627,C1(=O)NC(=O)[N-]C(=O)N1.[Na+],Inactive
5316,363896230,17517,CC(C)C1=CC=CC=C1OC(=O)NC,Inactive
5317,363896230,17517,CC(C)C1=CC=CC=C1OC(=O)NC,Inactive
5318,363896231,17518,C1(=C(C(=C(C(=C1Cl)[N+](=O)[O-])Cl)[N+](=O)[O-])Cl)[N+](=O)[O-],Active
5319,363896231,17518,C1(=C(C(=C(C(=C1Cl)[N+](=O)[O-])Cl)[N+](=O)[O-])Cl)[N+](=O)[O-],Unspecified
5320,363896231,17518,C1(=C(C(=C(C(=C1Cl)[N+](=O)[O-])Cl)[N+](=O)[O-])Cl)[N+](=O)[O-],Inactive
5321,363896232,17533,C1=CC(=CC=C1C(CO)C2=CC=C(C=C2)Cl)Cl,Unspecified
5322,363896233,17534,C1=CC=C2C(=C1)C=CC3=C2C=C(C4=CC=CC=C34)N,Active
5323,363896234,17550,CC1=CC=CC=C1N=NC2=C(C=CC3=CC=CC=C32)O,Unspecified
5324,363896234,17550,CC1=CC=CC=C1N=NC2=C(C=CC3=CC=CC=C32)O,Active
5325,363896235,17559,CCN(CC1=CC(=CC=C1)S(=O)(=O)[O-])C2=CC=C(C=C2)C(=C3C=CC(=[N+](CC)CC4=CC(=CC=C4)S(=O)(=O)[O-])C=C3)C5=CC=CC=C5S(=O)(=O)[O-].[NH4+].[NH4+],Inactive
5326,363896235,17559,CCN(CC1=CC(=CC=C1)S(=O)(=O)[O-])C2=CC=C(C=C2)C(=C3C=CC(=[N+](CC)CC4=CC(=CC=C4)S(=O)(=O)[O-])C=C3)C5=CC=CC=C5S(=O)(=O)[O-].[NH4+].[NH4+],Inactive
5327,363896236,17563,CC1=CC(=CC(=C1)OC(=O)NC)C,Inactive
5328,363896236,17563,CC1=CC(=CC(=C1)OC(=O)NC)C,Inactive
5329,363896237,227244,CC1(CN1)C,Active
5330,363896238,100800,CC(=S=O)N,Active
5331,363896239,17581,COC1=CC(=C(C=C1Cl)OC)Cl,Active
5332,363896239,17581,COC1=CC(=C(C=C1Cl)OC)Cl,Active
5333,363896240,23676704,C1=CC(=C(C=C1Cl)Cl)OCC(=O)[O-].[Na+],Inactive
5334,363896240,23676704,C1=CC(=C(C=C1Cl)Cl)OCC(=O)[O-].[Na+],Active
5335,363896240,23676704,C1=CC(=C(C=C1Cl)Cl)OCC(=O)[O-].[Na+],Active
5336,363896240,23676704,C1=CC(=C(C=C1Cl)Cl)OCC(=O)[O-].[Na+],Unspecified
5337,363896241,75917,CCS(=O)CCSP(=S)(OC)OC,Unspecified
5338,363896242,17663,C1=CC(=CC=C1CN(CCCl)CCCl)Br,Active
5339,363896243,119213,C1CC(NC1)C(=O)S,Inactive
5340,363896243,119213,C1CC(NC1)C(=O)S,Inactive
5341,363896244,6795,C1C[N+]2=CC=CC=C2C3=CC=CC=[N+]31,Inactive
5342,363896244,6795,C1C[N+]2=CC=CC=C2C3=CC=CC=[N+]31,Active
5343,363896245,6871212,COC1=C(C(=C(C=C1)/C=N/NC(=O)C2=CC=NC=C2)C(=O)O)OC,Inactive
5344,363896246,17730,C1=CC(=CC=C1N=NC2=C(C=CC3=C2C=CC(=C3)S(=O)(=O)[O-])O)S(=O)(=O)[O-].[Na+].[Na+],Unspecified
5345,363896246,17730,C1=CC(=CC=C1N=NC2=C(C=CC3=C2C=CC(=C3)S(=O)(=O)[O-])O)S(=O)(=O)[O-].[Na+].[Na+],Unspecified
5346,363896246,17730,C1=CC(=CC=C1N=NC2=C(C=CC3=C2C=CC(=C3)S(=O)(=O)[O-])O)S(=O)(=O)[O-].[Na+].[Na+],Unspecified
5347,363896246,17730,C1=CC(=CC=C1N=NC2=C(C=CC3=C2C=CC(=C3)S(=O)(=O)[O-])O)S(=O)(=O)[O-].[Na+].[Na+],Inactive
5348,363896246,17730,C1=CC(=CC=C1N=NC2=C(C=CC3=C2C=CC(=C3)S(=O)(=O)[O-])O)S(=O)(=O)[O-].[Na+].[Na+],Inactive
5349,363896246,17730,C1=CC(=CC=C1N=NC2=C(C=CC3=C2C=CC(=C3)S(=O)(=O)[O-])O)S(=O)(=O)[O-].[Na+].[Na+],Inactive
5350,363896247,17733,CC(=O)NC1=C(C2=C(C=C1)C3=CC=CC=C3C2)O,Unspecified
5351,363896247,17733,CC(=O)NC1=C(C2=C(C=C1)C3=CC=CC=C3C2)O,Inactive
5352,363896247,17733,CC(=O)NC1=C(C2=C(C=C1)C3=CC=CC=C3C2)O,Unspecified
5353,363896247,17733,CC(=O)NC1=C(C2=C(C=C1)C3=CC=CC=C3C2)O,Inactive
5354,363896247,17733,CC(=O)NC1=C(C2=C(C=C1)C3=CC=CC=C3C2)O,Inactive
5355,363896247,17733,CC(=O)NC1=C(C2=C(C=C1)C3=CC=CC=C3C2)O,Inactive
5356,363896248,17734,CNC1=C(C=C(C=C1)N(CCO)CCO)[N+](=O)[O-],Unspecified
5357,363896248,17734,CNC1=C(C=C(C=C1)N(CCO)CCO)[N+](=O)[O-],Active
5358,363896248,17734,CNC1=C(C=C(C=C1)N(CCO)CCO)[N+](=O)[O-],Active
5359,363896249,17743,C1=CC=C2C(=C1)C3=CC=CC=C3N2N=O,Inactive
5360,363896250,197010,C1C(O1)C2=CC=C(C=C2)Cl,Unspecified
5361,363896251,17750,C1CN1C(=O)CCCCCCCCC(=O)N2CC2,Active
5362,363896251,17750,C1CN1C(=O)CCCCCCCCC(=O)N2CC2,Active
5363,363896252,17776,CCC(C)C1=C(C(=CC(=C1)[N+](=O)[O-])[N+](=O)[O-])OC(=O)C,Inactive
5364,363896253,17778,C1=CC=C2C(=C1)C=CC(=C2N=NC3=C(C=C(C=C3)[N+](=O)[O-])Cl)O,Active
5365,363896254,62466,C(C(=O)NCO)Cl,Active
5366,363896255,17811,CC1=CC(=C(C=C1)O)N=NC2=CC=C(C=C2)NC(=O)C,Active
5367,363896256,17816,CC(C)CC(=O)OCC=C,Active
5368,363896257,17818,CC1=C(C=C(C=C1)N)O,Unspecified
5369,363896258,76123,CCN(CC)C1=CC2=[N+](C3=C(C=CC(=C3)N=NC4=CC=C(C=C4)N(C)C)N=C2C=C1)C5=CC=CC=C5.[Cl-],Unspecified
5370,363896259,18019,CS(=O)(=O)OCC#CCOS(=O)(=O)C,Active
5371,363896260,2730,CCOP(=S)(OCC)OC1=NC(=C(C=C1Cl)Cl)Cl,Unspecified
5372,363896260,2730,CCOP(=S)(OCC)OC1=NC(=C(C=C1Cl)Cl)Cl,Inactive
5373,363896260,2730,CCOP(=S)(OCC)OC1=NC(=C(C=C1Cl)Cl)Cl,Active
5374,363896260,2730,CCOP(=S)(OCC)OC1=NC(=C(C=C1Cl)Cl)Cl,Active
5375,363896260,2730,CCOP(=S)(OCC)OC1=NC(=C(C=C1Cl)Cl)Cl,Unspecified
5376,363896260,2730,CCOP(=S)(OCC)OC1=NC(=C(C=C1Cl)Cl)Cl,Inactive
5377,363896260,2730,CCOP(=S)(OCC)OC1=NC(=C(C=C1Cl)Cl)Cl,Unspecified
5378,363896260,2730,CCOP(=S)(OCC)OC1=NC(=C(C=C1Cl)Cl)Cl,Inactive
5379,363896260,2730,CCOP(=S)(OCC)OC1=NC(=C(C=C1Cl)Cl)Cl,Unspecified
5380,363896261,1893,C1=CC2=C(C(=C1)[N+](=O)[O-])NN=C2,Active
5381,363896262,76284,NOS(=O)(=O)O,Active
5382,363896263,197013,CC1=CC2=CC3=C(C=CC4=C3C=CC=C4F)C=C2C=C1,Active
5383,363896264,18168,CC1=CC=C(C=C1)N=NC2=CC=C(C=C2)N(C)C,Inactive
5384,363896265,18177,C(#N)C(Cl)Cl,Active
5385,363896265,18177,C(#N)C(Cl)Cl,Active
5386,363896266,18208,C1=C(NC=N1)[N+](=O)[O-],Unspecified
5387,363896267,18210,CN1C=NC=C1[N+](=O)[O-],Active
5388,363896268,18286,C1(=C(C(=C(C(=C1[N+](=O)[O-])N)[N+](=O)[O-])N)[N+](=O)[O-])N,Unspecified
5389,363896268,18286,C1(=C(C(=C(C(=C1[N+](=O)[O-])N)[N+](=O)[O-])N)[N+](=O)[O-])N,Unspecified
5390,363896268,18286,C1(=C(C(=C(C(=C1[N+](=O)[O-])N)[N+](=O)[O-])N)[N+](=O)[O-])N,Inactive
5391,363896269,18290,CN(C(=O)NC1=CC=C(C=C1)Br)OC,Inactive
5392,363896270,18299,C1=CC=C2C(=C1)C3=CC(=O)C4=CC=CC5=C4C3=C(C2=O)C=C5,Inactive
5393,363896270,18299,C1=CC=C2C(=C1)C3=CC(=O)C4=CC=CC5=C4C3=C(C2=O)C=C5,Unspecified
5394,363896270,18299,C1=CC=C2C(=C1)C3=CC(=O)C4=CC=CC5=C4C3=C(C2=O)C=C5,Unspecified
5395,363896271,18300,C1=CC=C2C(=C1)C3=CC=C4C(=O)C=CC5=C4C3=C(C2=O)C=C5,Inactive
5396,363896271,18300,C1=CC=C2C(=C1)C3=CC=C4C(=O)C=CC5=C4C3=C(C2=O)C=C5,Unspecified
5397,363896271,18300,C1=CC=C2C(=C1)C3=CC=C4C(=O)C=CC5=C4C3=C(C2=O)C=C5,Unspecified
5398,363896272,18301,C1=CC=C2C(=C1)C3=C4C(=CC=C5C4=C(C=C3)C=CC5=O)C2=O,Active
5399,363896272,18301,C1=CC=C2C(=C1)C3=C4C(=CC=C5C4=C(C=C3)C=CC5=O)C2=O,Unspecified
5400,363896272,18301,C1=CC=C2C(=C1)C3=C4C(=CC=C5C4=C(C=C3)C=CC5=O)C2=O,Unspecified
5401,363896273,18303,CC1CC(=O)O1,Active
5402,363896274,135565503,C1=CC=C2C(=C1)C=CC(=C2N=NC3=CC=C(C=C3)[Hg+])O.[Cl-],Unspecified
5403,363896275,18321,C1C(O1)C(Cl)(Cl)Cl,Active
5404,363896275,18321,C1C(O1)C(Cl)(Cl)Cl,Active
5405,363896275,18321,C1C(O1)C(Cl)(Cl)Cl,Unspecified
5406,363896275,18321,C1C(O1)C(Cl)(Cl)Cl,Inactive
5407,363896276,91525,CN(C)C1=CC=C(C=C1)C(=C2C=CC(=[N+](C)C)C=C2)C3=C4C=CC(=CC4=CC(=C3O)S(=O)(=O)[O-])S(=O)(=O)[O-].[Na+],Inactive
5408,363896277,3634,CCN(CC)CCNC1=C2C(=C(C=C1)CO)SC3=CC=CC=C3C2=O,Active
5409,363896277,3634,CCN(CC)CCNC1=C2C(=C(C=C1)CO)SC3=CC=CC=C3C2=O,Active
5410,363896277,3634,CCN(CC)CCNC1=C2C(=C(C=C1)CO)SC3=CC=CC=C3C2=O,Active
5411,363896277,3634,CCN(CC)CCNC1=C2C(=C(C=C1)CO)SC3=CC=CC=C3C2=O,Unspecified
5412,363896277,3634,CCN(CC)CCNC1=C2C(=C(C=C1)CO)SC3=CC=CC=C3C2=O,Unspecified
5413,363896277,3634,CCN(CC)CCNC1=C2C(=C(C=C1)CO)SC3=CC=CC=C3C2=O,Inactive
5414,363896277,3634,CCN(CC)CCNC1=C2C(=C(C=C1)CO)SC3=CC=CC=C3C2=O,Active
5415,363896277,3634,CCN(CC)CCNC1=C2C(=C(C=C1)CO)SC3=CC=CC=C3C2=O,Active
5416,363896277,3634,CCN(CC)CCNC1=C2C(=C(C=C1)CO)SC3=CC=CC=C3C2=O,Unspecified
5417,363896277,3634,CCN(CC)CCNC1=C2C(=C(C=C1)CO)SC3=CC=CC=C3C2=O,Active
5418,363896277,3634,CCN(CC)CCNC1=C2C(=C(C=C1)CO)SC3=CC=CC=C3C2=O,Active
5419,363896277,3634,CCN(CC)CCNC1=C2C(=C(C=C1)CO)SC3=CC=CC=C3C2=O,Active
5420,363896277,3634,CCN(CC)CCNC1=C2C(=C(C=C1)CO)SC3=CC=CC=C3C2=O,Active
5421,363896277,3634,CCN(CC)CCNC1=C2C(=C(C=C1)CO)SC3=CC=CC=C3C2=O,Active
5422,363896277,3634,CCN(CC)CCNC1=C2C(=C(C=C1)CO)SC3=CC=CC=C3C2=O,Active
5423,363896277,3634,CCN(CC)CCNC1=C2C(=C(C=C1)CO)SC3=CC=CC=C3C2=O,Inactive
5424,363896277,3634,CCN(CC)CCNC1=C2C(=C(C=C1)CO)SC3=CC=CC=C3C2=O,Inactive
5425,363896277,3634,CCN(CC)CCNC1=C2C(=C(C=C1)CO)SC3=CC=CC=C3C2=O,Active
5426,363896277,3634,CCN(CC)CCNC1=C2C(=C(C=C1)CO)SC3=CC=CC=C3C2=O,Active
5427,363896278,18386,CC1=CC(=C(C=C1)N=NC2=C(C=CC3=CC=CC=C32)O)C,Unspecified
5428,363896278,18386,CC1=CC(=C(C=C1)N=NC2=C(C=CC3=CC=CC=C32)O)C,Active
5429,363896279,18430,C1C(O1)CBr,Active
5430,363896280,72884,CC(=O)NNC(=O)C,Unspecified
5431,363896281,76635,CC1=CC(=C(C=C1C)N)N,Unspecified
5432,363896282,151090,C1CN(CCN1)CCCN2C3=CC=CC=C3SC4=CC=CC=C42,Unspecified
5433,363896282,151090,C1CN(CCN1)CCCN2C3=CC=CC=C3SC4=CC=CC=C42,Unspecified
5434,363896283,5464362,CC1=C/C(=C(/C2=CC(=C(C=C2)N)S(=O)(=O)O)\C3=CC(=C(C=C3)N)S(=O)(=O)[O-])/C=C(C1=N)S(=O)(=O)[O-].[Na+].[Na+],Unspecified
5435,363896284,18609,CCCOP(=S)(OCCC)OP(=S)(OCCC)OCCC,Unspecified
5436,363896284,18609,CCCOP(=S)(OCCC)OP(=S)(OCCC)OCCC,Unspecified
5437,363896284,18609,CCCOP(=S)(OCCC)OP(=S)(OCCC)OCCC,Inactive
5438,363896284,18609,CCCOP(=S)(OCCC)OP(=S)(OCCC)OCCC,Inactive
5439,363896284,18609,CCCOP(=S)(OCCC)OP(=S)(OCCC)OCCC,Inactive
5440,363896284,18609,CCCOP(=S)(OCCC)OP(=S)(OCCC)OCCC,Inactive
5441,363896284,18609,CCCOP(=S)(OCCC)OP(=S)(OCCC)OCCC,Inactive
5442,363896285,160676,CC1C(C(C(=O)O1)C(=O)C)C=C,Active
5443,363896286,197020,C1=CN(C(=O)N=C1NO)[C@H]2[C@@H]([C@@H]([C@H](O2)CO)O)O,Active
5444,363896286,197020,C1=CN(C(=O)N=C1NO)[C@H]2[C@@H]([C@@H]([C@H](O2)CO)O)O,Active
5445,363896287,18632,CC1C(O1)C,Active
5446,363896288,18710,CC1=C2C(CC3=C2C(=CC4=C3C=CC5=CC=CC=C54)C=C1)O,Active
5447,363896288,18710,CC1=C2C(CC3=C2C(=CC4=C3C=CC5=CC=CC=C54)C=C1)O,Active
5448,363896288,18710,CC1=C2C(CC3=C2C(=CC4=C3C=CC5=CC=CC=C54)C=C1)O,Unspecified
5449,363896289,197025,CC1=CC=C(S1)CN(CCCl)CCCl,Active
5450,363896290,18759,CC1=C2CC(C3=C2C(=CC4=C3C=CC5=CC=CC=C54)C=C1)O,Active
5451,363896290,18759,CC1=C2CC(C3=C2C(=CC4=C3C=CC5=CC=CC=C54)C=C1)O,Active
5452,363896290,18759,CC1=C2CC(C3=C2C(=CC4=C3C=CC5=CC=CC=C54)C=C1)O,Active
5453,363896291,18760,CC1=C2CC(=O)C3=C2C(=CC4=C3C=CC5=CC=CC=C54)C=C1,Active
5454,363896291,18760,CC1=C2CC(=O)C3=C2C(=CC4=C3C=CC5=CC=CC=C54)C=C1,Unspecified
5455,363896291,18760,CC1=C2CC(=O)C3=C2C(=CC4=C3C=CC5=CC=CC=C54)C=C1,Active
5456,363896292,76862,CC1=C2C(=O)CC3=C2C(=CC4=C3C=CC5=CC=CC=C54)C=C1,Active
5457,363896292,76862,CC1=C2C(=O)CC3=C2C(=CC4=C3C=CC5=CC=CC=C54)C=C1,Active
5458,363896292,76862,CC1=C2C(=O)CC3=C2C(=CC4=C3C=CC5=CC=CC=C54)C=C1,Active
5459,363896293,18762,CC1=C2CCC3=C2C(=CC4=C3C=C(C5=CC=CC=C54)O)C=C1,Active
5460,363896294,115018,CC1=C2CCC3=C2C(=CC4=C3[C@@H]([C@H](C5=CC=CC=C54)O)O)C=C1,Inactive
5461,363896294,115018,CC1=C2CCC3=C2C(=CC4=C3[C@@H]([C@H](C5=CC=CC=C54)O)O)C=C1,Inactive
5462,363896294,115018,CC1=C2CCC3=C2C(=CC4=C3[C@@H]([C@H](C5=CC=CC=C54)O)O)C=C1,Unspecified
5463,363896294,115018,CC1=C2CCC3=C2C(=CC4=C3[C@@H]([C@H](C5=CC=CC=C54)O)O)C=C1,Active
5464,363896295,18779,CC1=C2C=CC3=C(C2=CC=C1)C=CC4=CC=CC=C43,Active
5465,363896296,18780,CC1=C2C(=CC=C1)C=CC3=C2C=CC4=CC=CC=C43,Active
5466,363896297,18781,CC1=CC2=C(C=C1)C=CC3=C2C=CC4=CC=CC=C43,Active
5467,363896298,18782,CC1=CC2=C(C=C1)C3=C(C=C2)C4=CC=CC=C4C=C3,Active
5468,363896299,76879,CC1C=CC2=C1C=CC3=C2C=CC4=CC=CC=C43,Active
5469,363896300,104949,C1=CC(=CC=C1C2=CC=C(C=C2)N)C3=CC=C(C=C3)N,Active
5470,363896301,5564,C1=CC(=C(C=C1Cl)O)OC2=C(C=C(C=C2)Cl)Cl,Unspecified
5471,363896301,5564,C1=CC(=C(C=C1Cl)O)OC2=C(C=C(C=C2)Cl)Cl,Inactive
5472,363896301,5564,C1=CC(=C(C=C1Cl)O)OC2=C(C=C(C=C2)Cl)Cl,Inactive
5473,363896301,5564,C1=CC(=C(C=C1Cl)O)OC2=C(C=C(C=C2)Cl)Cl,Active
5474,363896301,5564,C1=CC(=C(C=C1Cl)O)OC2=C(C=C(C=C2)Cl)Cl,Active
5475,363896302,18835,CCN(C(C)(C)C)N=O,Unspecified
5476,363896303,105086,CC1=C2CCC3=C2C(=CC4=C3C5C(O5)C6=CC=CC=C64)C=C1,Active
5477,363896303,105086,CC1=C2CCC3=C2C(=CC4=C3C5C(O5)C6=CC=CC=C64)C=C1,Active
5478,363896303,105086,CC1=C2CCC3=C2C(=CC4=C3C5C(O5)C6=CC=CC=C64)C=C1,Active
5479,363896303,105086,CC1=C2CCC3=C2C(=CC4=C3C5C(O5)C6=CC=CC=C64)C=C1,Active
5480,363896303,105086,CC1=C2CCC3=C2C(=CC4=C3C5C(O5)C6=CC=CC=C64)C=C1,Unspecified
5481,363896304,18897,C(C1[C@@H](C(C([C@H](O1)O)N)O)O)O,Inactive
5482,363896305,246598,C1=CC=C(C(=C1)C(=C(Cl)Cl)C2=CC=C(C=C2)Cl)Cl,Inactive
5483,363896306,18981,C1=CC=C2C(=C1)C=CC(=C2N=NC3=C(C=C(C=C3)[N+](=O)[O-])[N+](=O)[O-])O,Active
5484,363896307,18988,CN(C)C(=O)N(C)N=O,Active
5485,363896307,18988,CN(C)C(=O)N(C)N=O,Active
5486,363896308,62498,CCN(CC1=CC=CC=C1)C2=CC=C(C=C2)C(=C3C=CC(=[N+](CC)CC4=CC=CC=C4)C=C3)C5=C(C=C(C=C5)S(=O)(=O)[O-])S(=O)(=O)[O-].[Na+],Unspecified
5487,363896309,77082,CN1C2=C(C=C(C=C2)N(CCCl)CCCl)N=C1CCCC(=O)O.Cl,Active
5488,363896310,19062,COC1=C(C=CC(=C1)N=NC2=CC=CC=C2)N,Active
5489,363896310,19062,COC1=C(C=CC(=C1)N=NC2=CC=CC=C2)N,Active
5490,363896310,19062,COC1=C(C=CC(=C1)N=NC2=CC=CC=C2)N,Unspecified
5491,363896310,19062,COC1=C(C=CC(=C1)N=NC2=CC=CC=C2)N,Active
5492,363896310,19062,COC1=C(C=CC(=C1)N=NC2=CC=CC=C2)N,Inactive
5493,363896310,19062,COC1=C(C=CC(=C1)N=NC2=CC=CC=C2)N,Active
5494,363896310,19062,COC1=C(C=CC(=C1)N=NC2=CC=CC=C2)N,Active
5495,363896311,1645,C1=CC(=CC(=C1)N)C(=O)N,Unspecified
5496,363896311,1645,C1=CC(=CC(=C1)N)C(=O)N,Active
5497,363896311,1645,C1=CC(=CC(=C1)N)C(=O)N,Active
5498,363896312,656580,C1=CC(=CC=C1[C@H]([C@@H](COC(=O)CCC(=O)O)NC(=O)C(Cl)Cl)O)[N+](=O)[O-],Unspecified
5499,363896312,656580,C1=CC(=CC=C1[C@H]([C@@H](COC(=O)CCC(=O)O)NC(=O)C(Cl)Cl)O)[N+](=O)[O-],Inactive
5500,363896313,266461,C[C@H](CCCC(C)C)[C@H]1CC[C@@H]2[C@@]1(CC[C@H]3[C@H]2CC=C4[C@@]3(CC[C@@H](C4)OC(=O)CC5=CC=C(C=C5)N(CCCl)CCCl)C)C,Active
5501,363896314,46174068,CC1=CC(=C(N1C2=CC=CC=C2)C)/C=C/C3=[N+](C4=C(C=C(C=C4)N(C)C)C=C3)C.CC1=CC(=C(N1C2=CC=CC=C2)C)/C=C/C3=[N+](C4=C(C=C(C=C4)N(C)C)C=C3)C.C1=CC=C2C(=C(C(=CC2=C1)C(=O)O)O)CC3=C(C(=CC4=CC=CC=C34)C(=O)O)O,Active
5502,363896314,46174068,CC1=CC(=C(N1C2=CC=CC=C2)C)/C=C/C3=[N+](C4=C(C=C(C=C4)N(C)C)C=C3)C.CC1=CC(=C(N1C2=CC=CC=C2)C)/C=C/C3=[N+](C4=C(C=C(C=C4)N(C)C)C=C3)C.C1=CC=C2C(=C(C(=CC2=C1)C(=O)O)O)CC3=C(C(=CC4=CC=CC=C34)C(=O)O)O,Active
5503,363896315,19095,CC1=CC(=C(C=C1C)N=NC2=C3C=CC(=CC3=CC(=C2O)S(=O)(=O)[O-])S(=O)(=O)[O-])C.[Na+].[Na+],Unspecified
5504,363896315,19095,CC1=CC(=C(C=C1C)N=NC2=C3C=CC(=CC3=CC(=C2O)S(=O)(=O)[O-])S(=O)(=O)[O-])C.[Na+].[Na+],Unspecified
5505,363896315,19095,CC1=CC(=C(C=C1C)N=NC2=C3C=CC(=CC3=CC(=C2O)S(=O)(=O)[O-])S(=O)(=O)[O-])C.[Na+].[Na+],Inactive
5506,363896315,19095,CC1=CC(=C(C=C1C)N=NC2=C3C=CC(=CC3=CC(=C2O)S(=O)(=O)[O-])S(=O)(=O)[O-])C.[Na+].[Na+],Active
5507,363896315,19095,CC1=CC(=C(C=C1C)N=NC2=C3C=CC(=CC3=CC(=C2O)S(=O)(=O)[O-])S(=O)(=O)[O-])C.[Na+].[Na+],Inactive
5508,363896316,19118,C1=CC=C2C(=C1)C(=CC=C2S(=O)(=O)[O-])N=NC3=C(C4=CC=CC=C4C(=C3)S(=O)(=O)[O-])O.[Na+].[Na+],Unspecified
5509,363896316,19118,C1=CC=C2C(=C1)C(=CC=C2S(=O)(=O)[O-])N=NC3=C(C4=CC=CC=C4C(=C3)S(=O)(=O)[O-])O.[Na+].[Na+],Inactive
5510,363896316,19118,C1=CC=C2C(=C1)C(=CC=C2S(=O)(=O)[O-])N=NC3=C(C4=CC=CC=C4C(=C3)S(=O)(=O)[O-])O.[Na+].[Na+],Inactive
5511,363896316,19118,C1=CC=C2C(=C1)C(=CC=C2S(=O)(=O)[O-])N=NC3=C(C4=CC=CC=C4C(=C3)S(=O)(=O)[O-])O.[Na+].[Na+],Inactive
5512,363896317,19128,CS(=O)(=O)OCCCl,Active
5513,363896317,19128,CS(=O)(=O)OCCCl,Active
5514,363896317,19128,CS(=O)(=O)OCCCl,Active
5515,363896317,19128,CS(=O)(=O)OCCCl,Active
5516,363896318,3607071,C1=C(OC(=C1)[N+](=O)[O-])C2=CSC(=N2)NNC=O,Active
5517,363896318,3607071,C1=C(OC(=C1)[N+](=O)[O-])C2=CSC(=N2)NNC=O,Active
5518,363896318,3607071,C1=C(OC(=C1)[N+](=O)[O-])C2=CSC(=N2)NNC=O,Active
5519,363896318,3607071,C1=C(OC(=C1)[N+](=O)[O-])C2=CSC(=N2)NNC=O,Active
5520,363896318,3607071,C1=C(OC(=C1)[N+](=O)[O-])C2=CSC(=N2)NNC=O,Active
5521,363896318,3607071,C1=C(OC(=C1)[N+](=O)[O-])C2=CSC(=N2)NNC=O,Active
5522,363896319,19160,C(C1C(O1)CCl)Cl,Active
5523,363896320,19167,CN(C)C(=S)S[As](SC(=S)N(C)C)SC(=S)N(C)C,Unspecified
5524,363896321,77142,CCN(CCCl)CCCl.Cl,Active
5525,363896321,77142,CCN(CCCl)CCCl.Cl,Active
5526,363896322,19186,C1=CC=C(C=C1)C2=CC=C(C=C2)CO,Active
5527,363896322,19186,C1=CC=C(C=C1)C2=CC=C(C=C2)CO,Unspecified
5528,363896323,19227,CCN(CCCCCCN(CC)C(=O)C(Cl)Cl)C(=O)C(Cl)Cl,Active
5529,363896324,197795,C1=CC(=C(C=C1[N+](=O)[O-])[N+](=O)[O-])C(C2=C(C=C(C=C2)[N+](=O)[O-])[N+](=O)[O-])C3=C(C=C(C=C3)[N+](=O)[O-])[N+](=O)[O-],Active
5530,363896324,197795,C1=CC(=C(C=C1[N+](=O)[O-])[N+](=O)[O-])C(C2=C(C=C(C=C2)[N+](=O)[O-])[N+](=O)[O-])C3=C(C=C(C=C3)[N+](=O)[O-])[N+](=O)[O-],Active
5531,363896325,19389,C1=CC(=CC=C1CCC(C(=O)O)N)N(CCCl)CCCl,Active
5532,363896326,5280707,C1=COC(=C1)/C(=C/C2=CC=C(O2)[N+](=O)[O-])/C(=O)N,Active
5533,363896326,5280707,C1=COC(=C1)/C(=C/C2=CC=C(O2)[N+](=O)[O-])/C(=O)N,Active
5534,363896326,5280707,C1=COC(=C1)/C(=C/C2=CC=C(O2)[N+](=O)[O-])/C(=O)N,Active
5535,363896326,5280707,C1=COC(=C1)/C(=C/C2=CC=C(O2)[N+](=O)[O-])/C(=O)N,Inactive
5536,363896326,5280707,C1=COC(=C1)/C(=C/C2=CC=C(O2)[N+](=O)[O-])/C(=O)N,Active
5537,363896326,5280707,C1=COC(=C1)/C(=C/C2=CC=C(O2)[N+](=O)[O-])/C(=O)N,Unspecified
5538,363896326,5280707,C1=COC(=C1)/C(=C/C2=CC=C(O2)[N+](=O)[O-])/C(=O)N,Active
5539,363896326,5280707,C1=COC(=C1)/C(=C/C2=CC=C(O2)[N+](=O)[O-])/C(=O)N,Inactive
5540,363896326,5280707,C1=COC(=C1)/C(=C/C2=CC=C(O2)[N+](=O)[O-])/C(=O)N,Unspecified
5541,363896326,5280707,C1=COC(=C1)/C(=C/C2=CC=C(O2)[N+](=O)[O-])/C(=O)N,Unspecified
5542,363896326,5280707,C1=COC(=C1)/C(=C/C2=CC=C(O2)[N+](=O)[O-])/C(=O)N,Active
5543,363896326,5280707,C1=COC(=C1)/C(=C/C2=CC=C(O2)[N+](=O)[O-])/C(=O)N,Active
5544,363896326,5280707,C1=COC(=C1)/C(=C/C2=CC=C(O2)[N+](=O)[O-])/C(=O)N,Active
5545,363896326,5280707,C1=COC(=C1)/C(=C/C2=CC=C(O2)[N+](=O)[O-])/C(=O)N,Active
5546,363896326,5280707,C1=COC(=C1)/C(=C/C2=CC=C(O2)[N+](=O)[O-])/C(=O)N,Active
5547,363896326,5280707,C1=COC(=C1)/C(=C/C2=CC=C(O2)[N+](=O)[O-])/C(=O)N,Active
5548,363896326,5280707,C1=COC(=C1)/C(=C/C2=CC=C(O2)[N+](=O)[O-])/C(=O)N,Active
5549,363896326,5280707,C1=COC(=C1)/C(=C/C2=CC=C(O2)[N+](=O)[O-])/C(=O)N,Active
5550,363896326,5280707,C1=COC(=C1)/C(=C/C2=CC=C(O2)[N+](=O)[O-])/C(=O)N,Active
5551,363896327,77267,COC1=C2C=CC=C3C2=C(C=C1)C4=CC=CC=C4C3=O,Active
5552,363896328,19427,CC1=CC2=CC=CC=C2C3=C1C4=CC=CC=C4C=C3,Active
5553,363896328,19427,CC1=CC2=CC=CC=C2C3=C1C4=CC=CC=C4C=C3,Active
5554,363896329,19463,CCN(CC)O,Unspecified
5555,363896329,19463,CCN(CC)O,Active
5556,363896329,19463,CCN(CC)O,Active
5557,363896329,19463,CCN(CC)O,Unspecified
5558,363896330,19470,CN(C)C(=O)N1CC1,Active
5559,363896331,3032450,C1CN(C(=S)N1)N=O,Active
5560,363896331,3032450,C1CN(C(=S)N1)N=O,Unspecified
5561,363896331,3032450,C1CN(C(=S)N1)N=O,Inactive
5562,363896332,114685,C1=CC=C2C=C3C4=CC=CC=C4[C@@H]([C@H](C3=CC2=C1)O)O,Active
5563,363896332,114685,C1=CC=C2C=C3C4=CC=CC=C4[C@@H]([C@H](C3=CC2=C1)O)O,Inactive
5564,363896332,114685,C1=CC=C2C=C3C4=CC=CC=C4[C@@H]([C@H](C3=CC2=C1)O)O,Inactive
5565,363896332,114685,C1=CC=C2C=C3C4=CC=CC=C4[C@@H]([C@H](C3=CC2=C1)O)O,Active
5566,363896332,114685,C1=CC=C2C=C3C4=CC=CC=C4[C@@H]([C@H](C3=CC2=C1)O)O,Unspecified
5567,363896332,114685,C1=CC=C2C=C3C4=CC=CC=C4[C@@H]([C@H](C3=CC2=C1)O)O,Unspecified
5568,363896333,19486,C1=CC=C2C(=C1)C=CC3=CC4=C(C=C32)[C@@H]([C@@H](C5=CC=CC=C54)O)O,Active
5569,363896333,19486,C1=CC=C2C(=C1)C=CC3=CC4=C(C=C32)[C@@H]([C@@H](C5=CC=CC=C54)O)O,Inactive
5570,363896333,19486,C1=CC=C2C(=C1)C=CC3=CC4=C(C=C32)[C@@H]([C@@H](C5=CC=CC=C54)O)O,Inactive
5571,363896334,19487,C1=CC=C2C(=C1)C=CC3=CC4=C(C=C32)[C@H]([C@@H](C5=CC=CC=C54)O)O,Unspecified
5572,363896334,19487,C1=CC=C2C(=C1)C=CC3=CC4=C(C=C32)[C@H]([C@@H](C5=CC=CC=C54)O)O,Inactive
5573,363896334,19487,C1=CC=C2C(=C1)C=CC3=CC4=C(C=C32)[C@H]([C@@H](C5=CC=CC=C54)O)O,Inactive
5574,363896334,19487,C1=CC=C2C(=C1)C=CC3=CC4=C(C=C32)[C@H]([C@@H](C5=CC=CC=C54)O)O,Unspecified
5575,363896334,19487,C1=CC=C2C(=C1)C=CC3=CC4=C(C=C32)[C@H]([C@@H](C5=CC=CC=C54)O)O,Active
5576,363896335,77337,C1=CC=C(C(=C1)CC(=O)O)[N+](=O)[O-],Active
5577,363896336,77341,C1=CC=C2C(=C1)C(=CC=N2)[N+](=O)[O-],Inactive
5578,363896337,9576185,C1COCCN1CC2CN(C(=O)O2)/N=C/C3=CC=C(O3)[N+](=O)[O-].Cl,Active
5579,363896338,2724065,CC1=CC(=C(C=C1)N=NC2=C3C=CC(=CC3=CC(=C2O)S(=O)(=O)[O-])S(=O)(=O)[O-])C.[Na+].[Na+],Active
5580,363896338,2724065,CC1=CC(=C(C=C1)N=NC2=C3C=CC(=CC3=CC(=C2O)S(=O)(=O)[O-])S(=O)(=O)[O-])C.[Na+].[Na+],Unspecified
5581,363896338,2724065,CC1=CC(=C(C=C1)N=NC2=C3C=CC(=CC3=CC(=C2O)S(=O)(=O)[O-])S(=O)(=O)[O-])C.[Na+].[Na+],Inactive
5582,363896338,2724065,CC1=CC(=C(C=C1)N=NC2=C3C=CC(=CC3=CC(=C2O)S(=O)(=O)[O-])S(=O)(=O)[O-])C.[Na+].[Na+],Active
5583,363896338,2724065,CC1=CC(=C(C=C1)N=NC2=C3C=CC(=CC3=CC(=C2O)S(=O)(=O)[O-])S(=O)(=O)[O-])C.[Na+].[Na+],Unspecified
5584,363896339,19587,CC(C#C)N(C)C(=O)NC1=CC=C(C=C1)Cl,Inactive
5585,363896340,19588,CCC(C)C1=CC=CC=C1OC(=O)NC,Inactive
5586,363896340,19588,CCC(C)C1=CC=CC=C1OC(=O)NC,Inactive
5587,363896341,19592,CC(C)(C(=O)O)OC1=CC=C(C=C1)C2CCCC3=CC=CC=C23,Active
5588,363896342,3690,C1CN(P(=O)(OC1)NCCCl)CCCl,Unspecified
5589,363896342,3690,C1CN(P(=O)(OC1)NCCCl)CCCl,Active
5590,363896342,3690,C1CN(P(=O)(OC1)NCCCl)CCCl,Active
5591,363896342,3690,C1CN(P(=O)(OC1)NCCCl)CCCl,Active
5592,363896342,3690,C1CN(P(=O)(OC1)NCCCl)CCCl,Active
5593,363896342,3690,C1CN(P(=O)(OC1)NCCCl)CCCl,Inactive
5594,363896342,3690,C1CN(P(=O)(OC1)NCCCl)CCCl,Inactive
5595,363896342,3690,C1CN(P(=O)(OC1)NCCCl)CCCl,Active
5596,363896342,3690,C1CN(P(=O)(OC1)NCCCl)CCCl,Active
5597,363896343,19648,C[C@H]1[C@@]([C@H]([C@@H](O1)O[C@@H]2[C@H]([C@@H]([C@H]([C@@H]([C@H]2O)O)N=C(N)N)O)N=C(N)N)O[C@H]3[C@H]([C@@H]([C@H]([C@@H](O3)CO)O)O)NC)(C=O)O.C[C@H]1[C@@]([C@H]([C@@H](O1)O[C@@H]2[C@H]([C@@H]([C@H]([C@@H]([C@H]2O)O)N=C(N)N)O)N=C(N)N)O[C@H]3[C@H]([C@@H]([C@H]([C@@H](O3)CO)O)O)NC)(C=O)O.OS(=O)(=O)O.OS(=O)(=O)O.OS(=O)(=O)O,Unspecified
5598,363896344,19665,CCCCN(CCCCO)N=O,Active
5599,363896344,19665,CCCCN(CCCCO)N=O,Inactive
5600,363896344,19665,CCCCN(CCCCO)N=O,Unspecified
5601,363896344,19665,CCCCN(CCCCO)N=O,Unspecified
5602,363896344,19665,CCCCN(CCCCO)N=O,Active
5603,363896344,19665,CCCCN(CCCCO)N=O,Active
5604,363896345,19702,C1CN(C(=O)N1)N=O,Active
5605,363896345,19702,C1CN(C(=O)N1)N=O,Active
5606,363896345,19702,C1CN(C(=O)N1)N=O,Active
5607,363896345,19702,C1CN(C(=O)N1)N=O,Active
5608,363896345,19702,C1CN(C(=O)N1)N=O,Active
5609,363896345,19702,C1CN(C(=O)N1)N=O,Active
5610,363896346,19730,CCCCCCCC(=O)OC1=C(C=C(C=C1I)C#N)I,Unspecified
5611,363896347,5585,CC1=CC(=O)OC2=C1C=C3C=C(OC3=C2C)C,Unspecified
5612,363896347,5585,CC1=CC(=O)OC2=C1C=C3C=C(OC3=C2C)C,Unspecified
5613,363896348,92976,C#CC(C1=CC=CC=C1)(C2=CC=CC=C2)O,Unspecified
5614,363896349,5298,CC1=C(C(=C(N=C1C(=O)O)C2=NC3=C(C=C2)C(=O)C(=C(C3=O)N)OC)N)C4=C(C(=C(C=C4)OC)OC)O,Inactive
5615,363896349,5298,CC1=C(C(=C(N=C1C(=O)O)C2=NC3=C(C=C2)C(=O)C(=C(C3=O)N)OC)N)C4=C(C(=C(C=C4)OC)OC)O,Active
5616,363896349,5298,CC1=C(C(=C(N=C1C(=O)O)C2=NC3=C(C=C2)C(=O)C(=C(C3=O)N)OC)N)C4=C(C(=C(C=C4)OC)OC)O,Active
5617,363896349,5298,CC1=C(C(=C(N=C1C(=O)O)C2=NC3=C(C=C2)C(=O)C(=C(C3=O)N)OC)N)C4=C(C(=C(C=C4)OC)OC)O,Active
5618,363896349,5298,CC1=C(C(=C(N=C1C(=O)O)C2=NC3=C(C=C2)C(=O)C(=C(C3=O)N)OC)N)C4=C(C(=C(C=C4)OC)OC)O,Active
5619,363896349,5298,CC1=C(C(=C(N=C1C(=O)O)C2=NC3=C(C=C2)C(=O)C(=C(C3=O)N)OC)N)C4=C(C(=C(C=C4)OC)OC)O,Active
5620,363896350,19841,CNC(=O)OC1=CC=CC=C1Cl,Unspecified
5621,363896350,19841,CNC(=O)OC1=CC=CC=C1Cl,Inactive
5622,363896350,19841,CNC(=O)OC1=CC=CC=C1Cl,Inactive
5623,363896351,77617,C1=CC=C2C(=C1)C=CC3=CC4=C(C=C32)C=C(C5=CC=CC=C54)O,Unspecified
5624,363896351,77617,C1=CC=C2C(=C1)C=CC3=CC4=C(C=C32)C=C(C5=CC=CC=C54)O,Inactive
5625,363896351,77617,C1=CC=C2C(=C1)C=CC3=CC4=C(C=C32)C=C(C5=CC=CC=C54)O,Active
5626,363896352,19909,C1=NN=C(S1)N,Active
5627,363896352,19909,C1=NN=C(S1)N,Active
5628,363896352,19909,C1=NN=C(S1)N,Unspecified
5629,363896353,19927,CC(C)(C)N1CC1,Active
5630,363896354,19998,CC(=O)NC1=CC=C(C=C1)C2=CC=CC=C2,Inactive
5631,363896355,20072,CC(=O)NC1=CC2=C(C=C1)C3=CC=CC=C3C=C2,Inactive
5632,363896355,20072,CC(=O)NC1=CC2=C(C=C1)C3=CC=CC=C3C=C2,Active
5633,363896356,20172,C1=CC=C(C=C1)N=NC2=C(C3=C(C=C(C=C3C=C2S(=O)(=O)[O-])S(=O)(=O)[O-])O)O.[Na+].[Na+],Unspecified
5634,363896357,20191,CC1=C(C=CC(=C1)N(CCCl)CCCl)N=NC2=CC=CC=C2C(=O)O,Active
5635,363896358,20193,CC(CCCN(CCCl)CCCl)NC1=C2C=C(C=CC2=NC3=C1C=CC(=C3)Cl)OC.Cl.Cl,Unspecified
5636,363896358,20193,CC(CCCN(CCCl)CCCl)NC1=C2C=C(C=CC2=NC3=C1C=CC(=C3)Cl)OC.Cl.Cl,Active
5637,363896358,20193,CC(CCCN(CCCl)CCCl)NC1=C2C=C(C=CC2=NC3=C1C=CC(=C3)Cl)OC.Cl.Cl,Active
5638,363896358,20193,CC(CCCN(CCCl)CCCl)NC1=C2C=C(C=CC2=NC3=C1C=CC(=C3)Cl)OC.Cl.Cl,Active
5639,363896358,20193,CC(CCCN(CCCl)CCCl)NC1=C2C=C(C=CC2=NC3=C1C=CC(=C3)Cl)OC.Cl.Cl,Active
5640,363896358,20193,CC(CCCN(CCCl)CCCl)NC1=C2C=C(C=CC2=NC3=C1C=CC(=C3)Cl)OC.Cl.Cl,Active
5641,363896358,20193,CC(CCCN(CCCl)CCCl)NC1=C2C=C(C=CC2=NC3=C1C=CC(=C3)Cl)OC.Cl.Cl,Unspecified
5642,363896358,20193,CC(CCCN(CCCl)CCCl)NC1=C2C=C(C=CC2=NC3=C1C=CC(=C3)Cl)OC.Cl.Cl,Active
5643,363896359,96085,CCCCNP(=O)(N1CC1)N2CC2,Active
5644,363896359,96085,CCCCNP(=O)(N1CC1)N2CC2,Active
5645,363896359,96085,CCCCNP(=O)(N1CC1)N2CC2,Active
5646,363896360,95735,C1CN1C2=C(C(=O)C(=C(C2=O)N3CC3)N4CC4)N5CC5,Active
5647,363896360,95735,C1CN1C2=C(C(=O)C(=C(C2=O)N3CC3)N4CC4)N5CC5,Active
5648,363896360,95735,C1CN1C2=C(C(=O)C(=C(C2=O)N3CC3)N4CC4)N5CC5,Active
5649,363896360,95735,C1CN1C2=C(C(=O)C(=C(C2=O)N3CC3)N4CC4)N5CC5,Unspecified
5650,363896360,95735,C1CN1C2=C(C(=O)C(=C(C2=O)N3CC3)N4CC4)N5CC5,Active
5651,363896361,20237,CN=C(N)N[N+](=O)[O-],Unspecified
5652,363896362,5473908,CCN(/C(=N\[N+](=O)[O-])/N)N=O,Active
5653,363896362,5473908,CCN(/C(=N\[N+](=O)[O-])/N)N=O,Active
5654,363896362,5473908,CCN(/C(=N\[N+](=O)[O-])/N)N=O,Active
5655,363896362,5473908,CCN(/C(=N\[N+](=O)[O-])/N)N=O,Active
5656,363896362,5473908,CCN(/C(=N\[N+](=O)[O-])/N)N=O,Active
5657,363896362,5473908,CCN(/C(=N\[N+](=O)[O-])/N)N=O,Active
5658,363896362,5473908,CCN(/C(=N\[N+](=O)[O-])/N)N=O,Active
5659,363896362,5473908,CCN(/C(=N\[N+](=O)[O-])/N)N=O,Active
5660,363896362,5473908,CCN(/C(=N\[N+](=O)[O-])/N)N=O,Active
5661,363896363,145737,CCN(CCCNC1=C2C=CC(=CC2=NC=C1)Cl)CCCl.Cl.Cl,Active
5662,363896364,197038,CCN(CCCNC1=C2C=CC3=CC=CC=C3C2=NC4=CC=CC=C41)CCCl.Cl.Cl,Active
5663,363896365,77981,CC#CC#CC#CC1=CC=CC=C1,Unspecified
5664,363896366,135398738,CN(C)/N=N/C1=C(NC=N1)C(=O)N,Active
5665,363896366,135398738,CN(C)/N=N/C1=C(NC=N1)C(=O)N,Active
5666,363896366,135398738,CN(C)/N=N/C1=C(NC=N1)C(=O)N,Active
5667,363896366,135398738,CN(C)/N=N/C1=C(NC=N1)C(=O)N,Active
5668,363896366,135398738,CN(C)/N=N/C1=C(NC=N1)C(=O)N,Active
5669,363896367,20388,C1=CC=C2C(=C1)C(=O)OC23C4=C(C(=C(C=C4)[O-])Br)OC5=C3C=CC(=C5Br)[O-].[Na+].[Na+],Unspecified
5670,363896368,94790,C(=O)(NC(=O)NN)NN,Active
5671,363896369,20393,CCCCC(CC)COC(=O)C1=CC=CC=C1C(=O)O,Unspecified
5672,363896369,20393,CCCCC(CC)COC(=O)C1=CC=CC=C1C(=O)O,Inactive
5673,363896370,20442,CC(CN(CC(=O)O)CC(=O)O)N(CC(=O)O)CC(=O)O,Active
5674,363896371,23721629,CC1=CC(=O)[C-](C(=O)O1)C(=O)C.[Na+],Unspecified
5675,363896371,23721629,CC1=CC(=O)[C-](C(=O)O1)C(=O)C.[Na+],Inactive
5676,363896372,78140,C1=CC=C2C(=C1)C3(C4=C(C=C(C=C4)O)OC5=C3C=CC(=C5)O)OS2(=O)=O,Unspecified
5677,363896373,20480,CC1CCOS(=O)(=O)O1,Active
5678,363896373,20480,CC1CCOS(=O)(=O)O1,Active
5679,363896374,20482,C1=CC=C(C=C1)C(C2=CC=CC=C2)C(C3=CC=CC=C3)O,Unspecified
5680,363896375,20527,CC(=O)N(C1=CC=C(C=C1)C2=CC=CC=C2)O,Active
5681,363896375,20527,CC(=O)N(C1=CC=C(C=C1)C2=CC=CC=C2)O,Active
5682,363896376,98561,C1[C@@H]([C@H](O[C@H]1N2C=C(C(=O)NC2=O)C=O)CO)O,Active
5683,363896377,20614,C1CCN(C(C1)C(=O)O)N=O,Unspecified
5684,363896378,20669,CCCCNCCCCO,Inactive
5685,363896378,20669,CCCCNCCCCO,Unspecified
5686,363896379,62542,CC1=CC(=C(C=C1N=NC2=C(C3=CC=CC=C3C(=C2)S(=O)(=O)[O-])O)S(=O)(=O)[O-])C.[Na+].[Na+],Unspecified
5687,363896379,62542,CC1=CC(=C(C=C1N=NC2=C(C3=CC=CC=C3C(=C2)S(=O)(=O)[O-])O)S(=O)(=O)[O-])C.[Na+].[Na+],Unspecified
5688,363896379,62542,CC1=CC(=C(C=C1N=NC2=C(C3=CC=CC=C3C(=C2)S(=O)(=O)[O-])O)S(=O)(=O)[O-])C.[Na+].[Na+],Inactive
5689,363896380,20678,CN(C=C)N=O,Active
5690,363896380,20678,CN(C=C)N=O,Active
5691,363896381,119049,CN(C)C1=CC=C(C=C1)N=NC2=CC3=[N+](C4=C(C=CC(=C4)N)N=C3C=C2)C5=CC=CC=C5.[Cl-],Inactive
5692,363896382,,,Active
5693,363896382,,,Active
5694,363896382,,,Active
5695,363896382,,,Active
5696,363896382,,,Active
5697,363896382,,,Active
5698,363896382,,,Active
5699,363896382,,,Active
5700,363896382,,,Active
5701,363896382,,,Active
5702,363896383,20803,CCN(CC1=CC(=CC=C1)S(=O)(=O)[O-])C2=CC=C(C=C2)C(=C3C=CC(=[N+](CC)CC4=CC(=CC=C4)S(=O)(=O)[O-])C=C3)C5=CC=CC=C5.[Na+],Unspecified
5703,363896384,15939,C[N+]1=CC=C(C=C1)C2=CC=[N+](C=C2)C,Active
5704,363896384,15939,C[N+]1=CC=C(C=C1)C2=CC=[N+](C=C2)C,Inactive
5705,363896384,15939,C[N+]1=CC=C(C=C1)C2=CC=[N+](C=C2)C,Active
5706,363896384,15939,C[N+]1=CC=C(C=C1)C2=CC=[N+](C=C2)C,Inactive
5707,363896384,15939,C[N+]1=CC=C(C=C1)C2=CC=[N+](C=C2)C,Active
5708,363896385,439318,C1[C@@H]([C@H]([C@@H]([C@H]([C@@H]1N)O[C@@H]2[C@@H]([C@H]([C@@H]([C@H](O2)CO)O)N)O)O)O[C@@H]3[C@@H]([C@H]([C@@H]([C@H](O3)CN)O)O)N)N,Inactive
5709,363896386,104556,C1N(CN(CN1CCO)CCO)CCO,Unspecified
5710,363896387,3034148,CC/C(=C(/CC)\C1=CC=C(C=C1)OP(=O)([O-])[O-])/C2=CC=C(C=C2)OP(=O)([O-])[O-].[Na+].[Na+].[Na+].[Na+],Active
5711,363896388,5282379,CC1=C(C(CCC1)(C)C)/C=C/C(=C/C=C/C(=C\C(=O)O)/C)/C,Active
5712,363896389,145767,C1CN1P(=O)(NC(=O)NC2=C(C=C(C=C2)Cl)Cl)N3CC3,Active
5713,363896390,12306674,CC1=C(C2=C(C=C1)C(=O)N3C=C(C[C@H]3[C@H](N2)O)/C=C/C(=O)N)O,Unspecified
5714,363896390,12306674,CC1=C(C2=C(C=C1)C(=O)N3C=C(C[C@H]3[C@H](N2)O)/C=C/C(=O)N)O,Active
5715,363896390,12306674,CC1=C(C2=C(C=C1)C(=O)N3C=C(C[C@H]3[C@H](N2)O)/C=C/C(=O)N)O,Active
5716,363896390,12306674,CC1=C(C2=C(C=C1)C(=O)N3C=C(C[C@H]3[C@H](N2)O)/C=C/C(=O)N)O,Active
5717,363896390,12306674,CC1=C(C2=C(C=C1)C(=O)N3C=C(C[C@H]3[C@H](N2)O)/C=C/C(=O)N)O,Active
5718,363896390,12306674,CC1=C(C2=C(C=C1)C(=O)N3C=C(C[C@H]3[C@H](N2)O)/C=C/C(=O)N)O,Unspecified
5719,363896391,121858,C1=C(N(C(=N1)CO)CCO)[N+](=O)[O-],Unspecified
5720,363896391,121858,C1=C(N(C(=N1)CO)CCO)[N+](=O)[O-],Unspecified
5721,363896392,,,Active
5722,363896393,54684139,CC1CC2C(O1)C(C(O2)/C=C/C=C/C=C/C=C/C=C/C(=C/3\C(=O)C(N(C3=O)C)C(C)C)/O)O,Inactive
5723,363896394,21097,C1CCC(CC1)[NH3+].[Cl-],Active
5724,363896395,21119,C1=C(OC(=C1)[N+](=O)[O-])C2=NC=NN2,Active
5725,363896395,21119,C1=C(OC(=C1)[N+](=O)[O-])C2=NC=NN2,Inactive
5726,363896396,6321387,C1CN(C(=O)N1CCO)/N=C/C2=CC=C(O2)[N+](=O)[O-],Active
5727,363896397,29194,C(C(=O)[O-])N(CC(=O)[O-])CC(=O)[O-].O.[Na+].[Na+].[Na+],Unspecified
5728,363896397,29194,C(C(=O)[O-])N(CC(=O)[O-])CC(=O)[O-].O.[Na+].[Na+].[Na+],Unspecified
5729,363896397,29194,C(C(=O)[O-])N(CC(=O)[O-])CC(=O)[O-].O.[Na+].[Na+].[Na+],Active
5730,363896398,91541,C1[C@@H]([C@H](O[C@H]1N2C=C(C(=O)NC2=O)CO)CO)O,Active
5731,363896398,91541,C1[C@@H]([C@H](O[C@H]1N2C=C(C(=O)NC2=O)CO)CO)O,Active
5732,363896399,21209,C1=CC(=C(C=C1N)N)Cl,Active
5733,363896400,21223,CCN(CC1=CC(=CC=C1)S(=O)(=O)[O-])C2=CC=C(C=C2)C(=C3C=CC(=[N+](CC)CC4=CC(=CC=C4)S(=O)(=O)[O-])C=C3)C5=CC=C(C=C5)S(=O)(=O)[O-].[Na+].[Na+],Unspecified
5734,363896400,21223,CCN(CC1=CC(=CC=C1)S(=O)(=O)[O-])C2=CC=C(C=C2)C(=C3C=CC(=[N+](CC)CC4=CC(=CC=C4)S(=O)(=O)[O-])C=C3)C5=CC=C(C=C5)S(=O)(=O)[O-].[Na+].[Na+],Unspecified
5735,363896400,21223,CCN(CC1=CC(=CC=C1)S(=O)(=O)[O-])C2=CC=C(C=C2)C(=C3C=CC(=[N+](CC)CC4=CC(=CC=C4)S(=O)(=O)[O-])C=C3)C5=CC=C(C=C5)S(=O)(=O)[O-].[Na+].[Na+],Inactive
5736,363896401,5284459,C1=CC=C(C=C1)/C=C/[N+](=O)[O-],Inactive
5737,363896401,5284459,C1=CC=C(C=C1)/C=C/[N+](=O)[O-],Inactive
5738,363896402,21268,C=CC(C1=CC2=C(C=C1)OCO2)O,Inactive
5739,363896402,21268,C=CC(C1=CC2=C(C=C1)OCO2)O,Unspecified
5740,363896402,21268,C=CC(C1=CC2=C(C=C1)OCO2)O,Active
5741,363896402,21268,C=CC(C1=CC2=C(C=C1)OCO2)O,Inactive
5742,363896402,21268,C=CC(C1=CC2=C(C=C1)OCO2)O,Active
5743,363896402,21268,C=CC(C1=CC2=C(C=C1)OCO2)O,Inactive
5744,363896403,145782,CN1C2=C(C=C(C=C2)Cl)C(=C(C1=O)N)C3=CC=CC=C3,Unspecified
5745,363896404,21348,CC(=O)C1=CC=C(O1)[N+](=O)[O-],Active
5746,363896405,21379,COC1=C(C=CC(=C1)N)N,Inactive
5747,363896406,4338370,C1=CC(=C(C=C1N)[N+](=O)[O-])N,Unspecified
5748,363896406,4338370,C1=CC(=C(C=C1N)[N+](=O)[O-])N,Active
5749,363896406,4338370,C1=CC(=C(C=C1N)[N+](=O)[O-])N,Active
5750,363896406,4338370,C1=CC(=C(C=C1N)[N+](=O)[O-])N,Active
5751,363896406,4338370,C1=CC(=C(C=C1N)[N+](=O)[O-])N,Active
5752,363896406,4338370,C1=CC(=C(C=C1N)[N+](=O)[O-])N,Inactive
5753,363896406,4338370,C1=CC(=C(C=C1N)[N+](=O)[O-])N,Unspecified
5754,363896406,4338370,C1=CC(=C(C=C1N)[N+](=O)[O-])N,Active
5755,363896406,4338370,C1=CC(=C(C=C1N)[N+](=O)[O-])N,Unspecified
5756,363896406,4338370,C1=CC(=C(C=C1N)[N+](=O)[O-])N,Active
5757,363896406,4338370,C1=CC(=C(C=C1N)[N+](=O)[O-])N,Active
5758,363896407,21421,C1=CC=C(C=C1)CN(CC2=CC=CC=C2)N=O,Inactive
5759,363896408,17548,NN.Cl.Cl,Active
5760,363896408,17548,NN.Cl.Cl,Active
5761,363896409,9578332,CCN(CC)CCCNC(=O)N/N=C/C1=CC=C(O1)[N+](=O)[O-].Cl,Active
5762,363896410,79297,C1=C(C(=CC(=C1Cl)Cl)N)N,Unspecified
5763,363896411,21476,CC1=CC(=CC(=C1)C=C)C,Active
5764,363896411,21476,CC1=CC(=CC(=C1)C=C)C,Active
5765,363896412,21492,C(COC(=O)N)O,Active
5766,363896412,21492,C(COC(=O)N)O,Unspecified
5767,363896413,21501,C1=CC2=C(C=C1[N+](=O)[O-])C=NN2,Active
5768,363896414,79437,CN1C2=C(NC1=O)N(C(=O)N(C2=O)C)C,Inactive
5769,363896415,64118,CNC1=NC2=C(N1C)C(=O)N(C(=O)N2C)C,Active
5770,363896416,123608,C(CC(=O)O)C(=O)CN.Cl,Inactive
5771,363896417,21601,C1C(O1)CN2C(=O)C3=CC=CC=C3C2=O,Active
5772,363896418,9570205,CC(C)CN(/C(=N/[N+](=O)[O-])/N)N=O,Active
5773,363896418,9570205,CC(C)CN(/C(=N/[N+](=O)[O-])/N)N=O,Active
5774,363896419,21618,C1C(OCO1)CO,Inactive
5775,363896420,21645,[NH3+]O.[Cl-],Active
5776,363896420,21645,[NH3+]O.[Cl-],Inactive
5777,363896420,21645,[NH3+]O.[Cl-],Inactive
5778,363896420,21645,[NH3+]O.[Cl-],Inactive
5779,363896420,21645,[NH3+]O.[Cl-],Active
5780,363896420,21645,[NH3+]O.[Cl-],Unspecified
5781,363896420,21645,[NH3+]O.[Cl-],Inactive
5782,363896420,21645,[NH3+]O.[Cl-],Active
5783,363896420,21645,[NH3+]O.[Cl-],Active
5784,363896420,21645,[NH3+]O.[Cl-],Inactive
5785,363896420,21645,[NH3+]O.[Cl-],Active
5786,363896420,21645,[NH3+]O.[Cl-],Inactive
5787,363896421,21694,C1=CC2=C3C(=C1)C=CC4=C(C=CC(=C43)C=C2)[N+](=O)[O-],Active
5788,363896421,21694,C1=CC2=C3C(=C1)C=CC4=C(C=CC(=C43)C=C2)[N+](=O)[O-],Active
5789,363896422,21704,C1=NC(=C2C(=N1)N(C=N2)[C@H]3[C@H]([C@@H]([C@H](O3)CO)O)O)N,Active
5790,363896423,145800,CCN(CC)CC[NH+](C1=C2C(=C(C=C1)C)SC3=C(C2=O)C=CC(=C3)Cl)[O-],Active
5791,363896424,21845,C1CN(CCN1)N=O,Active
5792,363896425,21876,C1=NC2=C(N1)C(=NC=N2)NO,Active
5793,363896426,197048,CC(C)NP(=O)(N1CC1)N2CC2,Active
5794,363896426,197048,CC(C)NP(=O)(N1CC1)N2CC2,Active
5795,363896427,3036926,C1C2C(N2P(=O)(N3C4C3COC4)N5C6C5COC6)CO1,Active
5796,363896428,21999,C[N+]1=C2C=CC=CC2=CC3=CC=CC=C31.[Cl-],Unspecified
5797,363896429,119410,CCOP(=O)(CCN(CCCl)CCCl)OCC,Active
5798,363896430,168998,CC1CN1P(=O)(N(C)C)N(C)C,Active
5799,363896431,197051,CC1=CCC2=C1C=CC3=C2C=CC4=C3C=CC(=C4)OC,Active
5800,363896432,197052,CC1=CCC2=C1C(=CC3=C2C=CC4=CC=CC=C43)C,Active
5801,363896433,197053,CC1=CCC2=C1C=C(C3=C2C=CC4=CC=CC=C43)C,Active
5802,363896434,197054,CC1=CCC2=C1C(=C(C3=C2C=CC4=CC=CC=C43)C)C,Active
5803,363896435,197055,CC1=CCC2=C3C=CC4=CC=CC=C4C3=C(C=C12)OC,Active
5804,363896436,197056,CC1CCC2=C1C=C(C3=C2C=CC4=CC=CC=C43)C,Active
5805,363896437,22134,C1=CC=C2C(=C1)C=CC=C2N=NC3=C4C=CC(=CC4=CC(=C3O)S(=O)(=O)[O-])S(=O)(=O)[O-].[Na+].[Na+],Unspecified
5806,363896438,135487652,CC1=CC(=C(C=C1)N=NC2=C(C(=CC3=CC=CC=C32)C(=O)O)[O-])S(=O)(=O)[O-].[Na+].[Na+],Unspecified
5807,363896439,22208,C1=CNC(=O)N1,Unspecified
5808,363896440,638026,CCCCCC1=CC(=C2[C@@H]3CC(=CC[C@H]3C(OC2=C1)(C)C)C)O,Inactive
5809,363896440,638026,CCCCCC1=CC(=C2[C@@H]3CC(=CC[C@H]3C(OC2=C1)(C)C)C)O,Active
5810,363896441,23721632,CC[Hg]SC1=CC=C(C=C1)OS(=O)[O-].[Na+],Active
5811,363896442,80078,CC1=C(C=C(C=C1)C(=O)O)N(CCCl)CCCl,Active
5812,363896442,80078,CC1=C(C=C(C=C1)C(=O)O)N(CCCl)CCCl,Active
5813,363896443,73413,C[C@@H]1C(=O)OCC2=CCN3[C@H]2[C@@H](CC3)OC(=O)[C@H]([C@@]1(C)O)C,Active
5814,363896443,73413,C[C@@H]1C(=O)OCC2=CCN3[C@H]2[C@@H](CC3)OC(=O)[C@H]([C@@]1(C)O)C,Active
5815,363896444,22415,CCC1(C(O1)(CC)C2=CC=C(C=C2)O)C3=CC=C(C=C3)O,Active
5816,363896445,22420,C1CNP(=O)(OC1)N(CCCl)CCCl.O,Active
5817,363896446,22456,CC(=O)[O-].CC(=O)[O-].O.O.O.[Pb+2],Unspecified
5818,363896446,22456,CC(=O)[O-].CC(=O)[O-].O.O.O.[Pb+2],Active
5819,363896447,22469,CC(=O)N(C1=CC2=C(C=C1)C3=CC=CC=C3C2)OC(=O)C,Active
5820,363896447,22469,CC(=O)N(C1=CC2=C(C=C1)C3=CC=CC=C3C2)OC(=O)C,Active
5821,363896447,22469,CC(=O)N(C1=CC2=C(C=C1)C3=CC=CC=C3C2)OC(=O)C,Active
5822,363896447,22469,CC(=O)N(C1=CC2=C(C=C1)C3=CC=CC=C3C2)OC(=O)C,Active
5823,363896447,22469,CC(=O)N(C1=CC2=C(C=C1)C3=CC=CC=C3C2)OC(=O)C,Active
5824,363896447,22469,CC(=O)N(C1=CC2=C(C=C1)C3=CC=CC=C3C2)OC(=O)C,Active
5825,363896447,22469,CC(=O)N(C1=CC2=C(C=C1)C3=CC=CC=C3C2)OC(=O)C,Active
5826,363896447,22469,CC(=O)N(C1=CC2=C(C=C1)C3=CC=CC=C3C2)OC(=O)C,Active
5827,363896447,22469,CC(=O)N(C1=CC2=C(C=C1)C3=CC=CC=C3C2)OC(=O)C,Active
5828,363896447,22469,CC(=O)N(C1=CC2=C(C=C1)C3=CC=CC=C3C2)OC(=O)C,Active
5829,363896447,22469,CC(=O)N(C1=CC2=C(C=C1)C3=CC=CC=C3C2)OC(=O)C,Active
5830,363896447,22469,CC(=O)N(C1=CC2=C(C=C1)C3=CC=CC=C3C2)OC(=O)C,Active
5831,363896447,22469,CC(=O)N(C1=CC2=C(C=C1)C3=CC=CC=C3C2)OC(=O)C,Active
5832,363896447,22469,CC(=O)N(C1=CC2=C(C=C1)C3=CC=CC=C3C2)OC(=O)C,Unspecified
5833,363896447,22469,CC(=O)N(C1=CC2=C(C=C1)C3=CC=CC=C3C2)OC(=O)C,Active
5834,363896447,22469,CC(=O)N(C1=CC2=C(C=C1)C3=CC=CC=C3C2)OC(=O)C,Active
5835,363896447,22469,CC(=O)N(C1=CC2=C(C=C1)C3=CC=CC=C3C2)OC(=O)C,Active
5836,363896447,22469,CC(=O)N(C1=CC2=C(C=C1)C3=CC=CC=C3C2)OC(=O)C,Active
5837,363896447,22469,CC(=O)N(C1=CC2=C(C=C1)C3=CC=CC=C3C2)OC(=O)C,Active
5838,363896447,22469,CC(=O)N(C1=CC2=C(C=C1)C3=CC=CC=C3C2)OC(=O)C,Active
5839,363896447,22469,CC(=O)N(C1=CC2=C(C=C1)C3=CC=CC=C3C2)OC(=O)C,Active
5840,363896447,22469,CC(=O)N(C1=CC2=C(C=C1)C3=CC=CC=C3C2)OC(=O)C,Active
5841,363896447,22469,CC(=O)N(C1=CC2=C(C=C1)C3=CC=CC=C3C2)OC(=O)C,Active
5842,363896448,80192,CN(C1=CC=C(C=C1)N=NC2=CC=CC=C2)OC(=O)C3=CC=CC=C3,Unspecified
5843,363896449,22488,CC1=C2C=C3C(=CC2=CC=C1)C=CC4=CC=CC=C43,Inactive
5844,363896449,22488,CC1=C2C=C3C(=CC2=CC=C1)C=CC4=CC=CC=C43,Active
5845,363896450,22523,C1=CC2=C(C=CN2)C=C1[N+](=O)[O-],Active
5846,363896451,22544,CC1=C(C=CC(=C1)Cl)N=CN(C)C,Inactive
5847,363896451,22544,CC1=C(C=CC(=C1)Cl)N=CN(C)C,Inactive
5848,363896452,22581,CC(C)C(C(C)OC)(C(=O)OCC1=CC[N+]2([C@@H]1[C@H](CC2)O)[O-])O,Active
5849,363896453,2723873,C1=CC(=CC=C1N=NC2=CC(=C(C=C2)N=NC3=C4C=CC(=CC4=CC(=C3O)S(=O)(=O)[O-])S(=O)(=O)[O-])S(=O)(=O)[O-])S(=O)(=O)[O-].[Na+].[Na+].[Na+].[Na+],Unspecified
5850,363896454,5373493,C1=C(OC(=C1)[N+](=O)[O-])/C=N\O,Active
5851,363896454,5373493,C1=C(OC(=C1)[N+](=O)[O-])/C=N\O,Inactive
5852,363896454,5373493,C1=C(OC(=C1)[N+](=O)[O-])/C=N\O,Active
5853,363896455,702695,C1=C(OC(=C1)[N+](=O)[O-])/C=C/C(=O)O,Active
5854,363896456,94929,CN1C2=C(N=C1SC)N(C(=O)N(C2=O)C)C,Active
5855,363896457,64124,CCSC1=NC2=C(N1C)C(=O)N(C(=O)N2C)C,Active
5856,363896458,94930,CCN1C2=C(C(=O)N(C(=O)N2C)C)N(C1=O)C,Active
5857,363896459,64125,CN1C2=C(N=C1OCC=C)N(C(=O)N(C2=O)C)C,Active
5858,363896460,94931,CN1C2=C(N(C(=O)N(C2=O)C)C)N(C1=O)CC=C,Active
5859,363896461,23666374,CC1=CC(=C(C=C1N)N)N=NC2=CC=C(C=C2)S(=O)(=O)[O-].[Na+],Active
5860,363896462,95722,C1=CC=C2C(=C1)C=CC3=C(C4=CC=CC=C4C=C32)CCl,Active
5861,363896463,,,Unspecified
5862,363896464,22793,C1=CNC(=O)C(=C1)[N+](=O)[O-],Active
5863,363896465,22818,C1C2=C(C=C(C=C2)N)C3=CC=CC=C31,Inactive
5864,363896466,22830,COC1=CC(=C(C=C1)OC)N=NC2=C(C=CC3=CC=CC=C32)O,Active
5865,363896466,22830,COC1=CC(=C(C=C1)OC)N=NC2=C(C=CC3=CC=CC=C32)O,Inactive
5866,363896467,186342,CC(=O)C(C(=O)NC1=CC=CC=C1)N=NC2=C(C=C(C=C2)C3=CC(=C(C=C3)N=NC(C(=O)C)C(=O)NC4=CC=CC=C4)Cl)Cl,Inactive
5867,363896468,22856,CC1=C(C=CC(=C1)N)N.OS(=O)(=O)O,Unspecified
5868,363896468,22856,CC1=C(C=CC(=C1)N)N.OS(=O)(=O)O,Inactive
5869,363896468,22856,CC1=C(C=CC(=C1)N)N.OS(=O)(=O)O,Inactive
5870,363896469,145864,C1CC2=CC=C(C3=CC=CC1=C23)O,Unspecified
5871,363896470,23683938,C([C@H]([C@@H]1C(=C(C(=O)O1)O)[O-])O)O.[Na+],Unspecified
5872,363896471,92228,C1C(O1)C2=CC=C(C=C2)[N+](=O)[O-],Active
5873,363896471,92228,C1C(O1)C2=CC=C(C=C2)[N+](=O)[O-],Active
5874,363896472,23669139,C1=CC=C(C=C1)/C=C/C2=C(C=C(C=C2)N3N=C4C=CC5=CC=CC=C5C4=N3)S(=O)(=O)[O-].[Na+],Inactive
5875,363896472,23669139,C1=CC=C(C=C1)/C=C/C2=C(C=C(C=C2)N3N=C4C=CC5=CC=CC=C5C4=N3)S(=O)(=O)[O-].[Na+],Unspecified
5876,363896472,23669139,C1=CC=C(C=C1)/C=C/C2=C(C=C(C=C2)N3N=C4C=CC5=CC=CC=C5C4=N3)S(=O)(=O)[O-].[Na+],Unspecified
5877,363896473,22948,C1=CC(=C2C(=C1Cl)C(=O)OC23C4=CC(=C(C(=C4OC5=C(C(=C(C=C35)Br)[O-])Br)Br)[O-])Br)Cl.[K+].[K+],Inactive
5878,363896473,22948,C1=CC(=C2C(=C1Cl)C(=O)OC23C4=CC(=C(C(=C4OC5=C(C(=C(C=C35)Br)[O-])Br)Br)[O-])Br)Cl.[K+].[K+],Active
5879,363896474,71172,CC(C)NCC(COC1=CC=CC=C1OCC=C)O.Cl,Active
5880,363896475,4740,CC(=O)CCCCN1C(=O)C2=C(N=CN2C)N(C1=O)C,Unspecified
5881,363896476,107710,C1=CC=C(C=C1)NNC2=CC=C(C=C2)N=O,Active
5882,363896477,23032,CC(=O)NC1=C2C(=C(C=C1)NC(=O)C)C(=O)C3=CC=CC=C3C2=O,Active
5883,363896478,23050,CCCCN(C(=O)OCC)N=O,Active
5884,363896478,23050,CCCCN(C(=O)OCC)N=O,Active
5885,363896479,122797,COC1=CC(=CC(=C1O)OC)[C@H]2[C@@H]3[C@H](COC3=O)[C@@H](C4=CC5=C(C=C24)OCO5)O,Unspecified
5886,363896480,23098,C1=CC=C2C=C(C=CC2=C1)N=O,Active
5887,363896481,95112,C1=CC(=CC=C1N(CCCl)CCCl)Cl,Unspecified
5888,363896482,81163,C1CN(CCC1C2=CC=CC=C2)N=O,Active
5889,363896483,4883,CC(C)NCC(COC1=CC=C(C=C1)NC(=O)C)O,Unspecified
5890,363896483,4883,CC(C)NCC(COC1=CC=C(C=C1)NC(=O)C)O,Inactive
5891,363896484,23198,C1=CC(=CC=C1CCC(=O)O)N(CCCl)CCCl,Active
5892,363896485,23205,C[C@@H]1C[C@@H]2[C@H]([C@@H]([C@]3([C@H]1C=CC3=O)C)O)C(=C)C(=O)O2,Inactive
5893,363896486,15558498,COC1=C2C3=C(C(=O)CC3)C(=O)OC2=C4C(=C1)O[C@@H]5[C@]4(C=CO5)O,Active
5894,363896487,135511839,COC(=O)N/N=C/C1=[N+](C2=CC=CC=C2[N+](=C1)[O-])[O-],Active
5895,363896488,638297,C1=CO[C@H]2[C@@H]1C3=C(O2)C=C4C(=C3O)C(=O)C5=C(C4=O)C=C(C=C5O)O,Active
5896,363896489,9570246,CN(/C(=N/[N+](=O)[O-])/N)[N+](=O)[O-],Unspecified
5897,363896490,81261,C1=CC=C(C=C1)C2=CC=C(C=C2)NO,Active
5898,363896491,23257,CCCCCCCCCCCCCCCCCCN(CCCN(CCO)CCO)CCO.F.F,Unspecified
5899,363896492,23271,C1=CC(=C2C(=C1O)C(=O)C3=C(C=CC(=C3C2=O)O)Cl)Cl,Active
5900,363896493,145961,C1=C(C(=O)NC(=O)N1)CN(CCCl)CCCl.Cl,Active
5901,363896493,145961,C1=C(C(=O)NC(=O)N1)CN(CCCl)CCCl.Cl,Unspecified
5902,363896494,442741,C[C@@H]1C[C@]2([C@@H](O2)C)C(=O)O[C@@H]3CCN4[C@@H]3C(=CC4)COC(=O)[C@]1(C)O,Active
5903,363896494,442741,C[C@@H]1C[C@]2([C@@H](O2)C)C(=O)O[C@@H]3CCN4[C@@H]3C(=CC4)COC(=O)[C@]1(C)O,Unspecified
5904,363896495,5371562,C/C(=C\C(=O)NC)/OP(=O)(OC)OC,Active
5905,363896495,5371562,C/C(=C\C(=O)NC)/OP(=O)(OC)OC,Active
5906,363896495,5371562,C/C(=C\C(=O)NC)/OP(=O)(OC)OC,Unspecified
5907,363896495,5371562,C/C(=C\C(=O)NC)/OP(=O)(OC)OC,Unspecified
5908,363896495,5371562,C/C(=C\C(=O)NC)/OP(=O)(OC)OC,Inactive
5909,363896495,5371562,C/C(=C\C(=O)NC)/OP(=O)(OC)OC,Active
5910,363896495,5371562,C/C(=C\C(=O)NC)/OP(=O)(OC)OC,Inactive
5911,363896495,5371562,C/C(=C\C(=O)NC)/OP(=O)(OC)OC,Active
5912,363896495,5371562,C/C(=C\C(=O)NC)/OP(=O)(OC)OC,Unspecified
5913,363896496,23354,CC(=O)[O-].CC(=O)[O-].CC(=O)[O-].[Sb+3],Active
5914,363896497,,,Inactive
5915,363896498,23392,C1=CC=NC(=C1)CCl.Cl,Inactive
5916,363896499,23394,C1=CC(=CN=C1)CCl.Cl,Inactive
5917,363896499,23394,C1=CC(=CN=C1)CCl.Cl,Active
5918,363896499,23394,C1=CC(=CN=C1)CCl.Cl,Active
5919,363896500,23396,C1=CC2=C(C(=C1)[N+](=O)[O-])NC=C2,Active
5920,363896501,1182,CC(C)C(C(=O)O)N,Unspecified
5921,363896502,656673,C[C@@H]1[C@H]([C@@H](C[C@@H](O1)O[C@H]2[C@@H](CC3=C(C2=O)C(=C4C(=C3)C=C(C(=C4O)C)O[C@H]5C[C@H]([C@H]([C@H](O5)C)OC(=O)C)O[C@@H]6C[C@H]([C@H]([C@H](O6)C)OC)O)O)[C@@H](C(=O)[C@H]([C@@H](C)O)O)OC)O[C@H]7C[C@H]([C@@H]([C@H](O7)C)O)O[C@H]8C[C@]([C@H]([C@@H](O8)C)OC(=O)C)(C)O)O,Active
5922,363896503,23471,CCCCN(C)N=O,Active
5923,363896503,23471,CCCCN(C)N=O,Unspecified
5924,363896503,23471,CCCCN(C)N=O,Active
5925,363896504,23488,C1C2=C(C3=CC=CC=C31)C(=CC=C2)N,Inactive
5926,363896504,23488,C1C2=C(C3=CC=CC=C31)C(=CC=C2)N,Inactive
5927,363896505,7153,CC1=C(C=CC(=C1)Cl)OC(C)C(=O)O,Active
5928,363896506,5486699,C[C@H]1[C@@H]([C@H]([C@H]([C@@H](O1)OC[C@@H]2[C@H]([C@@H]([C@H]([C@@H](O2)OC3=C(OC4=CC(=CC(=C4C3=O)O)OCCO)C5=CC(=C(C=C5)OCCO)OCCO)O)O)O)O)O)O,Inactive
5929,363896507,23493,CN(C(=O)OC1=CC=CC2=CC=CC=C21)N=O,Active
5930,363896507,23493,CN(C(=O)OC1=CC=CC2=CC=CC=C21)N=O,Active
5931,363896507,23493,CN(C(=O)OC1=CC=CC2=CC=CC=C21)N=O,Active
5932,363896507,23493,CN(C(=O)OC1=CC=CC2=CC=CC=C21)N=O,Active
5933,363896507,23493,CN(C(=O)OC1=CC=CC2=CC=CC=C21)N=O,Active
5934,363896508,145998,C1=CC(=CC=C1C(=O)C(=O)O)Cl,Inactive
5935,363896509,23605,CN(C)N=NC1=CC=C(C=C1)Cl,Active
5936,363896509,23605,CN(C)N=NC1=CC=C(C=C1)Cl,Active
5937,363896509,23605,CN(C)N=NC1=CC=C(C=C1)Cl,Active
5938,363896510,81619,CN(C)N=NC1=CC=C(C=C1)OC,Active
5939,363896510,81619,CN(C)N=NC1=CC=C(C=C1)OC,Active
5940,363896511,23617,CC1=CC2=C(C(=C1)O)C(=O)C3=C(C(=C(C=C3C2=O)OC)O)O,Active
5941,363896512,111277,CC(=O)OC(C=C)C1=CC=CC=C1,Unspecified
5942,363896513,2724360,COC1=C2C3=C(C(=O)CC3)C(=O)OC2=C4[C@@H]5CCO[C@@H]5OC4=C1,Active
5943,363896513,2724360,COC1=C2C3=C(C(=O)CC3)C(=O)OC2=C4[C@@H]5CCO[C@@H]5OC4=C1,Active
5944,363896513,2724360,COC1=C2C3=C(C(=O)CC3)C(=O)OC2=C4[C@@H]5CCO[C@@H]5OC4=C1,Inactive
5945,363896513,2724360,COC1=C2C3=C(C(=O)CC3)C(=O)OC2=C4[C@@H]5CCO[C@@H]5OC4=C1,Unspecified
5946,363896513,2724360,COC1=C2C3=C(C(=O)CC3)C(=O)OC2=C4[C@@H]5CCO[C@@H]5OC4=C1,Unspecified
5947,363896513,2724360,COC1=C2C3=C(C(=O)CC3)C(=O)OC2=C4[C@@H]5CCO[C@@H]5OC4=C1,Inactive
5948,363896513,2724360,COC1=C2C3=C(C(=O)CC3)C(=O)OC2=C4[C@@H]5CCO[C@@H]5OC4=C1,Inactive
5949,363896513,2724360,COC1=C2C3=C(C(=O)CC3)C(=O)OC2=C4[C@@H]5CCO[C@@H]5OC4=C1,Active
5950,363896513,2724360,COC1=C2C3=C(C(=O)CC3)C(=O)OC2=C4[C@@H]5CCO[C@@H]5OC4=C1,Inactive
5951,363896513,2724360,COC1=C2C3=C(C(=O)CC3)C(=O)OC2=C4[C@@H]5CCO[C@@H]5OC4=C1,Inactive
5952,363896513,2724360,COC1=C2C3=C(C(=O)CC3)C(=O)OC2=C4[C@@H]5CCO[C@@H]5OC4=C1,Active
5953,363896513,2724360,COC1=C2C3=C(C(=O)CC3)C(=O)OC2=C4[C@@H]5CCO[C@@H]5OC4=C1,Unspecified
5954,363896514,23654,CN(C)N=NC1=CC=CC=C1,Active
5955,363896514,23654,CN(C)N=NC1=CC=CC=C1,Active
5956,363896514,23654,CN(C)N=NC1=CC=CC=C1,Active
5957,363896514,23654,CN(C)N=NC1=CC=CC=C1,Active
5958,363896514,23654,CN(C)N=NC1=CC=CC=C1,Active
5959,363896514,23654,CN(C)N=NC1=CC=CC=C1,Active
5960,363896514,23654,CN(C)N=NC1=CC=CC=C1,Active
5961,363896514,23654,CN(C)N=NC1=CC=CC=C1,Active
5962,363896514,23654,CN(C)N=NC1=CC=CC=C1,Active
5963,363896514,23654,CN(C)N=NC1=CC=CC=C1,Active
5964,363896514,23654,CN(C)N=NC1=CC=CC=C1,Active
5965,363896514,23654,CN(C)N=NC1=CC=CC=C1,Active
5966,363896514,23654,CN(C)N=NC1=CC=CC=C1,Inactive
5967,363896515,197085,CN(C)N=NC1=CC=C(C=C1)O,Unspecified
5968,363896515,197085,CN(C)N=NC1=CC=C(C=C1)O,Inactive
5969,363896516,5280489,CC1=C(C(CCC1)(C)C)/C=C/C(=C/C=C/C(=C/C=C/C=C(/C=C/C=C(/C=C/C2=C(CCCC2(C)C)C)\C)\C)/C)/C,Unspecified
5970,363896516,5280489,CC1=C(C(CCC1)(C)C)/C=C/C(=C/C=C/C(=C/C=C/C=C(/C=C/C=C(/C=C/C2=C(CCCC2(C)C)C)\C)\C)/C)/C,Unspecified
5971,363896517,81652,CN(C)N=NC1=CC=C(C=C1)Br,Active
5972,363896517,81652,CN(C)N=NC1=CC=C(C=C1)Br,Active
5973,363896517,81652,CN(C)N=NC1=CC=C(C=C1)Br,Active
5974,363896518,2724362,COC1=C2C3=C(C(=O)OCC3)C(=O)OC2=C4[C@@H]5CCO[C@@H]5OC4=C1,Active
5975,363896518,2724362,COC1=C2C3=C(C(=O)OCC3)C(=O)OC2=C4[C@@H]5CCO[C@@H]5OC4=C1,Inactive
5976,363896518,2724362,COC1=C2C3=C(C(=O)OCC3)C(=O)OC2=C4[C@@H]5CCO[C@@H]5OC4=C1,Inactive
5977,363896518,2724362,COC1=C2C3=C(C(=O)OCC3)C(=O)OC2=C4[C@@H]5CCO[C@@H]5OC4=C1,Inactive
5978,363896518,2724362,COC1=C2C3=C(C(=O)OCC3)C(=O)OC2=C4[C@@H]5CCO[C@@H]5OC4=C1,Inactive
5979,363896518,2724362,COC1=C2C3=C(C(=O)OCC3)C(=O)OC2=C4[C@@H]5CCO[C@@H]5OC4=C1,Unspecified
5980,363896519,23677,CC1CCCCN1N=O,Unspecified
5981,363896519,23677,CC1CCCCN1N=O,Active
5982,363896519,23677,CC1CCCCN1N=O,Active
5983,363896519,23677,CC1CCCCN1N=O,Unspecified
5984,363896519,23677,CC1CCCCN1N=O,Inactive
5985,363896519,23677,CC1CCCCN1N=O,Active
5986,363896520,150184,C1=CC=C2C(=C1)C3=C(N2)C=NC=C3.Cl,Unspecified
5987,363896520,150184,C1=CC=C2C(=C1)C3=C(N2)C=NC=C3.Cl,Unspecified
5988,363896521,101513,C1=NC2=C(N1)C(=NC(=N2)N)NO,Unspecified
5989,363896521,101513,C1=NC2=C(N1)C(=NC(=N2)N)NO,Unspecified
5990,363896521,101513,C1=NC2=C(N1)C(=NC(=N2)N)NO,Active
5991,363896522,23715,CCCC(C)(C)C(=O)NC1=CC=C(C=C1)Cl,Inactive
5992,363896523,6433502,CC(=O)NC1=NC(=CS1)/C=C/C2=CC=C(O2)[N+](=O)[O-],Active
5993,363896524,81863,C1C(=O)N(CC(=O)N1CO)CO,Inactive
5994,363896525,134643,CC1=C2CCC3=C2C(=CC4=C3[C@H]([C@H](C5=CC=CC=C54)O)O)C=C1,Unspecified
5995,363896525,134643,CC1=C2CCC3=C2C(=CC4=C3[C@H]([C@H](C5=CC=CC=C54)O)O)C=C1,Active
5996,363896526,23898,CC(=O)N(C)N=O,Active
5997,363896526,23898,CC(=O)N(C)N=O,Active
5998,363896526,23898,CC(=O)N(C)N=O,Active
5999,363896526,23898,CC(=O)N(C)N=O,Unspecified
6000,363896527,5352425,[Pb],Inactive
6001,363896527,5352425,[Pb],Inactive
6002,363896527,5352425,[Pb],Unspecified
6003,363896527,5352425,[Pb],Active
6004,363896527,5352425,[Pb],Unspecified
6005,363896528,935,[Ni],Active
6006,363896529,5460467,[Be],Active
6007,363896530,23973,[Cd],Unspecified
6008,363896530,23973,[Cd],Active
6009,363896531,23976,[Cr],Unspecified
6010,363896532,23994,[Zn],Unspecified
6011,363896533,24007,O=[Se]=O,Inactive
6012,363896533,24007,O=[Se]=O,Active
6013,363896533,24007,O=[Se]=O,Active
6014,363896533,24007,O=[Se]=O,Active
6015,363896534,1119,O=S=O,Active
6016,363896534,1119,O=S=O,Active
6017,363896534,1119,O=S=O,Active
6018,363896535,24008,[O-]S(=O)(=O)[O-].[Pb+2],Active
6019,363896535,24008,[O-]S(=O)(=O)[O-].[Pb+2],Active
6020,363896535,24008,[O-]S(=O)(=O)[O-].[Pb+2],Active
6021,363896536,24009,[O-]P(=O)([O-])[O-].[O-]P(=O)([O-])[O-].[Pb+2].[Pb+2].[Pb+2],Active
6022,363896537,24012,[Al](Cl)(Cl)Cl,Inactive
6023,363896537,24012,[Al](Cl)(Cl)Cl,Active
6024,363896537,24012,[Al](Cl)(Cl)Cl,Inactive
6025,363896538,24014,Cl[Cu]Cl,Inactive
6026,363896539,433294,[Li+].[Cl-],Inactive
6027,363896539,433294,[Li+].[Cl-],Inactive
6028,363896540,101123,C1C(O1)CC2=CC3=C(C=C2)OCO3,Active
6029,363896541,24085,Cl[Hg]Cl,Inactive
6030,363896541,24085,Cl[Hg]Cl,Active
6031,363896541,24085,Cl[Hg]Cl,Active
6032,363896541,24085,Cl[Hg]Cl,Active
6033,363896541,24085,Cl[Hg]Cl,Active
6034,363896541,24085,Cl[Hg]Cl,Active
6035,363896541,24085,Cl[Hg]Cl,Inactive
6036,363896542,24087,S=[Se]=S,Active
6037,363896543,24182,Cl[Hg],Active
6038,363896543,24182,Cl[Hg],Active
6039,363896543,24182,Cl[Hg],Unspecified
6040,363896544,24245,CN(C(=O)C(=O)N(C)N=O)N=O,Active
6041,363896544,24245,CN(C(=O)C(=O)N(C)N=O)N=O,Active
6042,363896545,24261,O=[Si]=O,Unspecified
6043,363896546,23665763,OS(=O)[O-].[Na+],Active
6044,363896546,23665763,OS(=O)[O-].[Na+],Inactive
6045,363896546,23665763,OS(=O)[O-].[Na+],Inactive
6046,363896546,23665763,OS(=O)[O-].[Na+],Inactive
6047,363896546,23665763,OS(=O)[O-].[Na+],Inactive
6048,363896547,24268,[N+](=O)([O-])[O-].[Na+],Active
6049,363896547,24268,[N+](=O)([O-])[O-].[Na+],Unspecified
6050,363896548,23668193,N(=O)[O-].[Na+],Active
6051,363896548,23668193,N(=O)[O-].[Na+],Unspecified
6052,363896548,23668193,N(=O)[O-].[Na+],Active
6053,363896548,23668193,N(=O)[O-].[Na+],Active
6054,363896548,23668193,N(=O)[O-].[Na+],Active
6055,363896548,23668193,N(=O)[O-].[Na+],Active
6056,363896548,23668193,N(=O)[O-].[Na+],Active
6057,363896548,23668193,N(=O)[O-].[Na+],Inactive
6058,363896548,23668193,N(=O)[O-].[Na+],Inactive
6059,363896548,23668193,N(=O)[O-].[Na+],Unspecified
6060,363896548,23668193,N(=O)[O-].[Na+],Unspecified
6061,363896548,23668193,N(=O)[O-].[Na+],Unspecified
6062,363896548,23668193,N(=O)[O-].[Na+],Active
6063,363896548,23668193,N(=O)[O-].[Na+],Active
6064,363896548,23668193,N(=O)[O-].[Na+],Active
6065,363896548,23668193,N(=O)[O-].[Na+],Active
6066,363896548,23668193,N(=O)[O-].[Na+],Active
6067,363896548,23668193,N(=O)[O-].[Na+],Active
6068,363896549,517072,B(=O)O[O-].[Na+],Active
6069,363896550,24287,Cl[Sn](Cl)(Cl)Cl,Inactive
6070,363896551,3032536,[Cl-].[Cl-].[Co+2],Active
6071,363896551,3032536,[Cl-].[Cl-].[Co+2],Inactive
6072,363896551,3032536,[Cl-].[Cl-].[Co+2],Active
6073,363896552,5727,Cl[Zn]Cl,Active
6074,363896552,5727,Cl[Zn]Cl,Inactive
6075,363896552,5727,Cl[Zn]Cl,Active
6076,363896552,5727,Cl[Zn]Cl,Inactive
6077,363896552,5727,Cl[Zn]Cl,Inactive
6078,363896552,5727,Cl[Zn]Cl,Active
6079,363896553,313,Cl,Inactive
6080,363896554,24290,Cl[Pd]Cl,Inactive
6081,363896555,5234,[Na+].[Cl-],Unspecified
6082,363896555,5234,[Na+].[Cl-],Unspecified
6083,363896555,5234,[Na+].[Cl-],Unspecified
6084,363896555,5234,[Na+].[Cl-],Unspecified
6085,363896555,5234,[Na+].[Cl-],Inactive
6086,363896555,5234,[Na+].[Cl-],Unspecified
6087,363896555,5234,[Na+].[Cl-],Inactive
6088,363896556,24293,[Cl-].[Cs+],Active
6089,363896557,24294,Cl[Sb](Cl)(Cl)(Cl)Cl,Active
6090,363896558,24312,CC1=C2C=CC=NC2=CC=C1,Active
6091,363896559,1004,OP(=O)(O)O,Inactive
6092,363896560,14917,F,Active
6093,363896561,222,N,Unspecified
6094,363896562,5235,[F-].[Na+],Active
6095,363896562,5235,[F-].[Na+],Unspecified
6096,363896562,5235,[F-].[Na+],Unspecified
6097,363896562,5235,[F-].[Na+],Active
6098,363896562,5235,[F-].[Na+],Active
6099,363896562,5235,[F-].[Na+],Active
6100,363896562,5235,[F-].[Na+],Inactive
6101,363896562,5235,[F-].[Na+],Unspecified
6102,363896562,5235,[F-].[Na+],Inactive
6103,363896562,5235,[F-].[Na+],Inactive
6104,363896562,5235,[F-].[Na+],Inactive
6105,363896562,5235,[F-].[Na+],Unspecified
6106,363896562,5235,[F-].[Na+],Active
6107,363896562,5235,[F-].[Na+],Unspecified
6108,363896563,23665760,[O-]Cl.[Na+],Active
6109,363896563,23665760,[O-]Cl.[Na+],Active
6110,363896563,23665760,[O-]Cl.[Na+],Active
6111,363896563,23665760,[O-]Cl.[Na+],Active
6112,363896563,23665760,[O-]Cl.[Na+],Unspecified
6113,363896564,656671,[O-]S(=O)S(=O)(=O)[O-].[Na+].[Na+],Unspecified
6114,363896564,656671,[O-]S(=O)S(=O)(=O)[O-].[Na+].[Na+],Inactive
6115,363896565,5094,CN1C(=CN=C1COC(=O)N)[N+](=O)[O-],Inactive
6116,363896565,5094,CN1C(=CN=C1COC(=O)N)[N+](=O)[O-],Unspecified
6117,363896565,5094,CN1C(=CN=C1COC(=O)N)[N+](=O)[O-],Active
6118,363896566,944,[N+](=O)(O)[O-],Inactive
6119,363896567,5371578,CC(C1=CC=CC=C1)OC(=O)/C=C(\C)/OP(=O)(OC)OC,Unspecified
6120,363896567,5371578,CC(C1=CC=CC=C1)OC(=O)/C=C(\C)/OP(=O)(OC)OC,Unspecified
6121,363896567,5371578,CC(C1=CC=CC=C1)OC(=O)/C=C(\C)/OP(=O)(OC)OC,Inactive
6122,363896567,5371578,CC(C1=CC=CC=C1)OC(=O)/C=C(\C)/OP(=O)(OC)OC,Inactive
6123,363896567,5371578,CC(C1=CC=CC=C1)OC(=O)/C=C(\C)/OP(=O)(OC)OC,Active
6124,363896567,5371578,CC(C1=CC=CC=C1)OC(=O)/C=C(\C)/OP(=O)(OC)OC,Inactive
6125,363896568,62646,Cl[Ti](Cl)Cl,Inactive
6126,363896569,24380,Cl[Fe](Cl)Cl,Inactive
6127,363896570,24385,Cl[Ni]Cl,Active
6128,363896570,24385,Cl[Ni]Cl,Active
6129,363896570,24385,Cl[Ni]Cl,Active
6130,363896570,24385,Cl[Ni]Cl,Unspecified
6131,363896570,24385,Cl[Ni]Cl,Inactive
6132,363896570,24385,Cl[Ni]Cl,Inactive
6133,363896571,24393,[O-]S(=O)(=O)[O-].[Fe+2],Active
6134,363896571,24393,[O-]S(=O)(=O)[O-].[Fe+2],Inactive
6135,363896571,24393,[O-]S(=O)(=O)[O-].[Fe+2],Inactive
6136,363896572,516875,[O-][Mn](=O)(=O)=O.[K+],Inactive
6137,363896572,516875,[O-][Mn](=O)(=O)=O.[K+],Inactive
6138,363896572,516875,[O-][Mn](=O)(=O)=O.[K+],Inactive
6139,363896573,784,OO,Active
6140,363896573,784,OO,Active
6141,363896573,784,OO,Active
6142,363896573,784,OO,Inactive
6143,363896573,784,OO,Active
6144,363896573,784,OO,Active
6145,363896573,784,OO,Active
6146,363896573,784,OO,Active
6147,363896573,784,OO,Unspecified
6148,363896574,24408,BrBr,Active
6149,363896575,962,O,Unspecified
6150,363896576,24424,[O-]S(=O)(=O)[O-].[Zn+2],Unspecified
6151,363896576,24424,[O-]S(=O)(=O)[O-].[Zn+2],Inactive
6152,363896576,24424,[O-]S(=O)(=O)[O-].[Zn+2],Inactive
6153,363896577,24425,O[Cr](=O)(=O)O,Active
6154,363896577,24425,O[Cr](=O)(=O)O,Active
6155,363896578,24346,[O-]S(=O)OS(=O)[O-].[Na+].[Na+],Inactive
6156,363896579,24436,[O-]S(=O)(=O)[O-].[Na+].[Na+],Inactive
6157,363896580,24437,[O-]S(=O)[O-].[Na+].[Na+],Active
6158,363896581,23673461,[O-]Br(=O)=O.[K+],Active
6159,363896582,23668197,[O-]Cl=O.[Na+],Unspecified
6160,363896583,62652,Cl[Cu],Inactive
6161,363896584,24458,Cl[Fe]Cl,Active
6162,363896584,24458,Cl[Fe]Cl,Inactive
6163,363896585,24459,Cl[Pb]Cl,Inactive
6164,363896586,24460,[O-][Cr](=O)(=O)[O-].[Pb+2],Active
6165,363896586,24460,[O-][Cr](=O)(=O)[O-].[Pb+2],Active
6166,363896586,24460,[O-][Cr](=O)(=O)[O-].[Pb+2],Active
6167,363896586,24460,[O-][Cr](=O)(=O)[O-].[Pb+2],Active
6168,363896586,24460,[O-][Cr](=O)(=O)[O-].[Pb+2],Active
6169,363896586,24460,[O-][Cr](=O)(=O)[O-].[Pb+2],Active
6170,363896587,24462,[O-]S(=O)(=O)[O-].[Cu+2],Active
6171,363896587,24462,[O-]S(=O)(=O)[O-].[Cu+2],Inactive
6172,363896587,24462,[O-]S(=O)(=O)[O-].[Cu+2],Inactive
6173,363896588,24470,[N+](=O)([O-])[O-].[Ag+],Active
6174,363896588,24470,[N+](=O)([O-])[O-].[Ag+],Inactive
6175,363896589,24472,C1C(O1)Cl,Active
6176,363896589,24472,C1C(O1)Cl,Active
6177,363896589,24472,C1C(O1)Cl,Active
6178,363896589,24472,C1C(O1)Cl,Active
6179,363896589,24472,C1C(O1)Cl,Active
6180,363896590,24477,[O-]S(=O)(=S)[O-].[Na+].[Na+],Inactive
6181,363896591,24479,Cl[Sn]Cl,Inactive
6182,363896591,24479,Cl[Sn]Cl,Inactive
6183,363896591,24479,Cl[Sn]Cl,Inactive
6184,363896592,24480,Cl[Mn]Cl,Active
6185,363896592,24480,Cl[Mn]Cl,Active
6186,363896593,24485,I[Hg]I,Inactive
6187,363896594,516902,[O-]Cl(=O)=O.[Na+],Unspecified
6188,363896595,24488,[O-][Cr](=O)(=O)[O-].[Na+].[Na+],Active
6189,363896595,24488,[O-][Cr](=O)(=O)[O-].[Na+].[Na+],Active
6190,363896596,24500,O[As](=O)([O-])[O-].[Na+].[Na+],Active
6191,363896596,24500,O[As](=O)([O-])[O-].[Na+].[Na+],Active
6192,363896596,24500,O[As](=O)([O-])[O-].[Na+].[Na+],Active
6193,363896596,24500,O[As](=O)([O-])[O-].[Na+].[Na+],Active
6194,363896597,24502,[O-][Cr](=O)(=O)O[Cr](=O)(=O)[O-].[K+].[K+],Active
6195,363896597,24502,[O-][Cr](=O)(=O)O[Cr](=O)(=O)[O-].[K+].[K+],Active
6196,363896597,24502,[O-][Cr](=O)(=O)O[Cr](=O)(=O)[O-].[K+].[K+],Active
6197,363896597,24502,[O-][Cr](=O)(=O)O[Cr](=O)(=O)[O-].[K+].[K+],Active
6198,363896597,24502,[O-][Cr](=O)(=O)O[Cr](=O)(=O)[O-].[K+].[K+],Active
6199,363896597,24502,[O-][Cr](=O)(=O)O[Cr](=O)(=O)[O-].[K+].[K+],Active
6200,363896597,24502,[O-][Cr](=O)(=O)O[Cr](=O)(=O)[O-].[K+].[K+],Active
6201,363896597,24502,[O-][Cr](=O)(=O)O[Cr](=O)(=O)[O-].[K+].[K+],Active
6202,363896598,977,O=O,Active
6203,363896599,6326970,[Se],Active
6204,363896599,6326970,[Se],Active
6205,363896600,62662,O.O.O.O.O.O.O.[O-]S(=O)(=O)[O-].[Fe+2],Inactive
6206,363896601,24529,N(=O)O,Active
6207,363896601,24529,N(=O)O,Active
6208,363896601,24529,N(=O)O,Active
6209,363896601,24529,N(=O)O,Active
6210,363896601,24529,N(=O)O,Active
6211,363896601,24529,N(=O)O,Active
6212,363896601,24529,N(=O)O,Active
6213,363896601,24529,N(=O)O,Active
6214,363896601,24529,N(=O)O,Active
6215,363896601,24529,N(=O)O,Active
6216,363896602,24530,N=[N+]=[N-],Active
6217,363896602,24530,N=[N+]=[N-],Active
6218,363896603,23669629,O[Se](=O)[O-].[Na+],Active
6219,363896604,1089,O[Se](=O)(=O)O,Inactive
6220,363896605,6097028,[NH4+].[NH4+].[O-]S(=O)(=O)[O-],Inactive
6221,363896606,24550,F[Sn]F,Unspecified
6222,363896606,24550,F[Sn]F,Inactive
6223,363896607,24561,Cl[Ag],Inactive
6224,363896608,24570,Cl[As](Cl)Cl,Active
6225,363896608,24570,Cl[As](Cl)Cl,Active
6226,363896609,443495,[O-][As]=O.[Na+],Unspecified
6227,363896609,443495,[O-][As]=O.[Na+],Active
6228,363896609,443495,[O-][As]=O.[Na+],Active
6229,363896609,443495,[O-][As]=O.[Na+],Active
6230,363896609,443495,[O-][As]=O.[Na+],Active
6231,363896609,443495,[O-][As]=O.[Na+],Active
6232,363896609,443495,[O-][As]=O.[Na+],Active
6233,363896610,24580,[O-]S(=O)(=O)[O-].[Mn+2],Active
6234,363896610,24580,[O-]S(=O)(=O)[O-].[Mn+2],Inactive
6235,363896610,24580,[O-]S(=O)(=O)[O-].[Mn+2],Active
6236,363896611,24584,[Mg+2].[Cl-].[Cl-],Inactive
6237,363896612,5355863,C/C(=C\C(=O)OC)/OP(=O)(OC)OC,Active
6238,363896612,5355863,C/C(=C\C(=O)OC)/OP(=O)(OC)OC,Active
6239,363896612,5355863,C/C(=C\C(=O)OC)/OP(=O)(OC)OC,Active
6240,363896613,24586,[O-]S(=O)(=O)[O-].[Ni+2],Active
6241,363896613,24586,[O-]S(=O)(=O)[O-].[Ni+2],Active
6242,363896613,24586,[O-]S(=O)(=O)[O-].[Ni+2],Active
6243,363896613,24586,[O-]S(=O)(=O)[O-].[Ni+2],Unspecified
6244,363896614,24588,[Be+2].[Cl-].[Cl-],Inactive
6245,363896615,62672,[Be+2].O.O.O.O.[O-]S(=O)(=O)[O-],Active
6246,363896615,62672,[Be+2].O.O.O.O.[O-]S(=O)(=O)[O-],Active
6247,363896615,62672,[Be+2].O.O.O.O.[O-]S(=O)(=O)[O-],Active
6248,363896616,24591,Cl[Bi](Cl)Cl,Inactive
6249,363896617,24596,O.O.O.O.O.O.O.O.O.O.O.O.[O-]S(=O)(=O)[O-].[O-]S(=O)(=O)[O-].[K+].[Cr+3],Unspecified
6250,363896617,24596,O.O.O.O.O.O.O.O.O.O.O.O.[O-]S(=O)(=O)[O-].[O-]S(=O)(=O)[O-].[K+].[Cr+3],Unspecified
6251,363896618,24597,[O-][Cr](=O)(=O)[O-].[K+].[K+],Unspecified
6252,363896618,24597,[O-][Cr](=O)(=O)[O-].[K+].[K+],Active
6253,363896618,24597,[O-][Cr](=O)(=O)[O-].[K+].[K+],Active
6254,363896618,24597,[O-][Cr](=O)(=O)[O-].[K+].[K+],Active
6255,363896618,24597,[O-][Cr](=O)(=O)[O-].[K+].[K+],Active
6256,363896618,24597,[O-][Cr](=O)(=O)[O-].[K+].[K+],Active
6257,363896618,24597,[O-][Cr](=O)(=O)[O-].[K+].[K+],Active
6258,363896618,24597,[O-][Cr](=O)(=O)[O-].[K+].[K+],Active
6259,363896618,24597,[O-][Cr](=O)(=O)[O-].[K+].[K+],Active
6260,363896619,9887206,[N+](=O)([O-])[O-].[N+](=O)([O-])[O-].[N+](=O)([O-])[O-].O.O.O.O.O.O.O.O.O.[Cr+3],Active
6261,363896620,24599,[O-][Cr](=O)(=O)[O-].[Sr+2],Active
6262,363896620,24599,[O-][Cr](=O)(=O)[O-].[Sr+2],Active
6263,363896621,108005,O.O.[O-][Cr](=O)(=O)O[Cr](=O)(=O)[O-].[Na+].[Na+],Active
6264,363896622,62674,[N+](=O)([O-])[O-].[Cs+],Active
6265,363896623,24602,[2H]O[2H],Unspecified
6266,363896624,522689,[F-].[K+],Unspecified
6267,363896624,522689,[F-].[K+],Unspecified
6268,363896624,522689,[F-].[K+],Inactive
6269,363896625,150186,O.O.O.O.O.[O-][Mo](=O)(=O)[O-].[K+].[K+],Active
6270,363896626,62680,[O-][Se](=O)(=O)[O-].[K+].[K+],Inactive
6271,363896627,24978551,O.O.O.O.O.[Cl-].[Cl-].[Cl-].[Cl-].[Cd+2].[Cd+2],Active
6272,363896628,161282,Cl[Ce](Cl)Cl,Inactive
6273,363896629,24341,OCl,Unspecified
6274,363896630,24642,Cl[Tl],Active
6275,363896631,24645,O.O.O.O.O.O.[Cl-].[Cl-].[Ni+2],Active
6276,363896632,787,NO,Active
6277,363896632,787,NO,Active
6278,363896632,787,NO,Inactive
6279,363896632,787,NO,Active
6280,363896632,787,NO,Active
6281,363896632,787,NO,Active
6282,363896632,787,NO,Unspecified
6283,363896632,787,NO,Unspecified
6284,363896632,787,NO,Inactive
6285,363896632,787,NO,Unspecified
6286,363896633,516859,[NH4+].[O-][V](=O)=O,Active
6287,363896634,24654,NN.O,Active
6288,363896635,12658395,COC(=O)[C@@H](CC1=CN=CN1)N.Cl,Inactive
6289,363896636,,,Unspecified
6290,363896636,,,Unspecified
6291,363896637,,,Unspecified
6292,363896638,,,Active
6293,363896639,2724053,CNC1=CC=C(C=C1)C(=C2C=CC(=[N+](C)C)C=C2)C3=CC=C(C=C3)N(C)C,Inactive
6294,363896640,24671,C1=CC=C2C(=C1)C(=O)C(C2=O)C3=NC4=C(C=C(C=C4C=C3)S(=O)(=O)[O-])S(=O)(=O)[O-].[Na+].[Na+],Unspecified
6295,363896641,135516985,CC1=C(C=C(C=C1)N=[NH+]C2=C(C=C(C(=C2)C)N)N)[NH+]=NC3=C(C=C(C(=C3)C)N)N.[Cl-].[Cl-],Inactive
6296,363896642,10757,C1=CC=C(C=C1)C(=O)CCl,Inactive
6297,363896643,5971,C=CCN=C=S,Inactive
6298,363896644,6335910,CNC#N.C(C(=O)O)C(CC(=O)O)(C(=O)O)O.[Ca],Inactive
6299,363896645,63020,CC(=O)O[C@]1(CC[C@@H]2[C@@]1(CC[C@H]3[C@H]2CCC4=CC(=O)CC[C@H]34)C)C#C.C[C@]12CC[C@H]3[C@H]([C@@H]1CC[C@]2(C#C)O)CCC4=C3C=CC(=C4)O,Inactive
6300,363896646,82149,CCC1=CC2=C(C=C1)[C@H]3CC[C@]4([C@H]([C@@H]3CC2)CC[C@]4(C#C)O)C.C[C@]12CC[C@H]3[C@H]([C@@H]1CC[C@]2(C#C)O)CCC4=CCCC[C@H]34,Unspecified
6301,363896647,6440128,CCNC1=NC(=NC(=N1)Cl)NCC.C1=NNC(=N1)N,Inactive
6302,363896648,66444,C[C@]12CC[C@H]3[C@H]([C@@H]1CC[C@]2(C#C)O)CCC4=C3CCC(=O)C4.C[C@]12CC[C@H]3[C@H]([C@@H]1CC[C@]2(C#C)O)CCC4=C3C=CC(=C4)OC,Active
6303,363896649,24686,CC(C#C)OC(=O)NC1=CC(=CC=C1)Cl.CN(C)C(=O)NC1CCCCCCC1,Inactive
6304,363896650,,,Inactive
6305,363896650,,,Active
6306,363896650,,,Active
6307,363896651,443101,C[N+]1=C2C=C(C=CC2=CC3=C1C=C(C=C3)N)N.C1=CC(=CC2=NC3=C(C=CC(=C3)N)C=C21)N.[Cl-],Active
6308,363896651,443101,C[N+]1=C2C=C(C=CC2=CC3=C1C=C(C=C3)N)N.C1=CC(=CC2=NC3=C(C=CC(=C3)N)C=C21)N.[Cl-],Inactive
6309,363896651,443101,C[N+]1=C2C=C(C=CC2=CC3=C1C=C(C=C3)N)N.C1=CC(=CC2=NC3=C(C=CC(=C3)N)C=C21)N.[Cl-],Inactive
6310,363896651,443101,C[N+]1=C2C=C(C=CC2=CC3=C1C=C(C=C3)N)N.C1=CC(=CC2=NC3=C(C=CC(=C3)N)C=C21)N.[Cl-],Active
6311,363896651,443101,C[N+]1=C2C=C(C=CC2=CC3=C1C=C(C=C3)N)N.C1=CC(=CC2=NC3=C(C=CC(=C3)N)C=C21)N.[Cl-],Active
6312,363896651,443101,C[N+]1=C2C=C(C=CC2=CC3=C1C=C(C=C3)N)N.C1=CC(=CC2=NC3=C(C=CC(=C3)N)C=C21)N.[Cl-],Unspecified
6313,363896651,443101,C[N+]1=C2C=C(C=CC2=CC3=C1C=C(C=C3)N)N.C1=CC(=CC2=NC3=C(C=CC(=C3)N)C=C21)N.[Cl-],Active
6314,363896651,443101,C[N+]1=C2C=C(C=CC2=CC3=C1C=C(C=C3)N)N.C1=CC(=CC2=NC3=C(C=CC(=C3)N)C=C21)N.[Cl-],Active
6315,363896652,119416,CC1=CC(=C(C2=CC=C(C=C2)N)C3=CC=C(C=C3)N)C=CC1=N.C1=CC(=N)C=CC1=C(C2=CC=C(C=C2)N)C3=CC=C(C=C3)N.Cl.Cl,Unspecified
6316,363896653,11806291,CC(=O)OCCCCCCBr,Unspecified
6317,363896654,104817,CC1=C(C(=NC=C1COP(=O)([O-])[O-])C)O,Active
6318,363896654,104817,CC1=C(C(=NC=C1COP(=O)([O-])[O-])C)O,Active
6319,363896655,82276,CC1=CC(=C(C=C1N)N)N=NC2=CC=C(C=C2)S(=O)(=O)[O-].C1=CC(=CC=C1N=NC2=CC(=C(C=C2N)N)N=NC3=CC=C(C=C3)S(=O)(=O)[O-])S(=O)(=O)[O-].[Na+].[Na+].[Na+],Active
6320,363896656,,,Active
6321,363896656,,,Active
6322,363896657,23667634,CC(=O)NC1=C(C(=C(C(=C1I)C(=O)O)I)NC(=O)C)I.CC(=O)NC1=C(C(=C(C(=C1I)C(=O)[O-])I)NC(=O)C)I.CNC[C@@H]([C@H]([C@@H]([C@@H](CO)O)O)O)O.[Na+],Unspecified
6323,363896657,23667634,CC(=O)NC1=C(C(=C(C(=C1I)C(=O)O)I)NC(=O)C)I.CC(=O)NC1=C(C(=C(C(=C1I)C(=O)[O-])I)NC(=O)C)I.CNC[C@@H]([C@H]([C@@H]([C@@H](CO)O)O)O)O.[Na+],Unspecified
6324,363896658,,,Active
6325,363896659,24722,CCOP(=O)(OCC)SCCSCC.CCOP(=S)(OCC)OCCSCC,Active
6326,363896659,24722,CCOP(=O)(OCC)SCCSCC.CCOP(=S)(OCC)OCCSCC,Active
6327,363896659,24722,CCOP(=O)(OCC)SCCSCC.CCOP(=S)(OCC)OCCSCC,Inactive
6328,363896659,24722,CCOP(=O)(OCC)SCCSCC.CCOP(=S)(OCC)OCCSCC,Inactive
6329,363896659,24722,CCOP(=O)(OCC)SCCSCC.CCOP(=S)(OCC)OCCSCC,Active
6330,363896659,24722,CCOP(=O)(OCC)SCCSCC.CCOP(=S)(OCC)OCCSCC,Active
6331,363896659,24722,CCOP(=O)(OCC)SCCSCC.CCOP(=S)(OCC)OCCSCC,Active
6332,363896659,24722,CCOP(=O)(OCC)SCCSCC.CCOP(=S)(OCC)OCCSCC,Active
6333,363896660,,,Active
6334,363896661,,,Unspecified
6335,363896661,,,Unspecified
6336,363896661,,,Active
6337,363896661,,,Inactive
6338,363896661,,,Inactive
6339,363896662,150205,CCOC(=O)CC(C(=O)OCC)SP(=S)(OC)OC.CC1=C(C=CC(=C1)OP(=S)(OC)OC)[N+](=O)[O-],Active
6340,363896663,,,Unspecified
6341,363896663,,,Inactive
6342,363896664,,,Unspecified
6343,363896665,,,Inactive
6344,363896666,,,Unspecified
6345,363896667,5281955,CCCCCCCC/C=C/CCCCCCCC(=O)OCCOCC(C1C(C(CO1)OCCO)OCCO)OCCO,Unspecified
6346,363896667,5281955,CCCCCCCC/C=C/CCCCCCCC(=O)OCCOCC(C1C(C(CO1)OCCO)OCCO)OCCO,Unspecified
6347,363896668,5284484,C(CNC(=S)[S-])NC(=S)[S-].[Zn+2],Inactive
6348,363896668,5284484,C(CNC(=S)[S-])NC(=S)[S-].[Zn+2],Active
6349,363896668,5284484,C(CNC(=S)[S-])NC(=S)[S-].[Zn+2],Inactive
6350,363896669,,,Unspecified
6351,363896669,,,Unspecified
6352,363896669,,,Inactive
6353,363896670,45075664,C(C(C(OC(F)(F)F)(F)F)(F)F)(F)F,Unspecified
6354,363896671,57125363,C[C@@H]1[C@@H]([C@@H]([C@H]([C@H](O1)O[C@H]2[C@@H](C=C3C2CC#CC4[C@@](O4)(C#C3)C5COC(=O)O5)OC(=O)C6=C(C=CC7=C6C=C(C=C7C)OC)O)NC)O)O,Active
6355,363896671,57125363,C[C@@H]1[C@@H]([C@@H]([C@H]([C@H](O1)O[C@H]2[C@@H](C=C3C2CC#CC4[C@@](O4)(C#C3)C5COC(=O)O5)OC(=O)C6=C(C=CC7=C6C=C(C=C7C)OC)O)NC)O)O,Active
6356,363896671,57125363,C[C@@H]1[C@@H]([C@@H]([C@H]([C@H](O1)O[C@H]2[C@@H](C=C3C2CC#CC4[C@@](O4)(C#C3)C5COC(=O)O5)OC(=O)C6=C(C=CC7=C6C=C(C=C7C)OC)O)NC)O)O,Active
6357,363896671,57125363,C[C@@H]1[C@@H]([C@@H]([C@H]([C@H](O1)O[C@H]2[C@@H](C=C3C2CC#CC4[C@@](O4)(C#C3)C5COC(=O)O5)OC(=O)C6=C(C=CC7=C6C=C(C=C7C)OC)O)NC)O)O,Active
6358,363896672,638793,CC(C)C[C@@H](C(=O)N[C@@H](CCCN=C(N)N)C(=O)N1CCC[C@H]1C(=O)NCC(=O)N)NC(=O)CNC(=O)[C@H](CC2=CC=C(C=C2)O)NC(=O)[C@H](CO)NC(=O)[C@H](CC3=CNC4=CC=CC=C43)NC(=O)[C@H](CC5=CN=CN5)NC(=O)[C@@H]6CCC(=O)N6,Unspecified
6359,363896673,72466,CC1=C(N=C(N=C1N)C(CC(=O)N)NCC(C(=O)N)N)C(=O)NC(C(C2=CN=CN2)O[C@H]3[C@H]([C@H]([C@@H]([C@@H](O3)CO)O)O)O[C@@H]4[C@H]([C@H]([C@@H]([C@H](O4)CO)O)OC(=O)N)O)C(=O)NC(C)C(C(C)C(=O)NC(C(C)O)C(=O)NCCC5=NC(=CS5)C6=NC(=CS6)C(=O)NCCC[S+](C)C)O.OS(=O)(=O)[O-],Unspecified
6360,363896673,72466,CC1=C(N=C(N=C1N)C(CC(=O)N)NCC(C(=O)N)N)C(=O)NC(C(C2=CN=CN2)O[C@H]3[C@H]([C@H]([C@@H]([C@@H](O3)CO)O)O)O[C@@H]4[C@H]([C@H]([C@@H]([C@H](O4)CO)O)OC(=O)N)O)C(=O)NC(C)C(C(C)C(=O)NC(C(C)O)C(=O)NCCC5=NC(=CS5)C6=NC(=CS6)C(=O)NCCC[S+](C)C)O.OS(=O)(=O)[O-],Unspecified
6361,363896673,72466,CC1=C(N=C(N=C1N)C(CC(=O)N)NCC(C(=O)N)N)C(=O)NC(C(C2=CN=CN2)O[C@H]3[C@H]([C@H]([C@@H]([C@@H](O3)CO)O)O)O[C@@H]4[C@H]([C@H]([C@@H]([C@H](O4)CO)O)OC(=O)N)O)C(=O)NC(C)C(C(C)C(=O)NC(C(C)O)C(=O)NCCC5=NC(=CS5)C6=NC(=CS6)C(=O)NCCC[S+](C)C)O.OS(=O)(=O)[O-],Active
6362,363896673,72466,CC1=C(N=C(N=C1N)C(CC(=O)N)NCC(C(=O)N)N)C(=O)NC(C(C2=CN=CN2)O[C@H]3[C@H]([C@H]([C@@H]([C@@H](O3)CO)O)O)O[C@@H]4[C@H]([C@H]([C@@H]([C@H](O4)CO)O)OC(=O)N)O)C(=O)NC(C)C(C(C)C(=O)NC(C(C)O)C(=O)NCCC5=NC(=CS5)C6=NC(=CS6)C(=O)NCCC[S+](C)C)O.OS(=O)(=O)[O-],Active
6363,363896673,72466,CC1=C(N=C(N=C1N)C(CC(=O)N)NCC(C(=O)N)N)C(=O)NC(C(C2=CN=CN2)O[C@H]3[C@H]([C@H]([C@@H]([C@@H](O3)CO)O)O)O[C@@H]4[C@H]([C@H]([C@@H]([C@H](O4)CO)O)OC(=O)N)O)C(=O)NC(C)C(C(C)C(=O)NC(C(C)O)C(=O)NCCC5=NC(=CS5)C6=NC(=CS6)C(=O)NCCC[S+](C)C)O.OS(=O)(=O)[O-],Active
6364,363896674,11979770,CC[C@H](C)[C@@H](C(=O)N[C@@H](CC1=CC=CC=C1)C=O)NC(=O)[C@H](C2CCN=C(N2)N)NC(=O)N[C@@H](CC3=CC=CC=C3)C(=O)O.CC(C)C[C@@H](C(=O)N[C@@H](CC1=CC=CC=C1)C=O)NC(=O)[C@H](C2CCN=C(N2)N)NC(=O)N[C@@H](CC3=CC=CC=C3)C(=O)O.CC(C)[C@@H](C(=O)N[C@@H](CC1=CC=CC=C1)C=O)NC(=O)[C@H](C2CCN=C(N2)N)NC(=O)N[C@@H](CC3=CC=CC=C3)C(=O)O,Unspecified
6365,363896675,3036869,C(CNC(=S)N)NC(=S)N,Active
6366,363896676,24797,COC1=CC=C(C=C1)C(=C(C2=CC=C(C=C2)OC)C3=CC=C(C=C3)OC)C4=CC=C(C=C4)OC,Unspecified
6367,363896677,24800,[N+](=O)(O)[O-].[N+](=O)(O)[O-].[Cd+2],Inactive
6368,363896678,948,[N-]=[N+]=O,Unspecified
6369,363896678,948,[N-]=[N+]=O,Active
6370,363896678,948,[N-]=[N+]=O,Inactive
6371,363896678,948,[N-]=[N+]=O,Active
6372,363896678,948,[N-]=[N+]=O,Unspecified
6373,363896679,66206,Cl[Se][Se]Cl,Unspecified
6374,363896680,61436,O.O.Cl[Sn]Cl,Inactive
6375,363896681,24808,Cl[Cr](Cl)Cl,Unspecified
6376,363896681,24808,Cl[Cr](Cl)Cl,Inactive
6377,363896681,24808,Cl[Cr](Cl)Cl,Inactive
6378,363896681,24808,Cl[Cr](Cl)Cl,Inactive
6379,363896681,24808,Cl[Cr](Cl)Cl,Inactive
6380,363896681,24808,Cl[Cr](Cl)Cl,Unspecified
6381,363896682,6093258,O.O.O.O.O.O.[Cl-].[Cl-].[Cl-].[Fe+3],Inactive
6382,363896683,24814,Cl[Sb](Cl)Cl,Active
6383,363896684,61440,Cl[Pt-2](Cl)(Cl)Cl.[K+].[K+],Unspecified
6384,363896685,61443,Cl[Te](Cl)(Cl)Cl,Active
6385,363896686,66209,Cl[Th](Cl)(Cl)Cl,Inactive
6386,363896687,24818,Cl[Nb](Cl)(Cl)(Cl)Cl,Inactive
6387,363896688,24823,[O-][O+]=O,Active
6388,363896688,24823,[O-][O+]=O,Inactive
6389,363896688,24823,[O-][O+]=O,Unspecified
6390,363896688,24823,[O-][O+]=O,Unspecified
6391,363896688,24823,[O-][O+]=O,Unspecified
6392,363896688,24823,[O-][O+]=O,Active
6393,363896688,24823,[O-][O+]=O,Active
6394,363896688,24823,[O-][O+]=O,Inactive
6395,363896688,24823,[O-][O+]=O,Unspecified
6396,363896689,24488,[O-][Cr](=O)(=O)[O-].[Na+].[Na+],Active
6397,363896689,24488,[O-][Cr](=O)(=O)[O-].[Na+].[Na+],Active
6398,363896690,24842,NN.OS(=O)(=O)O,Active
6399,363896690,24842,NN.OS(=O)(=O)O,Unspecified
6400,363896690,24842,NN.OS(=O)(=O)O,Active
6401,363896690,24842,NN.OS(=O)(=O)O,Active
6402,363896690,24842,NN.OS(=O)(=O)O,Unspecified
6403,363896690,24842,NN.OS(=O)(=O)O,Active
6404,363896690,24842,NN.OS(=O)(=O)O,Inactive
6405,363896690,24842,NN.OS(=O)(=O)O,Inactive
6406,363896690,24842,NN.OS(=O)(=O)O,Inactive
6407,363896690,24842,NN.OS(=O)(=O)O,Active
6408,363896691,66226,Cl[Ge](Cl)(Cl)Cl,Active
6409,363896692,61458,Cl[Tb](Cl)Cl,Inactive
6410,363896693,24854,[Cl-].[Cl-].[Ca+2],Inactive
6411,363896694,5280389,COC1=C2C(=C3[C@@H]4C=CO[C@@H]4OC3=C1)OC5=CC=CC(=C5C2=O)O,Active
6412,363896694,5280389,COC1=C2C(=C3[C@@H]4C=CO[C@@H]4OC3=C1)OC5=CC=CC(=C5C2=O)O,Active
6413,363896694,5280389,COC1=C2C(=C3[C@@H]4C=CO[C@@H]4OC3=C1)OC5=CC=CC(=C5C2=O)O,Unspecified
6414,363896694,5280389,COC1=C2C(=C3[C@@H]4C=CO[C@@H]4OC3=C1)OC5=CC=CC(=C5C2=O)O,Active
6415,363896694,5280389,COC1=C2C(=C3[C@@H]4C=CO[C@@H]4OC3=C1)OC5=CC=CC(=C5C2=O)O,Active
6416,363896694,5280389,COC1=C2C(=C3[C@@H]4C=CO[C@@H]4OC3=C1)OC5=CC=CC(=C5C2=O)O,Active
6417,363896694,5280389,COC1=C2C(=C3[C@@H]4C=CO[C@@H]4OC3=C1)OC5=CC=CC(=C5C2=O)O,Active
6418,363896694,5280389,COC1=C2C(=C3[C@@H]4C=CO[C@@H]4OC3=C1)OC5=CC=CC(=C5C2=O)O,Active
6419,363896695,61460,O.O.O.O.O.O.O.O[As](=O)([O-])[O-].[Na+].[Na+],Active
6420,363896695,61460,O.O.O.O.O.O.O.O[As](=O)([O-])[O-].[Na+].[Na+],Active
6421,363896695,61460,O.O.O.O.O.O.O.O[As](=O)([O-])[O-].[Na+].[Na+],Active
6422,363896696,24870,O=Cl[O],Unspecified
6423,363896697,24872,Cl[Rh](Cl)Cl,Active
6424,363896698,82323,[Cl-].[Cl-].[Cl-].[Ru+3],Inactive
6425,363896699,104957,O.O.O.O.O.O.Cl[Cr](Cl)Cl,Active
6426,363896699,104957,O.O.O.O.O.O.Cl[Cr](Cl)Cl,Inactive
6427,363896700,5280970,C(/C=C\Cl)Cl,Active
6428,363896701,24726,C(/C=C/Cl)Cl,Active
6429,363896702,24896,COC1=CC2=C(C3=C(C=C(C=C3)Cl)N=C2C=C1)[NH2+]CC[NH2+]CCCl.[Cl-].[Cl-],Active
6430,363896703,24912,C#CC(C1=CC=CC=C1)(C2=CC=CC=C2)OC(=O)NC3CCCCC3,Unspecified
6431,363896703,24912,C#CC(C1=CC=CC=C1)(C2=CC=CC=C2)OC(=O)NC3CCCCC3,Active
6432,363896704,64735,Cl[La](Cl)Cl,Inactive
6433,363896705,24930,[O-]S(=O)(=O)[O-].[O-]S(=O)(=O)[O-].[O-]S(=O)(=O)[O-].[Cr+3].[Cr+3],Unspecified
6434,363896705,24930,[O-]S(=O)(=O)[O-].[O-]S(=O)(=O)[O-].[O-]S(=O)(=O)[O-].[Cr+3].[Cr+3],Inactive
6435,363896706,24586,[O-]S(=O)(=O)[O-].[Ni+2],Active
6436,363896706,24586,[O-]S(=O)(=O)[O-].[Ni+2],Active
6437,363896706,24586,[O-]S(=O)(=O)[O-].[Ni+2],Active
6438,363896706,24586,[O-]S(=O)(=O)[O-].[Ni+2],Active
6439,363896706,24586,[O-]S(=O)(=O)[O-].[Ni+2],Active
6440,363896707,24934,[O-][Se](=O)[O-].[Na+].[Na+],Active
6441,363896707,24934,[O-][Se](=O)[O-].[Na+].[Na+],Active
6442,363896707,24934,[O-][Se](=O)[O-].[Na+].[Na+],Active
6443,363896707,24934,[O-][Se](=O)[O-].[Na+].[Na+],Active
6444,363896707,24934,[O-][Se](=O)[O-].[Na+].[Na+],Active
6445,363896707,24934,[O-][Se](=O)[O-].[Na+].[Na+],Active
6446,363896707,24934,[O-][Se](=O)[O-].[Na+].[Na+],Active
6447,363896708,,,Active
6448,363896708,,,Active
6449,363896709,119064,[N+](=O)(O)[O-].[Cr],Unspecified
6450,363896710,24947,Cl[Cd]Cl,Inactive
6451,363896710,24947,Cl[Cd]Cl,Inactive
6452,363896710,24947,Cl[Cd]Cl,Active
6453,363896710,24947,Cl[Cd]Cl,Inactive
6454,363896710,24947,Cl[Cd]Cl,Inactive
6455,363896710,24947,Cl[Cd]Cl,Inactive
6456,363896710,24947,Cl[Cd]Cl,Unspecified
6457,363896710,24947,Cl[Cd]Cl,Active
6458,363896710,24947,Cl[Cd]Cl,Unspecified
6459,363896710,24947,Cl[Cd]Cl,Active
6460,363896710,24947,Cl[Cd]Cl,Active
6461,363896710,24947,Cl[Cd]Cl,Active
6462,363896710,24947,Cl[Cd]Cl,Active
6463,363896710,24947,Cl[Cd]Cl,Active
6464,363896710,24947,Cl[Cd]Cl,Unspecified
6465,363896711,24850,[O-]S(=O)(=O)[O-].[O-]S(=O)(=O)[O-].[O-]S(=O)(=O)[O-].[Al+3].[Al+3],Inactive
6466,363896712,24962,[O-]S(=O)(=O)[O-].[Cd+2],Active
6467,363896712,24962,[O-]S(=O)(=O)[O-].[Cd+2],Active
6468,363896713,24965,[O-]S(=O)(=O)[O-].[Co+2],Active
6469,363896714,24971,C1=CC=C(C=C1)C2=CC=C(C=C2)N=O,Active
6470,363896715,150190,[N+](=O)([O-])[O-].[N+](=O)([O-])[O-].[N+](=O)([O-])[O-].[Rh+3],Active
6471,363896716,61489,[O-]S(=O)(=O)[O-].[O-]S(=O)(=O)[O-].[K+].[Cr+3],Unspecified
6472,363896717,96356,C(CCl)N(CCCl)P(=O)(N)O,Active
6473,363896717,96356,C(CCl)N(CCCl)P(=O)(N)O,Active
6474,363896717,96356,C(CCl)N(CCCl)P(=O)(N)O,Active
6475,363896717,96356,C(CCl)N(CCCl)P(=O)(N)O,Active
6476,363896718,24266,[O-]P(=O)([O-])F.[Na+].[Na+],Unspecified
6477,363896719,25020,C1CN1Cl,Active
6478,363896720,23668199,C1=CC(=CC=C1N=NC2=C(C=C(C=C2)N)N)S(=O)(=O)[O-].[Na+],Active
6479,363896721,2116,CC1=C(C2=C(CCC(O2)(C)CCCC(C)CCCC(C)CCCC(C)C)C(=C1O)C)C,Unspecified
6480,363896721,2116,CC1=C(C2=C(CCC(O2)(C)CCCC(C)CCCC(C)CCCC(C)C)C(=C1O)C)C,Unspecified
6481,363896722,66292,O=[V].Cl.Cl,Active
6482,363896723,150191,O.O.[O-][W](=O)(=O)[O-].[Na+].[Na+],Unspecified
6483,363896723,150191,O.O.[O-][W](=O)(=O)[O-].[Na+].[Na+],Unspecified
6484,363896724,3488,COC1=C(C=C(C=C1)Cl)C(=O)NCCC2=CC=C(C=C2)S(=O)(=O)NC(=O)NC3CCCCC3,Unspecified
6485,363896724,3488,COC1=C(C=C(C=C1)Cl)C(=O)NCCC2=CC=C(C=C2)S(=O)(=O)NC(=O)NC3CCCCC3,Unspecified
6486,363896725,61497,Cl[Mo](Cl)(Cl)(Cl)Cl,Inactive
6487,363896726,25102,CCCCCC(=O)C1=C(C=C2C(=C1O)C(=O)C3=C(C2=O)C=C(C=C3O)O)O,Unspecified
6488,363896727,4096,COP(=O)(N)SC,Unspecified
6489,363896728,25137,[O-]S(=O)(=O)[O-].[Cs+].[Cs+],Active
6490,363896729,25154,[N+](=O)([O-])[O-].[N+](=O)([O-])[O-].[Cd+2],Active
6491,363896730,25164,C1=CC=C2C=C(C=CC2=C1)C(=O)NO,Active
6492,363896730,25164,C1=CC=C2C=C(C=CC2=C1)C(=O)NO,Active
6493,363896731,25204,[Cl-].[Cl-].[Ba+2],Inactive
6494,363896731,25204,[Cl-].[Cl-].[Ba+2],Inactive
6495,363896732,72512,CC1=C2C=CN=CC2=C(C3=C1NC4=C3C=C(C=C4)OC)C,Active
6496,363896733,61511,[N+](=O)([O-])[O-].[N+](=O)([O-])[O-].[Mn+2],Active
6497,363896734,25219,C1=CC=C2C(=C1)C(=C3C=CC=CC3=C2CCl)CCl,Active
6498,363896735,150192,[O-][Se](=O)[O-].[K+].[K+],Inactive
6499,363896736,23700088,C1=CC(=C(C=C1Cl)Cl)OCCCC(=O)[O-].[Na+],Active
6500,363896736,23700088,C1=CC(=C(C=C1Cl)Cl)OCCCC(=O)[O-].[Na+],Unspecified
6501,363896736,23700088,C1=CC(=C(C=C1Cl)Cl)OCCCC(=O)[O-].[Na+],Inactive
6502,363896737,5053,CC(=CC1C(C1(C)C)C(=O)OCC2=COC(=C2)CC3=CC=CC=C3)C,Inactive
6503,363896737,5053,CC(=CC1C(C1(C)C)C(=O)OCC2=COC(=C2)CC3=CC=CC=C3)C,Inactive
6504,363896738,2743,CC(=CC1C(C1(C)C)C(=O)O)C,Inactive
6505,363896738,2743,CC(=CC1C(C1(C)C)C(=O)O)C,Inactive
6506,363896739,61520,[Cl-].[Cl-].[Sr+2],Inactive
6507,363896740,25306,C1=CC(=CC=C1CC(=O)O)N(CCCl)CCCl,Active
6508,363896741,6433549,C/C(=C\C(=O)OC)/CCCC(C)(CCCC(C)(C)Cl)Cl,Unspecified
6509,363896742,2733526,CC/C(=C(\C1=CC=CC=C1)/C2=CC=C(C=C2)OCCN(C)C)/C3=CC=CC=C3,Unspecified
6510,363896743,25408,[O-][Cr](=O)(=O)O[Cr](=O)(=O)[O-].[Na+].[Na+],Active
6511,363896743,25408,[O-][Cr](=O)(=O)O[Cr](=O)(=O)[O-].[Na+].[Na+],Active
6512,363896744,25418,CCN(C)N=O,Active
6513,363896744,25418,CCN(C)N=O,Unspecified
6514,363896745,25423,NCl,Unspecified
6515,363896746,25429,COC(=O)NC1=NC2=CC=CC=C2N1,Active
6516,363896746,25429,COC(=O)NC1=NC2=CC=CC=C2N1,Active
6517,363896746,25429,COC(=O)NC1=NC2=CC=CC=C2N1,Unspecified
6518,363896746,25429,COC(=O)NC1=NC2=CC=CC=C2N1,Active
6519,363896746,25429,COC(=O)NC1=NC2=CC=CC=C2N1,Active
6520,363896746,25429,COC(=O)NC1=NC2=CC=CC=C2N1,Active
6521,363896746,25429,COC(=O)NC1=NC2=CC=CC=C2N1,Active
6522,363896746,25429,COC(=O)NC1=NC2=CC=CC=C2N1,Active
6523,363896747,91809641,C[C@@H]1C([C@@H](CC(O1)O[C@H]2CC[C@@]3([C@]4(CC[C@@]5([C@H](CC[C@]5([C@@]4(CC[C@@]3(C2)O)C)O)C6=CC(=O)OC6)C)C)C=O)OC)O[C@H]7C[C@H]([C@@H]([C@H]([C@@H]7O)O)O)CO,Inactive
6524,363896748,72511,CC1=C(N=C(N=C1N)C(CC(=O)N)NCC(C(=O)N)N)C(=O)NC(C(C2=CN=CN2)O[C@H]3[C@@]([C@H]([C@@H]([C@@H](O3)CO)O)O)(C)O[C@H]4[C@@H]([C@]([C@H](C(O4)CO)O)(C(=O)N)O)O)C(=O)NC(C)C(C(C)C(=O)NC(C(=O)C)C(=O)NCCC5=NC(CS5)C6=NC(=CS6)C(=O)N)O,Active
6525,363896748,72511,CC1=C(N=C(N=C1N)C(CC(=O)N)NCC(C(=O)N)N)C(=O)NC(C(C2=CN=CN2)O[C@H]3[C@@]([C@H]([C@@H]([C@@H](O3)CO)O)O)(C)O[C@H]4[C@@H]([C@]([C@H](C(O4)CO)O)(C(=O)N)O)O)C(=O)NC(C)C(C(C)C(=O)NC(C(=O)C)C(=O)NCCC5=NC(CS5)C6=NC(=CS6)C(=O)N)O,Active
6526,363896749,3084072,C[C@@H]1[C@@H]([C@@H](C[C@@H](O1)OC2=CC(=C3C(=C2)C=C4C[C@H]([C@@H](C(=O)C4=C3O)O[C@@H]5C[C@@H]([C@H]([C@@H](O5)C)O)OC6C[C@@H]([C@H]([C@@H](O6)C)O)O)[C@@H](C(=O)[C@H]([C@@H](C)O)O)OC)O)O[C@H]7C[C@@H]([C@@H]([C@@H](O7)C)OC)O)O,Active
6527,363896750,5360373,CC1=C(N=C(N=C1N)[C@H](CC(=O)N)NC[C@@H](C(=O)N)N)C(=O)N[C@@H]([C@H](C2=CN=CN2)OC3C(C(C(C(O3)CO)O)O)OC4C(C(C(C(O4)CO)O)OC(=O)N)O)C(=O)N[C@H](C)[C@H]([C@H](C)C(=O)N[C@@H]([C@@H](C)O)C(=O)NCCC5=NC(=CS5)C6=NC(=CS6)C(=O)NCCC[S+](C)C)O,Active
6528,363896750,5360373,CC1=C(N=C(N=C1N)[C@H](CC(=O)N)NC[C@@H](C(=O)N)N)C(=O)N[C@@H]([C@H](C2=CN=CN2)OC3C(C(C(C(O3)CO)O)O)OC4C(C(C(C(O4)CO)O)OC(=O)N)O)C(=O)N[C@H](C)[C@H]([C@H](C)C(=O)N[C@@H]([C@@H](C)O)C(=O)NCCC5=NC(=CS5)C6=NC(=CS6)C(=O)NCCC[S+](C)C)O,Active
6529,363896750,5360373,CC1=C(N=C(N=C1N)[C@H](CC(=O)N)NC[C@@H](C(=O)N)N)C(=O)N[C@@H]([C@H](C2=CN=CN2)OC3C(C(C(C(O3)CO)O)O)OC4C(C(C(C(O4)CO)O)OC(=O)N)O)C(=O)N[C@H](C)[C@H]([C@H](C)C(=O)N[C@@H]([C@@H](C)O)C(=O)NCCC5=NC(=CS5)C6=NC(=CS6)C(=O)NCCC[S+](C)C)O,Active
6530,363896750,5360373,CC1=C(N=C(N=C1N)[C@H](CC(=O)N)NC[C@@H](C(=O)N)N)C(=O)N[C@@H]([C@H](C2=CN=CN2)OC3C(C(C(C(O3)CO)O)O)OC4C(C(C(C(O4)CO)O)OC(=O)N)O)C(=O)N[C@H](C)[C@H]([C@H](C)C(=O)N[C@@H]([C@@H](C)O)C(=O)NCCC5=NC(=CS5)C6=NC(=CS6)C(=O)NCCC[S+](C)C)O,Active
6531,363896750,5360373,CC1=C(N=C(N=C1N)[C@H](CC(=O)N)NC[C@@H](C(=O)N)N)C(=O)N[C@@H]([C@H](C2=CN=CN2)OC3C(C(C(C(O3)CO)O)O)OC4C(C(C(C(O4)CO)O)OC(=O)N)O)C(=O)N[C@H](C)[C@H]([C@H](C)C(=O)N[C@@H]([C@@H](C)O)C(=O)NCCC5=NC(=CS5)C6=NC(=CS6)C(=O)NCCC[S+](C)C)O,Active
6532,363896750,5360373,CC1=C(N=C(N=C1N)[C@H](CC(=O)N)NC[C@@H](C(=O)N)N)C(=O)N[C@@H]([C@H](C2=CN=CN2)OC3C(C(C(C(O3)CO)O)O)OC4C(C(C(C(O4)CO)O)OC(=O)N)O)C(=O)N[C@H](C)[C@H]([C@H](C)C(=O)N[C@@H]([C@@H](C)O)C(=O)NCCC5=NC(=CS5)C6=NC(=CS6)C(=O)NCCC[S+](C)C)O,Active
6533,363896750,5360373,CC1=C(N=C(N=C1N)[C@H](CC(=O)N)NC[C@@H](C(=O)N)N)C(=O)N[C@@H]([C@H](C2=CN=CN2)OC3C(C(C(C(O3)CO)O)O)OC4C(C(C(C(O4)CO)O)OC(=O)N)O)C(=O)N[C@H](C)[C@H]([C@H](C)C(=O)N[C@@H]([C@@H](C)O)C(=O)NCCC5=NC(=CS5)C6=NC(=CS6)C(=O)NCCC[S+](C)C)O,Active
6534,363896750,5360373,CC1=C(N=C(N=C1N)[C@H](CC(=O)N)NC[C@@H](C(=O)N)N)C(=O)N[C@@H]([C@H](C2=CN=CN2)OC3C(C(C(C(O3)CO)O)O)OC4C(C(C(C(O4)CO)O)OC(=O)N)O)C(=O)N[C@H](C)[C@H]([C@H](C)C(=O)N[C@@H]([C@@H](C)O)C(=O)NCCC5=NC(=CS5)C6=NC(=CS6)C(=O)NCCC[S+](C)C)O,Active
6535,363896750,5360373,CC1=C(N=C(N=C1N)[C@H](CC(=O)N)NC[C@@H](C(=O)N)N)C(=O)N[C@@H]([C@H](C2=CN=CN2)OC3C(C(C(C(O3)CO)O)O)OC4C(C(C(C(O4)CO)O)OC(=O)N)O)C(=O)N[C@H](C)[C@H]([C@H](C)C(=O)N[C@@H]([C@@H](C)O)C(=O)NCCC5=NC(=CS5)C6=NC(=CS6)C(=O)NCCC[S+](C)C)O,Active
6536,363896750,5360373,CC1=C(N=C(N=C1N)[C@H](CC(=O)N)NC[C@@H](C(=O)N)N)C(=O)N[C@@H]([C@H](C2=CN=CN2)OC3C(C(C(C(O3)CO)O)O)OC4C(C(C(C(O4)CO)O)OC(=O)N)O)C(=O)N[C@H](C)[C@H]([C@H](C)C(=O)N[C@@H]([C@@H](C)O)C(=O)NCCC5=NC(=CS5)C6=NC(=CS6)C(=O)NCCC[S+](C)C)O,Active
6537,363896750,5360373,CC1=C(N=C(N=C1N)[C@H](CC(=O)N)NC[C@@H](C(=O)N)N)C(=O)N[C@@H]([C@H](C2=CN=CN2)OC3C(C(C(C(O3)CO)O)O)OC4C(C(C(C(O4)CO)O)OC(=O)N)O)C(=O)N[C@H](C)[C@H]([C@H](C)C(=O)N[C@@H]([C@@H](C)O)C(=O)NCCC5=NC(=CS5)C6=NC(=CS6)C(=O)NCCC[S+](C)C)O,Active
6538,363896750,5360373,CC1=C(N=C(N=C1N)[C@H](CC(=O)N)NC[C@@H](C(=O)N)N)C(=O)N[C@@H]([C@H](C2=CN=CN2)OC3C(C(C(C(O3)CO)O)O)OC4C(C(C(C(O4)CO)O)OC(=O)N)O)C(=O)N[C@H](C)[C@H]([C@H](C)C(=O)N[C@@H]([C@@H](C)O)C(=O)NCCC5=NC(=CS5)C6=NC(=CS6)C(=O)NCCC[S+](C)C)O,Unspecified
6539,363896750,5360373,CC1=C(N=C(N=C1N)[C@H](CC(=O)N)NC[C@@H](C(=O)N)N)C(=O)N[C@@H]([C@H](C2=CN=CN2)OC3C(C(C(C(O3)CO)O)O)OC4C(C(C(C(O4)CO)O)OC(=O)N)O)C(=O)N[C@H](C)[C@H]([C@H](C)C(=O)N[C@@H]([C@@H](C)O)C(=O)NCCC5=NC(=CS5)C6=NC(=CS6)C(=O)NCCC[S+](C)C)O,Active
6540,363896750,5360373,CC1=C(N=C(N=C1N)[C@H](CC(=O)N)NC[C@@H](C(=O)N)N)C(=O)N[C@@H]([C@H](C2=CN=CN2)OC3C(C(C(C(O3)CO)O)O)OC4C(C(C(C(O4)CO)O)OC(=O)N)O)C(=O)N[C@H](C)[C@H]([C@H](C)C(=O)N[C@@H]([C@@H](C)O)C(=O)NCCC5=NC(=CS5)C6=NC(=CS6)C(=O)NCCC[S+](C)C)O,Inactive
6541,363896750,5360373,CC1=C(N=C(N=C1N)[C@H](CC(=O)N)NC[C@@H](C(=O)N)N)C(=O)N[C@@H]([C@H](C2=CN=CN2)OC3C(C(C(C(O3)CO)O)O)OC4C(C(C(C(O4)CO)O)OC(=O)N)O)C(=O)N[C@H](C)[C@H]([C@H](C)C(=O)N[C@@H]([C@@H](C)O)C(=O)NCCC5=NC(=CS5)C6=NC(=CS6)C(=O)NCCC[S+](C)C)O,Inactive
6542,363896750,5360373,CC1=C(N=C(N=C1N)[C@H](CC(=O)N)NC[C@@H](C(=O)N)N)C(=O)N[C@@H]([C@H](C2=CN=CN2)OC3C(C(C(C(O3)CO)O)O)OC4C(C(C(C(O4)CO)O)OC(=O)N)O)C(=O)N[C@H](C)[C@H]([C@H](C)C(=O)N[C@@H]([C@@H](C)O)C(=O)NCCC5=NC(=CS5)C6=NC(=CS6)C(=O)NCCC[S+](C)C)O,Active
6543,363896750,5360373,CC1=C(N=C(N=C1N)[C@H](CC(=O)N)NC[C@@H](C(=O)N)N)C(=O)N[C@@H]([C@H](C2=CN=CN2)OC3C(C(C(C(O3)CO)O)O)OC4C(C(C(C(O4)CO)O)OC(=O)N)O)C(=O)N[C@H](C)[C@H]([C@H](C)C(=O)N[C@@H]([C@@H](C)O)C(=O)NCCC5=NC(=CS5)C6=NC(=CS6)C(=O)NCCC[S+](C)C)O,Active
6544,363896750,5360373,CC1=C(N=C(N=C1N)[C@H](CC(=O)N)NC[C@@H](C(=O)N)N)C(=O)N[C@@H]([C@H](C2=CN=CN2)OC3C(C(C(C(O3)CO)O)O)OC4C(C(C(C(O4)CO)O)OC(=O)N)O)C(=O)N[C@H](C)[C@H]([C@H](C)C(=O)N[C@@H]([C@@H](C)O)C(=O)NCCC5=NC(=CS5)C6=NC(=CS6)C(=O)NCCC[S+](C)C)O,Active
6545,363896750,5360373,CC1=C(N=C(N=C1N)[C@H](CC(=O)N)NC[C@@H](C(=O)N)N)C(=O)N[C@@H]([C@H](C2=CN=CN2)OC3C(C(C(C(O3)CO)O)O)OC4C(C(C(C(O4)CO)O)OC(=O)N)O)C(=O)N[C@H](C)[C@H]([C@H](C)C(=O)N[C@@H]([C@@H](C)O)C(=O)NCCC5=NC(=CS5)C6=NC(=CS6)C(=O)NCCC[S+](C)C)O,Active
6546,363896750,5360373,CC1=C(N=C(N=C1N)[C@H](CC(=O)N)NC[C@@H](C(=O)N)N)C(=O)N[C@@H]([C@H](C2=CN=CN2)OC3C(C(C(C(O3)CO)O)O)OC4C(C(C(C(O4)CO)O)OC(=O)N)O)C(=O)N[C@H](C)[C@H]([C@H](C)C(=O)N[C@@H]([C@@H](C)O)C(=O)NCCC5=NC(=CS5)C6=NC(=CS6)C(=O)NCCC[S+](C)C)O,Active
6547,363896750,5360373,CC1=C(N=C(N=C1N)[C@H](CC(=O)N)NC[C@@H](C(=O)N)N)C(=O)N[C@@H]([C@H](C2=CN=CN2)OC3C(C(C(C(O3)CO)O)O)OC4C(C(C(C(O4)CO)O)OC(=O)N)O)C(=O)N[C@H](C)[C@H]([C@H](C)C(=O)N[C@@H]([C@@H](C)O)C(=O)NCCC5=NC(=CS5)C6=NC(=CS6)C(=O)NCCC[S+](C)C)O,Unspecified
6548,363896750,5360373,CC1=C(N=C(N=C1N)[C@H](CC(=O)N)NC[C@@H](C(=O)N)N)C(=O)N[C@@H]([C@H](C2=CN=CN2)OC3C(C(C(C(O3)CO)O)O)OC4C(C(C(C(O4)CO)O)OC(=O)N)O)C(=O)N[C@H](C)[C@H]([C@H](C)C(=O)N[C@@H]([C@@H](C)O)C(=O)NCCC5=NC(=CS5)C6=NC(=CS6)C(=O)NCCC[S+](C)C)O,Active
6549,363896751,150194,CS(=O)C.CS(=O)C.CS(=O)C.CS(=O)C.Cl[Ru]Cl,Active
6550,363896752,,,Inactive
6551,363896753,11751549,CCCCC1=NC(=C(N1CC2=CC=C(C=C2)C3=CC=CC=C3C4=NN=N[N-]4)CO)Cl.[K+],Unspecified
6552,363896753,11751549,CCCCC1=NC(=C(N1CC2=CC=C(C=C2)C3=CC=CC=C3C4=NN=N[N-]4)CO)Cl.[K+],Unspecified
6553,363896754,40470,C1=CC(=C(C(=C1)Cl)Cl)C2=C(C(=C(C=C2)Cl)Cl)Cl,Inactive
6554,363896754,40470,C1=CC(=C(C(=C1)Cl)Cl)C2=C(C(=C(C=C2)Cl)Cl)Cl,Inactive
6555,363896754,40470,C1=CC(=C(C(=C1)Cl)Cl)C2=C(C(=C(C=C2)Cl)Cl)Cl,Unspecified
6556,363896754,40470,C1=CC(=C(C(=C1)Cl)Cl)C2=C(C(=C(C=C2)Cl)Cl)Cl,Inactive
6557,363896755,150193,[Cl-].[Cl-].[Cl-].[Cl-].[Cl-].[Cl-].[Mo],Active
6558,363896756,9916275,CCN(CC)C1=CC2=C(C=C1)C(=C3C=CC(=[N+](CC)CC)C=C3O2)C4=C(C=C(C=C4)S(=O)(=O)[O-])S(=O)(=O)[O-].[Na+],Unspecified
6559,363896756,9916275,CCN(CC)C1=CC2=C(C=C1)C(=C3C=CC(=[N+](CC)CC)C=C3O2)C4=C(C=C(C=C4)S(=O)(=O)[O-])S(=O)(=O)[O-].[Na+],Unspecified
6560,363896757,25473,C1=C2C(=C3C=C(C(=O)C(=C3OC2=C(C(=C1I)[O-])I)I)I)C4=C(C(=C(C(=C4Cl)Cl)Cl)Cl)C(=O)[O-].[K+].[K+],Unspecified
6561,363896757,25473,C1=C2C(=C3C=C(C(=O)C(=C3OC2=C(C(=C1I)[O-])I)I)I)C4=C(C(=C(C(=C4Cl)Cl)Cl)Cl)C(=O)[O-].[K+].[K+],Unspecified
6562,363896757,25473,C1=C2C(=C3C=C(C(=O)C(=C3OC2=C(C(=C1I)[O-])I)I)I)C4=C(C(=C(C(=C4Cl)Cl)Cl)Cl)C(=O)[O-].[K+].[K+],Unspecified
6563,363896757,25473,C1=C2C(=C3C=C(C(=O)C(=C3OC2=C(C(=C1I)[O-])I)I)I)C4=C(C(=C(C(=C4Cl)Cl)Cl)Cl)C(=O)[O-].[K+].[K+],Unspecified
6564,363896757,25473,C1=C2C(=C3C=C(C(=O)C(=C3OC2=C(C(=C1I)[O-])I)I)I)C4=C(C(=C(C(=C4Cl)Cl)Cl)Cl)C(=O)[O-].[K+].[K+],Inactive
6565,363896758,86278622,O[Si](=O)O.O[Si](=O)O.O[Si](=O)O.O[Si](=O)O.O[Si](=O)O.O[Si](=O)O.O[Si](=O)O.O[Si](=O)O.[Na+].[Na+].[Mg+2].[Mg+2].[Mg+2].[Fe+3].[Fe+3],Inactive
6566,363896758,86278622,O[Si](=O)O.O[Si](=O)O.O[Si](=O)O.O[Si](=O)O.O[Si](=O)O.O[Si](=O)O.O[Si](=O)O.O[Si](=O)O.[Na+].[Na+].[Mg+2].[Mg+2].[Mg+2].[Fe+3].[Fe+3],Inactive
6567,363896758,86278622,O[Si](=O)O.O[Si](=O)O.O[Si](=O)O.O[Si](=O)O.O[Si](=O)O.O[Si](=O)O.O[Si](=O)O.O[Si](=O)O.[Na+].[Na+].[Mg+2].[Mg+2].[Mg+2].[Fe+3].[Fe+3],Inactive
6568,363896758,86278622,O[Si](=O)O.O[Si](=O)O.O[Si](=O)O.O[Si](=O)O.O[Si](=O)O.O[Si](=O)O.O[Si](=O)O.O[Si](=O)O.[Na+].[Na+].[Mg+2].[Mg+2].[Mg+2].[Fe+3].[Fe+3],Active
6569,363896759,25477,O.O[Si]([O-])([O-])[O-].O[Si]([O-])([O-])[O-].[Mg+2].[Mg+2].[Mg+2],Active
6570,363896759,25477,O.O[Si]([O-])([O-])[O-].O[Si]([O-])([O-])[O-].[Mg+2].[Mg+2].[Mg+2],Inactive
6571,363896759,25477,O.O[Si]([O-])([O-])[O-].O[Si]([O-])([O-])[O-].[Mg+2].[Mg+2].[Mg+2],Inactive
6572,363896759,25477,O.O[Si]([O-])([O-])[O-].O[Si]([O-])([O-])[O-].[Mg+2].[Mg+2].[Mg+2],Active
6573,363896760,,,Active
6574,363896761,22833473,S=S=[Ni].[Ni].[Ni],Active
6575,363896761,22833473,S=S=[Ni].[Ni].[Ni],Active
6576,363896761,22833473,S=S=[Ni].[Ni].[Ni],Active
6577,363896762,25501,[O-][Sn](=O)[O-].[Na+].[Na+],Inactive
6578,363896763,,,Unspecified
6579,363896763,,,Active
6580,363896764,,,Active
6581,363896764,,,Unspecified
6582,363896764,,,Inactive
6583,363896764,,,Active
6584,363896765,,,Inactive
6585,363896765,,,Inactive
6586,363896765,,,Active
6587,363896766,14422805,C1=CC(=CC(=C1)S(=O)(=O)[O-])NC2=NC(=NC(=N2)N(CCO)CCO)NC3=CC(=C(C=C3)/C=C/C4=C(C=C(C=C4)NC5=NC(=NC(=N5)NC6=CC(=CC=C6)S(=O)(=O)[O-])N(CCO)CCO)S(=O)(=O)[O-])S(=O)(=O)[O-].[Na+].[Na+].[Na+].[Na+],Unspecified
6588,363896767,62391,[Ni]#[As],Unspecified
6589,363896768,25551,C1=CC=C2C(=C1)C=C(C=N2)[N+](=O)[O-],Inactive
6590,363896769,,,Active
6591,363896769,,,Inactive
6592,363896769,,,Inactive
6593,363896769,,,Active
6594,363896770,90659394,CC1=CC2=C(C(=CC(=C2C(C)C)O)C(=O)C)C(=C1C3=C(C4=C(C=C3C)C(=C(C(=C4C=O)O)O)C(C)C)O)O.CC(=O)O,Unspecified
6595,363896770,90659394,CC1=CC2=C(C(=CC(=C2C(C)C)O)C(=O)C)C(=C1C3=C(C4=C(C=C3C)C(=C(C(=C4C=O)O)O)C(C)C)O)O.CC(=O)O,Active
6596,363896771,10643,COC1=CC=C(C=C1)C2=C(C(=O)C3=CC(=C(C(=C3O2)OC)OC)OC)OC,Active
6597,363896772,105113,CC(=CCN1C2=C(C=CC(=C2)OC)C3=C1[C@@H](N4C(=O)[C@@H]5CCCN5C(=O)[C@@]4([C@H]3O)O)C=C(C)C)C,Unspecified
6598,363896773,6610243,CC(=C)[C@@H]1[C@@H]([C@@H]2[C@@]3(O2)[C@@H](O1)CC[C@]4([C@]3(CC[C@@H]5[C@@]4(C6=C7[C@H]5OC([C@H]8C[C@H]9[C@@]8(C1=C7C(=CC(=C1CC9=C)Cl)N6)O)(C)C)C)O)C)O,Inactive
6599,363896773,6610243,CC(=C)[C@@H]1[C@@H]([C@@H]2[C@@]3(O2)[C@@H](O1)CC[C@]4([C@]3(CC[C@@H]5[C@@]4(C6=C7[C@H]5OC([C@H]8C[C@H]9[C@@]8(C1=C7C(=CC(=C1CC9=C)Cl)N6)O)(C)C)C)O)C)O,Unspecified
6600,363896774,,,Unspecified
6601,363896775,150198,Cl.[Pt],Active
6602,363896776,6437361,C/C=C/C1=CN2[C@@H](C1)[C@H](NC3=C(C(=C(C=C3C2=O)O[C@H]4[C@@H]([C@]([C@H]([C@@H](O4)C)NC)(C)O)O)C)O)O,Active
6603,363896777,150204,CNC(=O)NC1=NC2=CC=CC=C2S1.C1CCC(CC1)N2C(=O)C3=C(CCC3)NC2=O,Inactive
6604,363896778,13887805,CC(=C[C@@H]1N2C3=C(C=CC(=C3)OC)C4=C2[C@H](CC(OO1)(C)C)N5C(=O)[C@@H]6CCCN6C(=O)[C@@]5([C@H]4O)O)C,Inactive
6605,363896778,13887805,CC(=C[C@@H]1N2C3=C(C=CC(=C3)OC)C4=C2[C@H](CC(OO1)(C)C)N5C(=O)[C@@H]6CCCN6C(=O)[C@@]5([C@H]4O)O)C,Unspecified
6606,363896779,5993,C1C2C(C(C1Cl)Cl)C3(C(=C(C2(C3(Cl)Cl)Cl)Cl)Cl)Cl,Unspecified
6607,363896779,5993,C1C2C(C(C1Cl)Cl)C3(C(=C(C2(C3(Cl)Cl)Cl)Cl)Cl)Cl,Active
6608,363896779,5993,C1C2C(C(C1Cl)Cl)C3(C(=C(C2(C3(Cl)Cl)Cl)Cl)Cl)Cl,Active
6609,363896779,5993,C1C2C(C(C1Cl)Cl)C3(C(=C(C2(C3(Cl)Cl)Cl)Cl)Cl)Cl,Active
6610,363896780,9570280,CCCN(/C(=N/[N+](=O)[O-])/N)N=O,Active
6611,363896780,9570280,CCCN(/C(=N/[N+](=O)[O-])/N)N=O,Active
6612,363896781,9570281,CCCCN(/C(=N/[N+](=O)[O-])/N)N=O,Active
6613,363896781,9570281,CCCCN(/C(=N/[N+](=O)[O-])/N)N=O,Active
6614,363896782,9570282,CCCCCN(/C(=N/[N+](=O)[O-])/N)N=O,Unspecified
6615,363896782,9570282,CCCCCN(/C(=N/[N+](=O)[O-])/N)N=O,Active
6616,363896783,3950,C1CCC(CC1)NC(=O)N(CCCl)N=O,Active
6617,363896783,3950,C1CCC(CC1)NC(=O)N(CCCl)N=O,Active
6618,363896783,3950,C1CCC(CC1)NC(=O)N(CCCl)N=O,Active
6619,363896783,3950,C1CCC(CC1)NC(=O)N(CCCl)N=O,Active
6620,363896783,3950,C1CCC(CC1)NC(=O)N(CCCl)N=O,Active
6621,363896783,3950,C1CCC(CC1)NC(=O)N(CCCl)N=O,Active
6622,363896784,20189,C1=CC(=CC=C1C[C@H](C(=O)O)N)N(CCCl)CCCl,Active
6623,363896785,83091,CCN(CC)N=NC1=CC=CC=C1,Active
6624,363896785,83091,CCN(CC)N=NC1=CC=CC=C1,Active
6625,363896786,25659,C[N+]1=CC2=CC(=C(C=C2C3=C1C4=CC5=C(C=C4C=C3)OCO5)OC)OC.[Cl-],Unspecified
6626,363896787,25670,CCOP(=S)(OCC)SCSC(C)(C)C,Active
6627,363896788,25674,CCSCC[C@@H](C(=O)O)N,Active
6628,363896788,25674,CCSCC[C@@H](C(=O)O)N,Active
6629,363896788,25674,CCSCC[C@@H](C(=O)O)N,Active
6630,363896788,25674,CCSCC[C@@H](C(=O)O)N,Inactive
6631,363896788,25674,CCSCC[C@@H](C(=O)O)N,Active
6632,363896788,25674,CCSCC[C@@H](C(=O)O)N,Unspecified
6633,363896788,25674,CCSCC[C@@H](C(=O)O)N,Unspecified
6634,363896788,25674,CCSCC[C@@H](C(=O)O)N,Active
6635,363896788,25674,CCSCC[C@@H](C(=O)O)N,Inactive
6636,363896788,25674,CCSCC[C@@H](C(=O)O)N,Inactive
6637,363896788,25674,CCSCC[C@@H](C(=O)O)N,Inactive
6638,363896789,656642,CC(=O)NC1=C(C(=C(C(=C1I)C(=O)O)I)C(=O)NC)I.CNC[C@@H]([C@H]([C@@H]([C@@H](CO)O)O)O)O,Active
6639,363896789,656642,CC(=O)NC1=C(C(=C(C(=C1I)C(=O)O)I)C(=O)NC)I.CNC[C@@H]([C@H]([C@@H]([C@@H](CO)O)O)O)O,Active
6640,363896790,108111,CC1=CC=C(C=C1)C2CO2,Active
6641,363896790,108111,CC1=CC=C(C=C1)C2CO2,Active
6642,363896790,108111,CC1=CC=C(C=C1)C2CO2,Active
6643,363896790,108111,CC1=CC=C(C=C1)C2CO2,Active
6644,363896791,25742,CCN(CCO)N=O,Active
6645,363896792,3032604,CCN(CC)C(=O)/C(=C(\C)/OP(=O)(OC)OC)/Cl,Active
6646,363896792,3032604,CCN(CC)C(=O)/C(=C(\C)/OP(=O)(OC)OC)/Cl,Active
6647,363896792,3032604,CCN(CC)C(=O)/C(=C(\C)/OP(=O)(OC)OC)/Cl,Active
6648,363896793,86287521,C1=CC(=C(C=C1[N+](=O)[O-])[N+](=O)[O-])O/N=C/C2=CC(=C(C(=C2)Br)O)Br,Inactive
6649,363896794,442439,C[C@H]1[C@@H]([C@H]([C@H]([C@@H](O1)O[C@@H]2[C@H]([C@@H]([C@H](O[C@H]2OC3=CC(=C4C(=O)C[C@H](OC4=C3)C5=CC(=C(C=C5)OC)O)O)CO)O)O)O)O)O,Inactive
6650,363896795,252237,CCCCCN(CCCCC)N=O,Active
6651,363896795,252237,CCCCCN(CCCCC)N=O,Active
6652,363896796,25805,CCCCCN(C)N=O,Active
6653,363896797,25807,CCN(C=C)N=O,Active
6654,363896798,25809,CC(=O)OCCN(CCOC(=O)C)N=O,Unspecified
6655,363896799,25811,CN(CC(=O)O)N=O,Inactive
6656,363896799,25811,CN(CC(=O)O)N=O,Active
6657,363896800,83273,CNC(=O)N(C)N=O,Active
6658,363896800,83273,CNC(=O)N(C)N=O,Active
6659,363896800,83273,CNC(=O)N(C)N=O,Active
6660,363896801,83301,Cl[W](Cl)(Cl)(Cl)(Cl)Cl,Inactive
6661,363896802,9296,CS(=O)(=O)OCC(C(COS(=O)(=O)C)O)O,Unspecified
6662,363896802,9296,CS(=O)(=O)OCC(C(COS(=O)(=O)C)O)O,Active
6663,363896802,9296,CS(=O)(=O)OCC(C(COS(=O)(=O)C)O)O,Active
6664,363896803,3397,CC(C)C(=O)NC1=CC(=C(C=C1)[N+](=O)[O-])C(F)(F)F,Inactive
6665,363896804,150199,C1CC(=O)N(C1=O)CN2CCOCC2,Inactive
6666,363896805,48599,CC(C)NC(=O)C1=CC=C(C=C1)C[N+](=NC)[O-],Active
6667,363896806,25890,C1=CC=C2C3=C4C(=CC2=C1)C=CC5=C(C=CC(=C54)C=C3)O,Inactive
6668,363896806,25890,C1=CC=C2C3=C4C(=CC2=C1)C=CC5=C(C=CC(=C54)C=C3)O,Unspecified
6669,363896806,25890,C1=CC=C2C3=C4C(=CC2=C1)C=CC5=C(C=CC(=C54)C=C3)O,Active
6670,363896806,25890,C1=CC=C2C3=C4C(=CC2=C1)C=CC5=C(C=CC(=C54)C=C3)O,Inactive
6671,363896806,25890,C1=CC=C2C3=C4C(=CC2=C1)C=CC5=C(C=CC(=C54)C=C3)O,Inactive
6672,363896806,25890,C1=CC=C2C3=C4C(=CC2=C1)C=CC5=C(C=CC(=C54)C=C3)O,Unspecified
6673,363896806,25890,C1=CC=C2C3=C4C(=CC2=C1)C=CC5=C(C=CC(=C54)C=C3)O,Active
6674,363896807,25891,C1=CC=C2C3=C4C(=CC2=C1)C=CC5=C4C(=C(C=C5)O)C=C3,Inactive
6675,363896807,25891,C1=CC=C2C3=C4C(=CC2=C1)C=CC5=C4C(=C(C=C5)O)C=C3,Unspecified
6676,363896807,25891,C1=CC=C2C3=C4C(=CC2=C1)C=CC5=C4C(=C(C=C5)O)C=C3,Active
6677,363896808,25892,C1=CC2=C3C(=C1)C=CC4=C3C(=CC5=C4C=CC(C5O)O)C=C2,Active
6678,363896809,25893,C1=CC2=C3C(=C1)C=CC4=C3C(=CC5=C4C=CC(=C5)O)C=C2,Inactive
6679,363896809,25893,C1=CC2=C3C(=C1)C=CC4=C3C(=CC5=C4C=CC(=C5)O)C=C2,Unspecified
6680,363896809,25893,C1=CC2=C3C(=C1)C=CC4=C3C(=CC5=C4C=CC(=C5)O)C=C2,Unspecified
6681,363896810,83362,CC1=C2C(=C(C3=CC=CC=C13)CCl)C=CC4=CC=CC=C42,Active
6682,363896811,25895,CC1=CC2=CC3=CC=CC=C3[N+](=C2C=C1)C.COS(=O)(=O)[O-],Unspecified
6683,363896812,25897,C[N+]1=C2C(=CC3=CC=CC=C31)C=CC=C2N.[Cl-],Active
6684,363896813,25914,CCCCNCC,Inactive
6685,363896814,25948,CC1=CC=CC=C1C2=CC(=C(C=C2)N)C,Active
6686,363896814,25948,CC1=CC=CC=C1C2=CC(=C(C=C2)N)C,Active
6687,363896814,25948,CC1=CC=CC=C1C2=CC(=C(C=C2)N)C,Active
6688,363896814,25948,CC1=CC=CC=C1C2=CC(=C(C=C2)N)C,Unspecified
6689,363896814,25948,CC1=CC=CC=C1C2=CC(=C(C=C2)N)C,Active
6690,363896814,25948,CC1=CC=CC=C1C2=CC(=C(C=C2)N)C,Inactive
6691,363896814,25948,CC1=CC=CC=C1C2=CC(=C(C=C2)N)C,Active
6692,363896814,25948,CC1=CC=CC=C1C2=CC(=C(C=C2)N)C,Active
6693,363896815,25960,[O-][Se](=O)(=O)[O-].[Na+].[Na+],Active
6694,363896815,25960,[O-][Se](=O)(=O)[O-].[Na+].[Na+],Unspecified
6695,363896815,25960,[O-][Se](=O)(=O)[O-].[Na+].[Na+],Unspecified
6696,363896815,25960,[O-][Se](=O)(=O)[O-].[Na+].[Na+],Active
6697,363896815,25960,[O-][Se](=O)(=O)[O-].[Na+].[Na+],Active
6698,363896816,6436061,C1=CC(=NC(=C1)/C=C/C2=CC=C(O2)[N+](=O)[O-])CO,Active
6699,363896817,159666,COC1=NC(=NC(=N1)N2CC2)OC,Active
6700,363896818,18949,CS(=O)(=O)OCCCNCCCOS(=O)(=O)C,Active
6701,363896819,159669,CCN(CCCNC1=C2C=C(C=CC2=NC=C1)OC)CCCl.Cl.Cl,Active
6702,363896820,159671,CCN(CCCN)CCCl.Cl.Cl,Active
6703,363896820,159671,CCN(CCCN)CCCl.Cl.Cl,Active
6704,363896821,643989,O.O.O.O.Cl[Mn]Cl,Unspecified
6705,363896821,643989,O.O.O.O.Cl[Mn]Cl,Active
6706,363896822,26031,Cl[Pt](Cl)(Cl)Cl,Active
6707,363896822,26031,Cl[Pt](Cl)(Cl)Cl,Active
6708,363896823,26042,O=[Ti]=O,Inactive
6709,363896823,26042,O=[Ti]=O,Inactive
6710,363896824,72713,CCNCCNC1=C2C(=C(C=C1)CO)SC3=CC=CC=C3C2=O,Active
6711,363896825,26077,[Be+2].[O-]S(=O)(=O)[O-],Active
6712,363896825,26077,[Be+2].[O-]S(=O)(=O)[O-],Active
6713,363896825,26077,[Be+2].[O-]S(=O)(=O)[O-],Active
6714,363896825,26077,[Be+2].[O-]S(=O)(=O)[O-],Active
6715,363896825,26077,[Be+2].[O-]S(=O)(=O)[O-],Inactive
6716,363896825,26077,[Be+2].[O-]S(=O)(=O)[O-],Active
6717,363896825,26077,[Be+2].[O-]S(=O)(=O)[O-],Unspecified
6718,363896825,26077,[Be+2].[O-]S(=O)(=O)[O-],Inactive
6719,363896825,26077,[Be+2].[O-]S(=O)(=O)[O-],Active
6720,363896825,26077,[Be+2].[O-]S(=O)(=O)[O-],Inactive
6721,363896826,159678,O.O.O.O.O.O.O.O.O=[Zr].Cl.Cl,Inactive
6722,363896827,4828,CC(C)NCC(COC1=CC=CC2=C1C=CN2)O,Unspecified
6723,363896828,26089,[O-][Cr](=O)(=O)[O-].[Zn+2],Active
6724,363896828,26089,[O-][Cr](=O)(=O)[O-].[Zn+2],Active
6725,363896828,26089,[O-][Cr](=O)(=O)[O-].[Zn+2],Active
6726,363896829,26105,COCC(CN1C=CN=C1[N+](=O)[O-])O,Unspecified
6727,363896829,26105,COCC(CN1C=CN=C1[N+](=O)[O-])O,Active
6728,363896829,26105,COCC(CN1C=CN=C1[N+](=O)[O-])O,Active
6729,363896829,26105,COCC(CN1C=CN=C1[N+](=O)[O-])O,Active
6730,363896829,26105,COCC(CN1C=CN=C1[N+](=O)[O-])O,Active
6731,363896830,92242,C1=CN(C(=N1)[N+](=O)[O-])CC(CF)O,Active
6732,363896831,26108,C1=CC(=CC=C1CC2=CC=C(C=C2)N)N.Cl.Cl,Active
6733,363896832,23675787,C1=C(C(=CC(=C1Cl)Cl)Cl)OCC(=O)[O-].[Na+],Unspecified
6734,363896833,26131,CC1CCCN(C1)N=O,Active
6735,363896833,26131,CC1CCCN(C1)N=O,Active
6736,363896833,26131,CC1CCCN(C1)N=O,Active
6737,363896833,26131,CC1CCCN(C1)N=O,Active
6738,363896833,26131,CC1CCCN(C1)N=O,Active
6739,363896834,83646,C1=CC2=C(C=CC(=C2)[N+](=O)[O-])[N+](=C1)[O-],Inactive
6740,363896835,24744,CC1=CC(=CC=C1)NC(=O)OC2=CC=CC(=C2)NC(=O)OC,Active
6741,363896835,24744,CC1=CC(=CC=C1)NC(=O)OC2=CC=CC(=C2)NC(=O)OC,Inactive
6742,363896836,83695,C(CO)N(C(=O)N)N=O,Active
6743,363896837,26250,[C-]#N.[C-]#N.[C-]#N.[C-]#N.[C-]#N.[C-]#N.[K+].[K+].[K+].[Fe+3],Inactive
6744,363896838,61675,[O-][Mo](=O)(=O)[O-].[Co+2],Active
6745,363896839,26264,[O-][Cr](=O)(=O)[O-].[Ca+2],Active
6746,363896839,26264,[O-][Cr](=O)(=O)[O-].[Ca+2],Active
6747,363896839,26264,[O-][Cr](=O)(=O)[O-].[Ca+2],Active
6748,363896839,26264,[O-][Cr](=O)(=O)[O-].[Ca+2],Active
6749,363896839,26264,[O-][Cr](=O)(=O)[O-].[Ca+2],Active
6750,363896839,26264,[O-][Cr](=O)(=O)[O-].[Ca+2],Active
6751,363896839,26264,[O-][Cr](=O)(=O)[O-].[Ca+2],Active
6752,363896839,26264,[O-][Cr](=O)(=O)[O-].[Ca+2],Active
6753,363896839,26264,[O-][Cr](=O)(=O)[O-].[Ca+2],Active
6754,363896839,26264,[O-][Cr](=O)(=O)[O-].[Ca+2],Active
6755,363896840,83638,C1(=C(C(=C(C(=C1Br)Br)Br)Br)C(=O)O)C(=O)O,Inactive
6756,363896841,119232,[NH2-].[NH2-].[NH2-].[Cl-].[Cl-].[Pt+2],Active
6757,363896842,,,Active
6758,363896843,3226,C(C(OC(F)F)(F)F)(F)Cl,Unspecified
6759,363896843,3226,C(C(OC(F)F)(F)F)(F)Cl,Active
6760,363896843,3226,C(C(OC(F)F)(F)F)(F)Cl,Unspecified
6761,363896843,3226,C(C(OC(F)F)(F)F)(F)Cl,Inactive
6762,363896843,3226,C(C(OC(F)F)(F)F)(F)Cl,Unspecified
6763,363896844,26311,CN(C(=O)NC(=O)N)N=O,Active
6764,363896845,6433586,CN(CCO)C1=NC(=NC(=N1)NC2=CC(=C(C=C2)/C=C/C3=C(C=C(C=C3)NC4=NC(=NC(=N4)NC5=CC=CC=C5)N(C)CCO)S(=O)(=O)[O-])S(=O)(=O)[O-])NC6=CC=CC=C6.[Na+].[Na+],Inactive
6765,363896845,6433586,CN(CCO)C1=NC(=NC(=N1)NC2=CC(=C(C=C2)/C=C/C3=C(C=C(C=C3)NC4=NC(=NC(=N4)NC5=CC=CC=C5)N(C)CCO)S(=O)(=O)[O-])S(=O)(=O)[O-])NC6=CC=CC=C6.[Na+].[Na+],Unspecified
6766,363896846,159705,C1CN1C2=CC(=NC(=N2)N3CC3)N4CC4,Active
6767,363896847,159706,C1CN1C2=C(C(=NC(=N2)N3CC3)N4CC4)Cl,Active
6768,363896848,56840903,[NH2-].[NH2-].[NH2-].[NH2-].[Cl-].[Cl-].[Pt+2],Unspecified
6769,363896849,11963580,[C-]#N.[C-]#N.[C-]#N.[C-]#N.[C-]#N.[C-]#N.[K+].[K+].[K+].[K+].[Fe+6],Inactive
6770,363896850,644019,CCCCCC1=CC(=C(C(=C1)O)[C@@H]2C=C(CC[C@H]2C(=C)C)C)O,Active
6771,363896850,644019,CCCCCC1=CC(=C(C(=C1)O)[C@@H]2C=C(CC[C@H]2C(=C)C)C)O,Active
6772,363896850,644019,CCCCCC1=CC(=C(C(=C1)O)[C@@H]2C=C(CC[C@H]2C(=C)C)C)O,Inactive
6773,363896850,644019,CCCCCC1=CC(=C(C(=C1)O)[C@@H]2C=C(CC[C@H]2C(=C)C)C)O,Inactive
6774,363896851,107712,C1CSC(=O)C1N,Unspecified
6775,363896851,107712,C1CSC(=O)C1N,Unspecified
6776,363896852,115031,NN.Cl,Active
6777,363896853,638296,C[C@]12CCC[C@H](O1)C3=C(O2)C=C4C(=C3O)C(=O)C5=C(C4=O)C=C(C=C5O)O,Unspecified
6778,363896854,5284423,C[C@@H]1CCCCN1N=O,Active
6779,363896855,26423,C1=CC(=C(C=C1N=NC2=CC(=C(C=C2)Cl)Cl)Cl)Cl,Active
6780,363896855,26423,C1=CC(=C(C=C1N=NC2=CC(=C(C=C2)Cl)Cl)Cl)Cl,Active
6781,363896856,,,Active
6782,363896856,,,Active
6783,363896856,,,Inactive
6784,363896857,24841042,CC1=CC(=NC2=CC3=C([N+](=C4C=C(C=CC4=C3C=C2)N)C)C5=CC=C(C=C5)N)N=C(N1C)N.Br.[Br-],Active
6785,363896858,61739,[O-]Cl,Unspecified
6786,363896859,84436,C1C(=NC(=O)NC1=O)N,Active
6787,363896860,135659052,CC1=C(C2=CC3=C(C(=C(N3)C=C4C(=C(C(=N4)C=C5C(=C(C(=N5)C=C1N2)C)C(C)O)C)C(C)O)C)CCC(=O)O)CCC(=O)O,Unspecified
6788,363896861,107980,C1CN1P(=S)(N)N2CC2,Active
6789,363896861,107980,C1CN1P(=S)(N)N2CC2,Active
6790,363896861,107980,C1CN1P(=S)(N)N2CC2,Active
6791,363896862,,,Active
6792,363896862,,,Unspecified
6793,363896863,26871,CC1=C2C=CC3=C(C2=C(C4=CC=CC=C14)C)C=CC=C3O,Inactive
6794,363896863,26871,CC1=C2C=CC3=C(C2=C(C4=CC=CC=C14)C)C=CC=C3O,Unspecified
6795,363896864,1086,[O-]S(=O)S(=O)[O-],Unspecified
6796,363896864,1086,[O-]S(=O)S(=O)[O-],Unspecified
6797,363896865,5459896,C/[N+](=N/CO[C@H]1[C@@H]([C@H]([C@@H]([C@H](O1)CO)O)O)O)/[O-],Unspecified
6798,363896865,5459896,C/[N+](=N/CO[C@H]1[C@@H]([C@H]([C@@H]([C@H](O1)CO)O)O)O)/[O-],Active
6799,363896865,5459896,C/[N+](=N/CO[C@H]1[C@@H]([C@H]([C@@H]([C@H](O1)CO)O)O)O)/[O-],Active
6800,363896865,5459896,C/[N+](=N/CO[C@H]1[C@@H]([C@H]([C@@H]([C@H](O1)CO)O)O)O)/[O-],Inactive
6801,363896866,,,Unspecified
6802,363896866,,,Active
6803,363896866,,,Active
6804,363896867,5311281,C[C@@H]1CCC[C@H](/C=C/C(=O)O[C@]23[C@@H](/C=C/C1)[C@@H](C(=C)[C@H]([C@H]2[C@@H](NC3=O)CC4=CC=CC=C4)C)O)O,Inactive
6805,363896868,115034,NN=N,Active
6806,363896869,27026,CC1CCN(CC1)N=O,Active
6807,363896869,27026,CC1CCN(CC1)N=O,Active
6808,363896869,27026,CC1CCN(CC1)N=O,Unspecified
6809,363896869,27026,CC1CCN(CC1)N=O,Unspecified
6810,363896869,27026,CC1CCN(CC1)N=O,Active
6811,363896870,27062,C1=CC=C2C(=C1)C=CC3=C2C4C(O4)C5=CC=CC=C35,Active
6812,363896870,27062,C1=CC=C2C(=C1)C=CC3=C2C4C(O4)C5=CC=CC=C35,Inactive
6813,363896870,27062,C1=CC=C2C(=C1)C=CC3=C2C4C(O4)C5=CC=CC=C35,Active
6814,363896871,66377,CCC1=CN(C(=O)NC1=O)[C@H]2C[C@@H]([C@H](O2)CO)O,Unspecified
6815,363896871,66377,CCC1=CN(C(=O)NC1=O)[C@H]2C[C@@H]([C@H](O2)CO)O,Unspecified
6816,363896871,66377,CCC1=CN(C(=O)NC1=O)[C@H]2C[C@@H]([C@H](O2)CO)O,Unspecified
6817,363896871,66377,CCC1=CN(C(=O)NC1=O)[C@H]2C[C@@H]([C@H](O2)CO)O,Unspecified
6818,363896872,30913,CN(C)C(CSC(=O)N)CSC(=O)N.Cl,Unspecified
6819,363896872,30913,CN(C)C(CSC(=O)N)CSC(=O)N.Cl,Inactive
6820,363896873,9317,CC(=O)[O-].CC(=O)[O-].[Pb+2],Unspecified
6821,363896873,9317,CC(=O)[O-].CC(=O)[O-].[Pb+2],Unspecified
6822,363896873,9317,CC(=O)[O-].CC(=O)[O-].[Pb+2],Active
6823,363896873,9317,CC(=O)[O-].CC(=O)[O-].[Pb+2],Active
6824,363896873,9317,CC(=O)[O-].CC(=O)[O-].[Pb+2],Inactive
6825,363896873,9317,CC(=O)[O-].CC(=O)[O-].[Pb+2],Inactive
6826,363896873,9317,CC(=O)[O-].CC(=O)[O-].[Pb+2],Active
6827,363896873,9317,CC(=O)[O-].CC(=O)[O-].[Pb+2],Active
6828,363896874,,,Inactive
6829,363896875,27295,C1=CC(=CC=C1[N+](=O)[O-])OC2=C(C=C(C=C2)C(F)(F)F)[N+](=O)[O-],Inactive
6830,363896876,27324,CC1=C(C=CC=C1N)N.Cl.Cl,Inactive
6831,363896877,27350,CC(=O)O[C@H]1C[C@@H]2CC[C@@H]3[C@@H]([C@]2(C[C@@H]1[N+]4(CCCCC4)C)C)CC[C@]5([C@H]3C[C@@H]([C@@H]5OC(=O)C)[N+]6(CCCCC6)C)C.[Br-].[Br-],Unspecified
6832,363896878,5281734,C/C=C\1/C[C@H]([C@@](C(=O)OCC2=CC[N+]3([C@H]2[C@@H](CC3)OC1=O)[O-])(CO)O)C,Unspecified
6833,363896879,27369,C1CN(C(=S)N1CO)CO,Unspecified
6834,363896880,27396,CCCCCCCC(=O)N(C)N=O,Active
6835,363896881,6093686,[O-][Te](=O)(=O)[O-].[K+].[K+],Inactive
6836,363896882,,,Active
6837,363896882,,,Active
6838,363896882,,,Active
6839,363896882,,,Active
6840,363896882,,,Active
6841,363896882,,,Active
6842,363896882,,,Active
6843,363896882,,,Active
6844,363896882,,,Active
6845,363896882,,,Inactive
6846,363896882,,,Active
6847,363896882,,,Active
6848,363896882,,,Active
6849,363896883,27492,C=COC(=O)N,Active
6850,363896883,27492,C=COC(=O)N,Active
6851,363896883,27492,C=COC(=O)N,Active
6852,363896883,27492,C=COC(=O)N,Active
6853,363896884,27532,CS(=O)(=O)OCCCOS(=O)(=O)C,Active
6854,363896884,27532,CS(=O)(=O)OCCCOS(=O)(=O)C,Active
6855,363896885,2078,CCC1=C(C(=CC=C1)CC)N(COC)C(=O)CCl,Active
6856,363896886,85248,CN=NNC1=CC=CC=C1,Active
6857,363896887,146189,CC1=C2C3=CC=CC=C3C(=C(C2=C(C4=CC=CC=C14)C)O)O,Inactive
6858,363896887,146189,CC1=C2C3=CC=CC=C3C(=C(C2=C(C4=CC=CC=C14)C)O)O,Unspecified
6859,363896888,13767,CC1=C2C(C(C3=CC=CC=C3C2=CC4=CC=CC=C14)O)O,Unspecified
6860,363896888,13767,CC1=C2C(C(C3=CC=CC=C3C2=CC4=CC=CC=C14)O)O,Inactive
6861,363896888,13767,CC1=C2C(C(C3=CC=CC=C3C2=CC4=CC=CC=C14)O)O,Unspecified
6862,363896888,13767,CC1=C2C(C(C3=CC=CC=C3C2=CC4=CC=CC=C14)O)O,Unspecified
6863,363896889,56841017,C[S-].C[S-].N#[O+].N#[O+].N#[O+].N#[O+].[Fe].[Fe],Unspecified
6864,363896890,6433657,C1COCCN1C2=NC(=NC(=N2)NC3=CC(=C(C=C3)/C=C/C4=C(C=C(C=C4)NC5=NC(=NC(=N5)NC6=CC=CC=C6)N7CCOCC7)S(=O)(=O)[O-])S(=O)(=O)[O-])NC8=CC=CC=C8.[Na+].[Na+],Inactive
6865,363896890,6433657,C1COCCN1C2=NC(=NC(=N2)NC3=CC(=C(C=C3)/C=C/C4=C(C=C(C=C4)NC5=NC(=NC(=N5)NC6=CC=CC=C6)N7CCOCC7)S(=O)(=O)[O-])S(=O)(=O)[O-])NC8=CC=CC=C8.[Na+].[Na+],Unspecified
6866,363896890,6433657,C1COCCN1C2=NC(=NC(=N2)NC3=CC(=C(C=C3)/C=C/C4=C(C=C(C=C4)NC5=NC(=NC(=N5)NC6=CC=CC=C6)N7CCOCC7)S(=O)(=O)[O-])S(=O)(=O)[O-])NC8=CC=CC=C8.[Na+].[Na+],Inactive
6867,363896890,6433657,C1COCCN1C2=NC(=NC(=N2)NC3=CC(=C(C=C3)/C=C/C4=C(C=C(C=C4)NC5=NC(=NC(=N5)NC6=CC=CC=C6)N7CCOCC7)S(=O)(=O)[O-])S(=O)(=O)[O-])NC8=CC=CC=C8.[Na+].[Na+],Unspecified
6868,363896891,85290,C1=CC=C2C(=C1)C=CC3=C(C4=CC=CC=C4C=C32)CO,Active
6869,363896892,146263,CC1=C2C(C(C=CC2=CC3=C1C=CC4=CC=CC=C43)O)O,Active
6870,363896893,146191,CCN(CC)CCNC1=C2C(=C(C=C1)C(=O)O)SC3=CC=CC=C3C2=O,Active
6871,363896894,72827,C1CCN(CC1)CCNC2=C3C(=C(C=C2)CO)SC4=CC=CC=C4C3=O,Active
6872,363896895,72712,CC1CCCCN1CCNC2=C3C(=C(C=C2)CO)SC4=CC=CC=C4C3=O,Active
6873,363896896,99031,CCC1CCCCN1CCNC2=C3C(=C(C=C2)CO)SC4=CC=CC=C4C3=O,Active
6874,363896897,27720,CCN(CC)CC1=C(C=CC(=C1)Br)OCC(=O)NN,Unspecified
6875,363896898,27721,C1CCN(CC1)CC2=C(C=CC(=C2)Br)OCC(=O)NN,Unspecified
6876,363896899,27722,C1COCCN1CC2=C(C=CC(=C2)Br)OCC(=O)NN,Unspecified
6877,363896900,135506211,CCOC(=O)COC1=C(C=C(C=C1)Cl)CSC(=[NH2+])N.[Cl-],Unspecified
6878,363896901,135506212,COC(=O)COC1=C(C=C(C=C1)Br)CSC(=[NH2+])N.[Cl-],Unspecified
6879,363896902,135506213,CCOC(=O)COC1=C(C=C(C=C1)Br)CSC(=[NH2+])N.[Cl-],Unspecified
6880,363896903,27729,CN(C)CC1=C(C=CC(=C1)Br)OCC(=O)NN,Unspecified
6881,363896904,27767,CC1=C2C(=C(C3=CC=CC=C13)CBr)C=CC4=CC=CC=C42,Inactive
6882,363896904,27767,CC1=C2C(=C(C3=CC=CC=C13)CBr)C=CC4=CC=CC=C42,Active
6883,363896904,27767,CC1=C2C(=C(C3=CC=CC=C13)CBr)C=CC4=CC=CC=C42,Active
6884,363896904,27767,CC1=C2C(=C(C3=CC=CC=C13)CBr)C=CC4=CC=CC=C42,Active
6885,363896904,27767,CC1=C2C(=C(C3=CC=CC=C13)CBr)C=CC4=CC=CC=C42,Inactive
6886,363896904,27767,CC1=C2C(=C(C3=CC=CC=C13)CBr)C=CC4=CC=CC=C42,Active
6887,363896904,27767,CC1=C2C(=C(C3=CC=CC=C13)CBr)C=CC4=CC=CC=C42,Unspecified
6888,363896904,27767,CC1=C2C(=C(C3=CC=CC=C13)CBr)C=CC4=CC=CC=C42,Active
6889,363896904,27767,CC1=C2C(=C(C3=CC=CC=C13)CBr)C=CC4=CC=CC=C42,Active
6890,363896904,27767,CC1=C2C(=C(C3=CC=CC=C13)CBr)C=CC4=CC=CC=C42,Active
6891,363896904,27767,CC1=C2C(=C(C3=CC=CC=C13)CBr)C=CC4=CC=CC=C42,Active
6892,363896904,27767,CC1=C2C(=C(C3=CC=CC=C13)CBr)C=CC4=CC=CC=C42,Active
6893,363896905,6439888,C1=C(OC(=C1)[N+](=O)[O-])/C=C/C2=CSC(=N2)N,Active
6894,363896906,135506214,COC(=O)COC1=C(C=C(C=C1)Cl)CSC(=[NH2+])N.[Cl-],Unspecified
6895,363896907,159777,COC(=O)COC1=C(C=C(C=C1)Cl)CCl.C1N2CN3CN1CN(C2)C3,Unspecified
6896,363896908,159779,CCOC(=O)COC1=C(C=C(C=C1)Cl)CCl.C1N2CN3CN1CN(C2)C3,Unspecified
6897,363896909,159781,CCOC(=O)COC1=C(C=C(C=C1)Br)CCl.C1N2CN3CN1CN(C2)C3,Unspecified
6898,363896910,159783,COC(=O)COC1=C(C=C(C=C1)Br)CCl.C1N2CN3CN1CN(C2)C3,Active
6899,363896911,146276,C1=CC=C2C(=C1)C3=C4C(=C(C=C3)O)C=CC=C4C2=O,Active
6900,363896912,27811,C1CCC2=C(C1)C=CC3=CC4=C(C=C23)C5=CC=CC=C5CC4,Active
6901,363896913,27821,C=CCN(CC=C)N=O,Active
6902,363896914,27825,CCCCCN(CCCC)N=O,Active
6903,363896915,27826,CN1CCN(CC1)N=O,Active
6904,363896915,27826,CN1CCN(CC1)N=O,Active
6905,363896915,27826,CN1CCN(CC1)N=O,Active
6906,363896915,27826,CN1CCN(CC1)N=O,Unspecified
6907,363896916,150158,C1=CC(=CC=C1N=NC2=CC(=C(C(=C2N)N=NC3=CC=C(C=C3)S(=O)(=O)[O-])N)N=NC4=CC=C(C=C4)S(=O)(=O)[O-])S(=O)(=O)[O-].[Na+].[Na+].[Na+],Unspecified
6908,363896917,85396,CCC(=O)N(C)N=O,Active
6909,363896918,27850,CCCCCC(=O)N(C)N=O,Active
6910,363896919,27851,CCCCCCC(=O)N(C)N=O,Active
6911,363896920,27852,CCCCCCCCCCCC(=O)N(C)N=O,Active
6912,363896921,12961638,C1=CC=C2C(=C1)C(=O)OC23C4=CC(=C(C(=C4OC5=C(C(=C(C=C35)I)[O-])I)I)[O-])I.[Na+].[Na+],Active
6913,363896921,12961638,C1=CC=C2C(=C1)C(=O)OC23C4=CC(=C(C(=C4OC5=C(C(=C(C=C35)I)[O-])I)I)[O-])I.[Na+].[Na+],Inactive
6914,363896921,12961638,C1=CC=C2C(=C1)C(=O)OC23C4=CC(=C(C(=C4OC5=C(C(=C(C=C35)I)[O-])I)I)[O-])I.[Na+].[Na+],Unspecified
6915,363896921,12961638,C1=CC=C2C(=C1)C(=O)OC23C4=CC(=C(C(=C4OC5=C(C(=C(C=C35)I)[O-])I)I)[O-])I.[Na+].[Na+],Inactive
6916,363896921,12961638,C1=CC=C2C(=C1)C(=O)OC23C4=CC(=C(C(=C4OC5=C(C(=C(C=C35)I)[O-])I)I)[O-])I.[Na+].[Na+],Inactive
6917,363896922,146293,COCCOS(=O)(=O)C,Active
6918,363896922,146293,COCCOS(=O)(=O)C,Active
6919,363896923,146300,CCOS(=O)(=O)CCCS(=O)(=O)OCC,Active
6920,363896923,146300,CCOS(=O)(=O)CCCS(=O)(=O)OCC,Active
6921,363896924,146304,CCCCC(=O)N(C)N=O,Active
6922,363896925,146298,CCCCCCCCCCCCCC(=O)N(C)N=O,Active
6923,363896926,12613538,C1C[C@H](N(C1)N=O)C2=CN=CC=C2,Active
6924,363896926,12613538,C1C[C@H](N(C1)N=O)C2=CN=CC=C2,Active
6925,363896927,27924,CCCCCCCCCCCCCC(=O)O[C@@H]1[C@H]([C@]2([C@@H](C=C(C[C@]3([C@H]2C=C(C3=O)C)O)CO)[C@H]4[C@@]1(C4(C)C)OC(=O)C)O)C,Active
6926,363896927,27924,CCCCCCCCCCCCCC(=O)O[C@@H]1[C@H]([C@]2([C@@H](C=C(C[C@]3([C@H]2C=C(C3=O)C)O)CO)[C@H]4[C@@]1(C4(C)C)OC(=O)C)O)C,Unspecified
6927,363896927,27924,CCCCCCCCCCCCCC(=O)O[C@@H]1[C@H]([C@]2([C@@H](C=C(C[C@]3([C@H]2C=C(C3=O)C)O)CO)[C@H]4[C@@]1(C4(C)C)OC(=O)C)O)C,Inactive
6928,363896927,27924,CCCCCCCCCCCCCC(=O)O[C@@H]1[C@H]([C@]2([C@@H](C=C(C[C@]3([C@H]2C=C(C3=O)C)O)CO)[C@H]4[C@@]1(C4(C)C)OC(=O)C)O)C,Inactive
6929,363896927,27924,CCCCCCCCCCCCCC(=O)O[C@@H]1[C@H]([C@]2([C@@H](C=C(C[C@]3([C@H]2C=C(C3=O)C)O)CO)[C@H]4[C@@]1(C4(C)C)OC(=O)C)O)C,Inactive
6930,363896927,27924,CCCCCCCCCCCCCC(=O)O[C@@H]1[C@H]([C@]2([C@@H](C=C(C[C@]3([C@H]2C=C(C3=O)C)O)CO)[C@H]4[C@@]1(C4(C)C)OC(=O)C)O)C,Unspecified
6931,363896927,27924,CCCCCCCCCCCCCC(=O)O[C@@H]1[C@H]([C@]2([C@@H](C=C(C[C@]3([C@H]2C=C(C3=O)C)O)CO)[C@H]4[C@@]1(C4(C)C)OC(=O)C)O)C,Active
6932,363896927,27924,CCCCCCCCCCCCCC(=O)O[C@@H]1[C@H]([C@]2([C@@H](C=C(C[C@]3([C@H]2C=C(C3=O)C)O)CO)[C@H]4[C@@]1(C4(C)C)OC(=O)C)O)C,Inactive
6933,363896927,27924,CCCCCCCCCCCCCC(=O)O[C@@H]1[C@H]([C@]2([C@@H](C=C(C[C@]3([C@H]2C=C(C3=O)C)O)CO)[C@H]4[C@@]1(C4(C)C)OC(=O)C)O)C,Inactive
6934,363896927,27924,CCCCCCCCCCCCCC(=O)O[C@@H]1[C@H]([C@]2([C@@H](C=C(C[C@]3([C@H]2C=C(C3=O)C)O)CO)[C@H]4[C@@]1(C4(C)C)OC(=O)C)O)C,Unspecified
6935,363896927,27924,CCCCCCCCCCCCCC(=O)O[C@@H]1[C@H]([C@]2([C@@H](C=C(C[C@]3([C@H]2C=C(C3=O)C)O)CO)[C@H]4[C@@]1(C4(C)C)OC(=O)C)O)C,Inactive
6936,363896928,9548611,C/C=N/N(C)C=O,Inactive
6937,363896928,9548611,C/C=N/N(C)C=O,Inactive
6938,363896928,9548611,C/C=N/N(C)C=O,Active
6939,363896929,5360515,C1CC1CN2CC[C@]34[C@@H]5C(=O)CC[C@]3([C@H]2CC6=C4C(=C(C=C6)O)O5)O,Active
6940,363896929,5360515,C1CC1CN2CC[C@]34[C@@H]5C(=O)CC[C@]3([C@H]2CC6=C4C(=C(C=C6)O)O5)O,Inactive
6941,363896930,98301,CC1=C2C(C(C3=CC=CC=C3C2=C(C4=CC=CC=C14)C)O)O,Inactive
6942,363896931,27982,C(CCl)P(=O)(O)O,Active
6943,363896932,5485201,C1CC1CN2CC[C@]34[C@@H]5C(=O)CC[C@]3([C@H]2CC6=C4C(=C(C=C6)O)O5)O.Cl,Active
6944,363896932,5485201,C1CC1CN2CC[C@]34[C@@H]5C(=O)CC[C@]3([C@H]2CC6=C4C(=C(C=C6)O)O5)O.Cl,Inactive
6945,363896932,5485201,C1CC1CN2CC[C@]34[C@@H]5C(=O)CC[C@]3([C@H]2CC6=C4C(=C(C=C6)O)O5)O.Cl,Unspecified
6946,363896933,28019,[O-]S(=O)S(=O)(=O)[O-].[K+].[K+],Unspecified
6947,363896934,5353758,C/C(=N\OC(=O)NC)/SC,Unspecified
6948,363896934,5353758,C/C(=N\OC(=O)NC)/SC,Unspecified
6949,363896934,5353758,C/C(=N\OC(=O)NC)/SC,Inactive
6950,363896934,5353758,C/C(=N\OC(=O)NC)/SC,Inactive
6951,363896934,5353758,C/C(=N\OC(=O)NC)/SC,Inactive
6952,363896934,5353758,C/C(=N\OC(=O)NC)/SC,Inactive
6953,363896934,5353758,C/C(=N\OC(=O)NC)/SC,Unspecified
6954,363896935,28036,CC1=C2C=CC3=CC4=CC=CC=C4C5=C3C2=C(C=C1)C=C5,Active
6955,363896936,28045,CC1=C2C=CC3=C4C2=C(C=C1)C=CC4=C(C5=CC=CC=C35)C,Unspecified
6956,363896937,28046,CC1=C2C=CC3=C(C4=CC=CC=C4C5=C3C2=C(C=C1)C=C5)C,Active
6957,363896938,100581,CCOS(=O)(=O)CCl,Active
6958,363896939,28091,CC(=O)N(C1=CC2=C(C=C1)C3=CC=CC=C3C2)OS(=O)(=O)O,Unspecified
6959,363896940,85598,C1CN(C(=O)NC1=O)N=O,Active
6960,363896941,150168,N.N.[Cl-].[Cl-].[Cl-].[Cl-].[Pt+4],Active
6961,363896942,28127,F[Si-2](F)(F)(F)(F)F.[Na+].[Na+],Unspecified
6962,363896943,,,Active
6963,363896944,61859,[H+].[H+].Cl[Pt-2](Cl)(Cl)(Cl)(Cl)Cl,Active
6964,363896945,28153,[H+].[H+].Cl[Ir-2](Cl)(Cl)(Cl)(Cl)Cl,Active
6965,363896946,28179,[F-],Inactive
6966,363896947,,,Inactive
6967,363896947,,,Inactive
6968,363896948,28240,COC1=CC2=C(C3=C(C=C(C=C3)Cl)N=C2C=C1)[NH2+]CCC[NH2+]CCCl.[Cl-].[Cl-],Active
6969,363896948,28240,COC1=CC2=C(C3=C(C=C(C=C3)Cl)N=C2C=C1)[NH2+]CCC[NH2+]CCCl.[Cl-].[Cl-],Active
6970,363896948,28240,COC1=CC2=C(C3=C(C=C(C=C3)Cl)N=C2C=C1)[NH2+]CCC[NH2+]CCCl.[Cl-].[Cl-],Inactive
6971,363896948,28240,COC1=CC2=C(C3=C(C=C(C=C3)Cl)N=C2C=C1)[NH2+]CCC[NH2+]CCCl.[Cl-].[Cl-],Active
6972,363896948,28240,COC1=CC2=C(C3=C(C=C(C=C3)Cl)N=C2C=C1)[NH2+]CCC[NH2+]CCCl.[Cl-].[Cl-],Active
6973,363896948,28240,COC1=CC2=C(C3=C(C=C(C=C3)Cl)N=C2C=C1)[NH2+]CCC[NH2+]CCCl.[Cl-].[Cl-],Unspecified
6974,363896949,28258,C(O)OOCO,Active
6975,363896949,28258,C(O)OOCO,Active
6976,363896950,5352698,C/C=C/C#CC#C/C=C/C=C/C=C,Unspecified
6977,363896951,105131,C(C=O)Br,Active
6978,363896952,,,Active
6979,363896953,72563,CCN(CCNC1=C2C(=C(C=C1)CO)SC3=C(C2=O)C=CC(=C3)Cl)CCO,Active
6980,363896954,11048,C1=CC=C(C(=C1)C2=C3C=C(C(=O)C(=C3OC4=C(C(=C(C=C24)Br)[O-])Br)Br)Br)C(=O)[O-].[Na+].[Na+],Unspecified
6981,363896954,11048,C1=CC=C(C(=C1)C2=C3C=C(C(=O)C(=C3OC4=C(C(=C(C=C24)Br)[O-])Br)Br)Br)C(=O)[O-].[Na+].[Na+],Unspecified
6982,363896954,11048,C1=CC=C(C(=C1)C2=C3C=C(C(=O)C(=C3OC4=C(C(=C(C=C24)Br)[O-])Br)Br)Br)C(=O)[O-].[Na+].[Na+],Unspecified
6983,363896955,101410,CCC(COS(=O)(=O)C)(COS(=O)(=O)C)COS(=O)(=O)C,Active
6984,363896956,5378303,C1=COC(=C1)/C(=C\C2=CC=C(O2)[N+](=O)[O-])/C3=NN=C(O3)N,Active
6985,363896957,28578,CCOCC1=C(C=C2C(=C1O)C(=O)C3=CC=CC=C3C2=O)O,Active
6986,363896958,28597,C1CC2=C(C=C1)C=C3C=CC4=C5C3=C2C=CC5=CC=C4,Inactive
6987,363896959,28598,C1=CC2=C3C(=C1)C=CC4=C5C=C(C=CC5=CC(=C43)C=C2)O,Inactive
6988,363896959,28598,C1=CC2=C3C(=C1)C=CC4=C5C=C(C=CC5=CC(=C43)C=C2)O,Unspecified
6989,363896959,28598,C1=CC2=C3C(=C1)C=CC4=C5C=C(C=CC5=CC(=C43)C=C2)O,Active
6990,363896960,28599,C1CC2=C(C=C1)C3=C4C(=C2)C=CC5=C4C(=CC=C5)C=C3,Active
6991,363896961,5869753,C1OC2=C(O1)C=C(C=C2)/C=C/CO,Unspecified
6992,363896962,442070,C[C@@H]1[C@H]([C@@]2([C@@H](C2(C)C)[C@H]3[C@]1([C@@H]4C=C(C(=O)[C@]4(CC(=C3)CO)O)C)O)O)O,Unspecified
6993,363896962,442070,C[C@@H]1[C@H]([C@@]2([C@@H](C2(C)C)[C@H]3[C@]1([C@@H]4C=C(C(=O)[C@]4(CC(=C3)CO)O)C)O)O)O,Inactive
6994,363896963,28717,CC1CCCC(N1N=O)C,Unspecified
6995,363896963,28717,CC1CCCC(N1N=O)C,Inactive
6996,363896963,28717,CC1CCCC(N1N=O)C,Active
6997,363896963,28717,CC1CCCC(N1N=O)C,Unspecified
6998,363896963,28717,CC1CCCC(N1N=O)C,Unspecified
6999,363896963,28717,CC1CCCC(N1N=O)C,Unspecified
7000,363896964,146413,CC(C)(C)OOCO,Active
7001,363896965,28780,CCCCNC(=O)N1C2=CC=CC=C2N=C1NC(=O)OC,Inactive
7002,363896965,28780,CCCCNC(=O)N1C2=CC=CC=C2N=C1NC(=O)OC,Active
7003,363896965,28780,CCCCNC(=O)N1C2=CC=CC=C2N=C1NC(=O)OC,Inactive
7004,363896965,28780,CCCCNC(=O)N1C2=CC=CC=C2N=C1NC(=O)OC,Active
7005,363896965,28780,CCCCNC(=O)N1C2=CC=CC=C2N=C1NC(=O)OC,Active
7006,363896965,28780,CCCCNC(=O)N1C2=CC=CC=C2N=C1NC(=O)OC,Unspecified
7007,363896965,28780,CCCCNC(=O)N1C2=CC=CC=C2N=C1NC(=O)OC,Inactive
7008,363896966,104825,COC1=C2C3=C(C(=O)CC3)C(=O)OC2=C4[C@@H]5C[C@@H](O[C@@H]5OC4=C1)O,Unspecified
7009,363896967,104940,COC1=CC=CC2=C1C(=O)C3=C(C=C4C(=C3O2)[C@@H]5C=CO[C@@H]5O4)OC,Unspecified
7010,363896968,5281576,C[C@H]1CCCC(=O)CCC/C=C/C2=C(C(=CC(=C2)O)O)C(=O)O1,Active
7011,363896968,5281576,C[C@H]1CCCC(=O)CCC/C=C/C2=C(C(=CC(=C2)O)O)C(=O)O1,Inactive
7012,363896969,135398689,C/C(=C\1/C(=O)[C@@H]2[C@@H]3[C@@H](CC4=C5C3=CNC5=CC=C4)C(N2C1=O)(C)C)/O,Unspecified
7013,363896970,163659,C[C@@H]1[C@H]([C@@H](C[C@@H](O1)O[C@@H]2C[C@@H](O[C@@H]([C@H]2O)C)OC3=CC4=CC5=C(C(=O)[C@H]([C@@H](C5)[C@@H](C(=O)[C@H]([C@@H](C)O)O)OC)O[C@H]6C[C@H]([C@@H]([C@H](O6)C)O)O[C@H]7C[C@H]([C@H]([C@H](O7)C)O)O[C@H]8C[C@]([C@@H]([C@H](O8)C)O)(C)O)C(=C4C(=C3C)O)O)O)O,Active
7014,363896971,29072,CCCCCC[Hg]Br,Active
7015,363896972,6433718,C1=C2C(=C(C(=C1Br)[O-])Br)OC3=C(C(=C(C=C3C24C5=C(C(=C(C(=C5Cl)Cl)Cl)Cl)C(=O)O4)Br)[O-])Br.[Na+].[Na+],Unspecified
7016,363896972,6433718,C1=C2C(=C(C(=C1Br)[O-])Br)OC3=C(C(=C(C=C3C24C5=C(C(=C(C(=C5Cl)Cl)Cl)Cl)C(=O)O4)Br)[O-])Br.[Na+].[Na+],Unspecified
7017,363896973,29092,CC1=CC2=NC3=C(C=C(C4=CC=CC=C43)N)OC2=CC1=[N+](C)C.[Cl-],Inactive
7018,363896974,6433723,CC(=O)N(C1=CC=C(C=C1)/C=C\C2=CC=CC=C2)O,Active
7019,363896974,6433723,CC(=O)N(C1=CC=C(C=C1)/C=C\C2=CC=CC=C2)O,Active
7020,363896975,786655,CC(=O)NC1=CC=C(C=C1)/C=C/C2=CC=CC=C2,Inactive
7021,363896976,6368521,COC1=CC=C(C=C1)/C=C/Cl,Active
7022,363896976,6368521,COC1=CC=C(C=C1)/C=C/Cl,Active
7023,363896977,29220,C1=CC2=C(C(=C1)S(=O)(=O)Cl)N=CC=C2,Unspecified
7024,363896978,29244,C1=CC2=[N+](ON=C2C(=C1)[N+](=O)[O-])[O-],Active
7025,363896979,146461,CCCCCCN(C(=O)N)N=O,Active
7026,363896980,146462,CC1=C2C(=C(C3=CC=CC=C13)C(=O)O)C=CC4=CC=CC=C42,Unspecified
7027,363896981,,,Inactive
7028,363896982,5318516,CCCCC/C=C/C=C/C(=O)NCC(C)C,Active
7029,363896983,23615975,CN(C(=O)N[C@@H](C=O)[C@H]([C@@H]([C@@H](CO)O)O)O)N=O,Active
7030,363896983,23615975,CN(C(=O)N[C@@H](C=O)[C@H]([C@@H]([C@@H](CO)O)O)O)N=O,Active
7031,363896983,23615975,CN(C(=O)N[C@@H](C=O)[C@H]([C@@H]([C@@H](CO)O)O)O)N=O,Active
7032,363896983,23615975,CN(C(=O)N[C@@H](C=O)[C@H]([C@@H]([C@@H](CO)O)O)O)N=O,Active
7033,363896983,23615975,CN(C(=O)N[C@@H](C=O)[C@H]([C@@H]([C@@H](CO)O)O)O)N=O,Active
7034,363896983,23615975,CN(C(=O)N[C@@H](C=O)[C@H]([C@@H]([C@@H](CO)O)O)O)N=O,Active
7035,363896983,23615975,CN(C(=O)N[C@@H](C=O)[C@H]([C@@H]([C@@H](CO)O)O)O)N=O,Active
7036,363896983,23615975,CN(C(=O)N[C@@H](C=O)[C@H]([C@@H]([C@@H](CO)O)O)O)N=O,Active
7037,363896984,159859,CC(=O)OC[C@@H]1[C@H]([C@@H]([C@H](C(O1)OC(=O)C)NC(=O)N(C)N=O)OC(=O)C)OC(=O)C,Active
7038,363896985,29432,CN(C)C(C1=CC=CC=C1)(C2=CC=CC=C2)N(C)C,Inactive
7039,363896986,227830,C[C@@H]1C[C@H]2[C@@H]3[C@H]([C@]4([C@H]1C=CC4=O)C)OC([C@@]3(C(=O)O2)C)(C)O,Inactive
7040,363896987,146479,C1CCN(CC1)CN2C=NC3=CC=CC=C32,Inactive
7041,363896988,6915910,C1=CC2=C(C=CC(=C2N=O)[O-])C=C1S(=O)(=O)[O-].C1=CC2=C(C=CC(=C2N=O)[O-])C=C1S(=O)(=O)[O-].C1=CC2=C(C=CC(=C2N=O)[O-])C=C1S(=O)(=O)[O-].[Na+].[Na+].[Na+].[Fe+3],Unspecified
7042,363896989,23669634,C(CC(=O)O)[C@@H](C(=O)[O-])N.[K+],Inactive
7043,363896990,146489,C1=CC=C2C(=C1)N=CN2CO,Inactive
7044,363896991,,,Active
7045,363896991,,,Active
7046,363896991,,,Active
7047,363896992,29732,CC(C)OC1=C(C=C(C(=C1)N2C(=O)OC(=N2)C(C)(C)C)Cl)Cl,Inactive
7048,363896993,29743,CS(=O)(=O)OCCO,Active
7049,363896993,29743,CS(=O)(=O)OCCO,Active
7050,363896994,29746,C[C@H]1CCC[C@@]2([C@@]1(CCCC2)O)C,Inactive
7051,363896995,23662354,C(CS(=O)(=O)[O-])S.[Na+],Unspecified
7052,363896995,23662354,C(CS(=O)(=O)[O-])S.[Na+],Unspecified
7053,363896996,146678,CS(=O)(=O)C1=CC=C(C=C1)[C@@H]([C@H](CO)NC(=O)C(Cl)Cl)O,Unspecified
7054,363896997,88328,CN(C)N=NC1=CN=CC=C1,Active
7055,363896997,88328,CN(C)N=NC1=CN=CC=C1,Active
7056,363896997,88328,CN(C)N=NC1=CN=CC=C1,Active
7057,363896997,88328,CN(C)N=NC1=CN=CC=C1,Active
7058,363896998,29899,C1=CC=C2C(=C1)C(=C3C=CC=CC3=C2Cl)CCl,Active
7059,363896999,62739,CCOC(=O)C1=CC2=C(C=C3C(=C2)C=CO3)OC1=O,Active
7060,363897000,99495,C1=CC=C(C=C1)C(=S=O)N,Active
7061,363897001,30005,[H+].[H+].CC1(C(CCC1(C)C(=O)[O-])C(=O)NCC(C[Hg+])OC)C.C(C(=O)[O-])[S-],Inactive
7062,363897002,88527,C([C@H]([C@H]([C@@H]([C@H](C=O)O)O)O)S)O,Inactive
7063,363897003,105095,COC1=C2C3=C(C(=O)OCC3)C(=O)OC2=C4C5CC(OC5OC4=C1)O,Unspecified
7064,363897004,62743,C1=CC2=C3C(=C1)C4=C5C(=CC=C4)C(=CC=C5C3=CC=C2)[N+](=O)[O-],Active
7065,363897005,5372709,C(=C(/C(Cl)Cl)\Cl)\Cl,Active
7066,363897006,159893,CN1CCN(CC1)CCCN2C3=CC=CC=C3S(=O)C4=CC=CC=C42,Unspecified
7067,363897006,159893,CN1CCN(CC1)CCCN2C3=CC=CC=C3S(=O)C4=CC=CC=C42,Unspecified
7068,363897007,146544,CN(CC(=O)O)[N+](=O)[O-],Unspecified
7069,363897008,152312,CC1=CC(=CC=C1)C2CO2,Active
7070,363897009,155613,C1C(O1)C2=CC(=CC=C2)Cl,Active
7071,363897009,155613,C1C(O1)C2=CC(=CC=C2)Cl,Unspecified
7072,363897010,30231,C[C@H]1[C@@H]([C@H]([C@H]([C@@H](O1)O[C@@H]2[C@H]([C@@H]([C@H](O[C@H]2OC3=CC(=C(C(=C3)O)C(=O)CCC4=CC(=C(C=C4)OC)O)O)CO)O)O)O)O)O,Active
7073,363897010,30231,C[C@H]1[C@@H]([C@H]([C@H]([C@@H](O1)O[C@@H]2[C@H]([C@@H]([C@H](O[C@H]2OC3=CC(=C(C(=C3)O)C(=O)CCC4=CC(=C(C=C4)OC)O)O)CO)O)O)O)O)O,Inactive
7074,363897011,30251,CC(C)[NH2+]CC(C1=CC2=CC=CC=C2C=C1)Cl.[Cl-],Active
7075,363897012,30318,O=[Os](=O)(=O)=O,Active
7076,363897012,30318,O=[Os](=O)(=O)=O,Unspecified
7077,363897013,2724385,C[C@@H]1[C@H]([C@H](C[C@@H](O1)O[C@@H]2[C@H](O[C@H](C[C@@H]2O)O[C@@H]3[C@H](O[C@H](C[C@@H]3O)O[C@H]4CC[C@]5([C@@H](C4)CC[C@@H]6[C@@H]5C[C@H]([C@]7([C@@]6(CC[C@@H]7C8=CC(=O)OC8)O)C)O)C)C)C)O)O,Unspecified
7078,363897014,30323,C[C@H]1[C@H]([C@H](C[C@@H](O1)O[C@H]2C[C@@](CC3=C2C(=C4C(=C3O)C(=O)C5=C(C4=O)C(=CC=C5)OC)O)(C(=O)C)O)N)O,Active
7079,363897014,30323,C[C@H]1[C@H]([C@H](C[C@@H](O1)O[C@H]2C[C@@](CC3=C2C(=C4C(=C3O)C(=O)C5=C(C4=O)C(=CC=C5)OC)O)(C(=O)C)O)N)O,Active
7080,363897014,30323,C[C@H]1[C@H]([C@H](C[C@@H](O1)O[C@H]2C[C@@](CC3=C2C(=C4C(=C3O)C(=O)C5=C(C4=O)C(=CC=C5)OC)O)(C(=O)C)O)N)O,Active
7081,363897014,30323,C[C@H]1[C@H]([C@H](C[C@@H](O1)O[C@H]2C[C@@](CC3=C2C(=C4C(=C3O)C(=O)C5=C(C4=O)C(=CC=C5)OC)O)(C(=O)C)O)N)O,Active
7082,363897014,30323,C[C@H]1[C@H]([C@H](C[C@@H](O1)O[C@H]2C[C@@](CC3=C2C(=C4C(=C3O)C(=O)C5=C(C4=O)C(=CC=C5)OC)O)(C(=O)C)O)N)O,Active
7083,363897014,30323,C[C@H]1[C@H]([C@H](C[C@@H](O1)O[C@H]2C[C@@](CC3=C2C(=C4C(=C3O)C(=O)C5=C(C4=O)C(=CC=C5)OC)O)(C(=O)C)O)N)O,Active
7084,363897014,30323,C[C@H]1[C@H]([C@H](C[C@@H](O1)O[C@H]2C[C@@](CC3=C2C(=C4C(=C3O)C(=O)C5=C(C4=O)C(=CC=C5)OC)O)(C(=O)C)O)N)O,Active
7085,363897014,30323,C[C@H]1[C@H]([C@H](C[C@@H](O1)O[C@H]2C[C@@](CC3=C2C(=C4C(=C3O)C(=O)C5=C(C4=O)C(=CC=C5)OC)O)(C(=O)C)O)N)O,Active
7086,363897014,30323,C[C@H]1[C@H]([C@H](C[C@@H](O1)O[C@H]2C[C@@](CC3=C2C(=C4C(=C3O)C(=O)C5=C(C4=O)C(=CC=C5)OC)O)(C(=O)C)O)N)O,Unspecified
7087,363897014,30323,C[C@H]1[C@H]([C@H](C[C@@H](O1)O[C@H]2C[C@@](CC3=C2C(=C4C(=C3O)C(=O)C5=C(C4=O)C(=CC=C5)OC)O)(C(=O)C)O)N)O,Active
7088,363897014,30323,C[C@H]1[C@H]([C@H](C[C@@H](O1)O[C@H]2C[C@@](CC3=C2C(=C4C(=C3O)C(=O)C5=C(C4=O)C(=CC=C5)OC)O)(C(=O)C)O)N)O,Active
7089,363897014,30323,C[C@H]1[C@H]([C@H](C[C@@H](O1)O[C@H]2C[C@@](CC3=C2C(=C4C(=C3O)C(=O)C5=C(C4=O)C(=CC=C5)OC)O)(C(=O)C)O)N)O,Active
7090,363897014,30323,C[C@H]1[C@H]([C@H](C[C@@H](O1)O[C@H]2C[C@@](CC3=C2C(=C4C(=C3O)C(=O)C5=C(C4=O)C(=CC=C5)OC)O)(C(=O)C)O)N)O,Active
7091,363897014,30323,C[C@H]1[C@H]([C@H](C[C@@H](O1)O[C@H]2C[C@@](CC3=C2C(=C4C(=C3O)C(=O)C5=C(C4=O)C(=CC=C5)OC)O)(C(=O)C)O)N)O,Active
7092,363897015,30333,C1C(O1)C2=CC3=CC=CC=C3C=C2,Active
7093,363897016,30362,CC1=C(C=C(C=C1)C(C#C)(C2=CC=CC=C2)OC(=O)NC3CCCCC3)C,Active
7094,363897016,30362,CC1=C(C=C(C=C1)C(C#C)(C2=CC=CC=C2)OC(=O)NC3CCCCC3)C,Active
7095,363897017,155615,CC#CC(C1=CC=CC=C1)(C2=CC=CC=C2)OC(=O)NC3CCCCC3,Active
7096,363897018,159901,CCC1=C(N(C(=O)N(C1=O)CC)CC=C)Cl,Unspecified
7097,363897019,,,Active
7098,363897020,96105,C1CNP(=O)(NC1)N(CCCl)CCCl,Active
7099,363897021,30479,CC(C)(C)C1=NN=C(N(C1=O)N)SC,Inactive
7100,363897022,44478,C1COP(=O)(OC1)N(CCCl)CCCl,Unspecified
7101,363897023,30544,C1=CC=C2C(=C1)C3=C4C(=C2CO)C=CC5=CC=CC(=C54)C=C3,Active
7102,363897023,30544,C1=CC=C2C(=C1)C3=C4C(=C2CO)C=CC5=CC=CC(=C54)C=C3,Active
7103,363897023,30544,C1=CC=C2C(=C1)C3=C4C(=C2CO)C=CC5=CC=CC(=C54)C=C3,Active
7104,363897023,30544,C1=CC=C2C(=C1)C3=C4C(=C2CO)C=CC5=CC=CC(=C54)C=C3,Active
7105,363897024,5284461,CC1=C[C@@H]2[C@](C[C@@H]1OC(=O)CC(C)C)([C@]3([C@@H]([C@H]([C@H]([C@@]34CO4)O2)O)OC(=O)C)C)COC(=O)C,Inactive
7106,363897024,5284461,CC1=C[C@@H]2[C@](C[C@@H]1OC(=O)CC(C)C)([C@]3([C@@H]([C@H]([C@H]([C@@]34CO4)O2)O)OC(=O)C)C)COC(=O)C,Inactive
7107,363897024,5284461,CC1=C[C@@H]2[C@](C[C@@H]1OC(=O)CC(C)C)([C@]3([C@@H]([C@H]([C@H]([C@@]34CO4)O2)O)OC(=O)C)C)COC(=O)C,Unspecified
7108,363897025,30559,CC(C#C)N(C1=CC=CC=C1)C(=O)CCl,Inactive
7109,363897026,6437832,C/C=C\C(=O)O[C@@H]1C[C@@H]2[C@]3(C1([C@@]4([C@H](O2)C=C([C@H]5[C@@H]4O5)C)C)C)CO3,Unspecified
7110,363897027,146691,CC1=C2C(=CC=C1)C=CC3=C(C4=CC=CC=C4C=C32)C,Unspecified
7111,363897028,30623,CC(CN1CC(=O)NC(=O)C1)N2CC(=O)NC(=O)C2,Inactive
7112,363897029,,,Active
7113,363897029,,,Active
7114,363897030,30652,C1=C(C=C(C(=C1C2=C(C(=CC(=C2)Br)Br)OP(=O)(O)O)O)Br)Br,Unspecified
7115,363897031,88945,CN(C(=O)NC1=CC=CC=C1)N=O,Active
7116,363897032,,,Active
7117,363897032,,,Active
7118,363897032,,,Inactive
7119,363897032,,,Active
7120,363897032,,,Active
7121,363897032,,,Active
7122,363897033,30700,CCOC(=O)C1=CC=C(C=C1)N=NN(C)C,Active
7123,363897033,30700,CCOC(=O)C1=CC=C(C=C1)N=NN(C)C,Active
7124,363897034,30709,COP(=S)(C1=CC=CC=C1)OC2=CC(=C(C=C2Cl)Br)Cl,Active
7125,363897035,9570365,CC1CN(C(=O)N1)/N=C/C2=CC=C(O2)[N+](=O)[O-],Active
7126,363897036,5487918,CC1=NC=CC2=C1NC3=CC=CC=C23.Cl,Active
7127,363897036,5487918,CC1=NC=CC2=C1NC3=CC=CC=C23.Cl,Active
7128,363897036,5487918,CC1=NC=CC2=C1NC3=CC=CC=C23.Cl,Unspecified
7129,363897037,30773,CCNC1=NC(=NC(=N1)Cl)NC(C)(C)C#N,Active
7130,363897037,30773,CCNC1=NC(=NC(=N1)Cl)NC(C)(C)C#N,Active
7131,363897037,30773,CCNC1=NC(=NC(=N1)Cl)NC(C)(C)C#N,Active
7132,363897037,30773,CCNC1=NC(=NC(=N1)Cl)NC(C)(C)C#N,Unspecified
7133,363897037,30773,CCNC1=NC(=NC(=N1)Cl)NC(C)(C)C#N,Inactive
7134,363897037,30773,CCNC1=NC(=NC(=N1)Cl)NC(C)(C)C#N,Unspecified
7135,363897037,30773,CCNC1=NC(=NC(=N1)Cl)NC(C)(C)C#N,Unspecified
7136,363897037,30773,CCNC1=NC(=NC(=N1)Cl)NC(C)(C)C#N,Inactive
7137,363897038,4612,CC(C)NCC1CCC2=CC(=C(C=C2N1)[N+](=O)[O-])CO,Active
7138,363897038,4612,CC(C)NCC1CCC2=CC(=C(C=C2N1)[N+](=O)[O-])CO,Inactive
7139,363897038,4612,CC(C)NCC1CCC2=CC(=C(C=C2N1)[N+](=O)[O-])CO,Active
7140,363897038,4612,CC(C)NCC1CCC2=CC(=C(C=C2N1)[N+](=O)[O-])CO,Active
7141,363897039,23665583,COC1=CC=C(C=C1)C(=O)/C(=C\C(=O)[O-])/Br.[Na+],Active
7142,363897039,23665583,COC1=CC=C(C=C1)C(=O)/C(=C\C(=O)[O-])/Br.[Na+],Active
7143,363897040,11969548,CCCCCC[C@H]([C@H]1[C@H](C2=C(C[C@H](CC3=C1C(=O)OC3=O)[C@@H]([C@@H]4CC=CC(=O)O4)O)C(=O)OC2=O)O)O,Active
7144,363897040,11969548,CCCCCC[C@H]([C@H]1[C@H](C2=C(C[C@H](CC3=C1C(=O)OC3=O)[C@@H]([C@@H]4CC=CC(=O)O4)O)C(=O)OC2=O)O)O,Inactive
7145,363897040,11969548,CCCCCC[C@H]([C@H]1[C@H](C2=C(C[C@H](CC3=C1C(=O)OC3=O)[C@@H]([C@@H]4CC=CC(=O)O4)O)C(=O)OC2=O)O)O,Inactive
7146,363897040,11969548,CCCCCC[C@H]([C@H]1[C@H](C2=C(C[C@H](CC3=C1C(=O)OC3=O)[C@@H]([C@@H]4CC=CC(=O)O4)O)C(=O)OC2=O)O)O,Unspecified
7147,363897041,3398116,CN1C(=O)C2(C(N(C1=O)C)(N(C(=O)N2C)C)OC)OC,Inactive
7148,363897042,30840,CC1=CC(=C2C(=C1O)C(=O)C34C5C6C(C3C(=O)C7=C(C8=C(C=C(C(=C8C(=O)C67C(C5O)C(=O)C4=C2O)O)C)O)O)O)O,Active
7149,363897042,30840,CC1=CC(=C2C(=C1O)C(=O)C34C5C6C(C3C(=O)C7=C(C8=C(C=C(C(=C8C(=O)C67C(C5O)C(=O)C4=C2O)O)C)O)O)O)O,Active
7150,363897042,30840,CC1=CC(=C2C(=C1O)C(=O)C34C5C6C(C3C(=O)C7=C(C8=C(C=C(C(=C8C(=O)C67C(C5O)C(=O)C4=C2O)O)C)O)O)O)O,Active
7151,363897043,30932,CC1=CC2=C(C=C1)C(=C(N2)C)C,Active
7152,363897043,30932,CC1=CC2=C(C=C1)C(=C(N2)C)C,Active
7153,363897044,65702,C1CN(P(=O)(OC1)N(CCCl)CCCl)CCCl,Active
7154,363897044,65702,C1CN(P(=O)(OC1)N(CCCl)CCCl)CCCl,Active
7155,363897044,65702,C1CN(P(=O)(OC1)N(CCCl)CCCl)CCCl,Unspecified
7156,363897044,65702,C1CN(P(=O)(OC1)N(CCCl)CCCl)CCCl,Active
7157,363897044,65702,C1CN(P(=O)(OC1)N(CCCl)CCCl)CCCl,Active
7158,363897044,65702,C1CN(P(=O)(OC1)N(CCCl)CCCl)CCCl,Active
7159,363897044,65702,C1CN(P(=O)(OC1)N(CCCl)CCCl)CCCl,Inactive
7160,363897044,65702,C1CN(P(=O)(OC1)N(CCCl)CCCl)CCCl,Inactive
7161,363897045,441244,C1=CN=C(N=C1)[N-]S(=O)(=O)C2=CC=C(C=C2)N.[Ag+],Inactive
7162,363897046,62755,[SH-].[Cu].[Cu+],Active
7163,363897047,31070,CCOP(=O)(NC(C)C)OC1=CC(=C(C=C1)SC)C,Inactive
7164,363897048,23667353,C1=CC=C2C(=C1)C(=O)C3=C(C2=O)C(=C(C=C3O)S(=O)(=O)[O-])O.[Na+],Active
7165,363897049,198005,O.O.O.O.O.[O-][Te](=O)(=O)[O-].[Na+].[Na+],Active
7166,363897050,2314,CC1(OC2=C(O1)C(=CC=C2)OC(=O)NC)C,Inactive
7167,363897051,31515,C(COP(=O)(N)N(CCCl)CCCl)C(=O)O,Active
7168,363897051,31515,C(COP(=O)(N)N(CCCl)CCCl)C(=O)O,Active
7169,363897052,31593,C1=CC=C(C=C1)CNC(=O)CN2C=CN=C2[N+](=O)[O-],Active
7170,363897053,31635,C1=CC=C(C=C1)CCNC2=CC=CC=C2C(=O)O,Unspecified
7171,363897054,31645,CC1=C(N=C(N=C1OC(=O)N(C)C)N(C)C)C,Inactive
7172,363897055,441541,CC[C@H](C)[C@H]1C(=O)NCC(=O)N[C@H]2CS(=O)C3=C(C[C@@H](C(=O)NCC(=O)N1)NC(=O)[C@@H](NC(=O)[C@@H]4C[C@H](CN4C(=O)[C@@H](NC2=O)CC(=O)N)O)[C@@H](C)[C@H](CO)O)C5=C(N3)C=C(C=C5)O,Unspecified
7173,363897056,146740,CN(C(=O)NC1=CC=C(C=C1)Br)N=O,Active
7174,363897057,6604158,C[C@H]1[C@@H](O1)P(=O)(O)O,Unspecified
7175,363897058,31703,C[C@H]1[C@H]([C@H](C[C@@H](O1)O[C@H]2C[C@@](CC3=C2C(=C4C(=C3O)C(=O)C5=C(C4=O)C(=CC=C5)OC)O)(C(=O)CO)O)N)O,Active
7176,363897058,31703,C[C@H]1[C@H]([C@H](C[C@@H](O1)O[C@H]2C[C@@](CC3=C2C(=C4C(=C3O)C(=O)C5=C(C4=O)C(=CC=C5)OC)O)(C(=O)CO)O)N)O,Active
7177,363897058,31703,C[C@H]1[C@H]([C@H](C[C@@H](O1)O[C@H]2C[C@@](CC3=C2C(=C4C(=C3O)C(=O)C5=C(C4=O)C(=CC=C5)OC)O)(C(=O)CO)O)N)O,Active
7178,363897058,31703,C[C@H]1[C@H]([C@H](C[C@@H](O1)O[C@H]2C[C@@](CC3=C2C(=C4C(=C3O)C(=O)C5=C(C4=O)C(=CC=C5)OC)O)(C(=O)CO)O)N)O,Active
7179,363897058,31703,C[C@H]1[C@H]([C@H](C[C@@H](O1)O[C@H]2C[C@@](CC3=C2C(=C4C(=C3O)C(=O)C5=C(C4=O)C(=CC=C5)OC)O)(C(=O)CO)O)N)O,Active
7180,363897058,31703,C[C@H]1[C@H]([C@H](C[C@@H](O1)O[C@H]2C[C@@](CC3=C2C(=C4C(=C3O)C(=O)C5=C(C4=O)C(=CC=C5)OC)O)(C(=O)CO)O)N)O,Active
7181,363897058,31703,C[C@H]1[C@H]([C@H](C[C@@H](O1)O[C@H]2C[C@@](CC3=C2C(=C4C(=C3O)C(=O)C5=C(C4=O)C(=CC=C5)OC)O)(C(=O)CO)O)N)O,Active
7182,363897058,31703,C[C@H]1[C@H]([C@H](C[C@@H](O1)O[C@H]2C[C@@](CC3=C2C(=C4C(=C3O)C(=O)C5=C(C4=O)C(=CC=C5)OC)O)(C(=O)CO)O)N)O,Active
7183,363897058,31703,C[C@H]1[C@H]([C@H](C[C@@H](O1)O[C@H]2C[C@@](CC3=C2C(=C4C(=C3O)C(=O)C5=C(C4=O)C(=CC=C5)OC)O)(C(=O)CO)O)N)O,Active
7184,363897058,31703,C[C@H]1[C@H]([C@H](C[C@@H](O1)O[C@H]2C[C@@](CC3=C2C(=C4C(=C3O)C(=O)C5=C(C4=O)C(=CC=C5)OC)O)(C(=O)CO)O)N)O,Active
7185,363897058,31703,C[C@H]1[C@H]([C@H](C[C@@H](O1)O[C@H]2C[C@@](CC3=C2C(=C4C(=C3O)C(=O)C5=C(C4=O)C(=CC=C5)OC)O)(C(=O)CO)O)N)O,Active
7186,363897058,31703,C[C@H]1[C@H]([C@H](C[C@@H](O1)O[C@H]2C[C@@](CC3=C2C(=C4C(=C3O)C(=O)C5=C(C4=O)C(=CC=C5)OC)O)(C(=O)CO)O)N)O,Active
7187,363897058,31703,C[C@H]1[C@H]([C@H](C[C@@H](O1)O[C@H]2C[C@@](CC3=C2C(=C4C(=C3O)C(=O)C5=C(C4=O)C(=CC=C5)OC)O)(C(=O)CO)O)N)O,Active
7188,363897058,31703,C[C@H]1[C@H]([C@H](C[C@@H](O1)O[C@H]2C[C@@](CC3=C2C(=C4C(=C3O)C(=O)C5=C(C4=O)C(=CC=C5)OC)O)(C(=O)CO)O)N)O,Active
7189,363897059,31744,C1=CC(=C2C=CC=C(C2=C1)[N+](=O)[O-])C#N,Active
7190,363897059,31744,C1=CC(=C2C=CC=C(C2=C1)[N+](=O)[O-])C#N,Unspecified
7191,363897059,31744,C1=CC(=C2C=CC=C(C2=C1)[N+](=O)[O-])C#N,Active
7192,363897059,31744,C1=CC(=C2C=CC=C(C2=C1)[N+](=O)[O-])C#N,Inactive
7193,363897059,31744,C1=CC(=C2C=CC=C(C2=C1)[N+](=O)[O-])C#N,Active
7194,363897060,304599,CC1=C[C@@H]2[C@]([C@@H](C1=O)O)([C@]3([C@@H]([C@H]([C@H]([C@@]34CO4)O2)O)OC(=O)C)C)CO,Inactive
7195,363897060,304599,CC1=C[C@@H]2[C@]([C@@H](C1=O)O)([C@]3([C@@H]([C@H]([C@H]([C@@]34CO4)O2)O)OC(=O)C)C)CO,Unspecified
7196,363897061,31764,CC[NH+](CC)CCNC1=C2C(=C(C=C1)CO)SC3=CC=CC=C3C2=O.CS(=O)(=O)[O-],Active
7197,363897061,31764,CC[NH+](CC)CCNC1=C2C(=C(C=C1)CO)SC3=CC=CC=C3C2=O.CS(=O)(=O)[O-],Active
7198,363897061,31764,CC[NH+](CC)CCNC1=C2C(=C(C=C1)CO)SC3=CC=CC=C3C2=O.CS(=O)(=O)[O-],Active
7199,363897061,31764,CC[NH+](CC)CCNC1=C2C(=C(C=C1)CO)SC3=CC=CC=C3C2=O.CS(=O)(=O)[O-],Active
7200,363897061,31764,CC[NH+](CC)CCNC1=C2C(=C(C=C1)CO)SC3=CC=CC=C3C2=O.CS(=O)(=O)[O-],Unspecified
7201,363897061,31764,CC[NH+](CC)CCNC1=C2C(=C(C=C1)CO)SC3=CC=CC=C3C2=O.CS(=O)(=O)[O-],Inactive
7202,363897061,31764,CC[NH+](CC)CCNC1=C2C(=C(C=C1)CO)SC3=CC=CC=C3C2=O.CS(=O)(=O)[O-],Inactive
7203,363897061,31764,CC[NH+](CC)CCNC1=C2C(=C(C=C1)CO)SC3=CC=CC=C3C2=O.CS(=O)(=O)[O-],Active
7204,363897061,31764,CC[NH+](CC)CCNC1=C2C(=C(C=C1)CO)SC3=CC=CC=C3C2=O.CS(=O)(=O)[O-],Active
7205,363897061,31764,CC[NH+](CC)CCNC1=C2C(=C(C=C1)CO)SC3=CC=CC=C3C2=O.CS(=O)(=O)[O-],Active
7206,363897061,31764,CC[NH+](CC)CCNC1=C2C(=C(C=C1)CO)SC3=CC=CC=C3C2=O.CS(=O)(=O)[O-],Inactive
7207,363897061,31764,CC[NH+](CC)CCNC1=C2C(=C(C=C1)CO)SC3=CC=CC=C3C2=O.CS(=O)(=O)[O-],Active
7208,363897062,6842999,CC1CS(=O)(=O)CCN1/N=C/C2=CC=C(O2)[N+](=O)[O-],Active
7209,363897063,99649,CC1=CC2=C(C(=C1)O)C(=O)C3=C(C2=O)C=C(C=C3O[C@H]4[C@@H]([C@H]([C@@H]([C@H](O4)CO)O)O)O)O,Active
7210,363897064,159949,COC1=CC(=CC(=C1O)OC)[C@H]2[C@@H]3[C@H](COC3=O)[C@@H](C4=CC5=C(C=C24)OCO5)O[C@H]6[C@@H]([C@H]([C@@H]([C@H](O6)CO)O)O)O,Active
7211,363897065,31953,CN1CCN(CC1)C2=CC3=C(C=C2)N=C(N3)C4=CC5=C(C=C4)N=C(N5)C6=CC=C(C=C6)O.Cl.Cl.Cl,Unspecified
7212,363897065,31953,CN1CCN(CC1)C2=CC3=C(C=C2)N=C(N3)C4=CC5=C(C=C4)N=C(N5)C6=CC=C(C=C6)O.Cl.Cl.Cl,Active
7213,363897065,31953,CN1CCN(CC1)C2=CC3=C(C=C2)N=C(N3)C4=CC5=C(C=C4)N=C(N5)C6=CC=C(C=C6)O.Cl.Cl.Cl,Inactive
7214,363897066,20056441,C1=NC(=C2C(=N1)N(C=N2)[C@H]3[C@@H]([C@@H]([C@H](O3)CO[C@@H]4[C@H](O[C@@H]([C@@H]([C@H]4O)O)O[C@H]([C@@H]([C@@H]([C@@H](C(=O)O)O)OP(=O)(O)O)O)C(=O)O)CO)O)O)N,Active
7215,363897067,62769,CC1=CC2=C(C(=C1)O)C(=C3C(=O)C4C(C5C3(C2=O)C6C(C5C47C(=C(C8=C(C7=O)C=C(C=C8O)C)O)C6=O)O)O)O,Active
7216,363897068,62770,C[C@H]1[C@H]([C@H](C[C@@H](O1)O[C@H]2C[C@@](CC3=C2C(=C4C(=C3O)C(=O)C5=C(C4=O)C(=CC=C5)OC)O)(C(=O)C)O)N)O.Cl,Active
7217,363897069,3032791,COC(=O)NC(=S)NC1=CC=CC=C1NC(=S)NC(=O)OC,Active
7218,363897069,3032791,COC(=O)NC(=S)NC1=CC=CC=C1NC(=S)NC(=O)OC,Inactive
7219,363897070,3032792,CCOC(=O)NC(=S)NC1=CC=CC=C1NC(=S)NC(=O)OCC,Unspecified
7220,363897070,3032792,CCOC(=O)NC(=S)NC1=CC=CC=C1NC(=S)NC(=O)OCC,Active
7221,363897071,,,Active
7222,363897072,32191,C1=CC=C2C3=C4C(=CC2=C1)C(=CC5=CC=CC(=C54)C=C3)O,Inactive
7223,363897072,32191,C1=CC=C2C3=C4C(=CC2=C1)C(=CC5=CC=CC(=C54)C=C3)O,Unspecified
7224,363897072,32191,C1=CC=C2C3=C4C(=CC2=C1)C(=CC5=CC=CC(=C54)C=C3)O,Unspecified
7225,363897073,23619935,CC(=O)NC1=NC(=NOC1)C2=CC=C(O2)[N+](=O)[O-],Active
7226,363897073,23619935,CC(=O)NC1=NC(=NOC1)C2=CC=C(O2)[N+](=O)[O-],Active
7227,363897073,23619935,CC(=O)NC1=NC(=NOC1)C2=CC=C(O2)[N+](=O)[O-],Active
7228,363897074,32248,CCN(CC)CCN1C2=C3C(=C(C=C2)CO)SC4=CC=CC=C4C3=N1,Active
7229,363897074,32248,CCN(CC)CCN1C2=C3C(=C(C=C2)CO)SC4=CC=CC=C4C3=N1,Unspecified
7230,363897074,32248,CCN(CC)CCN1C2=C3C(=C(C=C2)CO)SC4=CC=CC=C4C3=N1,Active
7231,363897075,32249,CCN(CC)CCN1C2=C3C(=C(C=C2)CO)SC4=C(C3=N1)C=CC(=C4)Cl,Active
7232,363897076,446541,CC1=C2COC(=O)C2=C(C(=C1OC)C/C=C(\C)/CCC(=O)O)O,Active
7233,363897076,446541,CC1=C2COC(=O)C2=C(C(=C1OC)C/C=C(\C)/CCC(=O)O)O,Inactive
7234,363897076,446541,CC1=C2COC(=O)C2=C(C(=C1OC)C/C=C(\C)/CCC(=O)O)O,Unspecified
7235,363897077,81485,C1=NC(=C(N1)C(=O)N)[N+]#N,Active
7236,363897078,32319,C[C@@H](C(C(C)C)(C(=O)OCC1=CC[N@+]2(C1CCC2)[O-])O)O,Unspecified
7237,363897079,34259,C1=CC=C(C=C1)CN(CCBr)CCBr,Active
7238,363897080,32486,C1=C(OC(=C1)[N+](=O)[O-])C2=CSC(=N2)NC=O,Active
7239,363897080,32486,C1=C(OC(=C1)[N+](=O)[O-])C2=CSC(=N2)NC=O,Active
7240,363897080,32486,C1=C(OC(=C1)[N+](=O)[O-])C2=CSC(=N2)NC=O,Active
7241,363897080,32486,C1=C(OC(=C1)[N+](=O)[O-])C2=CSC(=N2)NC=O,Active
7242,363897080,32486,C1=C(OC(=C1)[N+](=O)[O-])C2=CSC(=N2)NC=O,Active
7243,363897080,32486,C1=C(OC(=C1)[N+](=O)[O-])C2=CSC(=N2)NC=O,Active
7244,363897080,32486,C1=C(OC(=C1)[N+](=O)[O-])C2=CSC(=N2)NC=O,Active
7245,363897080,32486,C1=C(OC(=C1)[N+](=O)[O-])C2=CSC(=N2)NC=O,Unspecified
7246,363897080,32486,C1=C(OC(=C1)[N+](=O)[O-])C2=CSC(=N2)NC=O,Active
7247,363897080,32486,C1=C(OC(=C1)[N+](=O)[O-])C2=CSC(=N2)NC=O,Active
7248,363897080,32486,C1=C(OC(=C1)[N+](=O)[O-])C2=CSC(=N2)NC=O,Active
7249,363897080,32486,C1=C(OC(=C1)[N+](=O)[O-])C2=CSC(=N2)NC=O,Active
7250,363897080,32486,C1=C(OC(=C1)[N+](=O)[O-])C2=CSC(=N2)NC=O,Active
7251,363897080,32486,C1=C(OC(=C1)[N+](=O)[O-])C2=CSC(=N2)NC=O,Active
7252,363897080,32486,C1=C(OC(=C1)[N+](=O)[O-])C2=CSC(=N2)NC=O,Active
7253,363897080,32486,C1=C(OC(=C1)[N+](=O)[O-])C2=CSC(=N2)NC=O,Active
7254,363897081,135730,CC(CO)OS(=O)(=O)C,Active
7255,363897082,97920,CC(COC)OS(=O)(=O)C,Active
7256,363897083,90566,CN1CCN(CC1)CC(=O)NN,Inactive
7257,363897083,90566,CN1CCN(CC1)CC(=O)NN,Inactive
7258,363897084,9554232,CN1CCN(CC1)CC(=O)N/N=C/C2=CC=C(O2)[N+](=O)[O-],Inactive
7259,363897084,9554232,CN1CCN(CC1)CC(=O)N/N=C/C2=CC=C(O2)[N+](=O)[O-],Active
7260,363897084,9554232,CN1CCN(CC1)CC(=O)N/N=C/C2=CC=C(O2)[N+](=O)[O-],Inactive
7261,363897084,9554232,CN1CCN(CC1)CC(=O)N/N=C/C2=CC=C(O2)[N+](=O)[O-],Active
7262,363897085,146947,CC1=CC2=C(C(=O)CC2)C3=C1C4=CC=CC=C4C=C3,Active
7263,363897086,146948,CC1=CC2=C(CCC2=O)C3=C1C4=CC=CC=C4C(=C3)OC,Active
7264,363897087,146949,CC1=CC2=C(CC(C2=O)O)C3=C1C4=CC=CC=C4C=C3,Active
7265,363897088,135732,CCCCOC(=O)C=[N+]=[N-],Active
7266,363897089,90642,CC1=CC2=C(C3=CC=CC=C3C(=C2C4=CC=CC=C14)C)C,Inactive
7267,363897090,32736,C1=CC2=C3C(=C1)C=CC4=C3C(=CC5=C4C(C(C=C5)O)O)C=C2,Active
7268,363897091,90666,C1=CC=C2C(=C1)C=CC3=C(C4=CC=CC=C4C=C32)CBr,Active
7269,363897091,90666,C1=CC=C2C(=C1)C=CC3=C(C4=CC=CC=C4C=C32)CBr,Inactive
7270,363897091,90666,C1=CC=C2C(=C1)C=CC3=C(C4=CC=CC=C4C=C32)CBr,Active
7271,363897091,90666,C1=CC=C2C(=C1)C=CC3=C(C4=CC=CC=C4C=C32)CBr,Active
7272,363897091,90666,C1=CC=C2C(=C1)C=CC3=C(C4=CC=CC=C4C=C32)CBr,Active
7273,363897091,90666,C1=CC=C2C(=C1)C=CC3=C(C4=CC=CC=C4C=C32)CBr,Active
7274,363897091,90666,C1=CC=C2C(=C1)C=CC3=C(C4=CC=CC=C4C=C32)CBr,Active
7275,363897091,90666,C1=CC=C2C(=C1)C=CC3=C(C4=CC=CC=C4C=C32)CBr,Active
7276,363897092,6438145,C1=CC(=NN=C1/C=C/C2=CC=C(O2)[N+](=O)[O-])N.Cl,Active
7277,363897092,6438145,C1=CC(=NN=C1/C=C/C2=CC=C(O2)[N+](=O)[O-])N.Cl,Active
7278,363897092,6438145,C1=CC(=NN=C1/C=C/C2=CC=C(O2)[N+](=O)[O-])N.Cl,Active
7279,363897092,6438145,C1=CC(=NN=C1/C=C/C2=CC=C(O2)[N+](=O)[O-])N.Cl,Active
7280,363897093,32765,COP(=O)(C1=CC=CC=C1)OC2=CC(=C(C=C2Cl)Br)Cl,Active
7281,363897094,,,Active
7282,363897094,,,Active
7283,363897094,,,Active
7284,363897095,,,Unspecified
7285,363897095,,,Inactive
7286,363897095,,,Unspecified
7287,363897095,,,Active
7288,363897095,,,Inactive
7289,363897096,32776,CC(C)[C@](C(C)OC)(C(=O)O)O,Unspecified
7290,363897097,2328,CC(C)N1C(=O)C2=CC=CC=C2NS1(=O)=O,Inactive
7291,363897098,62790,CC(C)(C1=CC=C(C=C1)O)C2=CC=C(C=C2)O.C1C(O1)CCl,Active
7292,363897099,32872,CCOP(=S)(NC(C)C)OC1=CC=CC=C1C(=O)OC(C)C,Inactive
7293,363897100,443939,C[C@H]1[C@H]([C@H](C[C@@H](O1)O[C@H]2C[C@@](CC3=C2C(=C4C(=C3O)C(=O)C5=C(C4=O)C(=CC=C5)OC)O)(C(=O)CO)O)N)O.Cl,Active
7294,363897101,,,Active
7295,363897102,,,Unspecified
7296,363897103,91575,CN(C(=O)NC1=CC=C(C=C1)Cl)N=O,Active
7297,363897104,,,Inactive
7298,363897105,32965,CCCCN(CCC)N=O,Active
7299,363897106,32966,C(CCO)CN(CCCCO)N=O,Unspecified
7300,363897107,6436023,C[C@@H]1[C@]([C@H]([C@](O1)(C)/C=C(\C)/C=C/C=C/C=C/C2=C(C(=CC(=O)O2)OC)C)O)(C)O,Inactive
7301,363897108,104981,CC[N+](C)(CC)CCC[N+]1=C2C=C(C=CC2=C3C=CC(=CC3=C1C4=CC=CC=C4)N)N.[I-].[I-],Active
7302,363897109,33042,C1[C@H]([C@@H]([C@H]([C@@H]([C@H]1N)O[C@@H]2[C@@H]([C@H]([C@@H]([C@H](O2)CN)O)O)N)O[C@H]3[C@@H]([C@@H]([C@H](O3)CO)O)O)O)N,Inactive
7303,363897110,31101,CC(C)C[C@H]1C(=O)N2CCC[C@H]2[C@]3(N1C(=O)[C@](O3)(C(C)C)NC(=O)[C@H]4CN([C@@H]5CC6=C(NC7=CC=CC(=C67)C5=C4)Br)C)O,Unspecified
7304,363897110,31101,CC(C)C[C@H]1C(=O)N2CCC[C@H]2[C@]3(N1C(=O)[C@](O3)(C(C)C)NC(=O)[C@H]4CN([C@@H]5CC6=C(NC7=CC=CC(=C67)C5=C4)Br)C)O,Unspecified
7305,363897110,31101,CC(C)C[C@H]1C(=O)N2CCC[C@H]2[C@]3(N1C(=O)[C@](O3)(C(C)C)NC(=O)[C@H]4CN([C@@H]5CC6=C(NC7=CC=CC(=C67)C5=C4)Br)C)O,Inactive
7306,363897111,135737,CC1=C(C=C(C=C1)NC(=O)NP(=O)(N2CC2)N3CC3)[N+](=O)[O-],Unspecified
7307,363897112,135738,C1CN1P(=O)(NC(=O)NC2=CC=C(C=C2)I)N3CC3,Unspecified
7308,363897113,,,Active
7309,363897113,,,Active
7310,363897113,,,Unspecified
7311,363897114,33184,CN=[N+](C)[O-],Inactive
7312,363897114,33184,CN=[N+](C)[O-],Active
7313,363897114,33184,CN=[N+](C)[O-],Active
7314,363897114,33184,CN=[N+](C)[O-],Active
7315,363897114,33184,CN=[N+](C)[O-],Active
7316,363897115,33258,CC1=CC(=C(C=C1S(=O)(=O)[O-])OC)N=NC2=C(C=CC3=C2C=CC(=C3)S(=O)(=O)[O-])O.[Na+].[Na+],Inactive
7317,363897115,33258,CC1=CC(=C(C=C1S(=O)(=O)[O-])OC)N=NC2=C(C=CC3=C2C=CC(=C3)S(=O)(=O)[O-])O.[Na+].[Na+],Inactive
7318,363897116,9570442,CN(C)/C=N/C1=NN=C(O1)/C=C/C2=CC=C(O2)[N+](=O)[O-],Active
7319,363897117,4767,CC(=CC1C(C1(C)C)C(=O)OCC2=CC(=CC=C2)OC3=CC=CC=C3)C,Inactive
7320,363897117,4767,CC(=CC1C(C1(C)C)C(=O)OCC2=CC(=CC=C2)OC3=CC=CC=C3)C,Inactive
7321,363897118,92248,CN(C)NC1=NC(=CS1)C2=CC=C(O2)[N+](=O)[O-],Inactive
7322,363897118,92248,CN(C)NC1=NC(=CS1)C2=CC=C(O2)[N+](=O)[O-],Active
7323,363897118,92248,CN(C)NC1=NC(=CS1)C2=CC=C(O2)[N+](=O)[O-],Active
7324,363897119,119719,COCCN(CCCl)CCCl,Active
7325,363897120,147005,CC1=CC=C(S1)CN(CCBr)CCBr,Active
7326,363897121,62805,C1=CC=C2C(=C1)C3=C(N2)N=C(C=C3)N,Active
7327,363897122,117746,CN1C(=O)C=CS1.Cl,Inactive
7328,363897123,33344,CN1C(=O)C=C(S1)Cl,Inactive
7329,363897124,33488,C1=CC(=CC=C1NC2=CC=C(C=C2)[N+](=O)[O-])N=C=S,Active
7330,363897125,6436602,CC(=O)N(C1=CC=C(C=C1)/C=C/C2=CC=CC=C2)OC(=O)C,Active
7331,363897125,6436602,CC(=O)N(C1=CC=C(C=C1)/C=C/C2=CC=CC=C2)OC(=O)C,Active
7332,363897125,6436602,CC(=O)N(C1=CC=C(C=C1)/C=C/C2=CC=CC=C2)OC(=O)C,Active
7333,363897126,91584,CC(=O)N(C1=CC=C(C=C1)C2=CC=CC=C2)OC(=O)C,Active
7334,363897126,91584,CC(=O)N(C1=CC=C(C=C1)C2=CC=CC=C2)OC(=O)C,Active
7335,363897127,147018,CC1CCC2=C1C=CC3=C2C=CC4=C3C=CC(=C4)OC,Unspecified
7336,363897128,76970322,CC(=O)N(C1=CC=C(C=C1)/C=C\C2=CC=CC=C2)OC(=O)C,Active
7337,363897128,76970322,CC(=O)N(C1=CC=C(C=C1)/C=C\C2=CC=CC=C2)OC(=O)C,Active
7338,363897129,33557,[N-]=[N+]=[N-].[Na+],Active
7339,363897129,33557,[N-]=[N+]=[N-].[Na+],Active
7340,363897129,33557,[N-]=[N+]=[N-].[Na+],Inactive
7341,363897129,33557,[N-]=[N+]=[N-].[Na+],Active
7342,363897129,33557,[N-]=[N+]=[N-].[Na+],Unspecified
7343,363897129,33557,[N-]=[N+]=[N-].[Na+],Active
7344,363897129,33557,[N-]=[N+]=[N-].[Na+],Active
7345,363897129,33557,[N-]=[N+]=[N-].[Na+],Active
7346,363897129,33557,[N-]=[N+]=[N-].[Na+],Active
7347,363897129,33557,[N-]=[N+]=[N-].[Na+],Active
7348,363897129,33557,[N-]=[N+]=[N-].[Na+],Inactive
7349,363897129,33557,[N-]=[N+]=[N-].[Na+],Active
7350,363897129,33557,[N-]=[N+]=[N-].[Na+],Inactive
7351,363897129,33557,[N-]=[N+]=[N-].[Na+],Inactive
7352,363897129,33557,[N-]=[N+]=[N-].[Na+],Unspecified
7353,363897129,33557,[N-]=[N+]=[N-].[Na+],Active
7354,363897129,33557,[N-]=[N+]=[N-].[Na+],Active
7355,363897129,33557,[N-]=[N+]=[N-].[Na+],Active
7356,363897129,33557,[N-]=[N+]=[N-].[Na+],Unspecified
7357,363897129,33557,[N-]=[N+]=[N-].[Na+],Active
7358,363897130,3763,C(C(F)(F)F)(OC(F)F)Cl,Unspecified
7359,363897130,3763,C(C(F)(F)F)(OC(F)F)Cl,Inactive
7360,363897130,3763,C(C(F)(F)F)(OC(F)F)Cl,Unspecified
7361,363897131,147027,CC1CN1P(=O)(CC2=CC=CC=C2)N3CC3C,Active
7362,363897132,97676,C1=NN=C(S1)NCNC2=NN=CS2,Active
7363,363897133,10424358,CC1=C(C(=O)C2=C(C1=O)N3C[C@H]4[C@@H]([C@@]3([C@@H]2CO)OC)N4)N,Active
7364,363897133,10424358,CC1=C(C(=O)C2=C(C1=O)N3C[C@H]4[C@@H]([C@@]3([C@@H]2CO)OC)N4)N,Active
7365,363897133,10424358,CC1=C(C(=O)C2=C(C1=O)N3C[C@H]4[C@@H]([C@@]3([C@@H]2CO)OC)N4)N,Active
7366,363897134,33676,C1COP(=O)(NC1=O)N(CCCl)CCCl,Active
7367,363897134,33676,C1COP(=O)(NC1=O)N(CCCl)CCCl,Active
7368,363897135,3032830,COC(=O)NC(=S)NC1=CC=CC=C1N,Inactive
7369,363897135,3032830,COC(=O)NC(=S)NC1=CC=CC=C1N,Active
7370,363897136,33701,CC1C(COC1O)C(=O)C,Active
7371,363897137,33743,C1=CC2=C3C(=C1)C=C4C=CC5=C4C3=C(C=C2)C=C5,Active
7372,363897137,33743,C1=CC2=C3C(=C1)C=C4C=CC5=C4C3=C(C=C2)C=C5,Active
7373,363897138,3198,C1=CC(=CC=C1COC(CN2C=CN=C2)C3=C(C=C(C=C3)Cl)Cl)Cl,Active
7374,363897139,33785,CC1=CC2=C(CCCC2=O)C3=C1C4=CC=CC=C4C=C3,Active
7375,363897140,147160,CC1=CC2=C(C=CC3=C2CCC3=O)C4=CC=CC=C14,Unspecified
7376,363897141,147161,CC1=C2C=CC3=C(C2=CC=C1)C=CC4=C3CCC4=O,Unspecified
7377,363897142,147162,CC1=CC2=C(C=C1)C=CC3=C2C=CC4=C3CCC4=O,Unspecified
7378,363897143,147163,CC1CC2=C(CCC2=O)C3=C1C4=CC=CC=C4C=C3,Unspecified
7379,363897144,6434006,C1=CC=C(C(=C1)/C=C\C2=CC=C(C=C2)C3=CC=C(C=C3)/C=C\C4=CC=CC=C4S(=O)(=O)[O-])S(=O)(=O)[O-].[Na+].[Na+],Inactive
7380,363897144,6434006,C1=CC=C(C(=C1)/C=C\C2=CC=C(C=C2)C3=CC=C(C=C3)/C=C\C4=CC=CC=C4S(=O)(=O)[O-])S(=O)(=O)[O-].[Na+].[Na+],Unspecified
7381,363897144,6434006,C1=CC=C(C(=C1)/C=C\C2=CC=C(C=C2)C3=CC=C(C=C3)/C=C\C4=CC=CC=C4S(=O)(=O)[O-])S(=O)(=O)[O-].[Na+].[Na+],Unspecified
7382,363897145,33790,CC(C)NC1=CC=CC2=C1C(=O)C3=CC=CC=C3C2=O,Active
7383,363897146,147166,CC1=CC2=C(C=C1)C3=C(C=C2)C4=C(C=C3)C(=O)CC4,Unspecified
7384,363897147,147171,CC1=CC(=C(C=C1N)N)N,Unspecified
7385,363897148,5475,CCN(CC)CCOC1=CC2=C(C=C1)C3=C(C2=O)C=C(C=C3)OCCN(CC)CC,Unspecified
7386,363897148,5475,CCN(CC)CCOC1=CC2=C(C=C1)C3=C(C2=O)C=C(C=C3)OCCN(CC)CC,Inactive
7387,363897148,5475,CCN(CC)CCOC1=CC2=C(C=C1)C3=C(C2=O)C=C(C=C3)OCCN(CC)CC,Inactive
7388,363897148,5475,CCN(CC)CCOC1=CC2=C(C=C1)C3=C(C2=O)C=C(C=C3)OCCN(CC)CC,Active
7389,363897149,93116,COC1=CC(=C(C=C1NC(=O)C2=CC=CC=C2)OC)[N+]#N,Unspecified
7390,363897150,88275,C1CCC(CC1)N.OS(=O)(=O)O,Inactive
7391,363897151,34210,CC(=O)NC1=CC=CC2=C1C3=CC=CC=C3C2,Unspecified
7392,363897151,34210,CC(=O)NC1=CC=CC2=C1C3=CC=CC=C3C2,Active
7393,363897151,34210,CC(=O)NC1=CC=CC2=C1C3=CC=CC=C3C2,Inactive
7394,363897151,34210,CC(=O)NC1=CC=CC2=C1C3=CC=CC=C3C2,Active
7395,363897151,34210,CC(=O)NC1=CC=CC2=C1C3=CC=CC=C3C2,Inactive
7396,363897151,34210,CC(=O)NC1=CC=CC2=C1C3=CC=CC=C3C2,Active
7397,363897151,34210,CC(=O)NC1=CC=CC2=C1C3=CC=CC=C3C2,Unspecified
7398,363897151,34210,CC(=O)NC1=CC=CC2=C1C3=CC=CC=C3C2,Unspecified
7399,363897151,34210,CC(=O)NC1=CC=CC2=C1C3=CC=CC=C3C2,Inactive
7400,363897151,34210,CC(=O)NC1=CC=CC2=C1C3=CC=CC=C3C2,Inactive
7401,363897151,34210,CC(=O)NC1=CC=CC2=C1C3=CC=CC=C3C2,Inactive
7402,363897151,34210,CC(=O)NC1=CC=CC2=C1C3=CC=CC=C3C2,Unspecified
7403,363897151,34210,CC(=O)NC1=CC=CC2=C1C3=CC=CC=C3C2,Active
7404,363897152,34239,C1=CC(=C(C=C1OC2=CC(=C(C=C2)N)Cl)Cl)N,Active
7405,363897153,12699,CN(C(=O)N)N=O,Active
7406,363897153,12699,CN(C(=O)N)N=O,Active
7407,363897154,34292,C1=CC=C2C3=C4C(=CC2=C1)C(C(C5=CC=CC(=C54)C=C3)O)O,Active
7408,363897154,34292,C1=CC=C2C3=C4C(=CC2=C1)C(C(C5=CC=CC(=C54)C=C3)O)O,Inactive
7409,363897155,34293,C1=CC=C2C(=C1)C=C3C=CC4=C5C3=C2C(C(C5=CC=C4)O)O,Inactive
7410,363897156,56841620,CC1=CC(=CC(=C1N)S(=O)(=O)O)C(=C2C=CC(=[NH+]C3=CC=C(C=C3)S(=O)(=O)[O-])C=C2)C4=CC=C(C=C4)NC5=CC=C(C=C5)S(=O)(=O)[O-].[Na+].[Na+],Unspecified
7411,363897157,5284340,C1=C(OC(=C1)[N+](=O)[O-])/C=C/C2=NOC(=N2)N,Active
7412,363897157,5284340,C1=C(OC(=C1)[N+](=O)[O-])/C=C/C2=NOC(=N2)N,Active
7413,363897157,5284340,C1=C(OC(=C1)[N+](=O)[O-])/C=C/C2=NOC(=N2)N,Active
7414,363897157,5284340,C1=C(OC(=C1)[N+](=O)[O-])/C=C/C2=NOC(=N2)N,Active
7415,363897157,5284340,C1=C(OC(=C1)[N+](=O)[O-])/C=C/C2=NOC(=N2)N,Active
7416,363897157,5284340,C1=C(OC(=C1)[N+](=O)[O-])/C=C/C2=NOC(=N2)N,Active
7417,363897158,76956083,C1=CC(=[NH+]C2=CC=C(C=C2)S(=O)(=O)[O-])C=CC1=C(C3=CC=C(C=C3)NC4=CC=C(C=C4)S(=O)(=O)O)C5=CC=C(C=C5)NC6=CC=C(C=C6)S(=O)(=O)[O-].[Na+].[Na+],Unspecified
7418,363897159,,,Inactive
7419,363897160,34459,CCN(CC)CC1=C(C=CC(=C1)CC(=O)NN)OC,Unspecified
7420,363897161,34460,CCN(CC)CC1=C(C=CC(=C1)CC(=O)NN)OCC,Unspecified
7421,363897162,34461,CCCOC1=C(C=C(C=C1)CC(=O)NN)CN(CC)CC,Unspecified
7422,363897163,34462,CCN(CC)CC1=C(C=CC(=C1)CC(=O)NN)OC(C)C,Unspecified
7423,363897164,34463,CCCCOC1=C(C=C(C=C1)CC(=O)NN)CN(CC)CC,Unspecified
7424,363897165,2249,CC(C)NCC(COC1=CC=C(C=C1)CC(=O)N)O,Unspecified
7425,363897166,34526,CCN(CC)C1=NC(=CC(=N1)OP(=S)(OC)OC)C,Unspecified
7426,363897167,147308,CN(C)C1=CC=CC=C1N=NC2=CC=CC=C2,Active
7427,363897168,104744,COC1=C2C3=C([C@H](CC3)O)C(=O)OC2=C4[C@@H]5C=CO[C@@H]5OC4=C1,Active
7428,363897168,104744,COC1=C2C3=C([C@H](CC3)O)C(=O)OC2=C4[C@@H]5C=CO[C@@H]5OC4=C1,Active
7429,363897169,452548,COC1=CC(=CC(=C1O)OC)[C@H]2[C@@H]3[C@H](COC3=O)[C@@H](C4=CC5=C(C=C24)OCO5)O[C@H]6[C@@H]([C@H]([C@H]7[C@H](O6)CO[C@H](O7)C8=CC=CS8)O)O,Active
7430,363897169,452548,COC1=CC(=CC(=C1O)OC)[C@H]2[C@@H]3[C@H](COC3=O)[C@@H](C4=CC5=C(C=C24)OCO5)O[C@H]6[C@@H]([C@H]([C@H]7[C@H](O6)CO[C@H](O7)C8=CC=CS8)O)O,Active
7431,363897170,71405,CN1CCN(CC1)CC(=O)N2C3=CC=CC=C3C(=O)NC4=C2N=CC=C4.Cl.Cl,Unspecified
7432,363897171,161653,CS(=O)(=O)OC[C@@H]([C@@H]1CO1)O,Active
7433,363897172,233706,C1[C@@H](O1)[C@@H]2CO2,Active
7434,363897172,233706,C1[C@@H](O1)[C@@H]2CO2,Active
7435,363897172,233706,C1[C@@H](O1)[C@@H]2CO2,Active
7436,363897172,233706,C1[C@@H](O1)[C@@H]2CO2,Active
7437,363897173,94408,CN(C)C1=CC=C(C=C1)N=NC2=CC3=C(C=C2)N=CC=C3,Active
7438,363897173,94408,CN(C)C1=CC=C(C=C1)N=NC2=CC3=C(C=C2)N=CC=C3,Active
7439,363897174,35313,CC1=CC(=C(C(=C1)C)CN(CCCl)CCCl)C,Active
7440,363897175,35314,CC1=CC=CC=C1CN(CCCl)CCCl,Active
7441,363897176,19185,CC1=CC=C(C=C1)CN(CCCl)CCCl,Active
7442,363897177,35326,CC1=CC(=CC=C1)CN(CCCl)CCCl,Active
7443,363897178,35327,CCC1=CC=C(C=C1)CN(CCCl)CCCl,Active
7444,363897179,35328,CC1=CC(=C(C=C1C)CN(CCCl)CCCl)C,Active
7445,363897180,121703,CN(C)CCC(=O)C1=CC2=C(C=C1)OCO2,Inactive
7446,363897181,147354,C1CCN(CC1)CCC(=O)C2=CC3=C(C=C2)OCO3,Active
7447,363897182,147355,C1CCN(C1)CCC(=O)C2=CC3=C(C=C2)OCO3,Inactive
7448,363897183,160188,C=CC(=O)C1=CC2=C(C=C1)OCO2,Unspecified
7449,363897184,233706,C1[C@@H](O1)[C@@H]2CO2,Active
7450,363897184,233706,C1[C@@H](O1)[C@@H]2CO2,Active
7451,363897184,233706,C1[C@@H](O1)[C@@H]2CO2,Active
7452,363897185,712,C=O,Active
7453,363897185,712,C=O,Active
7454,363897186,1982,CC(=O)NP(=O)(OC)SC,Unspecified
7455,363897186,1982,CC(=O)NP(=O)(OC)SC,Unspecified
7456,363897186,1982,CC(=O)NP(=O)(OC)SC,Unspecified
7457,363897186,1982,CC(=O)NP(=O)(OC)SC,Unspecified
7458,363897186,1982,CC(=O)NP(=O)(OC)SC,Inactive
7459,363897186,1982,CC(=O)NP(=O)(OC)SC,Inactive
7460,363897186,1982,CC(=O)NP(=O)(OC)SC,Inactive
7461,363897186,1982,CC(=O)NP(=O)(OC)SC,Active
7462,363897186,1982,CC(=O)NP(=O)(OC)SC,Inactive
7463,363897186,1982,CC(=O)NP(=O)(OC)SC,Inactive
7464,363897187,5288382,C[C@H]1C[C@@H]([C@@H]([C@H](/C=C(/[C@@H]([C@H](/C=C\C=C(\C(=O)NC2=CC(=O)C(=C(C1)C2=O)OC)/C)OC)OC(=O)N)\C)C)O)OC,Inactive
7465,363897188,35389,CC(=O)NC1=CC=C(C=C1)CC(=O)C2=CC=CC=C2,Unspecified
7466,363897189,,,Unspecified
7467,363897190,,,Inactive
7468,363897191,147361,C1=CC=C2C(=C1)C3=C(N2)C(=NC=C3)N,Unspecified
7469,363897191,147361,C1=CC=C2C(=C1)C3=C(N2)C(=NC=C3)N,Active
7470,363897192,9577035,CN1C(=CN=C1/C=N/N2CC(OC2=O)CN3CCOCC3)[N+](=O)[O-].Cl,Unspecified
7471,363897192,9577035,CN1C(=CN=C1/C=N/N2CC(OC2=O)CN3CCOCC3)[N+](=O)[O-].Cl,Inactive
7472,363897193,147364,CC1=CC2=CC=CC=C2C3=C(C=C4C(=C13)CCC4=O)OC,Active
7473,363897194,147365,CC1=CC2=CC=CC=C2C3=C1C4=C(C=C3)C(=O)CC4,Active
7474,363897195,11988260,C1=CC=C2C(=C1)C(=O)C3=C(C2=O)C(=C(C=C3)O[C@H]4[C@@H]([C@H]([C@@H]([C@H](O4)CO)O)O)O)O,Active
7475,363897196,4030,COC(=O)NC1=NC2=C(N1)C=C(C=C2)C(=O)C3=CC=CC=C3,Active
7476,363897196,4030,COC(=O)NC1=NC2=C(N1)C=C(C=C2)C(=O)C3=CC=CC=C3,Active
7477,363897197,35805,CC1([C@H]([C@@H](C2=C(O1)C=C(C=C2)OC)C3=CC=C(C=C3)OCCN4CCCC4)C5=CC=CC=C5)C,Unspecified
7478,363897198,101419,CCN1C=NC2=C1C(=O)N(C(=O)N2CC)CC,Inactive
7479,363897199,91603,CC(C)(C)CN(C)N=O,Unspecified
7480,363897200,35961,C1=COC(=C1)C2=CSC(=N2)NNC=O,Inactive
7481,363897200,35961,C1=COC(=C1)C2=CSC(=N2)NNC=O,Inactive
7482,363897201,197168,CCCCCC[C@H](C1[C@H](C2=C(CC(CC3=C1C(=O)OC3=O)[C@@H](C4CCCC(=O)O4)O)C(=O)OC2=O)O)O,Inactive
7483,363897202,119460,C1C(O1)C2=CC=C(C=C2)Br,Active
7484,363897203,97903,COC1=CC=CC(=C1)C2CO2,Inactive
7485,363897204,160215,CN1C(=CN=C1C2=NC3=CC=CC=C3N2CCCN4CCOCC4)[N+](=O)[O-],Unspecified
7486,363897204,160215,CN1C(=CN=C1C2=NC3=CC=CC=C3N2CCCN4CCOCC4)[N+](=O)[O-],Inactive
7487,363897205,36065,CC(=O)C1=CC(=CN1)[N+](=O)[O-],Unspecified
7488,363897206,36066,CC(=O)C1=CC=C(N1)[N+](=O)[O-],Active
7489,363897207,5484726,C1CC(=O)C2=C1C3=C(C4=C(C=C3O)O[C@@H]5[C@H]4C=CO5)OC2=O,Unspecified
7490,363897208,147410,CCOC1=CC=C(C=C1)CCN(CCCl)CCCl,Active
7491,363897209,98300,C1=CC=C2C=C3C4=CC=CC=C4C(C(C3=CC2=C1)O)O,Active
7492,363897209,98300,C1=CC=C2C=C3C4=CC=CC=C4C(C(C3=CC2=C1)O)O,Inactive
7493,363897209,98300,C1=CC=C2C=C3C4=CC=CC=C4C(C(C3=CC2=C1)O)O,Unspecified
7494,363897209,98300,C1=CC=C2C=C3C4=CC=CC=C4C(C(C3=CC2=C1)O)O,Inactive
7495,363897209,98300,C1=CC=C2C=C3C4=CC=CC=C4C(C(C3=CC2=C1)O)O,Inactive
7496,363897210,197169,CCOC(=O)NC1=CC=C(C=C1)C2=[N+](C3=C(C=C(C=C3)N)C4=CC=CC=C42)C.CCOC(=O)NC1=CC=C(C=C1)C2=[N+](C3=C(C=C(C=C3)N)C4=CC=CC=C42)C.[O-]S(=O)(=O)[O-],Active
7497,363897211,147417,C1CC(=O)C2=C1C=CC3=C2C=CC4=CC=CC=C43,Active
7498,363897212,6436634,CC1=C(C(CCC1)(C)C)/C=C/C(=C/C=C/C(=C/COC)/C)/C,Active
7499,363897213,160224,CCCCCCCCCCCCCC(=O)N(C1=CC2=C(C=C1)C3=CC=CC=C3C2)O,Inactive
7500,363897213,160224,CCCCCCCCCCCCCC(=O)N(C1=CC2=C(C=C1)C3=CC=CC=C3C2)O,Active
7501,363897214,36248,CC1=CSC(=N1)NNC=O,Inactive
7502,363897214,36248,CC1=CSC(=N1)NNC=O,Inactive
7503,363897215,36274,CC(C)(C#N)NC1=NC(=NC(=N1)NC2CC2)Cl,Inactive
7504,363897216,36294,C1[C@@H]([C@H]([C@@H]([C@H]([C@@H]1N)O[C@@H]2[C@@H]([C@H]([C@@H]([C@H](O2)CO)O)N)O)O)O[C@@H]3[C@@H](C[C@@H]([C@H](O3)CN)O)N)N,Inactive
7505,363897217,92289,CN1C=NC2=C1C(=O)N(C=N2)C,Inactive
7506,363897218,147528,C1=CC=C2C(=C1)C(=NC(=N2)C3=CC=C(S3)[N+](=O)[O-])N(CCO)CCO,Unspecified
7507,363897219,147529,C1=CC=C2C(=C1)C(=NC(=N2)C3=CC=C(S3)[N+](=O)[O-])NCC(CO)O,Unspecified
7508,363897220,36429,CC(=O)NC1=CC=C(C=C1)CCC2=CC=CC=C2,Unspecified
7509,363897221,63763,C1=CC=C2C(=C1)C(=O)NC(N2)C3=CC=C(S3)[N+](=O)[O-],Active
7510,363897222,147531,C1=CC=C2C(=C1)C(=NC(=N2)C3=CC=C(S3)[N+](=O)[O-])NCCO,Active
7511,363897223,36462,C[C@@H]1OC[C@@H]2[C@@H](O1)[C@@H]([C@H]([C@@H](O2)O[C@H]3[C@H]4COC(=O)[C@@H]4[C@@H](C5=CC6=C(C=C35)OCO6)C7=CC(=C(C(=C7)OC)O)OC)O)O,Active
7512,363897223,36462,C[C@@H]1OC[C@@H]2[C@@H](O1)[C@@H]([C@H]([C@@H](O2)O[C@H]3[C@H]4COC(=O)[C@@H]4[C@@H](C5=CC6=C(C=C35)OCO6)C7=CC(=C(C(=C7)OC)O)OC)O)O,Active
7513,363897224,147532,C1C(O1)C2=CC3=CC=CC=C3C4=CC=CC=C42,Active
7514,363897225,11140308,C[C@@H](CC[C@H](C)OS(=O)(=O)C)OS(=O)(=O)C,Active
7515,363897226,11011193,C[C@H](CC[C@H](C)OS(=O)(=O)C)OS(=O)(=O)C,Active
7516,363897227,36584,CCNC1=NC(=NC(=N1)OC)NC(C)(C)C,Inactive
7517,363897228,147541,C[N+]1=C2C=C(C=CC2=C3C=CC(=CC3=C1C4=CC=C(C=C4)N)N)N.[Cl-],Active
7518,363897229,36603,C1CN2C(=N1)SSC2=S,Active
7519,363897229,36603,C1CN2C(=N1)SSC2=S,Active
7520,363897229,36603,C1CN2C(=N1)SSC2=S,Active
7521,363897230,36618,CN(C#N)N=O,Active
7522,363897230,36618,CN(C#N)N=O,Active
7523,363897230,36618,CN(C#N)N=O,Active
7524,363897231,160231,C(C[C@@H](C(=O)O)N)CN(C(=O)N)N=O,Active
7525,363897232,36636,C1=CC=C2C(=C1)C3=C4C(=C2O)C=CC5=CC=CC(=C54)C=C3,Inactive
7526,363897232,36636,C1=CC=C2C(=C1)C3=C4C(=C2O)C=CC5=CC=CC(=C54)C=C3,Unspecified
7527,363897232,36636,C1=CC=C2C(=C1)C3=C4C(=C2O)C=CC5=CC=CC(=C54)C=C3,Active
7528,363897233,36708,CCCNCC(COC1=CC=CC=C1C(=O)CCC2=CC=CC=C2)O.Cl,Unspecified
7529,363897234,441307,CCCC(=O)NC1=CC(=C(C=C1)OCC(CNC(C)C)O)C(=O)C.Cl,Active
7530,363897235,470999,C1C[C@H]([C@H](O[C@@H]1CN)O[C@@H]2[C@H](C[C@H]([C@@H]([C@H]2O)O[C@@H]3[C@@H]([C@H]([C@@H]([C@H](O3)CO)O)N)O)N)N)N,Inactive
7531,363897236,49725,C1=CC=C2C(=C1)C=CC3=CC4=C(C=C[C@@H]([C@H]4O)O)C=C32,Active
7532,363897236,49725,C1=CC=C2C(=C1)C=CC3=CC4=C(C=C[C@@H]([C@H]4O)O)C=C32,Unspecified
7533,363897237,36838,C1=CC=C2C(=C1)C=CC3=CC4=C(C=CC5C4O5)C=C32,Active
7534,363897237,36838,C1=CC=C2C(=C1)C=CC3=CC4=C(C=CC5C4O5)C=C32,Unspecified
7535,363897238,36868,CC(=O)OC(C=C)C1=CC2=C(C=C1)OCO2,Active
7536,363897238,36868,CC(=O)OC(C=C)C1=CC2=C(C=C1)OCO2,Active
7537,363897238,36868,CC(=O)OC(C=C)C1=CC2=C(C=C1)OCO2,Active
7538,363897239,451489,C[C@H](CCC(=O)O)[C@H]1CC[C@@H]2[C@@]1(CC[C@H]3[C@H]2CC[C@H]4[C@@]3(CC[C@H](C4)OS(=O)(=O)O)C)C,Inactive
7539,363897240,121494080,C(C(O)OC(CCl)O)Cl.O,Active
7540,363897241,147578,CC(=O)NC1=NC(=CS1)C2=CC=C(S2)[N+](=O)[O-],Unspecified
7541,363897242,147579,C1=C(SC(=C1)[N+](=O)[O-])C2=CSC(=N2)N,Active
7542,363897243,147580,C(C(CCl)O)N.Cl,Inactive
7543,363897244,135010,C([C@@H](CCl)O)N.Cl,Inactive
7544,363897244,135010,C([C@@H](CCl)O)N.Cl,Active
7545,363897245,87178124,C([C@H](CCl)O)N.Cl,Inactive
7546,363897246,92297,CC1C(OCCN1N=O)C2=CC=CC=C2,Inactive
7547,363897247,12444381,C/C=C/1\C[C@H]2[C@H](NC3=CC(=C(C=C3C(=O)N2C1)OC)O)OC,Unspecified
7548,363897248,9570542,CCCCCCN(/C(=N/[N+](=O)[O-])/N)N=O,Unspecified
7549,363897249,93180,CC1=CC2=C(C=C1)C=CC3=C(C4=CC=CC=C4C(=C32)C)C,Inactive
7550,363897250,37099,C1C2=CC=CC=C2CC3=C1C4=CC=CC=C4C5=CC=CC=C35,Active
7551,363897251,160249,C1CC2=CC3=CC=CC4=C3C5=C(C=C4)C=C6C=CC=C1C6=C25,Active
7552,363897252,94466,C1CC2=C3C(=CC4=C5C3=C(C=C2)C=C6C5=C(CCC6)C=C4)C1,Active
7553,363897253,37101,C1CC2=C3C(=C4CCCC5=C4C6=C(C=C5)C=CC(=C36)C=C2)C1,Unspecified
7554,363897254,147603,CN(C)C1=CC=C(C=C1)N=NC2=CC=CC(=C2)CCl,Unspecified
7555,363897255,73431,C[C@H]1CC(=O)C2=C(C3=C(C=CC(=C3O)C4=C(C5=C(C=C4)O[C@]6([C@@H]([C@H](CC(=O)C6=C5O)C)O)C(=O)OC)O)O[C@]2([C@@H]1O)C(=O)OC)O,Unspecified
7556,363897256,197173,CC1C(=O)OC2CC[N+]3(C2C(=CC3)COC(=O)C(C1(C)O)(C)O)[O-],Active
7557,363897257,37123,C1=CC(=C(C(=C1)F)C(=O)NC(=O)NC2=CC=C(C=C2)Cl)F,Unspecified
7558,363897257,37123,C1=CC(=C(C(=C1)F)C(=O)NC(=O)NC2=CC=C(C=C2)Cl)F,Unspecified
7559,363897257,37123,C1=CC(=C(C(=C1)F)C(=O)NC(=O)NC2=CC=C(C=C2)Cl)F,Inactive
7560,363897258,37125,CCCSP(=S)(OCC)OC1=CC=C(C=C1)SC,Unspecified
7561,363897259,147608,COC1=C(C=C(C=C1)CCC(=O)C2=C(C=C(C=C2O)O)O)O,Unspecified
7562,363897260,53343291,COC1=C(C2=C(C(=C1)O)C(=C3C(=C2)C[C@H](OC3=O)CC(=O)OC)O)C4=C(C=C(C5=C4C=C6C[C@H](OC(=O)C6=C5O)CC(=O)OC)O)OC,Inactive
7563,363897260,53343291,COC1=C(C2=C(C(=C1)O)C(=C3C(=C2)C[C@H](OC3=O)CC(=O)OC)O)C4=C(C=C(C5=C4C=C6C[C@H](OC(=O)C6=C5O)CC(=O)OC)O)OC,Unspecified
7564,363897261,5356512,C/C=C(\C(=C/C)\C1=CC=C(C=C1)O)/C2=CC=C(C=C2)O,Active
7565,363897262,160252,CC1=C(C=CC(=C1)N(CCCl)CCCl)N,Unspecified
7566,363897263,37248,C1=CC(=C(C=C1Cl)C2=C(C=CC(=C2)Cl)Cl)Cl,Unspecified
7567,363897264,13591,C1CCN(C1)N=O,Active
7568,363897265,160257,OO.OS(=O)(=O)O.[Fe+2],Active
7569,363897266,147632,C1C(O1)C2=CC=C(C=C2)C3=CC=CC=C3,Active
7570,363897267,169751,CC1C[C@@H]2CCC[C@H]2[C@H]3[C@H]1[C@H]4CCCCC4CC3,Active
7571,363897268,118916,CC(=O)NCC1=NC(=NO1)C2=CC=C(O2)[N+](=O)[O-],Active
7572,363897269,107856,COC1=NC2=C(C3=C(C=C(C=C3)Cl)N=C2C=C1)NCCCNCCCl.Cl.Cl,Active
7573,363897270,19183,C1=CC(=CC=C1CN(CCCl)CCCl)Cl,Active
7574,363897271,147635,C1=CC=C2C(=C1)C=CC3=C2C=CC(=N3)N,Active
7575,363897272,37419,CCC(C)NP(=S)(OCC)OC1=C(C=CC(=C1)C)[N+](=O)[O-],Inactive
7576,363897273,445114,C[C@H]1[C@@H]([C@H]([C@H]([C@@H](O1)OP(=O)(N[C@@H](CC(C)C)C(=O)N[C@@H](CC2=CNC3=CC=CC=C32)C(=O)O)O)O)O)O,Unspecified
7577,363897274,37455,C1=CC2=C3C(=C1)C=CC4=C3C(=CC5=C4C=CC6C5O6)C=C2,Active
7578,363897274,37455,C1=CC2=C3C(=C1)C=CC4=C3C(=CC5=C4C=CC6C5O6)C=C2,Inactive
7579,363897274,37455,C1=CC2=C3C(=C1)C=CC4=C3C(=CC5=C4C=CC6C5O6)C=C2,Active
7580,363897274,37455,C1=CC2=C3C(=C1)C=CC4=C3C(=CC5=C4C=CC6C5O6)C=C2,Active
7581,363897275,101053797,C1=CC2=C3C(=C1)C=CC4=C3C(=CC5=C4[C@H]6[C@H](O6)C=C5)C=C2,Inactive
7582,363897275,101053797,C1=CC2=C3C(=C1)C=CC4=C3C(=CC5=C4[C@H]6[C@H](O6)C=C5)C=C2,Unspecified
7583,363897275,101053797,C1=CC2=C3C(=C1)C=CC4=C3C(=CC5=C4[C@H]6[C@H](O6)C=C5)C=C2,Active
7584,363897276,37457,C1CC2=C(C=C3C=CC4=C5C3=C2C=CC5=CC=C4)C6C1O6,Active
7585,363897276,37457,C1CC2=C(C=C3C=CC4=C5C3=C2C=CC5=CC=C4)C6C1O6,Inactive
7586,363897276,37457,C1CC2=C(C=C3C=CC4=C5C3=C2C=CC5=CC=C4)C6C1O6,Active
7587,363897277,91016426,C1CC2=C([C@@H]3[C@H]1O3)C4=C5C(=C2)C=CC6=C5C(=CC=C6)C=C4,Inactive
7588,363897277,91016426,C1CC2=C([C@@H]3[C@H]1O3)C4=C5C(=C2)C=CC6=C5C(=CC=C6)C=C4,Active
7589,363897277,91016426,C1CC2=C([C@@H]3[C@H]1O3)C4=C5C(=C2)C=CC6=C5C(=CC=C6)C=C4,Unspecified
7590,363897277,91016426,C1CC2=C([C@@H]3[C@H]1O3)C4=C5C(=C2)C=CC6=C5C(=CC=C6)C=C4,Active
7591,363897278,2555,C1=CC=C2C(=C1)C3C(O3)C4=CC=CC=C4N2C(=O)N,Unspecified
7592,363897278,2555,C1=CC=C2C(=C1)C3C(O3)C4=CC=CC=C4N2C(=O)N,Unspecified
7593,363897279,644022,CCCCCC1=CC(=C2[C@@H]3C=C(CC[C@H]3C(OC2=C1)(C)C)CO)O,Inactive
7594,363897280,93193,C[C@H]1CCCCN1N=O,Active
7595,363897281,65800,C1CN1P2(=NP(=NP(=N2)(N3CC3)N4CCOCC4)(N5CC5)N6CC6)N7CC7,Active
7596,363897281,65800,C1CN1P2(=NP(=NP(=N2)(N3CC3)N4CCOCC4)(N5CC5)N6CC6)N7CC7,Active
7597,363897281,65800,C1CN1P2(=NP(=NP(=N2)(N3CC3)N4CCOCC4)(N5CC5)N6CC6)N7CC7,Active
7598,363897281,65800,C1CN1P2(=NP(=NP(=N2)(N3CC3)N4CCOCC4)(N5CC5)N6CC6)N7CC7,Active
7599,363897281,65800,C1CN1P2(=NP(=NP(=N2)(N3CC3)N4CCOCC4)(N5CC5)N6CC6)N7CC7,Active
7600,363897282,,,Unspecified
7601,363897283,443629,C1[C@@H]([C@H]([C@@H]([C@H]([C@H]1N[C@H]2C=C([C@H]([C@@H]([C@H]2O)O)O)CO)O)O)O[C@H]3[C@@H]([C@H]([C@@H]([C@H](O3)CO)O)O)O)CO,Inactive
7602,363897284,37718,CCN(CC)C1=CC2=C(C=C1)C(=C3C=CC(=[N+](CC)CC)C=C3O2)C4=C(C=C(C=C4)C(=O)[O-])C(=O)[O-].[Na+].[Na+].[Cl-],Inactive
7603,363897284,37718,CCN(CC)C1=CC2=C(C=C1)C(=C3C=CC(=[N+](CC)CC)C=C3O2)C4=C(C=C(C=C4)C(=O)[O-])C(=O)[O-].[Na+].[Na+].[Cl-],Active
7604,363897285,,,Unspecified
7605,363897286,162259,CC1=C2C3=CC=CC=C3C=C(C2=CC4=CC=CC=C14)F,Active
7606,363897287,148037,C1[C@H]([C@@H]([C@H]([C@@H](O1)OC[C@@H]2[C@H]([C@@H]([C@H]([C@H](O2)OC3=C(C(=C4C(=C3)C(=O)C5=CC=CC=C5C4=O)O)CO)O)O)O)O)O)O,Active
7607,363897288,37768,C1[C@@H]([C@H]([C@@H]([C@H]([C@@H]1NC(=O)[C@H](CCN)O)O[C@@H]2[C@@H]([C@H]([C@@H]([C@H](O2)CO)O)N)O)O)O[C@@H]3[C@@H]([C@H]([C@@H]([C@H](O3)CN)O)O)O)N,Inactive
7608,363897289,37785,C1=CC=C2C3=C4C(=CC2=C1)[C@H]([C@@H](C5=CC=CC(=C54)C=C3)O)O,Active
7609,363897289,37785,C1=CC=C2C3=C4C(=CC2=C1)[C@H]([C@@H](C5=CC=CC(=C54)C=C3)O)O,Unspecified
7610,363897289,37785,C1=CC=C2C3=C4C(=CC2=C1)[C@H]([C@@H](C5=CC=CC(=C54)C=C3)O)O,Inactive
7611,363897289,37785,C1=CC=C2C3=C4C(=CC2=C1)[C@H]([C@@H](C5=CC=CC(=C54)C=C3)O)O,Active
7612,363897289,37785,C1=CC=C2C3=C4C(=CC2=C1)[C@H]([C@@H](C5=CC=CC(=C54)C=C3)O)O,Unspecified
7613,363897290,37786,C1=CC=C2C3=C4C(=CC2=C1)C5C(O5)C6=CC=CC(=C64)C=C3,Active
7614,363897290,37786,C1=CC=C2C3=C4C(=CC2=C1)C5C(O5)C6=CC=CC(=C64)C=C3,Active
7615,363897290,37786,C1=CC=C2C3=C4C(=CC2=C1)C5C(O5)C6=CC=CC(=C64)C=C3,Active
7616,363897290,37786,C1=CC=C2C3=C4C(=CC2=C1)C5C(O5)C6=CC=CC(=C64)C=C3,Active
7617,363897290,37786,C1=CC=C2C3=C4C(=CC2=C1)C5C(O5)C6=CC=CC(=C64)C=C3,Active
7618,363897290,37786,C1=CC=C2C3=C4C(=CC2=C1)C5C(O5)C6=CC=CC(=C64)C=C3,Active
7619,363897290,37786,C1=CC=C2C3=C4C(=CC2=C1)C5C(O5)C6=CC=CC(=C64)C=C3,Active
7620,363897290,37786,C1=CC=C2C3=C4C(=CC2=C1)C5C(O5)C6=CC=CC(=C64)C=C3,Unspecified
7621,363897290,37786,C1=CC=C2C3=C4C(=CC2=C1)C5C(O5)C6=CC=CC(=C64)C=C3,Active
7622,363897291,37787,C1=CC=C2C3=C4C(=CC2=C1)C=C(C5=CC=CC(=C54)C=C3)O,Active
7623,363897291,37787,C1=CC=C2C3=C4C(=CC2=C1)C=C(C5=CC=CC(=C54)C=C3)O,Inactive
7624,363897291,37787,C1=CC=C2C3=C4C(=CC2=C1)C=C(C5=CC=CC(=C54)C=C3)O,Unspecified
7625,363897291,37787,C1=CC=C2C3=C4C(=CC2=C1)C=C(C5=CC=CC(=C54)C=C3)O,Unspecified
7626,363897292,5488038,CCN(CC)CCNC1=C2C(=C(C=C1)O)S(=O)C3=CC=CC=C3C2=O,Active
7627,363897293,148218,CN(C)N=NC1=CC(=CC=C1)O,Unspecified
7628,363897293,148218,CN(C)N=NC1=CC(=CC=C1)O,Active
7629,363897294,37817,CC(C)[C@@H](C(=O)N[C@@H](CCCN=C(N)N)C=O)NC(=O)[C@H](CCCN=C(N)N)NC(=O)N[C@@H](CC1=CC=CC=C1)C(=O)O,Unspecified
7630,363897294,37817,CC(C)[C@@H](C(=O)N[C@@H](CCCN=C(N)N)C=O)NC(=O)[C@H](CCCN=C(N)N)NC(=O)N[C@@H](CC1=CC=CC=C1)C(=O)O,Active
7631,363897294,37817,CC(C)[C@@H](C(=O)N[C@@H](CCCN=C(N)N)C=O)NC(=O)[C@H](CCCN=C(N)N)NC(=O)N[C@@H](CC1=CC=CC=C1)C(=O)O,Inactive
7632,363897295,148223,CC1=C(C=C[N+](=C1C)[O-])[N+](=O)[O-],Active
7633,363897296,65805,CS(=O)(=O)OCCNP1(=O)N(CCCO1)CCCl,Active
7634,363897297,148227,CN(C(=O)NC1[C@@H]([C@H]([C@@H]([C@H](O1)CO)O)O)O)N=O,Active
7635,363897298,148228,CN(C(=O)N[C@H]1[C@@H]([C@H]([C@H]([C@H](O1)CO)O)O)O)N=O,Active
7636,363897299,37880,C1=CC2=C3C(=C1)C=CC4=C3C(=CC5=C4C=CC=C5O)C=C2,Inactive
7637,363897299,37880,C1=CC2=C3C(=C1)C=CC4=C3C(=CC5=C4C=CC=C5O)C=C2,Unspecified
7638,363897299,37880,C1=CC2=C3C(=C1)C=CC4=C3C(=CC5=C4C=CC=C5O)C=C2,Unspecified
7639,363897300,37912,CN(CCCl)C1=CC=C(C=C1)N=NC2=CC=CC=C2,Unspecified
7640,363897301,37913,CC1=C(C=CC(=C1)N(C)CCCl)N=NC2=CC=CC=C2C(=O)O,Unspecified
7641,363897302,37993,CCCCN(CCCC(=O)O)N=O,Inactive
7642,363897303,37994,CCCCN(CC(CC(=O)O)O)N=O,Unspecified
7643,363897304,93203,CCN(C#N)N=O,Active
7644,363897305,38052,C1=C(OC(=C1)[N+](=O)[O-])C2=CSC(=N2)N,Active
7645,363897305,38052,C1=C(OC(=C1)[N+](=O)[O-])C2=CSC(=N2)N,Inactive
7646,363897305,38052,C1=C(OC(=C1)[N+](=O)[O-])C2=CSC(=N2)N,Active
7647,363897305,38052,C1=C(OC(=C1)[N+](=O)[O-])C2=CSC(=N2)N,Active
7648,363897306,38064,C1=CC=C2C(=C1)C=C3C4=CC=CC=C4C5C(C3=C2CO)O5,Active
7649,363897307,38078,CC(C)N.C(C(=O)O)NCP(=O)(O)O,Active
7650,363897307,38078,CC(C)N.C(C(=O)O)NCP(=O)(O)O,Active
7651,363897308,76962804,C[C@H]1/C=C/C=C(\C(=O)NC2=C(C(=C3C(=C2O)C(=C(C4=C3C(=O)[C@](O4)(O/C=C/[C@@H]([C@H]([C@H]([C@@H]([C@@H]([C@@H]([C@H]1O)C)O)C)OC(=O)C)C)OC)C)C)O)[O-])/C=N/N5CCN(CC5)C)/C.[Na+],Unspecified
7652,363897309,38097,CC(C)OC1=CC=CC=C1OC(=O)N(C)N=O,Active
7653,363897309,38097,CC(C)OC1=CC=CC=C1OC(=O)N(C)N=O,Active
7654,363897309,38097,CC(C)OC1=CC=CC=C1OC(=O)N(C)N=O,Active
7655,363897309,38097,CC(C)OC1=CC=CC=C1OC(=O)N(C)N=O,Active
7656,363897310,148271,C1=CC=C2C(=C1)C(=C3C=CC=CC3=N2)NCCCNCCCl.O.Cl.Cl,Active
7657,363897311,148273,CCN(CCCNC1=C2C=CC=CC2=NC3=CC=CC=C31)CCCl.Cl.Cl,Active
7658,363897312,114955,COC1=CC2=C(C3=C(C=C(C=C3)Cl)N=C2C=C1)NCCCNCCO.Cl.Cl,Unspecified
7659,363897312,114955,COC1=CC2=C(C3=C(C=C(C=C3)Cl)N=C2C=C1)NCCCNCCO.Cl.Cl,Inactive
7660,363897312,114955,COC1=CC2=C(C3=C(C=C(C=C3)Cl)N=C2C=C1)NCCCNCCO.Cl.Cl,Unspecified
7661,363897313,161983,COC1=NC2=C(C3=C(C=C(C=C3)Cl)N=C2C=C1)NCCCNCCO.Cl.Cl,Unspecified
7662,363897314,5361027,CC[NH+](CCCNC1=C2C(=NC3=C1C=CC(=C3)Cl)C=CC(=[NH+]2)OC)CCCl.[Cl-].[Cl-],Active
7663,363897315,148285,CCN(CCCNC1=C2C(=NC3=C1C=CC(=C3)Cl)C=CC(=N2)OC)CCO.Cl.Cl,Unspecified
7664,363897316,5361029,COC1=[NH+]C2=C(C3=C(C=C(C=C3)Cl)N=C2C=C1)NCCCSCCCl.[Cl-],Active
7665,363897317,161985,CCCCOC1=NC2=C(C3=C(C=C(C=C3)Cl)N=C2C=C1)NCCCNCCCl.Cl.Cl,Active
7666,363897318,148287,CCCCOC1=NC2=C(C3=C(C=C(C=C3)Cl)N=C2C=C1)NCCCN(CC)CCCl.O.Cl.Cl,Active
7667,363897319,148289,C1=CC=C2C(=C1)C=CC3=C(C4=CC=CC=C4N=C32)NCCNCCCl.O.Cl.Cl,Active
7668,363897320,161987,CCN(CCCNC1=C2C=CC=CC2=NC3=CC4=CC=CC=C4C=C31)CCO.Cl.Cl,Unspecified
7669,363897321,457964,C[C@]12CC[C@H]([C@@]([C@@H]1CC[C@@H]3[C@@]24CC[C@@]([C@H](C3)C4)(CO)O)(C)CO)O,Active
7670,363897321,457964,C[C@]12CC[C@H]([C@@]([C@@H]1CC[C@@H]3[C@@]24CC[C@@]([C@H](C3)C4)(CO)O)(C)CO)O,Active
7671,363897321,457964,C[C@]12CC[C@H]([C@@]([C@@H]1CC[C@@H]3[C@@]24CC[C@@]([C@H](C3)C4)(CO)O)(C)CO)O,Active
7672,363897322,38198,CC1=C2C=C(C(=CC2=CC3=[N+]1C=CC4=CC(=C(C=C43)OC)OC)OC)OC.C(C(=O)O)S(=O)(=O)[O-],Unspecified
7673,363897323,161990,CCN(CCCNC1=C2C=CC3=C(C2=NC4=CC=CC=C41)N=CC=C3)CCCl.Cl.Cl,Active
7674,363897324,38211,CCN(CC)C(=O)OC1(C(=O)C2=CC=CC=C2C1=O)SC,Active
7675,363897325,38212,CSC1(C(=O)C2=CC=CC=C2C1=O)OC(=O)NCC=C,Unspecified
7676,363897326,25133637,C1=CC=C2C(=C1)C(=O)C3=C(C=CC(=C3C2=O)O[C@H]4[C@@H]([C@H]([C@@H]([C@H](O4)CO)O)O)O)O,Active
7677,363897327,38221,COC1=C(C=C(C=C1)N)N.OS(=O)(=O)O,Inactive
7678,363897327,38221,COC1=C(C=C(C=C1)N)N.OS(=O)(=O)O,Active
7679,363897327,38221,COC1=C(C=C(C=C1)N)N.OS(=O)(=O)O,Active
7680,363897327,38221,COC1=C(C=C(C=C1)N)N.OS(=O)(=O)O,Active
7681,363897328,54686377,CC1=CCCC([C@@]12CC3=C4C2=C(C=C(C4=C(C5=C3[C@@H]([C@]6(CC(=O)C(=C([C@]6(C5=O)O)O)C(=O)N)O)O)O)O)OC)(C)C,Active
7682,363897329,,,Unspecified
7683,363897330,40452,C1=C(C(=O)C1=O)O,Inactive
7684,363897331,148307,[Cl-].[Cl-].[Rb+],Inactive
7685,363897332,22748686,[Be+2].[O-][Si]([O-])([O-])[O-].[Zn+2],Active
7686,363897333,38293,CC(=O)C1=CC=C(S1)[N+](=O)[O-],Active
7687,363897334,32767,C1=CC(=CC=C1CN(CCCl)CCCl)I,Active
7688,363897335,38347,C1COP(=O)(NC1OO)N(CCCl)CCCl,Active
7689,363897335,38347,C1COP(=O)(NC1OO)N(CCCl)CCCl,Active
7690,363897336,148316,C1CN2CC=C([C@@H]2[C@@H]1OC(=O)C3=CC=C(C=C3)Cl)COC(=O)C4=CC=C(C=C4)Cl,Active
7691,363897337,162396,C1CN2CCC(C2C1COC(=O)C3=CC=C(C=C3)[N+](=O)[O-])OC(=O)C4=CC=C(C=C4)[N+](=O)[O-],Inactive
7692,363897338,12560658,CC1=C2[C@@H]3[C@@H](O3)C4=CC=CC=C4C2=C(C5=CC=CC=C15)C,Active
7693,363897338,12560658,CC1=C2[C@@H]3[C@@H](O3)C4=CC=CC=C4C2=C(C5=CC=CC=C15)C,Active
7694,363897338,12560658,CC1=C2[C@@H]3[C@@H](O3)C4=CC=CC=C4C2=C(C5=CC=CC=C15)C,Active
7695,363897339,148327,C=CCNC(=O)NC1=NC(=CS1)C2=CC=CC=C2,Unspecified
7696,363897340,148328,CCCCNC(=O)N(CCCC)C1=NC(=CS1)C2=CC=CC=C2,Active
7697,363897341,38372,C1CCC(CC1)NC(=O)CCC2=CC=C(O2)[N+](=O)[O-],Inactive
7698,363897342,6440040,C1CCC(CC1)NC(=O)/C=C/C2=CC=C(O2)[N+](=O)[O-],Inactive
7699,363897343,148331,C1CCC(CC1)NC(=O)C#CC2=CC=C(O2)[N+](=O)[O-],Inactive
7700,363897344,38397,C1=CC=C(C(=C1)C(=O)O)N=NC2=CC=C(C=C2)N(CCCl)CCCl,Active
7701,363897345,38447,C1=CC(=CC(=C1)I)CN(CCCl)CCCl,Active
7702,363897346,38448,C1=CC=C(C(=C1)CN(CCCl)CCCl)I,Unspecified
7703,363897347,23620643,CC1=C2C3=CC=CC=C3[C@@H]([C@H](C2=C(C4=CC=CC=C14)CO)O)O,Inactive
7704,363897347,23620643,CC1=C2C3=CC=CC=C3[C@@H]([C@H](C2=C(C4=CC=CC=C14)CO)O)O,Unspecified
7705,363897348,6440041,CC(=O)O/C=C/CC1=C2C(=CC=C1)OCO2,Unspecified
7706,363897349,38690,C1=C(OC(=C1)[N+](=O)[O-])C=NCCO,Active
7707,363897350,38704,CCCCN(CCC(C)O)N=O,Active
7708,363897351,148411,CNC(=O)NC1=NC(=CS1)C2=CC=C(C=C2)OC,Unspecified
7709,363897352,148412,CC1=CC(=C(C=C1C2=CSC(=N2)N(C)C(=O)NC3=CC=C(C=C3)Cl)OC)OC,Active
7710,363897353,38782,COC(=O)NC1=NC=C(N1)C2=CC=C(C=C2)Br,Unspecified
7711,363897354,38783,CCOC(=O)NC1=NC=C(N1)C2=CC=C(C=C2)Cl,Unspecified
7712,363897355,38846,C[N+]1=CC2=CC(=C(C=C2C3=C1C4=CC5=C(C=C4C=C3)OCO5)OC)OC.COS(=O)(=O)[O-],Unspecified
7713,363897356,38914,C=CCNC(=O)OC1(C(=O)C2=CC=CC=C2C1=O)SC3=CC=CC=C3,Unspecified
7714,363897357,148423,C1=C(C=C(C(=C1Cl)N)Cl)C2=CC(=C(C(=C2)Cl)N)Cl,Active
7715,363897358,93233,CCCCCCCCCC(=O)OCCCN1CCN(CC1)C2CC3=CC=CC=C3SC4=C2C=C(C=C4)SC,Inactive
7716,363897359,39078,C1=C(OC(=C1)[N+](=O)[O-])C2=CSC(=N2)NC(=O)C(F)(F)F,Inactive
7717,363897359,39078,C1=C(OC(=C1)[N+](=O)[O-])C2=CSC(=N2)NC(=O)C(F)(F)F,Active
7718,363897359,39078,C1=C(OC(=C1)[N+](=O)[O-])C2=CSC(=N2)NC(=O)C(F)(F)F,Active
7719,363897360,148441,COC1=C(C=C(C=C1)CC(=O)OC)CSC(=N)N.Cl,Unspecified
7720,363897361,39105,CCOC1=C(C=C(C=C1)CC(=O)OC)CSC(=[NH2+])N.[Cl-],Unspecified
7721,363897362,39107,CCCOC1=C(C=C(C=C1)CC(=O)OC)CSC(=[NH2+])N.[Cl-],Unspecified
7722,363897363,39109,CCCCOC1=C(C=C(C=C1)CC(=O)OC)CSC(=[NH2+])N.[Cl-],Unspecified
7723,363897364,9570582,CN(C)CC1=C(C=CC(=C1)Br)OCC(=O)N/N=C/C2=CC=CC=C2,Unspecified
7724,363897365,135580632,CN(C)CC1=C(C=CC(=C1)Br)OCC(=O)N/N=C/C2=CC=CC=C2O,Unspecified
7725,363897366,9570583,CN(C)CC1=C(C=CC(=C1)Br)OCC(=O)N/N=C/C2=CC=C(C=C2)OC,Unspecified
7726,363897367,135580634,CN(C)CC1=C(C=CC(=C1)Br)OCC(=O)N/N=C/C2=CC(=C(C=C2)O)OC,Unspecified
7727,363897368,6519521,CCN(CC)CC1=C(C=CC(=C1)Br)OCC(=O)N/N=C\C2=CC=CC=C2,Unspecified
7728,363897369,135580635,CCN(CC)CC1=C(C=CC(=C1)Br)OCC(=O)N/N=C/C2=CC=CC=C2O,Unspecified
7729,363897370,6519529,CCN(CC)CC1=C(C=CC(=C1)Br)OCC(=O)N/N=C\C2=CC=C(C=C2)OC,Unspecified
7730,363897371,135580636,CCN(CC)CC1=C(C=CC(=C1)Br)OCC(=O)N/N=C/C2=CC(=C(C=C2)O)OC,Unspecified
7731,363897372,9570584,C1COCCN1CC2=C(C=CC(=C2)Br)OCC(=O)N/N=C/C3=CC=CC=C3,Unspecified
7732,363897373,135580637,C1COCCN1CC2=C(C=CC(=C2)Br)OCC(=O)N/N=C/C3=CC=CC=C3O,Unspecified
7733,363897374,9570585,COC1=CC=C(C=C1)/C=N/NC(=O)COC2=C(C=C(C=C2)Br)CN3CCOCC3,Unspecified
7734,363897375,135580638,COC1=C(C=CC(=C1)/C=N/NC(=O)COC2=C(C=C(C=C2)Br)CN3CCOCC3)O,Unspecified
7735,363897376,6519535,C1CCN(CC1)CC2=C(C=CC(=C2)Br)OCC(=O)N/N=C\C3=CC=CC=C3,Unspecified
7736,363897377,135580639,C1CCN(CC1)CC2=C(C=CC(=C2)Br)OCC(=O)N/N=C/C3=CC=CC=C3O,Unspecified
7737,363897378,6519538,COC1=CC=C(C=C1)/C=N\NC(=O)COC2=C(C=C(C=C2)Br)CN3CCCCC3,Unspecified
7738,363897379,135580640,COC1=C(C=CC(=C1)/C=N/NC(=O)COC2=C(C=C(C=C2)Br)CN3CCCCC3)O,Unspecified
7739,363897380,148443,CCC1=CC2=C(CCC2=O)C3=C1C4=CC=CC=C4C=C3,Active
7740,363897381,39166,C1=CC=C(C=C1)C(=O)NC(CCCN(C#N)N=O)C(=O)N,Active
7741,363897382,39171,C1=CC=C2C3=C4C(=CC2=C1)C(=O)C(=O)C5=CC=CC(=C54)C=C3,Inactive
7742,363897382,39171,C1=CC=C2C3=C4C(=CC2=C1)C(=O)C(=O)C5=CC=CC(=C54)C=C3,Unspecified
7743,363897383,39184,C1=CC2=C(C=CC3=C2C4=C1C=CC(=C4C=C3)[N+](=O)[O-])[N+](=O)[O-],Active
7744,363897383,39184,C1=CC2=C(C=CC3=C2C4=C1C=CC(=C4C=C3)[N+](=O)[O-])[N+](=O)[O-],Active
7745,363897384,39185,C1=CC2=C3C(=C(C=C2)[N+](=O)[O-])C=CC4=C(C=CC1=C43)[N+](=O)[O-],Active
7746,363897384,39185,C1=CC2=C3C(=C(C=C2)[N+](=O)[O-])C=CC4=C(C=CC1=C43)[N+](=O)[O-],Active
7747,363897385,9577087,C/C(=N\O)/C1=CC=C(S1)[N+](=O)[O-],Unspecified
7748,363897386,6440042,CC(=O)O/C=C/CC1=CC2=C(C=C1)OCO2,Active
7749,363897387,148453,C1=CC=C2C(=C1)C3(C4=CC(=C(C(=C4OC5=C(C(=C(C=C53)Br)O)Br)Br)O)Br)OS2(=O)=O,Active
7750,363897388,16176,C1=CC2=C(C(=C(C=C2C=C1S(=O)(=O)[O-])S(=O)(=O)[O-])O)N.[Na+].[Na+],Inactive
7751,363897389,93239,C1C(=O)NC(=O)N1N=O,Active
7752,363897390,160231,C(C[C@@H](C(=O)O)N)CN(C(=O)N)N=O,Active
7753,363897391,39244,CS(=O)(=O)OCCCCO,Active
7754,363897392,148458,C1=C(C=C(C(=C1F)N)F)C2=CC(=C(C(=C2)F)N)F,Active
7755,363897392,148458,C1=C(C=C(C(=C1F)N)F)C2=CC(=C(C(=C2)F)N)F,Active
7756,363897393,39375,CC[NH+](CC)CCN1C2=C3C(=C(C=C2)CO)SC4=C(C3=N1)C=CC(=C4)Cl.CS(=O)(=O)[O-],Active
7757,363897393,39375,CC[NH+](CC)CCN1C2=C3C(=C(C=C2)CO)SC4=C(C3=N1)C=CC(=C4)Cl.CS(=O)(=O)[O-],Inactive
7758,363897393,39375,CC[NH+](CC)CCN1C2=C3C(=C(C=C2)CO)SC4=C(C3=N1)C=CC(=C4)Cl.CS(=O)(=O)[O-],Active
7759,363897393,39375,CC[NH+](CC)CCN1C2=C3C(=C(C=C2)CO)SC4=C(C3=N1)C=CC(=C4)Cl.CS(=O)(=O)[O-],Active
7760,363897393,39375,CC[NH+](CC)CCN1C2=C3C(=C(C=C2)CO)SC4=C(C3=N1)C=CC(=C4)Cl.CS(=O)(=O)[O-],Inactive
7761,363897393,39375,CC[NH+](CC)CCN1C2=C3C(=C(C=C2)CO)SC4=C(C3=N1)C=CC(=C4)Cl.CS(=O)(=O)[O-],Active
7762,363897393,39375,CC[NH+](CC)CCN1C2=C3C(=C(C=C2)CO)SC4=C(C3=N1)C=CC(=C4)Cl.CS(=O)(=O)[O-],Active
7763,363897393,39375,CC[NH+](CC)CCN1C2=C3C(=C(C=C2)CO)SC4=C(C3=N1)C=CC(=C4)Cl.CS(=O)(=O)[O-],Active
7764,363897394,39422,CC[NH+](CC)CCN1C2=C3C(=C(C=C2)C)SC4=C(C3=N1)C=CC(=C4)Cl.CS(=O)(=O)[O-],Active
7765,363897394,39422,CC[NH+](CC)CCN1C2=C3C(=C(C=C2)C)SC4=C(C3=N1)C=CC(=C4)Cl.CS(=O)(=O)[O-],Inactive
7766,363897394,39422,CC[NH+](CC)CCN1C2=C3C(=C(C=C2)C)SC4=C(C3=N1)C=CC(=C4)Cl.CS(=O)(=O)[O-],Active
7767,363897394,39422,CC[NH+](CC)CCN1C2=C3C(=C(C=C2)C)SC4=C(C3=N1)C=CC(=C4)Cl.CS(=O)(=O)[O-],Active
7768,363897395,121750,CC1(N=C(N=C(N1OCCCOC2=CC(=C(C=C2Cl)Cl)Cl)N)N)C,Unspecified
7769,363897396,96620,CCNC(=O)N(CC)N=O,Active
7770,363897397,20836450,C1CCN(CC1)CC/C(=N/NC(=O)N)/C2=CC=C(O2)[N+](=O)[O-].Cl,Active
7771,363897397,20836450,C1CCN(CC1)CC/C(=N/NC(=O)N)/C2=CC=C(O2)[N+](=O)[O-].Cl,Active
7772,363897398,148490,CCN(CC)CCNC1=C2C(=C(C=C1)COC(=O)C3=CC=CO3)SC4=CC=CC=C4C2=O,Active
7773,363897399,99639,CN(C)N=NC1=C(C=C(C=C1Cl)Cl)Cl,Active
7774,363897399,99639,CN(C)N=NC1=C(C=C(C=C1Cl)Cl)Cl,Active
7775,363897399,99639,CN(C)N=NC1=C(C=C(C=C1Cl)Cl)Cl,Active
7776,363897399,99639,CN(C)N=NC1=C(C=C(C=C1Cl)Cl)Cl,Active
7777,363897399,99639,CN(C)N=NC1=C(C=C(C=C1Cl)Cl)Cl,Unspecified
7778,363897399,99639,CN(C)N=NC1=C(C=C(C=C1Cl)Cl)Cl,Unspecified
7779,363897400,99637,CN(C)N=NC1=C(C=C(C=C1Br)Br)Br,Active
7780,363897400,99637,CN(C)N=NC1=C(C=C(C=C1Br)Br)Br,Active
7781,363897401,6438145,C1=CC(=NN=C1/C=C/C2=CC=C(O2)[N+](=O)[O-])N.Cl,Active
7782,363897401,6438145,C1=CC(=NN=C1/C=C/C2=CC=C(O2)[N+](=O)[O-])N.Cl,Active
7783,363897401,6438145,C1=CC(=NN=C1/C=C/C2=CC=C(O2)[N+](=O)[O-])N.Cl,Inactive
7784,363897401,6438145,C1=CC(=NN=C1/C=C/C2=CC=C(O2)[N+](=O)[O-])N.Cl,Active
7785,363897401,6438145,C1=CC(=NN=C1/C=C/C2=CC=C(O2)[N+](=O)[O-])N.Cl,Active
7786,363897402,104762,C1=NC(=C(N1[C@H]2[C@@H]([C@@H]([C@H](O2)CO)O)O)O)C(=O)N,Active
7787,363897403,39897,C[N+]1=CC2=CC(=C(C=C2C3=C1C4=CC(=C(C=C4C=C3)OC)OC)OC)OC.COS(=O)(=O)[O-],Unspecified
7788,363897404,98652,C1=CC=C2C=C(C=CC2=C1)S(=O)(=O)C3=CC4=C(C=C3)N=C(N=C4N)N,Unspecified
7789,363897405,91643,CC1=C2C=CN=CC2=C(C3=C1NC4=C3C=C(C=C4)O)C,Unspecified
7790,363897406,100721,CC(C)(C[C@H]1C2=C([C@@H]([C@@]3(N1C(=O)[C@@H]4CCCN4C3=O)O)O)C5=C(N2)C=C(C=C5)OC)O,Unspecified
7791,363897407,39929,C1=C2C3=CC(=C(C=C3OC2=CC(=C1Cl)Cl)Cl)Cl,Inactive
7792,363897407,39929,C1=C2C3=CC(=C(C=C3OC2=CC(=C1Cl)Cl)Cl)Cl,Inactive
7793,363897407,39929,C1=C2C3=CC(=C(C=C3OC2=CC(=C1Cl)Cl)Cl)Cl,Inactive
7794,363897408,4169,CCC1=CC=CC(=C1N(C(C)COC)C(=O)CCl)C,Inactive
7795,363897409,2179,COC1=C(C=CC(=C1)NS(=O)(=O)C)NC2=C3C=CC=CC3=NC4=CC=CC=C42,Active
7796,363897409,2179,COC1=C(C=CC(=C1)NS(=O)(=O)C)NC2=C3C=CC=CC3=NC4=CC=CC=C42,Active
7797,363897410,39971,C1=CC(=C(C=C1Cl)C2=CC(=C(C=C2Cl)O)Cl)Cl,Unspecified
7798,363897411,21122800,CCCCCC1=CC2=C([C@@H]3C=C(CC[C@H]3C(O2)(C)C)C)C(=C1)OC(=O)CCCN4CCOCC4.Br,Inactive
7799,363897412,39978,CCCCSC(=NC1=CN=CC=C1)SCC2=CC=C(C=C2)C(C)(C)C,Inactive
7800,363897413,148534,CC(=O)NC1=NC(=NC(=N1)C2=CC=C(O2)[N+](=O)[O-])NC(=O)C,Active
7801,363897414,40003,COC1=CC=C(C=C1)C(C=C)O,Unspecified
7802,363897415,9570602,CC[NH+](CC)CCCNC(=O)C(=O)N/N=C/C1=CC=C(O1)[N+](=O)[O-].[Cl-],Active
7803,363897416,40019,CC1=C(C2=C(C=C1)C(=O)C3=C(C2=O)C=CC=C3[N+](=O)[O-])[N+](=O)[O-],Active
7804,363897417,2756,CC1=C(N=CN1)CSCCNC(=NC)NC#N,Unspecified
7805,363897417,2756,CC1=C(N=CN1)CSCCNC(=NC)NC#N,Unspecified
7806,363897417,2756,CC1=C(N=CN1)CSCCNC(=NC)NC#N,Unspecified
7807,363897418,92336,CN(C(=O)NC1=NC2=CC=CC=C2S1)N=O,Active
7808,363897418,92336,CN(C(=O)NC1=NC2=CC=CC=C2S1)N=O,Active
7809,363897419,40086,C1=CC=C2C3=C4C(=CC2=C1)[C@@H]([C@@H](C5=CC=CC(=C54)C=C3)O)O,Inactive
7810,363897419,40086,C1=CC=C2C3=C4C(=CC2=C1)[C@@H]([C@@H](C5=CC=CC(=C54)C=C3)O)O,Unspecified
7811,363897420,40094,CN(C1=NC2=C(C=C(C=C2)Cl)C(=[N+](C1)[O-])C3=CC=CC=C3)N=O,Active
7812,363897420,40094,CN(C1=NC2=C(C=C(C=C2)Cl)C(=[N+](C1)[O-])C3=CC=CC=C3)N=O,Active
7813,363897421,101467,C1=CC=C(C=C1)NC2=NC(=CS2)C3=CC=C(O3)[N+](=O)[O-],Inactive
7814,363897421,101467,C1=CC=C(C=C1)NC2=NC(=CS2)C3=CC=C(O3)[N+](=O)[O-],Active
7815,363897422,148541,C1=C(OC(=C1)[N+](=O)[O-])C2=CSC(=N2)Cl,Active
7816,363897422,148541,C1=C(OC(=C1)[N+](=O)[O-])C2=CSC(=N2)Cl,Active
7817,363897423,40127,CC(C)(C)NCC(COC1=CC=CC2=C1CCC(=O)N2)O.Cl,Inactive
7818,363897423,40127,CC(C)(C)NCC(COC1=CC=CC2=C1CCC(=O)N2)O.Cl,Inactive
7819,363897423,40127,CC(C)(C)NCC(COC1=CC=CC2=C1CCC(=O)N2)O.Cl,Inactive
7820,363897423,40127,CC(C)(C)NCC(COC1=CC=CC2=C1CCC(=O)N2)O.Cl,Inactive
7821,363897424,135445720,C[C@@H](C=O)NC(=O)[C@H](CCC(=O)N)NC(=O)[C@H]([C@@H]1CCNC(=N1)N)NC(=O)N[C@@H](CC(C)C)C(=O)O,Unspecified
7822,363897424,135445720,C[C@@H](C=O)NC(=O)[C@H](CCC(=O)N)NC(=O)[C@H]([C@@H]1CCNC(=N1)N)NC(=O)N[C@@H](CC(C)C)C(=O)O,Unspecified
7823,363897425,40184,CCCN(CCCCO)N=O,Active
7824,363897426,3035031,CCCCN(CCCO)N=O,Active
7825,363897427,91646,CCCCN(CCO)N=O,Active
7826,363897428,91647,CCCCN(CC(=O)C)N=O,Active
7827,363897429,40185,CN(CCCCO)N=O,Unspecified
7828,363897430,40191,CCCN(CCC)C(=O)SCC.C=CCN(CC=C)C(=O)C(Cl)Cl,Inactive
7829,363897431,91827074,CC(=O)OCC[C@H](C=O)C1=C(C=C2C(=C1O)C(=O)C3=C(C2=O)C=C(C=C3O)O)O,Active
7830,363897432,21124123,C1CN2CC=C([C@@H]2[C@@H]1OC(=O)C3=CC=C(C=C3)[N+](=O)[O-])COC(=O)C4=CC=C(C=C4)[N+](=O)[O-],Active
7831,363897433,40264,CC1=C2C=C(C3=C(C2=CC=C1)C=CC4=CC=CC=C43)C,Active
7832,363897434,40265,CC1=CCCC2=C1C=C(C3=C2C=CC4=CC=CC=C43)C,Active
7833,363897435,40266,CC1CCCC2=C1C=C(C3=C2C=CC4=CC=CC=C43)C,Unspecified
7834,363897436,9571039,CN1C(=CN=C1/C=N/N2CC(OC2=O)CN3CCOCC3)[N+](=O)[O-],Active
7835,363897437,2912,CC1(C(C1C(=O)OC(C#N)C2=CC(=CC=C2)OC3=CC=CC=C3)C=C(Cl)Cl)C,Active
7836,363897437,2912,CC1(C(C1C(=O)OC(C#N)C2=CC(=CC=C2)OC3=CC=CC=C3)C=C(Cl)Cl)C,Inactive
7837,363897437,2912,CC1(C(C1C(=O)OC(C#N)C2=CC(=CC=C2)OC3=CC=CC=C3)C=C(Cl)Cl)C,Inactive
7838,363897438,40326,CC1(C(C1C(=O)OCC2=CC(=CC=C2)OC3=CC=CC=C3)C=C(Cl)Cl)C,Inactive
7839,363897438,40326,CC1(C(C1C(=O)OCC2=CC(=CC=C2)OC3=CC=CC=C3)C=C(Cl)Cl)C,Inactive
7840,363897439,104757,COC1=C2C3=C(C(=O)C[C@@H]3O)C(=O)OC2=C4[C@@H]5C=CO[C@@H]5OC4=C1,Active
7841,363897440,40568,CC[NH+](CC)CCN1C2=C3C(=C(C=C2)C)SC4=CC=CC=C4C3=N1.CS(=O)(=O)[O-],Active
7842,363897440,40568,CC[NH+](CC)CCN1C2=C3C(=C(C=C2)C)SC4=CC=CC=C4C3=N1.CS(=O)(=O)[O-],Active
7843,363897440,40568,CC[NH+](CC)CCN1C2=C3C(=C(C=C2)C)SC4=CC=CC=C4C3=N1.CS(=O)(=O)[O-],Active
7844,363897441,40585,CC1([C@H]([C@H]1C(=O)O[C@H](C#N)C2=CC(=CC=C2)OC3=CC=CC=C3)C=C(Br)Br)C,Inactive
7845,363897442,148600,CNC(=O)NC1=NC(=CS1)C2=CC=CC=C2,Active
7846,363897443,148602,CN(CCC(=O)OC[C@@H](C(=O)O)N)N=O,Unspecified
7847,363897443,148602,CN(CCC(=O)OC[C@@H](C(=O)O)N)N=O,Active
7848,363897444,40604,CC1=CC2=C(C(=O)[C@]([C@H](C2=CO1)O)(C)O)C=O,Active
7849,363897445,148604,CN(CC(=O)OC[C@@H](C(=O)O)N)N=O,Unspecified
7850,363897445,148604,CN(CC(=O)OC[C@@H](C(=O)O)N)N=O,Active
7851,363897446,,,Inactive
7852,363897447,40637,CC(=O)OC(C1=CC=CC=C1)N(C)N=O,Active
7853,363897448,197193,C[As](SC#N)SC#N,Active
7854,363897449,,,Inactive
7855,363897449,,,Inactive
7856,363897450,107942,C1=CC(=C(C=C1Cl)Cl)OC2=CC(=C(C(=C2O)Cl)Cl)Cl,Unspecified
7857,363897450,107942,C1=CC(=C(C=C1Cl)Cl)OC2=CC(=C(C(=C2O)Cl)Cl)Cl,Unspecified
7858,363897450,107942,C1=CC(=C(C=C1Cl)Cl)OC2=CC(=C(C(=C2O)Cl)Cl)Cl,Unspecified
7859,363897450,107942,C1=CC(=C(C=C1Cl)Cl)OC2=CC(=C(C(=C2O)Cl)Cl)Cl,Inactive
7860,363897450,107942,C1=CC(=C(C=C1Cl)Cl)OC2=CC(=C(C(=C2O)Cl)Cl)Cl,Active
7861,363897450,107942,C1=CC(=C(C=C1Cl)Cl)OC2=CC(=C(C(=C2O)Cl)Cl)Cl,Active
7862,363897451,40812,CC(=O)OC1=C2C=CC3=CC=CC4=C3C2=C(C=C4)C5=CC=CC=C51,Active
7863,363897452,150614,CC(C(=O)[O-])(Cl)Cl.CC(C(=O)[O-])(Cl)Cl.[Ca+2],Active
7864,363897453,40858,C1=CC=C2C(=C1)C3C=COC3O2,Active
7865,363897454,107987,C1=C(OC(=C1)[N+](=O)[O-])C2=CSC=N2,Inactive
7866,363897454,107987,C1=C(OC(=C1)[N+](=O)[O-])C2=CSC=N2,Active
7867,363897454,107987,C1=C(OC(=C1)[N+](=O)[O-])C2=CSC=N2,Active
7868,363897454,107987,C1=C(OC(=C1)[N+](=O)[O-])C2=CSC=N2,Active
7869,363897455,40859,CC1=NC(=CS1)C2=CC=C(O2)[N+](=O)[O-],Active
7870,363897455,40859,CC1=NC(=CS1)C2=CC=C(O2)[N+](=O)[O-],Active
7871,363897456,6434466,C1=C(OC(=C1)[N+](=O)[O-])/C=C/C2=CSC(=N2)NC=O,Active
7872,363897457,239639,C1=CC=C(C=C1)C(=CC2=CC=C(O2)[N+](=O)[O-])C(=O)N,Active
7873,363897458,6713893,C1=CC2=C(C(=C1)O)C(=O)C3=C(C2=O)C=CC=C3O[C@H]4[C@@H]([C@H]([C@@H]([C@H](O4)CO)O)O)O,Active
7874,363897459,4932,CCCNCC(COC1=CC=CC=C1C(=O)CCC2=CC=CC=C2)O,Active
7875,363897460,41023,COC1=CC(=C(C=C1)[NH3+])OC.[Cl-],Inactive
7876,363897461,150309,CN1CCC(=C2C3=CC=CC=C3C4C(O4)C5=CC=CC=C52)CC1,Unspecified
7877,363897462,148673,COC1=C(C=CC(=C1)NS(=O)(=O)C)NC2=C3C=CC=CC3=NC4=CC=CC=C42.Cl,Active
7878,363897462,148673,COC1=C(C=CC(=C1)NS(=O)(=O)C)NC2=C3C=CC=CC3=NC4=CC=CC=C42.Cl,Active
7879,363897463,,,Unspecified
7880,363897463,,,Unspecified
7881,363897464,5282375,CCOC(=O)/C=C(\C)/C=C/C=C(\C)/C=C/C1=C(C(=C(C=C1C)OC)C)C,Unspecified
7882,363897464,5282375,CCOC(=O)/C=C(\C)/C=C/C=C(\C)/C=C/C1=C(C(=C(C=C1C)OC)C)C,Unspecified
7883,363897464,5282375,CCOC(=O)/C=C(\C)/C=C/C=C(\C)/C=C/C1=C(C(=C(C=C1C)OC)C)C,Active
7884,363897465,149754,CC[N+](CC)(CCNC1=C2C(=C(C=C1)CO)SC3=CC=CC=C3C2=O)[O-],Active
7885,363897466,41103,CCN(CC)CCN1C2=C3C(=C(C=C2)CO)SC4=C(C3=[N+]1[O-])C=CC(=C4)Cl,Active
7886,363897466,41103,CCN(CC)CCN1C2=C3C(=C(C=C2)CO)SC4=C(C3=[N+]1[O-])C=CC(=C4)Cl,Active
7887,363897466,41103,CCN(CC)CCN1C2=C3C(=C(C=C2)CO)SC4=C(C3=[N+]1[O-])C=CC(=C4)Cl,Active
7888,363897467,,,Unspecified
7889,363897467,,,Inactive
7890,363897468,93298,C1CC(=O)N(C1)N=O,Active
7891,363897469,93299,CCN(C(=O)NC1=CC=CC=C1)N=O,Active
7892,363897470,451706,C(CCl)N(C(=O)N[C@@H](C=O)[C@H]([C@@H]([C@@H](CO)O)O)O)N=O,Active
7893,363897470,451706,C(CCl)N(C(=O)N[C@@H](C=O)[C@H]([C@@H]([C@@H](CO)O)O)O)N=O,Active
7894,363897470,451706,C(CCl)N(C(=O)N[C@@H](C=O)[C@H]([C@@H]([C@@H](CO)O)O)O)N=O,Active
7895,363897470,451706,C(CCl)N(C(=O)N[C@@H](C=O)[C@H]([C@@H]([C@@H](CO)O)O)O)N=O,Active
7896,363897470,451706,C(CCl)N(C(=O)N[C@@H](C=O)[C@H]([C@@H]([C@@H](CO)O)O)O)N=O,Active
7897,363897471,99172,CC1=C2C=CN=CC2=C(C3=C1NC4=C3C=C(C=C4)N)C,Active
7898,363897472,41206,CC1=CC(=CC(=C1N)C)C2=CC(=C(C(=C2)C)N)C,Active
7899,363897472,41206,CC1=CC(=CC(=C1N)C)C2=CC(=C(C(=C2)C)N)C,Unspecified
7900,363897472,41206,CC1=CC(=CC(=C1N)C)C2=CC(=C(C(=C2)C)N)C,Inactive
7901,363897472,41206,CC1=CC(=CC(=C1N)C)C2=CC(=C(C(=C2)C)N)C,Active
7902,363897472,41206,CC1=CC(=CC(=C1N)C)C2=CC(=C(C(=C2)C)N)C,Active
7903,363897472,41206,CC1=CC(=CC(=C1N)C)C2=CC(=C(C(=C2)C)N)C,Inactive
7904,363897472,41206,CC1=CC(=CC(=C1N)C)C2=CC(=C(C(=C2)C)N)C,Inactive
7905,363897472,41206,CC1=CC(=CC(=C1N)C)C2=CC(=C(C(=C2)C)N)C,Inactive
7906,363897473,41223,CCN(CCCCO)N=O,Unspecified
7907,363897474,41224,CCN(CCCC(=O)O)N=O,Active
7908,363897475,148718,CC1=C2C(=C(C=C1)N3CCN(CC3)C)C(=O)C4=C(S2)C=C(C=C4)Cl,Unspecified
7909,363897476,72699340,CC1=C2C(=C(C=C1)N3CC[N+](CC3)(C)[O-])C(=O)C4=C(S2)C=C(C=C4)Cl,Unspecified
7910,363897477,,,Unspecified
7911,363897477,,,Inactive
7912,363897478,41320,CCCCCCCCCCCCN(C)N=O,Active
7913,363897479,6434497,CN1C(=CN=C1/C=C/2\CCC3=C(C2=O)C=CC(=C3)OCC[NH+](C)C)[N+](=O)[O-].OS(=O)(=O)[O-],Active
7914,363897479,6434497,CN1C(=CN=C1/C=C/2\CCC3=C(C2=O)C=CC(=C3)OCC[NH+](C)C)[N+](=O)[O-].OS(=O)(=O)[O-],Active
7915,363897480,5470400,CC(C)(CCC1=C2C(=C(C=C1)O)C(=O)C3=C(C4=C(C=C3O2)O[C@@H]5[C@]4(C=CO5)O)O)O,Active
7916,363897481,21119330,COC1=C(C=CC2=C1C(=O)C3=C(C4=C(C=C3O2)O[C@@H]5[C@H]4C=CO5)OC)Cl,Active
7917,363897482,4891,C1CCC(CC1)C(=O)N2CC3C4=CC=CC=C4CCN3C(=O)C2,Unspecified
7918,363897482,4891,C1CCC(CC1)C(=O)N2CC3C4=CC=CC=C4CCN3C(=O)C2,Inactive
7919,363897482,4891,C1CCC(CC1)C(=O)N2CC3C4=CC=CC=C4CCN3C(=O)C2,Active
7920,363897482,4891,C1CCC(CC1)C(=O)N2CC3C4=CC=CC=C4CCN3C(=O)C2,Inactive
7921,363897482,4891,C1CCC(CC1)C(=O)N2CC3C4=CC=CC=C4CCN3C(=O)C2,Inactive
7922,363897482,4891,C1CCC(CC1)C(=O)N2CC3C4=CC=CC=C4CCN3C(=O)C2,Inactive
7923,363897482,4891,C1CCC(CC1)C(=O)N2CC3C4=CC=CC=C4CCN3C(=O)C2,Unspecified
7924,363897483,3014844,C1=CC=C2C(=C1)C(C3=CC=CC=C32)[N+](=O)[O-],Active
7925,363897484,41432,CC1CN(CC(N1N=O)C)N=O,Active
7926,363897485,121492109,COC1=C2C3=C(C(CC3O)O)C(=O)OC2=C4[C@@H]5C=CO[C@@H]5OC4=C1,Active
7927,363897486,148744,C=CC1=CN(C(=O)NC1=O)[C@H]2C[C@@H]([C@H](O2)CO)O,Active
7928,363897486,148744,C=CC1=CN(C(=O)NC1=O)[C@H]2C[C@@H]([C@H](O2)CO)O,Active
7929,363897487,41466,C1CC(CN(C1)N=O)O,Active
7930,363897488,41468,CC1CN(C(CN1N=O)C)N=O,Active
7931,363897489,41469,C1CN(CCC1=O)N=O,Unspecified
7932,363897489,41469,C1CN(CCC1=O)N=O,Active
7933,363897490,41470,C1CN(CC=C1)N=O,Active
7934,363897490,41470,C1CN(CC=C1)N=O,Unspecified
7935,363897490,41470,C1CN(CC=C1)N=O,Unspecified
7936,363897490,41470,C1CN(CC=C1)N=O,Active
7937,363897491,41471,C1CN(CCC1O)N=O,Unspecified
7938,363897491,41471,C1CN(CCC1O)N=O,Unspecified
7939,363897491,41471,C1CN(CCC1O)N=O,Unspecified
7940,363897491,41471,C1CN(CCC1O)N=O,Active
7941,363897492,41472,CC1CN(CCN1N=O)N=O,Active
7942,363897493,41473,C1CN(CCN(C1)N=O)N=O,Active
7943,363897494,62103,COC(=O)C1=CCCN(C1)N=O,Unspecified
7944,363897494,62103,COC(=O)C1=CCCN(C1)N=O,Active
7945,363897495,41478,C(O)[P+](CO)(CO)CO.C(O)[P+](CO)(CO)CO.[O-]S(=O)(=O)[O-],Unspecified
7946,363897496,41490,CCCCN(CC(CC)O)N=O,Active
7947,363897497,9570442,CN(C)/C=N/C1=NN=C(O1)/C=C/C2=CC=C(O2)[N+](=O)[O-],Active
7948,363897498,41666,CC(=O)ON(C)C1=CC=C(C=C1)N=NC2=CC=C(C=C2)C(=O)OC,Active
7949,363897499,148761,CC(=O)ON(C)C1=CC=C(C=C1)N=NC2=CC=CC=C2,Active
7950,363897500,,,Active
7951,363897501,3034827,C1CN(CC1O)N=O,Active
7952,363897502,6314185,CCNC(=O)/C=C(\C)/C=C/C=C(\C)/C=C/C1=C(C(=C(C=C1C)OC)C)C,Inactive
7953,363897503,440907,C[C@H]1[C@H]([C@@H]2[C@@H](O2)C3=CC(=O)[C@@]4(C[C@]13C)[C@@](O4)(C)C=O)OC(=O)C,Unspecified
7954,363897503,440907,C[C@H]1[C@H]([C@@H]2[C@@H](O2)C3=CC(=O)[C@@]4(C[C@]13C)[C@@](O4)(C)C=O)OC(=O)C,Active
7955,363897503,440907,C[C@H]1[C@H]([C@@H]2[C@@H](O2)C3=CC(=O)[C@@]4(C[C@]13C)[C@@](O4)(C)C=O)OC(=O)C,Inactive
7956,363897503,440907,C[C@H]1[C@H]([C@@H]2[C@@H](O2)C3=CC(=O)[C@@]4(C[C@]13C)[C@@](O4)(C)C=O)OC(=O)C,Active
7957,363897503,440907,C[C@H]1[C@H]([C@@H]2[C@@H](O2)C3=CC(=O)[C@@]4(C[C@]13C)[C@@](O4)(C)C=O)OC(=O)C,Active
7958,363897503,440907,C[C@H]1[C@H]([C@@H]2[C@@H](O2)C3=CC(=O)[C@@]4(C[C@]13C)[C@@](O4)(C)C=O)OC(=O)C,Active
7959,363897503,440907,C[C@H]1[C@H]([C@@H]2[C@@H](O2)C3=CC(=O)[C@@]4(C[C@]13C)[C@@](O4)(C)C=O)OC(=O)C,Unspecified
7960,363897504,41843,CCCN(CCCC(=O)O)N=O,Active
7961,363897505,148778,CC1C(C2C(O2)C3=CC(C4(CC13C)C(O4)(C)CO)O)OC(=O)C,Inactive
7962,363897506,441308,CC(C)NCC(COC1=CC=C(C=C1)CCOC)O.CC(C)NCC(COC1=CC=C(C=C1)CCOC)O.[C@@H]([C@H](C(=O)O)O)(C(=O)O)O,Unspecified
7963,363897507,41894,C1=CC2=C3C(=C1)C=CC4=C3C(=CC5=C4[C@@H]([C@@H](C=C5)O)O)C=C2,Inactive
7964,363897507,41894,C1=CC2=C3C(=C1)C=CC4=C3C(=CC5=C4[C@@H]([C@@H](C=C5)O)O)C=C2,Unspecified
7965,363897508,151342,C1=CC=C2C(=C1)C=CC=C2C3=CSC(=N3)N,Unspecified
7966,363897509,148779,CC1=C(C=C(C=C1)NC(=O)N(CCCl)N=O)NC(=O)N(CCCl)N=O,Active
7967,363897510,148784,CC1=C2CCC3=C2C(=CC4=C3C=C(C5=CC=CC=C54)C6=CC=CC=C6O)C=C1,Inactive
7968,363897511,42016,CC(=O)OCN(C)N=O,Active
7969,363897512,42027,C1=CC=C2C3=C4C(=CC2=C1)C=CC5=CC(=CC(=C54)C=C3)O,Inactive
7970,363897512,42027,C1=CC=C2C3=C4C(=CC2=C1)C=CC5=CC(=CC(=C54)C=C3)O,Active
7971,363897512,42027,C1=CC=C2C3=C4C(=CC2=C1)C=CC5=CC(=CC(=C54)C=C3)O,Active
7972,363897513,42028,C1=CC2=C3C(=C1)C=CC4=C5C(=CC(=C43)C=C2)C=CC=C5O,Unspecified
7973,363897513,42028,C1=CC2=C3C(=C1)C=CC4=C5C(=CC(=C43)C=C2)C=CC=C5O,Unspecified
7974,363897514,42029,C1=CC=C2C(=C1)C=C3C=CC4=C5C3=C2C(=CC5=CC=C4)O,Inactive
7975,363897514,42029,C1=CC=C2C(=C1)C=C3C=CC4=C5C3=C2C(=CC5=CC=C4)O,Active
7976,363897514,42029,C1=CC=C2C(=C1)C=C3C=CC4=C5C3=C2C(=CC5=CC=C4)O,Unspecified
7977,363897515,42030,C1=CC=C2C(=C1)C=C3C=CC4=C5C3=C2C=C(C5=CC=C4)O,Inactive
7978,363897515,42030,C1=CC=C2C(=C1)C=C3C=CC4=C5C3=C2C=C(C5=CC=C4)O,Unspecified
7979,363897515,42030,C1=CC=C2C(=C1)C=C3C=CC4=C5C3=C2C=C(C5=CC=C4)O,Active
7980,363897516,42094,CCCCN(C(CCC)OC(=O)C)N=O,Active
7981,363897517,42095,CCCCN(COC(=O)C)N=O,Active
7982,363897517,42095,CCCCN(COC(=O)C)N=O,Active
7983,363897518,,,Inactive
7984,363897519,42120,CCOC1CC2C(CC3C(CC2(C(O1)OCC)C)C(=C)C(=O)O3)C,Active
7985,363897520,42295,C[C@@H]1C[C@@H]2[C@H](C[C@]3([C@H]1C[C@@H](O[C@H]3O)O)C)C(=C)C(=O)O2,Active
7986,363897521,9570633,C/C(=N\OC(=O)N(C)N=O)/SC,Active
7987,363897522,42244,CC1=C2C=CC3=C(C2=C(C4=CC=CC=C14)C)C=CC(=C3)O,Inactive
7988,363897522,42244,CC1=C2C=CC3=C(C2=C(C4=CC=CC=C14)C)C=CC(=C3)O,Unspecified
7989,363897523,98799,CCNCCNC1=C2C(=C(C=C1)CO)SC3=C(C2=O)C=CC(=C3)Cl,Active
7990,363897524,72714,CCN(CCNC1=C2C(=C(C=C1)CO)SC3=CC=CC=C3C2=O)CC(C)(C)O,Active
7991,363897525,42267,C1=CC2=C3C(=C1)C=CC4=C3C(=CC5=C4C=CC(=C5O)O)C=C2,Active
7992,363897525,42267,C1=CC2=C3C(=C1)C=CC4=C3C(=CC5=C4C=CC(=C5O)O)C=C2,Active
7993,363897526,104853,C1=CC2=C3C(=C1)C=CC4=C3C(=CC5=C4C=C[C@@H]([C@H]5O)O)C=C2,Active
7994,363897526,104853,C1=CC2=C3C(=C1)C=CC4=C3C(=CC5=C4C=C[C@@H]([C@H]5O)O)C=C2,Active
7995,363897526,104853,C1=CC2=C3C(=C1)C=CC4=C3C(=CC5=C4C=C[C@@H]([C@H]5O)O)C=C2,Active
7996,363897526,104853,C1=CC2=C3C(=C1)C=CC4=C3C(=CC5=C4C=C[C@@H]([C@H]5O)O)C=C2,Active
7997,363897527,151376,C1=CC2=C3C(=C1)C=CC4=C3C(=CC5=C6C(O6)C(C(C45)O)O)C=C2,Active
7998,363897528,91666,C1CN(CC(C1Cl)Cl)N=O,Active
7999,363897528,91666,C1CN(CC(C1Cl)Cl)N=O,Unspecified
8000,363897528,91666,C1CN(CC(C1Cl)Cl)N=O,Unspecified
8001,363897529,92355,C1CN(CC(C1Br)Br)N=O,Active
8002,363897529,92355,C1CN(CC(C1Br)Br)N=O,Active
8003,363897530,451415,CC[C@]1(C[C@@H](C2=C(C3=C(C=C2[C@H]1C(=O)OC)C(=O)C4=C(C3=O)C(=CC=C4)O)O)O[C@H]5C[C@@H]([C@@H]([C@@H](O5)C)O[C@H]6C[C@@H]([C@@H]([C@@H](O6)C)O[C@H]7CCC(=O)[C@@H](O7)C)O)N(C)C)O,Unspecified
8004,363897531,148809,C1=CC=C2C(=C1)C(=NC(=N2)C3=CC=C(S3)N)NCCO,Unspecified
8005,363897532,148810,C1=CC=C2C(=C1)C(=NC(=N2)C3=CC=C(S3)N)NCC(CO)O,Unspecified
8006,363897533,72292,CCCCCCCCCCCCCC(=O)O[C@@H]1[C@H]([C@]2([C@@H](C=C(C[C@]3([C@H]2C=C(C3=O)C)OC)CO)[C@H]4[C@@]1(C4(C)C)OC(=O)C)O)C,Unspecified
8007,363897533,72292,CCCCCCCCCCCCCC(=O)O[C@@H]1[C@H]([C@]2([C@@H](C=C(C[C@]3([C@H]2C=C(C3=O)C)OC)CO)[C@H]4[C@@]1(C4(C)C)OC(=O)C)O)C,Inactive
8008,363897534,25077495,CCNC(=O)[C@@H]1CCCN1C(=O)[C@H](CCCN=C(N)N)NC(=O)[C@H](CC(C)C)NC(=O)[C@@H](CC2=CNC3=CC=CC=C32)NC(=O)[C@H](CC4=CC=C(C=C4)O)NC(=O)[C@H](CO)NC(=O)[C@H](CC5=CNC6=CC=CC=C65)NC(=O)[C@H](CC7=CN=CN7)NC(=O)[C@@H]8CCC(=O)N8,Active
8009,363897535,3151,C1CN(CCC1N2C3=C(C=C(C=C3)Cl)NC2=O)CCCN4C5=CC=CC=C5NC4=O,Active
8010,363897536,42575,C1C2=C(CC3=C1C4=CC=CC=C4C=C3)C5=CC=CC=C5C=C2,Active
8011,363897537,442089,C[C@@]12CCC[C@@]([C@H]1CC[C@]34[C@H]2CC[C@](C3)(C(=C)C4)O[C@H]5[C@@H]([C@H]([C@@H]([C@H](O5)CO)O)O)O[C@H]6[C@@H]([C@H]([C@@H]([C@H](O6)CO)O)O)O)(C)C(=O)O[C@H]7[C@@H]([C@H]([C@@H]([C@H](O7)CO)O)O)O,Unspecified
8012,363897538,42623,COC1=CC=C(C=C1)C2=CN=C(N2)NC(=O)OC,Active
8013,363897539,114963,CC(=O)OC1=CC=CC2=C1C(=O)C3=C(C=C4C(=C3O2)C5C=COC5O4)OC,Unspecified
8014,363897540,151546,C1=CC2=C3C(=C1)C=CC4=C3C(=CC5=C4[C@@H]([C@H]([C@H]6[C@@H]5O6)O)O)C=C2,Inactive
8015,363897541,,,Active
8016,363897542,42640,CN1CCN(CC1)C2=CC=C(C3=NO[N+](=C23)[O-])[N+](=O)[O-],Active
8017,363897543,42642,CCC(C)C1=CC=CC=C1OC(=O)N(C)N=O,Active
8018,363897543,42642,CCC(C)C1=CC=CC=C1OC(=O)N(C)N=O,Active
8019,363897544,42643,CC(C)C1=CC=CC=C1OC(=O)N(C)N=O,Active
8020,363897544,42643,CC(C)C1=CC=CC=C1OC(=O)N(C)N=O,Active
8021,363897545,42644,CC1=C(C=C(C=C1)OC(=O)N(C)N=O)C,Active
8022,363897545,42644,CC1=C(C=C(C=C1)OC(=O)N(C)N=O)C,Active
8023,363897546,42645,CC1=CC(=CC(=C1)OC(=O)N(C)N=O)C,Active
8024,363897546,42645,CC1=CC(=CC(=C1)OC(=O)N(C)N=O)C,Active
8025,363897547,42646,CC1=CC(=CC=C1)OC(=O)N(C)N=O,Active
8026,363897547,42646,CC1=CC(=CC=C1)OC(=O)N(C)N=O,Active
8027,363897548,42647,C1=C(SC(=C1)[N+](=O)[O-])C2=CSC(=N2)NC=O,Active
8028,363897549,42648,C1=CC=C2C(=C1)C(=NC(=N2)C3=CC=CS3)N(CCO)CCO,Unspecified
8029,363897550,148824,C1COCCN1C2=NC(=NC3=CC=CC=C32)C4=CC=C(S4)[N+](=O)[O-],Active
8030,363897551,148825,C1=CC=C2C(=C1)C(=NC(=N2)C3=CC=C(S3)N)N(CCO)CCO,Unspecified
8031,363897552,148826,C1COCCN1C2=NC(=NC3=CC=CC=C32)C4=CC=C(S4)N,Unspecified
8032,363897553,148827,C1=C(SC=C1[N+](=O)[O-])C2=CSC(=N2)N,Active
8033,363897554,42649,C1=C(SC=C1[N+](=O)[O-])C2=CSC(=N2)NC=O,Active
8034,363897555,42650,CC(=O)NC1=NC(=CS1)C2=CC(=CS2)[N+](=O)[O-],Active
8035,363897556,148828,C1=C(NC(=C1)[N+](=O)[O-])C2=CSC(=N2)N,Unspecified
8036,363897557,42651,C1=C(NC(=C1)[N+](=O)[O-])C2=CSC(=N2)NC=O,Unspecified
8037,363897558,148829,C1=C(NC=C1[N+](=O)[O-])C2=CSC(=N2)N,Unspecified
8038,363897559,42652,C1=C(NC=C1[N+](=O)[O-])C2=CSC(=N2)NC=O,Unspecified
8039,363897560,42653,CC(=O)NC1=NC(=CS1)C2=CC(=CN2)[N+](=O)[O-],Unspecified
8040,363897561,42654,C1=C(N=C(S1)N)C2=CSC(=N2)N,Unspecified
8041,363897562,4066030,CC(=O)NC1=NC(=CS1)C2=CSC(=N2)NC(=O)C,Unspecified
8042,363897563,42664,CN(C(=O)OC1=CC=CC=C1Cl)N=O,Active
8043,363897563,42664,CN(C(=O)OC1=CC=CC=C1Cl)N=O,Active
8044,363897564,107728,COC1=C2C3=C(C(=O)CC3)C(=O)OC2=C4[C@@H]5[C@H]([C@@H](O[C@@H]5OC4=C1)Cl)Cl,Active
8045,363897565,62938,CN(C)CCC=C1C2=CC=CC=C2C3C(O3)C4=CC=CC=C41,Unspecified
8046,363897566,42723,CC1=C2C=C[N+](=CC2=C(C3=C1NC4=C3C=C(C=C4)O)C)C,Active
8047,363897567,42809,COC1=C(C=CC(=C1)N=NC2=CC=CC=C2)[N+](=O)[O-],Active
8048,363897568,2762649,CC[N+]1=C2C=C(C=CC2=C3C=CC(=CC3=C1C4=CC=CC=C4)N=[N+]=[N-])N.[Br-],Unspecified
8049,363897569,151580,C1=CC(=CC=C1CCN)N(CCCl)CCCl,Active
8050,363897570,42620,C1=CC2=C3C(=C1)C=CC4=C3C(=CC5=C4[C@H]([C@@H](C=C5)O)O)C=C2,Unspecified
8051,363897570,42620,C1=CC2=C3C(=C1)C=CC4=C3C(=CC5=C4[C@H]([C@@H](C=C5)O)O)C=C2,Inactive
8052,363897570,42620,C1=CC2=C3C(=C1)C=CC4=C3C(=CC5=C4[C@H]([C@@H](C=C5)O)O)C=C2,Active
8053,363897570,42620,C1=CC2=C3C(=C1)C=CC4=C3C(=CC5=C4[C@H]([C@@H](C=C5)O)O)C=C2,Unspecified
8054,363897570,42620,C1=CC2=C3C(=C1)C=CC4=C3C(=CC5=C4[C@H]([C@@H](C=C5)O)O)C=C2,Unspecified
8055,363897571,44461,C1=CC2=C3C(=C1)C=CC4=C3C(=CC5=C4[C@@H]6[C@@H](O6)[C@H]([C@@H]5O)O)C=C2,Active
8056,363897571,44461,C1=CC2=C3C(=C1)C=CC4=C3C(=CC5=C4[C@@H]6[C@@H](O6)[C@H]([C@@H]5O)O)C=C2,Active
8057,363897571,44461,C1=CC2=C3C(=C1)C=CC4=C3C(=CC5=C4[C@@H]6[C@@H](O6)[C@H]([C@@H]5O)O)C=C2,Active
8058,363897571,44461,C1=CC2=C3C(=C1)C=CC4=C3C(=CC5=C4[C@@H]6[C@@H](O6)[C@H]([C@@H]5O)O)C=C2,Active
8059,363897571,44461,C1=CC2=C3C(=C1)C=CC4=C3C(=CC5=C4[C@@H]6[C@@H](O6)[C@H]([C@@H]5O)O)C=C2,Active
8060,363897572,42879,C1=CC2=C3C(=C1)C=CC4=C3C(=CC5=C4[C@H]6[C@H](O6)[C@@H]([C@H]5O)O)C=C2,Active
8061,363897572,42879,C1=CC2=C3C(=C1)C=CC4=C3C(=CC5=C4[C@H]6[C@H](O6)[C@@H]([C@H]5O)O)C=C2,Unspecified
8062,363897572,42879,C1=CC2=C3C(=C1)C=CC4=C3C(=CC5=C4[C@H]6[C@H](O6)[C@@H]([C@H]5O)O)C=C2,Active
8063,363897573,114725,C1=CC=C2C(=C1)[C@@H]([C@H](C3=CC=CC=C3N2C(=O)N)O)O,Active
8064,363897573,114725,C1=CC=C2C(=C1)[C@@H]([C@H](C3=CC=CC=C3N2C(=O)N)O)O,Active
8065,363897574,72172,CC(C)C[C@@H](C(=O)O)NC(=O)[C@H]([C@@H](CC1=CC=CC=C1)N)O,Unspecified
8066,363897575,,,Unspecified
8067,363897576,42925,CC1=C2C=C(C3=CC=CC=C3C2=C(C4=CC=CC=C14)C)O,Inactive
8068,363897576,42925,CC1=C2C=C(C3=CC=CC=C3C2=C(C4=CC=CC=C14)C)O,Unspecified
8069,363897577,,,Unspecified
8070,363897578,162167,[NH4+].[O-2].[O-2].[O-2].[O-2].[O-2].[Sb+3].[W],Active
8071,363897579,84061,[2H]C1(CNP(=O)(OC1)N(CCCl)CCCl)[2H],Active
8072,363897580,3036626,CC1=C[C@@]2([C@H](CC3=CNC4=C(C=CC2=C34)Cl)NC)OC1=O,Inactive
8073,363897581,5284373,CC[C@H]1C(=O)N(CC(=O)N([C@H](C(=O)N[C@H](C(=O)N([C@H](C(=O)N[C@H](C(=O)N[C@@H](C(=O)N([C@H](C(=O)N([C@H](C(=O)N([C@H](C(=O)N([C@H](C(=O)N1)[C@@H]([C@H](C)C/C=C/C)O)C)C(C)C)C)CC(C)C)C)CC(C)C)C)C)C)CC(C)C)C)C(C)C)CC(C)C)C)C,Inactive
8074,363897582,43107,CC1=[N+](C=C(N1C)[N+](=O)[O-])C,Unspecified
8075,363897583,43108,CN1C=[N+](C=C1[N+](=O)[O-])C,Unspecified
8076,363897584,148868,C1C(O1)C(=O)C2=CC3=C(C=C2)OCO3,Active
8077,363897585,23621274,CC(=O)OC(C1CO1)C2=CC3=C(C=C2)OCO3,Active
8078,363897586,43111,C1C(O1)C(C2=CC3=C(C=C2)OCO3)O,Unspecified
8079,363897586,43111,C1C(O1)C(C2=CC3=C(C=C2)OCO3)O,Active
8080,363897587,151603,C1CN(CCN1CCO)C2CC3=C(C=CC(=C3)Cl)SC4=CC=CC=C24.C(CC(=O)O)C(=O)O,Inactive
8081,363897588,43175,C(C(=O)[O-])N(CC(=O)[O-])CC(=O)[O-].[Na+].[Ca+2],Inactive
8082,363897589,45276604,CC(=O)OC[C@@H]1[C@H]([C@@H]([C@H]([C@@H](O1)OC2=C(C3=C(C=C2)C(=O)C4=CC=CC=C4C3=O)O)OC(=O)C)OC(=O)C)OC(=O)C,Unspecified
8083,363897590,86287563,CC(=O)OC[C@@H]1[C@H]([C@@H]([C@H]([C@@H](O1)OC2=CC=CC3=C2C(=O)C4=C(C3=O)C=CC=C4O)OC(=O)C)OC(=O)C)OC(=O)C,Active
8084,363897591,148873,COC1=CC=C(C=C1)C2=C(C3=C(C=C(C=C3)OC)C4=C2C=CC(=C4)OC)C5=CC=C(C=C5)OC,Unspecified
8085,363897592,43237,COC1=CC2=C3C4=C(C=CC(=C4)OC)C5=C(C3=C6C=C(C=CC6=C2C=C1)OC)C=C(C=C5)OC,Active
8086,363897593,43240,CC(=O)NC1=CC=C(C=C1)C(C(C2=CC=CC=C2)O)O,Unspecified
8087,363897594,43244,C1=CC2=C3C(=C1)C=CC4=C3C(=CC5=C4C6C(O6)[C@@H]([C@H]5O)O)C=C2,Active
8088,363897594,43244,C1=CC2=C3C(=C1)C=CC4=C3C(=CC5=C4C6C(O6)[C@@H]([C@H]5O)O)C=C2,Active
8089,363897594,43244,C1=CC2=C3C(=C1)C=CC4=C3C(=CC5=C4C6C(O6)[C@@H]([C@H]5O)O)C=C2,Active
8090,363897594,43244,C1=CC2=C3C(=C1)C=CC4=C3C(=CC5=C4C6C(O6)[C@@H]([C@H]5O)O)C=C2,Active
8091,363897595,43245,C1=CC2=C3C(=C1)C=CC4=C3C(=CC5=C4C6C(O6)[C@H]([C@H]5O)O)C=C2,Active
8092,363897595,43245,C1=CC2=C3C(=C1)C=CC4=C3C(=CC5=C4C6C(O6)[C@H]([C@H]5O)O)C=C2,Active
8093,363897595,43245,C1=CC2=C3C(=C1)C=CC4=C3C(=CC5=C4C6C(O6)[C@H]([C@H]5O)O)C=C2,Active
8094,363897595,43245,C1=CC2=C3C(=C1)C=CC4=C3C(=CC5=C4C6C(O6)[C@H]([C@H]5O)O)C=C2,Active
8095,363897595,43245,C1=CC2=C3C(=C1)C=CC4=C3C(=CC5=C4C6C(O6)[C@H]([C@H]5O)O)C=C2,Active
8096,363897596,148875,C1=CC(=CC=C1C2(C(=O)NC(=O)N2)C3=CC=C(C=C3)O)O,Unspecified
8097,363897597,43256,C(C(=O)O)N(C(=O)N)N=O,Unspecified
8098,363897598,121488464,C1=CC=C2C(=C1)C=C3C=CC4=C5C3=C2[C@H]6[C@@H](C5=CC=C4)O6,Active
8099,363897598,121488464,C1=CC=C2C(=C1)C=C3C=CC4=C5C3=C2[C@H]6[C@@H](C5=CC=C4)O6,Unspecified
8100,363897598,121488464,C1=CC=C2C(=C1)C=C3C=CC4=C5C3=C2[C@H]6[C@@H](C5=CC=C4)O6,Active
8101,363897599,149755,CC[C@]1(C[C@@H](C2=C(C3=C(C=C2[C@H]1C(=O)OC)C(=O)C4=C(C3=O)C(=CC=C4)O)O)O[C@H]5C[C@@H]([C@@H]([C@@H](O5)C)O)N(C)C)O,Unspecified
8102,363897600,149555,C1=CC2=C3C(=C1)C=CC4=C3C(=CC5=C4C=C[C@H]([C@H]5O)O)C=C2,Unspecified
8103,363897601,43384,C1=CC=C2C(=C1)C=C3C=CC4=C5C3=C2C(=O)C(=O)C5=CC=C4,Inactive
8104,363897601,43384,C1=CC=C2C(=C1)C=C3C=CC4=C5C3=C2C(=O)C(=O)C5=CC=C4,Unspecified
8105,363897602,43385,C1=CC=C2C(=C1)C=C3C=CC4=C5C3=C2[C@H]([C@@H](C5=CC=C4)O)O,Active
8106,363897602,43385,C1=CC=C2C(=C1)C=C3C=CC4=C5C3=C2[C@H]([C@@H](C5=CC=C4)O)O,Unspecified
8107,363897603,43391,CC[NH+](CC)CCN1C2=C3C(=C(C=C2)C)SC4=C(C3=[N+]1[O-])C=CC(=C4)Cl.CS(=O)(=O)[O-],Unspecified
8108,363897604,43392,CC[NH+](CC)CCN1C2=C3C(=C(C=C2)CO)SC4=C(C3=[N+]1[O-])C=CC(=C4)Cl.CS(=O)(=O)[O-],Unspecified
8109,363897605,148898,C(CNC(=O)N(CCCl)N=O)NC(=O)N(CCCl)N=O,Active
8110,363897605,148898,C(CNC(=O)N(CCCl)N=O)NC(=O)N(CCCl)N=O,Active
8111,363897606,148899,CC(CNC(=O)N(CCCl)N=O)NC(=O)N(CCCl)N=O,Active
8112,363897606,148899,CC(CNC(=O)N(CCCl)N=O)NC(=O)N(CCCl)N=O,Active
8113,363897607,100735,C(CCNC(=O)N(CCCl)N=O)CNC(=O)N(CCCl)N=O,Active
8114,363897607,100735,C(CCNC(=O)N(CCCl)N=O)CNC(=O)N(CCCl)N=O,Active
8115,363897608,148900,C(CCNC(=O)N(CCCl)N=O)CCNC(=O)N(CCCl)N=O,Active
8116,363897608,148900,C(CCNC(=O)N(CCCl)N=O)CCNC(=O)N(CCCl)N=O,Active
8117,363897609,148901,C(CCCNC(=O)N(CCCl)N=O)CCNC(=O)N(CCCl)N=O,Active
8118,363897609,148901,C(CCCNC(=O)N(CCCl)N=O)CCNC(=O)N(CCCl)N=O,Active
8119,363897610,68804,C(CO)NC(=O)N(CCCl)N=O,Active
8120,363897610,68804,C(CO)NC(=O)N(CCCl)N=O,Active
8121,363897611,148902,C(CNC(=O)N(CCCl)N=O)CO,Active
8122,363897611,148902,C(CNC(=O)N(CCCl)N=O)CO,Active
8123,363897612,148903,C(CCO)CNC(=O)N(CCCl)N=O,Active
8124,363897613,43474,CC1=C2C(=CC=C1)C=CC3=C(C4=CC=CC=C4C(=C32)C)C,Inactive
8125,363897614,104889,C1=CC2=C3C(=C1)C=CC4=C3C(=CC5=C4C=C[C@H]([C@@H]5O)O)C=C2,Active
8126,363897614,104889,C1=CC2=C3C(=C1)C=CC4=C3C(=CC5=C4C=C[C@H]([C@@H]5O)O)C=C2,Active
8127,363897615,43509,C1=CC=C2C=C3C(=CC2=C1)C=CC4=C3[C@H]([C@@H](C=C4)O)O,Active
8128,363897615,43509,C1=CC=C2C=C3C(=CC2=C1)C=CC4=C3[C@H]([C@@H](C=C4)O)O,Unspecified
8129,363897616,43510,C1=CC=C2C=C3C(=CC2=C1)C=CC4=C3C=C[C@H]([C@@H]4O)O,Active
8130,363897616,43510,C1=CC=C2C=C3C(=CC2=C1)C=CC4=C3C=C[C@H]([C@@H]4O)O,Active
8131,363897616,43510,C1=CC=C2C=C3C(=CC2=C1)C=CC4=C3C=C[C@H]([C@@H]4O)O,Active
8132,363897617,43511,C1=CC=C2C(=C1)C=CC3=CC4=C(C=C32)[C@H]([C@@H](C=C4)O)O,Active
8133,363897617,43511,C1=CC=C2C(=C1)C=CC3=CC4=C(C=C32)[C@H]([C@@H](C=C4)O)O,Unspecified
8134,363897618,149740,CC1CN(CC(N1C(=O)C2=CC=CC=C2)C)N=O,Unspecified
8135,363897619,472172,C#CC1=CN(C(=O)NC1=O)[C@H]2C[C@@H]([C@H](O2)CO)O,Active
8136,363897619,472172,C#CC1=CN(C(=O)NC1=O)[C@H]2C[C@@H]([C@H](O2)CO)O,Active
8137,363897620,43560,C1[C@@H]([C@@H]([C@H](C2=C1C3=C4C(=C2)C=CC5=C4C(=CC=C5)C=C3)O)O)O,Inactive
8138,363897621,43604,C1=CC(=CC=C1OC2=CC(=C(C=C2Cl)Cl)Cl)Cl,Inactive
8139,363897621,43604,C1=CC(=CC=C1OC2=CC(=C(C=C2Cl)Cl)Cl)Cl,Inactive
8140,363897621,43604,C1=CC(=CC=C1OC2=CC(=C(C=C2Cl)Cl)Cl)Cl,Inactive
8141,363897622,43636,CC1=CC2=CC=CC=C2C3=C1C4=CC=CC=C4C(=C3)F,Unspecified
8142,363897623,104853,C1=CC2=C3C(=C1)C=CC4=C3C(=CC5=C4C=C[C@@H]([C@H]5O)O)C=C2,Active
8143,363897623,104853,C1=CC2=C3C(=C1)C=CC4=C3C(=CC5=C4C=C[C@@H]([C@H]5O)O)C=C2,Active
8144,363897624,43659,CN(CCCC(=O)O)N=O,Unspecified
8145,363897625,43674,C1=CC2=C3C(=C1)C=CC4=C3C(=CC5=C4[C@@H]([C@H]([C@@H]([C@H]5O)O)O)O)C=C2,Inactive
8146,363897626,24835369,C1=CC2=C3C(=C1)C=CC4=C3C(=CC5=C4[C@@H]([C@@H]([C@@H]([C@H]5O)O)O)O)C=C2,Inactive
8147,363897627,43676,C1=CC2=C3C(=C1)C=CC4=C3C(=CC5=C4[C@@H]([C@@H]([C@H]([C@@H]5O)O)O)O)C=C2,Inactive
8148,363897628,131882064,CC(=O)NC1=CC=C(C=C1)[C@H]2[C@@H](O2)C3=CC=CC=C3,Unspecified
8149,363897629,131882063,CC(=O)NC1=CC=C(C=C1)[C@H]2[C@H](O2)C3=CC=CC=C3,Unspecified
8150,363897630,43715,CC(=O)OC(C=C)C1=CC=C(C=C1)OC,Active
8151,363897631,43716,CC(=O)OC(C=C)C1=CC=C(C2=CC=CC=C21)OC,Active
8152,363897632,43719,C1C(O1)C2=C3C=CC4=CC=CC=C4C3=CC5=CC=CC=C52,Active
8153,363897633,43720,C1C(O1)C2=C3C=CC=CC3=CC4=CC=CC=C42,Active
8154,363897634,100333,C1C(O1)C2=C3C=CC4=CC=CC5=C4C3=C(C=C5)C=C2,Active
8155,363897635,22584,C1=CC(=C(C=C1N)Cl)N.OS(=O)(=O)O,Inactive
8156,363897636,43766,CCCCCN(CCCCO)N=O,Active
8157,363897637,43767,CC(C)(C)N(CCCCO)N=O,Unspecified
8158,363897638,119289,CCN(CCCO)N=O,Active
8159,363897639,43768,CCCCN(CCC(=O)C)N=O,Active
8160,363897640,43769,CCCCN(CC(=O)CC)N=O,Active
8161,363897641,43777,CC1=C2C3=C(C=CC2=C(C=C1)F)C4=CC=CC=C4C=C3,Unspecified
8162,363897642,43788,CCCN1CCN(CC1)C2=CC=C(C3=NO[N+](=C23)[O-])[N+](=O)[O-],Active
8163,363897643,43789,C1CN(CCN1CCO)C2=CC=C(C3=NO[N+](=C23)[O-])[N+](=O)[O-],Active
8164,363897644,,,Active
8165,363897645,,,Active
8166,363897646,43790,C1CN1C2=CC=C(C3=NO[N+](=C23)[O-])[N+](=O)[O-],Active
8167,363897647,43791,C1CN(CCN1C2=CC=CC=C2)C3=CC=C(C4=NO[N+](=C34)[O-])[N+](=O)[O-],Active
8168,363897648,43792,COC1=CC=C(C=C1)N2CCN(CC2)C3=CC=C(C4=NO[N+](=C34)[O-])[N+](=O)[O-],Active
8169,363897649,43795,C1CN(CCN1CC2=CC=CC=C2)C3=CC=C(C4=NO[N+](=C34)[O-])[N+](=O)[O-],Active
8170,363897650,,,Inactive
8171,363897651,43813,CCCCN(CC(=O)O)N=O,Unspecified
8172,363897652,149741,CS(=O)(=O)OCCNC(=O)N(CCCl)N=O,Active
8173,363897652,149741,CS(=O)(=O)OCCNC(=O)N(CCCl)N=O,Active
8174,363897653,43869,C1=CC=C(C=C1)N(CCCCO)N=O,Unspecified
8175,363897654,43870,C(CCO)CN(CCO)N=O,Active
8176,363897655,43871,C(CCO)CN(CCCO)N=O,Unspecified
8177,363897656,43872,CCCCN(CC(CCO)O)N=O,Active
8178,363897657,43873,CCCCN(CCC(=O)O)N=O,Active
8179,363897658,43874,CC(C)(C)N(CCCC(=O)O)N=O,Unspecified
8180,363897659,43875,CCCCCN(CCCC(=O)O)N=O,Unspecified
8181,363897660,104853,C1=CC2=C3C(=C1)C=CC4=C3C(=CC5=C4C=C[C@@H]([C@H]5O)O)C=C2,Active
8182,363897660,104853,C1=CC2=C3C(=C1)C=CC4=C3C(=CC5=C4C=C[C@@H]([C@H]5O)O)C=C2,Active
8183,363897661,5284474,CC1=C2C(=C(N=C1N)C)C3=CC=CC=C3N2,Active
8184,363897661,5284474,CC1=C2C(=C(N=C1N)C)C3=CC=CC=C3N2,Active
8185,363897661,5284474,CC1=C2C(=C(N=C1N)C)C3=CC=CC=C3N2,Active
8186,363897661,5284474,CC1=C2C(=C(N=C1N)C)C3=CC=CC=C3N2,Active
8187,363897661,5284474,CC1=C2C(=C(N=C1N)C)C3=CC=CC=C3N2,Active
8188,363897662,5284476,CC1=C2C3=CC=CC=C3NC2=CC(=N1)N,Active
8189,363897662,5284476,CC1=C2C3=CC=CC=C3NC2=CC(=N1)N,Active
8190,363897662,5284476,CC1=C2C3=CC=CC=C3NC2=CC(=N1)N,Active
8191,363897662,5284476,CC1=C2C3=CC=CC=C3NC2=CC(=N1)N,Active
8192,363897662,5284476,CC1=C2C3=CC=CC=C3NC2=CC(=N1)N,Active
8193,363897662,5284476,CC1=C2C3=CC=CC=C3NC2=CC(=N1)N,Active
8194,363897662,5284476,CC1=C2C3=CC=CC=C3NC2=CC(=N1)N,Active
8195,363897662,5284476,CC1=C2C3=CC=CC=C3NC2=CC(=N1)N,Active
8196,363897663,149742,C1C(C1N2C(=O)CNCC2=O)N3C(=O)CNCC3=O,Inactive
8197,363897664,44074,COC(=O)C[NH+](CC(=O)OC)[C@@H]1CC1[NH+](CC(=O)OC)CC(=O)OC.[Cl-].[Cl-],Active
8198,363897665,44076,C1[C@H](C1N(CC(=O)O)CC(=O)O)N(CC(=O)O)CC(=O)O,Active
8199,363897666,44094,CCC(CC)C1=CC(=CC=C1)OC(=O)N(C)N=O,Active
8200,363897667,44098,CC1(CC2=C(O1)C(=CC=C2)OC(=O)N(C)N=O)C,Active
8201,363897668,96485,C1CNC(=O)N(C1)N=O,Active
8202,363897669,124937,CC1CN(C(=O)NC1=O)N=O,Active
8203,363897670,44105,CCOC(=O)N(CCO)N=O,Active
8204,363897671,44106,CC1=C2C=CC3=C(C2=CC4=CC=CC=C14)C(C(C=C3)O)O,Active
8205,363897672,44107,CC1=C2C=CC3=C(C2=CC4=CC=CC=C14)C=CC(C3O)O,Active
8206,363897672,44107,CC1=C2C=CC3=C(C2=CC4=CC=CC=C14)C=CC(C3O)O,Active
8207,363897672,44107,CC1=C2C=CC3=C(C2=CC4=CC=CC=C14)C=CC(C3O)O,Active
8208,363897673,44138,CCOC(=O)N(CCOC(=O)C)N=O,Active
8209,363897674,44184,COC1=CC=CC=C1N2CCN(CC2)C3=CC=C(C4=NO[N+](=C34)[O-])[N+](=O)[O-],Active
8210,363897675,44227,C1=CC(=CC=C1NC2=CC=C(C=C2)[N+](=O)[O-])N=C=O,Unspecified
8211,363897676,95662,COC1=C(C=CC(=C1)C(=O)CCN2CCCCC2)O,Inactive
8212,363897677,47442,C1=CC=C2C(=C1)C=CC3=CC4=C(C=C32)[C@H]5[C@H](O5)[C@H]([C@@H]4O)O,Active
8213,363897678,47443,C1=CC=C2C(=C1)C=CC3=CC4=C(C=C32)[C@@H]5[C@@H](O5)[C@H]([C@@H]4O)O,Active
8214,363897678,47443,C1=CC=C2C(=C1)C=CC3=CC4=C(C=C32)[C@@H]5[C@@H](O5)[C@H]([C@@H]4O)O,Active
8215,363897679,44374,C1=CC=C2C(=C1)C3=C4C(=C2[N+](=O)[O-])C=CC5=CC=CC(=C54)C=C3,Unspecified
8216,363897679,44374,C1=CC=C2C(=C1)C3=C4C(=C2[N+](=O)[O-])C=CC5=CC=CC(=C54)C=C3,Active
8217,363897680,108128,CCN(CCCNC1=C2C=C(C=CC2=NC3=C1C=CC(=C3)Cl)OC)CCO.Cl.Cl,Unspecified
8218,363897680,108128,CCN(CCCNC1=C2C=C(C=CC2=NC3=C1C=CC(=C3)Cl)OC)CCO.Cl.Cl,Inactive
8219,363897681,,,Inactive
8220,363897682,44437,CCCCCCCCCCCCCC(=O)ON(C1=CC2=C(C=C1)C3=CC=CC=C3C2)C(=O)C,Active
8221,363897682,44437,CCCCCCCCCCCCCC(=O)ON(C1=CC2=C(C=C1)C3=CC=CC=C3C2)C(=O)C,Unspecified
8222,363897683,148994,CCCCCCCCCCCCCC(=O)N(C1=CC2=C(C=C1)C3=CC=CC=C3C2)OC(=O)C,Active
8223,363897683,148994,CCCCCCCCCCCCCC(=O)N(C1=CC2=C(C=C1)C3=CC=CC=C3C2)OC(=O)C,Active
8224,363897684,607397,CCCCCCCCCCCCCC(=O)N(C1=CC2=C(C=C1)C3=CC=CC=C3C2)OC(=O)CCCCCCCCCCCCC,Active
8225,363897684,607397,CCCCCCCCCCCCCC(=O)N(C1=CC2=C(C=C1)C3=CC=CC=C3C2)OC(=O)CCCCCCCCCCCCC,Unspecified
8226,363897685,,,Inactive
8227,363897686,44460,C1=CC2=C3C(=C1)C=CC4=C3C(=CC5=C4[C@@H]6[C@@H](O6)[C@@H]([C@H]5O)O)C=C2,Active
8228,363897687,42879,C1=CC2=C3C(=C1)C=CC4=C3C(=CC5=C4[C@H]6[C@H](O6)[C@@H]([C@H]5O)O)C=C2,Active
8229,363897687,42879,C1=CC2=C3C(=C1)C=CC4=C3C(=CC5=C4[C@H]6[C@H](O6)[C@@H]([C@H]5O)O)C=C2,Active
8230,363897688,44461,C1=CC2=C3C(=C1)C=CC4=C3C(=CC5=C4[C@@H]6[C@@H](O6)[C@H]([C@@H]5O)O)C=C2,Active
8231,363897688,44461,C1=CC2=C3C(=C1)C=CC4=C3C(=CC5=C4[C@@H]6[C@@H](O6)[C@H]([C@@H]5O)O)C=C2,Active
8232,363897689,44468,C1=CC2=C3C(=C1)C=CC4=C3C(=CC5=C4[C@H]6[C@H](O6)[C@H]([C@@H]5O)O)C=C2,Active
8233,363897689,44468,C1=CC2=C3C(=C1)C=CC4=C3C(=CC5=C4[C@H]6[C@H](O6)[C@H]([C@@H]5O)O)C=C2,Unspecified
8234,363897689,44468,C1=CC2=C3C(=C1)C=CC4=C3C(=CC5=C4[C@H]6[C@H](O6)[C@H]([C@@H]5O)O)C=C2,Active
8235,363897690,71961,CC1([C@@H](N2[C@H](S1)[C@@H](C2=O)NC(=O)[C@@H](C3=CC=C(C=C3)O)NC(=O)[C@@H](CC(=O)NC)N)C(=O)O)C,Unspecified
8236,363897691,44485,C1=CC=C2C(=C1)C=C(N2)C(=O)NO,Active
8237,363897692,44486,CN(C(=O)C1=CC=CC=C1)N=O,Active
8238,363897693,148371,CC1C(N(C(C(N1N=O)C)C)N=O)C,Unspecified
8239,363897694,149011,C1=CC=C(C=C1)C(=O)OCN=NC2=CC=CC=C2,Unspecified
8240,363897695,124995,CC(=O)OCN(CC1=CC=CC=C1)N=O,Unspecified
8241,363897696,93345,C1=CC(=CC=C1OC2=C(C=C(C=C2Cl)Cl)Cl)Cl,Inactive
8242,363897696,93345,C1=CC(=CC=C1OC2=C(C=C(C=C2Cl)Cl)Cl)Cl,Inactive
8243,363897696,93345,C1=CC(=CC=C1OC2=C(C=C(C=C2Cl)Cl)Cl)Cl,Inactive
8244,363897697,44588,C1CC2=C(C=CC3=C2C=CC4=CC=CC=C43)C(=O)C1,Active
8245,363897698,149014,CCCCC1=CC2=C(CCC2=O)C3=C1C4=CC=CC=C4C=C3,Unspecified
8246,363897699,149015,C1[C@@H]([C@H](O[C@H]1N2C=C(C(=O)NC2=O)[N+](=O)[O-])COP(=O)(O)O)O,Active
8247,363897699,149015,C1[C@@H]([C@H](O[C@H]1N2C=C(C(=O)NC2=O)[N+](=O)[O-])COP(=O)(O)O)O,Active
8248,363897700,149746,CC(C)NCCCNC1=C2C(=NC3=CC=CC=C31)C=CC=C2[N+](=O)[O-].Cl.Cl,Active
8249,363897700,149746,CC(C)NCCCNC1=C2C(=NC3=CC=CC=C31)C=CC=C2[N+](=O)[O-].Cl.Cl,Active
8250,363897701,,,Unspecified
8251,363897701,,,Active
8252,363897701,,,Unspecified
8253,363897702,6440108,C1OC2=C(O1)C=C(C=C2)C/C=C/O,Active
8254,363897703,149027,CN=NNC1=C(C=C(C=C1Cl)Cl)Cl,Unspecified
8255,363897704,45452,C(CSCCCl)OCCSCCCl,Active
8256,363897705,45626,COC1=CC=C(C=C1)C(=O)N2C3=CC=CC=C3CC4=CC=CC=C42,Active
8257,363897706,46548,COC1=C(C=CC(=C1)NNC2=CC=CC=C2)N=O.Cl,Active
8258,363897707,46550,COC1=C(C=CC(=C1)[NH2+]O)N=NC2=CC=CC=C2.[Cl-],Unspecified
8259,363897708,46552,COC1=C(C=CC(=C1)[N+](=O)[O-])N=NC2=CC=CC=C2,Unspecified
8260,363897709,,,Unspecified
8261,363897710,47289,CN(CCCC(=O)C1=CN=CC=C1)N=O,Active
8262,363897711,,,Unspecified
8263,363897712,125114,CN1C2=CC=CC(=C2C=N1)NC3=NCCO3,Unspecified
8264,363897712,125114,CN1C2=CC=CC(=C2C=N1)NC3=NCCO3,Unspecified
8265,363897713,149752,CC=CC#CC#CCC=CCCCCCC=C,Unspecified
8266,363897714,23694675,C1=CC=C(C=C1)C2=CC=C(C=C2)N([C@H]3[C@@H]([C@H]([C@@H]([C@H](O3)C(=O)[O-])O)O)O)O.[Na+],Active
8267,363897715,149050,C1=CN=C(N1)SCO,Inactive
8268,363897716,149753,CC[N+](CC)(CCNC1=C2C(=C(C=C1)CO)SC3=CC=CC=C3C2=O)[O-].C(=O)O,Active
8269,363897717,149053,C1=CSC(=C1)CN(CCBr)CCBr,Active
8270,363897718,47327,C1=CC=C2C(=C1)C=C3C=CC4=C5C3=C2[C@@H]([C@@H](C5=CC=C4)O)O,Inactive
8271,363897718,47327,C1=CC=C2C(=C1)C=C3C=CC4=C5C3=C2[C@@H]([C@@H](C5=CC=C4)O)O,Unspecified
8272,363897719,149202,CC(CCl)N(C1=CC2=CC=CC=C2C=C1)C(C)CCl,Unspecified
8273,363897720,21122896,C1=CC2=C(C=C1N)C=NN2.Cl,Active
8274,363897721,149054,CN(CCCCOC[C@@H](C(=O)O)N)N=O,Unspecified
8275,363897721,149054,CN(CCCCOC[C@@H](C(=O)O)N)N=O,Inactive
8276,363897722,149751,CN(CCCCCC(=O)OC[C@@H](C(=O)O)N)N=O,Unspecified
8277,363897722,149751,CN(CCCCCC(=O)OC[C@@H](C(=O)O)N)N=O,Unspecified
8278,363897723,149749,CC[N+](CC)(CCNC1=C2C(=C(C=C1)C)SC3=CC=CC=C3C2=O)[O-].CS(=O)(=O)O,Unspecified
8279,363897724,3036554,CN(CCCCC(=O)OC[C@@H](C(=O)O)N)N=O,Unspecified
8280,363897724,3036554,CN(CCCCC(=O)OC[C@@H](C(=O)O)N)N=O,Unspecified
8281,363897725,133065470,COC1=C2C3=C(C(=O)CC3)C(=O)OC2=C4[C@H]5[C@H](OC(C5Cl)O)OC4=C1,Unspecified
8282,363897726,44370,CC1=C2C(C(C3=C2C(=CC4=C3C=CC5=CC=CC=C54)C=C1)O)O,Active
8283,363897727,149204,C1=CC(=C(C=C1C2=CC(=C(C=C2)N)Cl)Cl)N.OS(=O)(=O)O,Active
8284,363897728,150200,CC[C@]1(C[C@@H](C2=C(C3=C(C=C2[C@H]1C(=O)OC)C(=O)C4=C(C3=O)C(=CC=C4)O)O)O[C@H]5C[C@@H]([C@@H]([C@@H](O5)C)O[C@H]6C[C@@H]([C@@H]([C@@H](O6)C)O[C@H]7CCC(=O)[C@@H](O7)C)O)NC)O,Unspecified
8285,363897729,43510,C1=CC=C2C=C3C(=CC2=C1)C=CC4=C3C=C[C@H]([C@@H]4O)O,Active
8286,363897730,96446,C1=CC(=CC=C1CCCCC(=O)O)N(CCCl)CCCl,Active
8287,363897731,47411,CC1=CC(=C(C(=C1)OC(=O)N(C)N=O)C)C,Active
8288,363897732,47412,CC1=C2C=CC3=C(C2=CC4=CC=CC=C14)[C@H]([C@@H](C=C3)O)O,Active
8289,363897732,47412,CC1=C2C=CC3=C(C2=CC4=CC=CC=C14)[C@H]([C@@H](C=C3)O)O,Active
8290,363897732,47412,CC1=C2C=CC3=C(C2=CC4=CC=CC=C14)[C@H]([C@@H](C=C3)O)O,Unspecified
8291,363897733,47413,CC1=C2C=CC3=C(C2=CC4=CC=CC=C14)C=C[C@H]([C@@H]3O)O,Active
8292,363897733,47413,CC1=C2C=CC3=C(C2=CC4=CC=CC=C14)C=C[C@H]([C@@H]3O)O,Active
8293,363897734,47414,CC1=C2[C@H]([C@@H](C=CC2=CC3=C1C=CC4=CC=CC=C43)O)O,Active
8294,363897734,47414,CC1=C2[C@H]([C@@H](C=CC2=CC3=C1C=CC4=CC=CC=C43)O)O,Active
8295,363897734,47414,CC1=C2[C@H]([C@@H](C=CC2=CC3=C1C=CC4=CC=CC=C43)O)O,Active
8296,363897734,47414,CC1=C2[C@H]([C@@H](C=CC2=CC3=C1C=CC4=CC=CC=C43)O)O,Unspecified
8297,363897735,47415,C1CC2=C(C3C1O3)C4=CC5=CC=CC=C5C=C4C=C2,Active
8298,363897736,47441,C1=CC=C2C=C3C(=CC2=C1)C=CC4=C3[C@H]5C(O5)[C@@H]([C@H]4O)O,Active
8299,363897737,47421,C1=CC=C2C=C3C(=CC2=C1)C=CC4=C3[C@H]5C(O5)[C@@H]([C@@H]4O)O,Active
8300,363897738,47442,C1=CC=C2C(=C1)C=CC3=CC4=C(C=C32)[C@H]5[C@H](O5)[C@H]([C@@H]4O)O,Active
8301,363897739,47443,C1=CC=C2C(=C1)C=CC3=CC4=C(C=C32)[C@@H]5[C@@H](O5)[C@H]([C@@H]4O)O,Active
8302,363897740,47420,C1=CC=C2C(=C1)C=CC3=CC4=C(C=C32)[C@H]([C@@H]([C@@H]5[C@H]4O5)O)O,Active
8303,363897741,21117267,C1C[C@H](N(C1)[N+](=O)[O-])C(=O)O,Unspecified
8304,363897742,98368,C1CCN(C(C1)C(=O)O)[N+](=O)[O-],Unspecified
8305,363897743,43509,C1=CC=C2C=C3C(=CC2=C1)C=CC4=C3[C@H]([C@@H](C=C4)O)O,Inactive
8306,363897744,2134,C1=CC=C2C(=C1)C(=O)C3=C(C=CC(=C3C2=O)NCCNCCO)NCCNCCO,Active
8307,363897745,47502,CC1=CC2=CC=CC=C2C3=C1C4=C(C=C3)C(=CC=C4)F,Unspecified
8308,363897746,47503,CC1=CC2=CC=CC=C2C3=C1C4=C(C=CC(=C4)F)C=C3,Unspecified
8309,363897747,47504,CC1=C(C2=CC=CC=C2C3=C1C4=CC=CC=C4C=C3)F,Unspecified
8310,363897748,47506,CC1=CC2=C(C=C(C=C2)F)C3=C1C4=CC=CC=C4C=C3,Unspecified
8311,363897749,47507,CC1=CC2=CC=CC=C2C3=C1C4=CC=CC=C4C=C3F,Unspecified
8312,363897750,47509,CC1=C(C(=CC=C1)C)NC(=O)NC(=NC)N.Cl,Unspecified
8313,363897751,125177,CC(CN(C)C)NC1=C2C(=NC3=CC=CC=C31)C=CC=C2[N+](=O)[O-].Cl.Cl,Active
8314,363897751,125177,CC(CN(C)C)NC1=C2C(=NC3=CC=CC=C31)C=CC=C2[N+](=O)[O-].Cl.Cl,Active
8315,363897752,150177,CC[C@]1(C[C@@H](C2=C(C3=C(C=C2[C@H]1C(=O)OC)C(=O)C4=C(C3=O)C(=CC=C4)O)O)O[C@H]5C[C@@H]([C@@H]([C@@H](O5)C)O)NC)O,Unspecified
8316,363897753,4212,C1=CC(=C2C(=C1NCCNCCO)C(=O)C3=C(C=CC(=C3C2=O)O)O)NCCNCCO,Active
8317,363897754,6440088,COC1=CC=C(C=C1)CN2C=CN=C2/C=C/C3=CC=C(O3)[N+](=O)[O-],Active
8318,363897755,6440122,C1=CC=C(C=C1)CN2C=CN=C2/C=C/C3=CC=C(O3)[N+](=O)[O-],Active
8319,363897756,6123027,C/C=C/C#CC#CC#C/C=C/C(CO)O,Unspecified
8320,363897757,,,Unspecified
8321,363897758,92372,CC1CC(CN(C1)N=O)C,Active
8322,363897758,92372,CC1CC(CN(C1)N=O)C,Active
8323,363897758,92372,CC1CC(CN(C1)N=O)C,Active
8324,363897758,92372,CC1CC(CN(C1)N=O)C,Unspecified
8325,363897759,12508358,C1CC(CN(C1)N=O)Cl,Active
8326,363897759,12508358,C1CC(CN(C1)N=O)Cl,Active
8327,363897760,127854,C1CN(CCC1Cl)N=O,Active
8328,363897760,127854,C1CN(CCC1Cl)N=O,Active
8329,363897761,,,Unspecified
8330,363897762,47722,CC1=C2C=CC3=CC=CC=C3C2=C(C4=C1[C@H]([C@@H](C5[C@H]4O5)O)O)C,Active
8331,363897763,47723,CC1=C2C=CC3=CC=CC=C3C2=C(C4=C1[C@H]([C@@H](C=C4)O)O)C,Active
8332,363897763,47723,CC1=C2C=CC3=CC=CC=C3C2=C(C4=C1[C@H]([C@@H](C=C4)O)O)C,Active
8333,363897763,47723,CC1=C2C=CC3=CC=CC=C3C2=C(C4=C1[C@H]([C@@H](C=C4)O)O)C,Unspecified
8334,363897764,135412736,C1=CC=C2C(=C1)[N+](=CC(=[N+]2[O-])/C=N/NC(=O)CC#N)[O-],Active
8335,363897765,68861,C[C@]12CCC3=C4CCC(=O)C=C4CC[C@H]3[C@@H]1CC[C@]2(CC#N)O,Active
8336,363897766,47865,C1=CC2=C3C(=C1)C=CC4=C3C(=CC5=C4[C@H]([C@@H]([C@@H]6[C@H]5O6)O)O)C=C2,Active
8337,363897767,114871,C1=CC2=C3C(=C1)C=CC4=C3C(=CC5=C4[C@@H]([C@H]([C@@H]6C5O6)O)O)C=C2,Active
8338,363897768,47885,CC1=C2C=CC3=C(C2=C(C4=CC=CC=C14)C)C=C(C=C3)O,Inactive
8339,363897768,47885,CC1=C2C=CC3=C(C2=C(C4=CC=CC=C14)C)C=C(C=C3)O,Unspecified
8340,363897769,47886,C1=CC=C2C(=C1)C=CC3=C2C=C4C=CC5=C(C4=C3)[C@@H]([C@H](C=C5)O)O,Active
8341,363897770,47887,C1=CC=C2C(=C1)C=CC3=C2C=C4C=CC5=C(C4=C3)C=C[C@H]([C@@H]5O)O,Active
8342,363897770,47887,C1=CC=C2C(=C1)C=CC3=C2C=C4C=CC5=C(C4=C3)C=C[C@H]([C@@H]5O)O,Active
8343,363897770,47887,C1=CC=C2C(=C1)C=CC3=C2C=C4C=CC5=C(C4=C3)C=C[C@H]([C@@H]5O)O,Active
8344,363897771,6440090,C/C=C/C1=CN(C(=O)NC1=O)[C@H]2C[C@@H]([C@H](O2)CO)O,Active
8345,363897772,125249,COC1CCC23CCN(C2C1)CC4=CC(=C(C(=C34)O)OC)OC,Active
8346,363897773,,,Unspecified
8347,363897774,47932,C1=CC(=C(C=C1N)N)OCCO.Cl.Cl,Unspecified
8348,363897775,92374,COC1=C(C=CC(=C1)N)N.OS(=O)(=O)O,Inactive
8349,363897775,92374,COC1=C(C=CC(=C1)N)N.OS(=O)(=O)O,Inactive
8350,363897776,48133,C1C(O1)C2=CC3=C(C=CC4=CC=CC=C43)C5=CC=CC=C52,Active
8351,363897777,48134,CC1=C2C=CC=CC2=C(C3=CC=CC=C13)C4CO4,Active
8352,363897778,150202,CCN1CC[C@H]2[C@@H](C1)C3=C([C@@H]2C4=CC=C(C=C4)C)C=C(C=C3)C.Cl,Inactive
8353,363897778,150202,CCN1CC[C@H]2[C@@H](C1)C3=C([C@@H]2C4=CC=C(C=C4)C)C=C(C=C3)C.Cl,Unspecified
8354,363897778,150202,CCN1CC[C@H]2[C@@H](C1)C3=C([C@@H]2C4=CC=C(C=C4)C)C=C(C=C3)C.Cl,Inactive
8355,363897779,49725,C1=CC=C2C(=C1)C=CC3=CC4=C(C=C[C@@H]([C@H]4O)O)C=C32,Inactive
8356,363897779,49725,C1=CC=C2C(=C1)C=CC3=CC4=C(C=C[C@@H]([C@H]4O)O)C=C32,Unspecified
8357,363897780,149418,C1=CC=C2C(=C1)C=CC3=C2N=C(C=C3)N,Active
8358,363897781,152896,CCC1(CC(C2=C(C3=C(C=C2C1C(=O)OC)C(=O)C4=C(C3=O)C(=CC=C4)O)O)OC5CC(C(C(O5)C)OC6CC(C(C(O6)C)OC7CCC(=O)C(O7)C)O)N)O,Active
8359,363897782,150178,CC[C@]1(C[C@@H](C2=C(C3=C(C=C2[C@H]1C(=O)OC)C(=O)C4=C(C3=O)C(=CC=C4)O)O)O[C@H]5C[C@@H]([C@@H]([C@@H](O5)C)O)N)O,Active
8360,363897783,150179,C[C@H]1[C@H]([C@H](C[C@@H](O1)O[C@H]2C[C@@](CC3=C2C(=C4C(=C3O)C(=O)C5=C(C4=O)C(=CC=C5)OC)O)(C(=O)C)O)NC)O,Active
8361,363897784,91885552,C[C@@H]1[C@@H]([C@@H](C[C@H](O1)O[C@H]2C[C@@](CC3=C2C(=C4C(=C3O)C(=O)C5=C(C4=O)C(=CC=C5)OC)O)(C(=O)C)O)N(C)C)O,Unspecified
8362,363897785,149425,COC1=C(C=CC(=C1)C(=O)CCN2CCCC2)O,Unspecified
8363,363897786,,,Unspecified
8364,363897787,115318,CCN1C2=CC(=N[N+]#N)C=CC2=C3C=CC(=CC3=C1C4=CC=CC=C4)N=[N+]=[N-],Unspecified
8365,363897787,115318,CCN1C2=CC(=N[N+]#N)C=CC2=C3C=CC(=CC3=C1C4=CC=CC=C4)N=[N+]=[N-],Inactive
8366,363897787,115318,CCN1C2=CC(=N[N+]#N)C=CC2=C3C=CC(=CC3=C1C4=CC=CC=C4)N=[N+]=[N-],Unspecified
8367,363897788,439518,CC(C)C[C@H]([C@@H](C(=O)N[C@@H](C(C)C)C(=O)N[C@@H](C(C)C)C(=O)N[C@@H](CC(=O)O)C(=O)O)O)N,Unspecified
8368,363897789,6435032,C[NH+]1C(=CN=C1/C=C/2\CCC3=C(C2=O)C=CC(=C3)OCC[NH+](C)C)[N+](=O)[O-].[O-]S(=O)(=O)[O-],Active
8369,363897789,6435032,C[NH+]1C(=CN=C1/C=C/2\CCC3=C(C2=O)C=CC(=C3)OCC[NH+](C)C)[N+](=O)[O-].[O-]S(=O)(=O)[O-],Active
8370,363897790,149756,C(C1(C(O1)Cl)Cl)Cl,Active
8371,363897790,149756,C(C1(C(O1)Cl)Cl)Cl,Active
8372,363897791,49970,C1=CC2=NC3=C(N2C=C1)N=C(C=C3)N,Active
8373,363897791,49970,C1=CC2=NC3=C(N2C=C1)N=C(C=C3)N,Active
8374,363897792,49971,CC1=CC=CN2C1=NC3=C2N=C(C=C3)N,Active
8375,363897793,49984,C1C2=CC=CC=C2C3=C1C=C(C=C3)N=[N+]=[N-],Inactive
8376,363897794,129274,C1=CC=C2C(=C1)C=CC3=C(N2C(=O)N)C=CC(=C3)O,Unspecified
8377,363897794,129274,C1=CC=C2C(=C1)C=CC3=C(N2C(=O)N)C=CC(=C3)O,Unspecified
8378,363897795,135290,C1=CC=C2C(=C1)C=CC3=C(N2C(=O)N)C=C(C=C3)O,Unspecified
8379,363897795,135290,C1=CC=C2C(=C1)C=CC3=C(N2C(=O)N)C=C(C=C3)O,Unspecified
8380,363897796,135291,C1C=CC=C2C1=C(C3=CC=CC=C3N2C(=O)N)CO,Unspecified
8381,363897796,135291,C1C=CC=C2C1=C(C3=CC=CC=C3N2C(=O)N)CO,Unspecified
8382,363897797,86287567,C1=CC=C(C=C1)C(C2=CC=CC=C2)(NC(=O)N(CCCl)N=O)NC(=O)N(CCCl)N=O,Active
8383,363897798,121489661,C1=CC(=C(C=C1Cl)C2=C([C@@H]3[C@@H](O3)C(=C2)Cl)Cl)Cl,Unspecified
8384,363897799,50089,CC1CC2C(CC3(C1CC(OC3O)O)C)C(C(=O)O2)C,Active
8385,363897800,54685126,CCCCCC(=O)C(CCCC)C1=C(C(=C(C(=O)O1)CCCC)O)CCCC,Unspecified
8386,363897800,54685126,CCCCCC(=O)C(CCCC)C1=C(C(=C(C(=O)O1)CCCC)O)CCCC,Unspecified
8387,363897801,50093,CC1=C2C=CC3=C(C2=C(C4=CC=CC=C14)C)C=C(C=C3)F,Inactive
8388,363897802,50094,CC1=C2C=CC3=C(C2=C(C4=CC=CC=C14)C)C(=CC=C3)F,Inactive
8389,363897803,156317,CC1=C2C=CC3=C(C2=C(C4=CC=CC=C14)C)C=C[C@@H]([C@H]3O)O,Active
8390,363897803,156317,CC1=C2C=CC3=C(C2=C(C4=CC=CC=C14)C)C=C[C@@H]([C@H]3O)O,Active
8391,363897803,156317,CC1=C2C=CC3=C(C2=C(C4=CC=CC=C14)C)C=C[C@@H]([C@H]3O)O,Active
8392,363897804,50097,CC1=C2C=CC3=CC=CC=C3C2=C(C4=C1C=C[C@@H]([C@H]4O)O)C,Unspecified
8393,363897805,50160,C1=CC2=C3C(=C1)C=CC4=C3C(=CC5=C4[C@H]([C@@H]([C@H]6[C@@H]5O6)O)O)C=C2,Active
8394,363897805,50160,C1=CC2=C3C(=C1)C=CC4=C3C(=CC5=C4[C@H]([C@@H]([C@H]6[C@@H]5O6)O)O)C=C2,Active
8395,363897806,23622458,C1=CC=C2C(=C1)C3=CC=CC=C3C4=C2C=C5C=C[C@@H]([C@H](C5=C4)O)O,Active
8396,363897807,10215,C1=CC=C2C(=C1)C(=C(N2)C3=NC4=CC=CC=C4C3=O)O,Inactive
8397,363897808,149443,C[C@]1(C=CC2=CC3=C(C=CC4=CC=CC=C43)C5=C2[C@]1(CC5)O)O,Inactive
8398,363897808,149443,C[C@]1(C=CC2=CC3=C(C=CC4=CC=CC=C43)C5=C2[C@]1(CC5)O)O,Unspecified
8399,363897808,149443,C[C@]1(C=CC2=CC3=C(C=CC4=CC=CC=C43)C5=C2[C@]1(CC5)O)O,Unspecified
8400,363897809,149444,CC1=C2CCC3=C4C=CC5=CC=CC=C5C4=CC(=C23)C(C1O)O,Inactive
8401,363897809,149444,CC1=C2CCC3=C4C=CC5=CC=CC=C5C4=CC(=C23)C(C1O)O,Active
8402,363897810,149757,CC1=C2CCC3=C2C(=CC4=C3C=CC5=C4[C@@H]([C@H](C=C5)O)O)C=C1,Active
8403,363897810,149757,CC1=C2CCC3=C2C(=CC4=C3C=CC5=C4[C@@H]([C@H](C=C5)O)O)C=C1,Unspecified
8404,363897810,149757,CC1=C2CCC3=C2C(=CC4=C3C=CC5=C4[C@@H]([C@H](C=C5)O)O)C=C1,Active
8405,363897811,125662,CC1=C2CCC3=C2C(=CC4=C3C=CC5=C4C=CC(C5O)O)C=C1,Active
8406,363897811,125662,CC1=C2CCC3=C2C(=CC4=C3C=CC5=C4C=CC(C5O)O)C=C1,Active
8407,363897811,125662,CC1=C2CCC3=C2C(=CC4=C3C=CC5=C4C=CC(C5O)O)C=C1,Active
8408,363897812,2247,COC1=CC=C(C=C1)CCN2CCC(CC2)NC3=NC4=CC=CC=C4N3CC5=CC=C(C=C5)F,Inactive
8409,363897812,2247,COC1=CC=C(C=C1)CCN2CCC(CC2)NC3=NC4=CC=CC=C4N3CC5=CC=C(C=C5)F,Unspecified
8410,363897812,2247,COC1=CC=C(C=C1)CCN2CCC(CC2)NC3=NC4=CC=CC=C4N3CC5=CC=C(C=C5)F,Unspecified
8411,363897813,50329,CC1=CC(=CC=C1)C2=C(C=C(C=C2)[NH3+])C.[Cl-],Active
8412,363897814,50331,C1=CC=C2C3C(O3)[C@H](C(C2=C1)O)O,Active
8413,363897815,50332,C1=CC=C2[C@@H]3[C@@H](O3)[C@H]([C@@H](C2=C1)O)O,Active
8414,363897816,50351,CC1=C2C=CC3=C(C2=C(C4=CC=CC=C14)CO)C=C[C@H]([C@@H]3O)O,Active
8415,363897816,50351,CC1=C2C=CC3=C(C2=C(C4=CC=CC=C14)CO)C=C[C@H]([C@@H]3O)O,Active
8416,363897817,50352,CC1=C2C3=C(C=CC2=C(C4=CC=CC=C14)CO)[C@H]([C@@H](C=C3)O)O,Active
8417,363897818,446727,C1[C@@H]([C@H](O[C@H]1N2C=C(C(=O)NC2=O)/C=C/Br)CO)O,Active
8418,363897818,446727,C1[C@@H]([C@H](O[C@H]1N2C=C(C(=O)NC2=O)/C=C/Br)CO)O,Active
8419,363897819,6440124,C1[C@@H]([C@H](O[C@H]1N2C=C(C(=O)NC2=O)/C=C/I)CO)O,Active
8420,363897820,23694676,C1=CC=C2C(=C1)C(=O)C3=C(C2=O)C(=C(C=C3)OCCCS(=O)(=O)[O-])O.[K+],Active
8421,363897821,50601,CN(C)C1=C2C(=C(C=C1)N(C)C)C(=O)C3=C(C=CC(=C3C2=O)O)O,Active
8422,363897822,50602,C1=CC=C(C=C1)CCNC2=C3C(=C(C=C2)NCCC4=CC=CC=C4)C(=O)C5=C(C=CC(=C5C3=O)O)O,Inactive
8423,363897823,25133635,CC(=O)OC[C@@H]1[C@H]([C@@H]([C@H]([C@@H](O1)OC2=C3C(=C(C=C2)O)C(=O)C4=CC=CC=C4C3=O)OC(=O)C)OC(=O)C)OC(=O)C,Unspecified
8424,363897824,50603,C1=CC=C2C(=C1)C3=C4C(=C(C=C3)SCC(=O)O)C=CC=C4C2=O,Active
8425,363897825,50604,CCOC(=O)CSC1=C2C=CC=C3C2=C(C=C1)C4=CC=CC=C4C3=O,Active
8426,363897826,72699341,C1=CC=C2C(=C1)C3=C4C(=C(C=C3)OC5=CC=C(C=C5)S(=O)(=O)[O-])C=CC=C4C2=O.[Na+],Active
8427,363897827,50605,C1=CC2=C(C=CC3=C2C(=C1)C(=O)C4=C3C=CC(=C4)O)O,Active
8428,363897828,50606,CC1=CC=C(C=C1)NC2=C3C=CC=C4C3=C(C=C2)C5=CC=CC=C5C4=O,Active
8429,363897829,135454,C[C@H]1[C@@H]([C@H]([C@H](C(O1)OC2=CC3=C(C(=C2)O)C(=O)C4=C(C3=O)C=C(C=C4O)C)O)O)O,Active
8430,363897830,6440103,C1[C@@H]([C@H](O[C@H]1N2C=C(C(=O)NC2=O)/C=C/C(F)(F)F)CO)O,Active
8431,363897831,9939943,CC1=CNC2=C1[C@@]34C[C@@H]3CN(C4=CC2=O)C(=O)C5=CC6=C7CCN(C7=C(C(=C6N5)OC)O)C(=O)C8=CC9=C1CCN(C1=C(C(=C9N8)OC)O)C(=O)N,Active
8432,363897832,72747,C1=CC=C2C(=C1)C(=O)C3=C(C=CC(=C3C2=O)O)NCCNCCO,Active
8433,363897833,50961,C1=CC=C2C3=C4C(=CC2=C1)C=CC5=C(C=CC(=C54)C=C3)[N+](=O)[O-],Active
8434,363897834,50958,C1=CC=C2C3=C4C(=CC2=C1)C=CC5=C4C(=C(C=C5)[N+](=O)[O-])C=C3,Active
8435,363897835,51014,CC1=C2C=CC3=CC=CC=C3C2=C(C4=C1[C@@H]([C@H](C=C4)O)O)CO,Inactive
8436,363897836,51017,CC1=C2C=C[C@@H]([C@H](C2=C(C3=C1C4=CC=CC=C4C=C3)CO)O)O,Active
8437,363897836,51017,CC1=C2C=C[C@@H]([C@H](C2=C(C3=C1C4=CC=CC=C4C=C3)CO)O)O,Unspecified
8438,363897837,135468,CN(C)CCNC1=C2C(=C(C=C1)NCCN(C)C)C(=O)C3=C(C=CC(=C3C2=O)O)O,Active
8439,363897838,62258,C[C@@H](C(=O)C1=CC=CC=C1)N,Active
8440,363897839,24838409,C[C@]12CC[C@](C[C@H]1C3=CC(=O)[C@@H]4[C@]5(CC[C@@H](C([C@@H]5CC[C@]4([C@@]3(CC2)C)C)(C)C)O[C@@H]6[C@@H]([C@H]([C@@H]([C@H](O6)C(=O)[O-])O)O)O[C@H]7[C@@H]([C@H]([C@@H]([C@H](O7)C(=O)[O-])O)O)O)C)(C)C(=O)[O-].[Na+].[Na+].[Na+],Unspecified
8441,363897840,51367,CC(=O)NC1=CC=C(C=C1)C2=CC=C(C=C2)NO,Active
8442,363897841,5288818,C[C@@]1(C[C@H](C2=C(C3=C(C=C2C1)C(=O)C4=C5C(=CC(=C4C3=O)O)[C@@]6([C@@H]([C@H]([C@@H]([C@H](O5)O6)O)N(C)C)O)C)O)OC)O,Active
8443,363897841,5288818,C[C@@]1(C[C@H](C2=C(C3=C(C=C2C1)C(=O)C4=C5C(=CC(=C4C3=O)O)[C@@]6([C@@H]([C@H]([C@@H]([C@H](O5)O6)O)N(C)C)O)C)O)OC)O,Active
8444,363897842,51388,CC1=C2C(=C(C3=C1[C@@H]([C@H](C=C3)O)O)CO)C=CC4=CC=CC=C42,Unspecified
8445,363897843,135413502,CC1=C(N=CN1)CSCCN=C(NCC#C)NC#N.Cl,Inactive
8446,363897844,135501,CSC1=CC=C(C=C1)[C@@H]([C@H](CO)NC(=O)C(Cl)Cl)O,Unspecified
8447,363897845,5284475,CC1=C2C3=CC=CC=C3NC2=CC(=N1)N.CC(=O)O,Active
8448,363897846,51580,C1=CC=C2C=C3C(=CC2=C1)C4=CC=CC=C4C5=C3[C@H](C(C=C5)O)O,Active
8449,363897847,51581,C1=CC=C2C=C3C4=CC=CC=C4C5=C(C3=CC2=C1)C=C[C@H](C5O)O,Active
8450,363897848,3985,CCCCCCCCCCCCCCCCCCOCC(COP(=O)([O-])OCC[N+](C)(C)C)O,Unspecified
8451,363897849,6439780,C/C=C/C=C/C#C/C=C/C=C/CCCCCOC(=O)C,Unspecified
8452,363897850,52445,CC1=C(N=CN1)CSCCN=C(NC#N)N(C)N=O,Active
8453,363897850,52445,CC1=C(N=CN1)CSCCN=C(NC#N)N(C)N=O,Active
8454,363897850,52445,CC1=C(N=CN1)CSCCN=C(NC#N)N(C)N=O,Active
8455,363897851,119537,C1=CC=C2C(=C1)C3=CC(=NC=C3N2)N,Active
8456,363897851,119537,C1=CC=C2C(=C1)C3=CC(=NC=C3N2)N,Active
8457,363897852,6475206,C1[C@@H]([C@H](O[C@H]1N2C=C(C(=O)NC2=O)/C=C/Cl)CO)O,Active
8458,363897853,6439784,CC1=C(C(CCC1)(C)C)/C=C\C(=C/C=C\C(=C/CSC)\C)\C,Active
8459,363897854,5487018,CC1=C2C3=CC=CC=C3NC2=CC(=N1)NO,Active
8460,363897854,5487018,CC1=C2C3=CC=CC=C3NC2=CC(=N1)NO,Active
8461,363897855,53229,C1=CC2=C3C(=C(C=C2[N+](=O)[O-])[N+](=O)[O-])C=CC4=C(C=CC1=C43)[N+](=O)[O-],Active
8462,363897856,53230,C1=CC2=C3C(=C1)C=CC4=C(C=C(C(=C43)C=C2)[N+](=O)[O-])[N+](=O)[O-],Active
8463,363897857,53271,CCCC(=O)C1C2=C(C(=CC=C2)O)C(=O)C3=C1C=CC=C3O,Inactive
8464,363897858,6505782,CC1=C(C(CCC1)(C)C)/C=C/C(=C/C=C/C(=C/COC2=CC=CC=C2)/C)/C,Active
8465,363897859,53462,CN1C2=C(C3=C(C=C2)N=CC=C3)N=C1N,Inactive
8466,363897859,53462,CN1C2=C(C3=C(C=C2)N=CC=C3)N=C1N,Unspecified
8467,363897859,53462,CN1C2=C(C3=C(C=C2)N=CC=C3)N=C1N,Active
8468,363897859,53462,CN1C2=C(C3=C(C=C2)N=CC=C3)N=C1N,Active
8469,363897860,149579,CC(=O)ONC(=O)C1=CC2=CC=CC=C2C=C1,Active
8470,363897861,53542,CN(C(=O)C1=CC2=CC=CC=C2C=C1)O,Active
8471,363897862,149580,C1=CC=C2C=C(C=CC2=C1)C(=O)NOC=O,Active
8472,363897863,149581,CCC(=O)ONC(=O)C1=CC2=CC=CC=C2C=C1,Active
8473,363897864,149582,CCCCOC1=CC=C(C=C1)CC(=O)NOC=O,Active
8474,363897865,150161,CCCCOC1=CC=C(C=C1)CC(=O)NOS(=O)(=O)[O-].C1=CC=[NH+]C=C1,Active
8475,363897866,149594,CCCCOC1=CC=C(C=C1)CC(=O)NOC(=O)C,Active
8476,363897867,149595,CCCCOC1=CC=C(C=C1)CC(=O)NOC(=O)CC,Active
8477,363897868,150163,C1=CC=[NH+]C=C1.C1=CC=C2C=C(C=CC2=C1)C(=O)NOS(=O)(=O)[O-],Active
8478,363897869,53665,C1(C(=C(C(=O)O1)Cl)C(Cl)Cl)O,Inactive
8479,363897870,6435360,CCNP(=S)(OC)O/C(=C/C(=O)OC(C)C)/C.COP(=O)(OC)OC=C(Cl)Cl,Unspecified
8480,363897871,149802,C1=CC2=C(C(=C1)N)C(=O)C3=C(C=CC(=C3C2=O)NCCNCCO)NCCNCCO,Active
8481,363897872,133411,C1=CC2=C(C(=C1)O)C(=O)C3=C(C=CC(=C3C2=O)NCCNCCO)NCCNCCO,Active
8482,363897873,133518,CC1=CC(=CC(=C1)C2CO2)C,Active
8483,363897873,133518,CC1=CC(=CC(=C1)C2CO2)C,Active
8484,363897874,121494100,C[C@@H]1[C@@H](COC1OC)C(=O)C,Unspecified
8485,363897875,54799,COC1=C(C(=C2C(=C1O)C(=O)C(=C(O2)C3=CC(=C(C=C3)O)O)OC)OC)OC,Active
8486,363897876,86287568,CC1=C(N=CN1)CSCCN(C(=NC#N)N(C)N=O)N=O,Active
8487,363897877,23691750,CCN(CC)C1=CC=C(C=C1)N=NC2=CC=CC=C2C(=O)[O-].[Na+],Unspecified
8488,363897878,99632,CN(C)N=NC1=C(C=C(C=C1F)F)F,Active
8489,363897879,150173,CCOS(=O)(=O)OCCOS(=O)(=O)OCC,Active
8490,363897880,5486209,CC1=C2C(=CC(=N1)N)C3=CC=CC=C3N2,Active
8491,363897880,5486209,CC1=C2C(=CC(=N1)N)C3=CC=CC=C3N2,Active
8492,363897880,5486209,CC1=C2C(=CC(=N1)N)C3=CC=CC=C3N2,Active
8493,363897881,55431,C1=CN=CC2=C1C3=C(C=C4C(=C3)C=CO4)OC2=O,Unspecified
8494,363897882,55432,CC1=C2C(=CC3=C1OC(=O)C4=C3C=CN=C4)C=CO2,Active
8495,363897883,55444,CCCCN(CCCC(=O)NCC(=O)O)N=O,Unspecified
8496,363897884,104777,C1=CC2=C3C(=C1)C=CC4=C(C=CC(=C43)C=C2)N=O,Active
8497,363897885,55999,CC1=CC2=NC3=C(C=C(C=C3)N(C)C)N=C2C=C1NC(=O)CN(C)N=O,Unspecified
8498,363897886,135554414,C1=CC=C2C(=C1)C3=C(C4=C(C=C3O)OC(=O)C=C4)N=N2,Unspecified
8499,363897887,64017,C1=CC=C2C(=C1)C(=O)N(C(N2)C3=CC=C(O3)[N+](=O)[O-])O,Inactive
8500,363897888,108093,C1=CC2=C3C(=C(C=C2)[N+](=O)[O-])C=CC4=C(C=CC1=C43)N=O,Active
8501,363897889,114987,C1=CC2=C(C=CC3=C2C4=C1C=CC(=C4C=C3)[N+](=O)[O-])N=O,Active
8502,363897890,10986,CC(=O)[O-].CC(=O)[O-].[Cd+2],Inactive
8503,363897891,21804,CCOP(=O)(OCC)OC1=NC(=C(C=C1Cl)Cl)Cl,Unspecified
8504,363897891,21804,CCOP(=O)(OCC)OC1=NC(=C(C=C1Cl)Cl)Cl,Inactive
8505,363897892,23017,C1=C(C(=O)NC(=C1Cl)Cl)Cl,Inactive
8506,363897892,23017,C1=C(C(=O)NC(=C1Cl)Cl)Cl,Unspecified
8507,363897893,105092,C1=CC=C2C(=C1)C=CC3=C2C4=C5C(=CC=CC5=C3)C=C4,Active
8508,363897894,5940,C(CSC(=N)N)N.Br.Br,Active
8509,363897894,5940,C(CSC(=N)N)N.Br.Br,Active
8510,363897895,3037558,C([C@@H]1[C@@H]([C@@H]([C@H]([C@@H](O1)O[C@H]([C@@H](CO)O)[C@@H]([C@H](C=O)O)O)O)O)O)O,Unspecified
8511,363897895,3037558,C([C@@H]1[C@@H]([C@@H]([C@H]([C@@H](O1)O[C@H]([C@@H](CO)O)[C@@H]([C@H](C=O)O)O)O)O)O)O,Unspecified
8512,363897895,3037558,C([C@@H]1[C@@H]([C@@H]([C@H]([C@@H](O1)O[C@H]([C@@H](CO)O)[C@@H]([C@H](C=O)O)O)O)O)O)O,Unspecified
8513,363897896,2230,CN1CCC=C(C1)C(=O)OC,Active
8514,363897897,6660,CC1=C(C(=O)CC1)O,Active
8515,363897897,6660,CC1=C(C(=O)CC1)O,Active
8516,363897898,6997,CCC1=CC=CC=C1O,Unspecified
8517,363897898,6997,CCC1=CC=CC=C1O,Unspecified
8518,363897899,7577,C1=CC(=CC=C1CC2=CC=C(C=C2)N)N,Active
8519,363897900,8103,CCCCCCO,Unspecified
8520,363897901,957,CCCCCCCCO,Unspecified
8521,363897902,31242,CCC1=CC=C(C=C1)O,Unspecified
8522,363897902,31242,CCC1=CC=C(C=C1)O,Unspecified
8523,363897903,9565,COCCOC1=CN=C(N=C1)NS(=O)(=O)C2=CC=CC=C2,Unspecified
8524,363897904,9564,CCCCNC(=O)NS(=O)(=O)C1=CC=C(C=C1)N,Unspecified
8525,363897905,10564,C(=O)([O-])[O-].[Cd+2],Active
8526,363897906,10687,CC1=C(C(=CC=C1)O)C,Unspecified
8527,363897906,10687,CC1=C(C(=CC=C1)O)C,Unspecified
8528,363897907,5462328,CC(=O)O[C@H]1C=C[C@H]2[C@H]3CC4=C5[C@]2([C@H]1OC5=C(C=C4)OC(=O)C)CCN3C,Active
8529,363897908,11335,CC1=C(C(=CC=C1)C)O,Unspecified
8530,363897909,,,Active
8531,363897910,15624,C=CCC1=CC=CC=C1O,Unspecified
8532,363897910,15624,C=CCC1=CC=CC=C1O,Unspecified
8533,363897911,15628,CC(C)OC(=O)N,Active
8534,363897912,16454,C=CCOC(=O)N,Active
8535,363897913,458010,CC1([C@H](O1)COC2=C3C(=CC4=C2OC=C4)C=CC(=O)O3)C,Active
8536,363897913,458010,CC1([C@H](O1)COC2=C3C(=CC4=C2OC=C4)C=CC(=O)O3)C,Active
8537,363897914,76861,CC1=C2C=CC3=CC=CC=C3C2=NC4=CC=CC=C14,Active
8538,363897915,3394,CC(C1=CC(=C(C=C1)C2=CC=CC=C2)F)C(=O)O,Active
8539,363897916,93029,CC=CC1=CC=CC=C1O,Active
8540,363897916,93029,CC=CC1=CC=CC=C1O,Active
8541,363897917,5287722,C/C=C(\C)/C=C/C=C(\C)/C=C/C1=C(CCCC1(C)C)C,Active
8542,363897918,81764,C1=CC=C2C(=C1)C(=NN=C2NN)NN.OS(=O)(=O)O,Active
8543,363897919,5359596,[As],Active
8544,363897920,,,Unspecified
8545,363897920,,,Unspecified
8546,363897921,,,Unspecified
8547,363897921,,,Unspecified
8548,363897922,25136,[O-][Cr](=O)(=O)[O-].[Ba+2],Active
8549,363897923,,,Active
8550,363897924,,,Active
8551,363897925,3033,C1=CC=C(C(=C1)CC(=O)O)NC2=C(C=CC=C2Cl)Cl,Active
8552,363897926,3672,CC(C)CC1=CC=C(C=C1)C(C)C(=O)O,Active
8553,363897927,62752,CCC1=C(C(=O)CC1)O,Unspecified
8554,363897927,62752,CCC1=C(C(=O)CC1)O,Unspecified
8555,363897928,3825,CC(C1=CC(=CC=C1)C(=O)C2=CC=CC=C2)C(=O)O,Active
8556,363897929,105037,C1CN2C=CC(=C2[C@@H]1O)CO,Active
8557,363897929,105037,C1CN2C=CC(=C2[C@@H]1O)CO,Active
8558,363897930,32778,CC1=CC(=NO1)C(=O)NCCC2=CC=C(C=C2)S(=O)(=O)NC(=O)NN3CCCCCC3,Unspecified
8559,363897931,12818200,CC1=CC=C(C=C1)S(=O)(=O)NC(=O)N[C@H]2[C@H]3CC[C@@]([C@H]2O)(C3(C)C)C,Unspecified
8560,363897932,65359,C(CC(=O)N[C@@H](CSSC[C@@H](C(=O)NCC(=O)O)NC(=O)CC[C@@H](C(=O)O)N)C(=O)NCC(=O)O)[C@@H](C(=O)O)N,Unspecified
8561,363897933,3478,CC1=CN=C(C=N1)C(=O)NCCC2=CC=C(C=C2)S(=O)(=O)NC(=O)NC3CCCCC3,Unspecified
8562,363897934,35935,CC(C1=CC(=C(C=C1)N2CC=CC2)Cl)C(=O)O,Active
8563,363897935,5468,CC(C1=CC=C(S1)C(=O)C2=CC=CC=C2)C(=O)O,Active
8564,363897936,91610,CC1(C2=C(C=C(C=C2)OC)C(=O)N(C1=O)CCC3=CC=C(C=C3)S(=O)(=O)NC(=O)NC4CCCCC4)C,Unspecified
8565,363897937,54677972,CC1=CC(=NO1)NC(=O)C2=C(C3=CC=CC=C3S(=O)(=O)N2C)O,Active
8566,363897938,54676228,CN1C(=C(C2=CC=CC=C2S1(=O)=O)O)C(=O)NC3=CC=CC=N3,Active
8567,363897939,26089,[O-][Cr](=O)(=O)[O-].[Zn+2],Active
8568,363897940,148557,CN1C=CC=C1CO,Active
8569,363897940,148557,CN1C=CC=C1CO,Active
8570,363897941,119489,CN1C=CC(=C1CO)CO,Active
8571,363897942,40977,CCCCCCCCC1CC1CCCCCCCC(=O)OCCOCCOC,Unspecified
8572,363897943,104840,C1CO1.C(C(CO)O)O,Unspecified
8573,363897944,47364,C[As+](C)(C)CC(=O)[O-],Unspecified
8574,363897945,47607,CS(=O)(=O)O.C1CN(CC2=CC(=NN=C21)NN)C(=O)C3=CC=CC=C3,Active
8575,363897946,149434,CN1C=CC(=C1)CO,Active
8576,363897946,149434,CN1C=CC(=C1)CO,Active
8577,363897947,3033332,CN/C(=C\[N+](=O)[O-])/NCCSCC1=CC=C(O1)CN(C)C.Cl,Unspecified
8578,363897948,12101,CCC1=CC(=CC=C1)O,Unspecified
8579,363897948,12101,CCC1=CC(=CC=C1)O,Unspecified
8580,363897949,25559,C(=O)([O-])[O-].O.O.O.O.[Ni].[Ni].[Ni+2],Active
8581,363897950,9703,CC(C)NC(=O)C1=CC=C(C=C1)CNNC.Cl,Active
8582,363897950,9703,CC(C)NC(=O)C1=CC=C(C=C1)CNNC.Cl,Active
