PUBCHEM_RESULT_TAG,PUBCHEM_SID,PUBCHEM_CID,SMILES,PUBCHEM_ACTIVITY_OUTCOME
1,363897951,5897,CC(=O)NC1=CC2=C(C=C1)C3=CC=CC=C3C2,Active
2,363897951,5897,CC(=O)NC1=CC2=C(C=C1)C3=CC=CC=C3C2,Active
3,363897951,5897,CC(=O)NC1=CC2=C(C=C1)C3=CC=CC=C3C2,Active
4,363897951,5897,CC(=O)NC1=CC2=C(C=C1)C3=CC=CC=C3C2,Active
5,363897951,5897,CC(=O)NC1=CC2=C(C=C1)C3=CC=CC=C3C2,Active
6,363897951,5897,CC(=O)NC1=CC2=C(C=C1)C3=CC=CC=C3C2,Active
7,363897951,5897,CC(=O)NC1=CC2=C(C=C1)C3=CC=CC=C3C2,Active
8,363897951,5897,CC(=O)NC1=CC2=C(C=C1)C3=CC=CC=C3C2,Active
9,363897951,5897,CC(=O)NC1=CC2=C(C=C1)C3=CC=CC=C3C2,Active
10,363897951,5897,CC(=O)NC1=CC2=C(C=C1)C3=CC=CC=C3C2,Active
11,363897951,5897,CC(=O)NC1=CC2=C(C=C1)C3=CC=CC=C3C2,Active
12,363897951,5897,CC(=O)NC1=CC2=C(C=C1)C3=CC=CC=C3C2,Active
13,363897951,5897,CC(=O)NC1=CC2=C(C=C1)C3=CC=CC=C3C2,Active
14,363897951,5897,CC(=O)NC1=CC2=C(C=C1)C3=CC=CC=C3C2,Active
15,363897951,5897,CC(=O)NC1=CC2=C(C=C1)C3=CC=CC=C3C2,Active
16,363897951,5897,CC(=O)NC1=CC2=C(C=C1)C3=CC=CC=C3C2,Active
17,363897951,5897,CC(=O)NC1=CC2=C(C=C1)C3=CC=CC=C3C2,Active
18,363897951,5897,CC(=O)NC1=CC2=C(C=C1)C3=CC=CC=C3C2,Active
19,363897951,5897,CC(=O)NC1=CC2=C(C=C1)C3=CC=CC=C3C2,Active
20,363897951,5897,CC(=O)NC1=CC2=C(C=C1)C3=CC=CC=C3C2,Active
21,363897951,5897,CC(=O)NC1=CC2=C(C=C1)C3=CC=CC=C3C2,Active
22,363897951,5897,CC(=O)NC1=CC2=C(C=C1)C3=CC=CC=C3C2,Active
23,363897951,5897,CC(=O)NC1=CC2=C(C=C1)C3=CC=CC=C3C2,Active
24,363897951,5897,CC(=O)NC1=CC2=C(C=C1)C3=CC=CC=C3C2,Active
25,363897951,5897,CC(=O)NC1=CC2=C(C=C1)C3=CC=CC=C3C2,Active
26,363897951,5897,CC(=O)NC1=CC2=C(C=C1)C3=CC=CC=C3C2,Active
27,363897951,5897,CC(=O)NC1=CC2=C(C=C1)C3=CC=CC=C3C2,Active
28,363897951,5897,CC(=O)NC1=CC2=C(C=C1)C3=CC=CC=C3C2,Active
29,363897951,5897,CC(=O)NC1=CC2=C(C=C1)C3=CC=CC=C3C2,Active
30,363897951,5897,CC(=O)NC1=CC2=C(C=C1)C3=CC=CC=C3C2,Active
31,363897951,5897,CC(=O)NC1=CC2=C(C=C1)C3=CC=CC=C3C2,Active
32,363897951,5897,CC(=O)NC1=CC2=C(C=C1)C3=CC=CC=C3C2,Active
33,363897951,5897,CC(=O)NC1=CC2=C(C=C1)C3=CC=CC=C3C2,Active
34,363897951,5897,CC(=O)NC1=CC2=C(C=C1)C3=CC=CC=C3C2,Active
35,363897951,5897,CC(=O)NC1=CC2=C(C=C1)C3=CC=CC=C3C2,Active
36,363897951,5897,CC(=O)NC1=CC2=C(C=C1)C3=CC=CC=C3C2,Inactive
37,363897951,5897,CC(=O)NC1=CC2=C(C=C1)C3=CC=CC=C3C2,Inactive
38,363897951,5897,CC(=O)NC1=CC2=C(C=C1)C3=CC=CC=C3C2,Inactive
39,363897951,5897,CC(=O)NC1=CC2=C(C=C1)C3=CC=CC=C3C2,Active
40,363897951,5897,CC(=O)NC1=CC2=C(C=C1)C3=CC=CC=C3C2,Active
41,363897951,5897,CC(=O)NC1=CC2=C(C=C1)C3=CC=CC=C3C2,Inactive
42,363897952,178,CC(=O)N,Active
43,363897953,1983,CC(=O)NC1=CC=C(C=C1)O,Active
44,363897953,1983,CC(=O)NC1=CC=C(C=C1)O,Inactive
45,363897953,1983,CC(=O)NC1=CC=C(C=C1)O,Inactive
46,363897953,1983,CC(=O)NC1=CC=C(C=C1)O,Inactive
47,363897953,1983,CC(=O)NC1=CC=C(C=C1)O,Inactive
48,363897953,1983,CC(=O)NC1=CC=C(C=C1)O,Inactive
49,363897953,1983,CC(=O)NC1=CC=C(C=C1)O,Active
50,363897953,1983,CC(=O)NC1=CC=C(C=C1)O,Active
51,363897953,1983,CC(=O)NC1=CC=C(C=C1)O,Inactive
52,363897953,1983,CC(=O)NC1=CC=C(C=C1)O,Unspecified
53,363897954,1989,CC(=O)C1=CC=C(C=C1)S(=O)(=O)NC(=O)NC2CCCCC2,Inactive
54,363897954,1989,CC(=O)C1=CC=C(C=C1)S(=O)(=O)NC(=O)NC2CCCCC2,Inactive
55,363897954,1989,CC(=O)C1=CC=C(C=C1)S(=O)(=O)NC(=O)NC2CCCCC2,Inactive
56,363897954,1989,CC(=O)C1=CC=C(C=C1)S(=O)(=O)NC(=O)NC2CCCCC2,Inactive
57,363897955,67180,CC(=NO)C,Active
58,363897956,345512,CC1(C=CC2=C3C(=C(C=C2O1)OC)C(=O)C4=CC=CC=C4N3C)C,Active
59,363897956,345512,CC1(C=CC2=C3C(=C(C=C2O1)OC)C(=O)C4=CC=CC=C4N3C)C,Active
60,363897957,6579,C=CC(=O)N,Active
61,363897957,6579,C=CC(=O)N,Active
62,363897957,6579,C=CC(=O)N,Active
63,363897957,6579,C=CC(=O)N,Active
64,363897957,6579,C=CC(=O)N,Active
65,363897957,6579,C=CC(=O)N,Active
66,363897957,6579,C=CC(=O)N,Inactive
67,363897958,7855,C=CC#N,Active
68,363897958,7855,C=CC#N,Active
69,363897958,7855,C=CC#N,Active
70,363897958,7855,C=CC#N,Active
71,363897958,7855,C=CC#N,Active
72,363897958,7855,C=CC#N,Active
73,363897958,7855,C=CC#N,Inactive
74,363897958,7855,C=CC#N,Inactive
75,363897958,7855,C=CC#N,Inactive
76,363897958,7855,C=CC#N,Inactive
77,363897958,7855,C=CC#N,Inactive
78,363897958,7855,C=CC#N,Inactive
79,363897958,7855,C=CC#N,Active
80,363897958,7855,C=CC#N,Active
81,363897958,7855,C=CC#N,Active
82,363897958,7855,C=CC#N,Active
83,363897958,7855,C=CC#N,Active
84,363897958,7855,C=CC#N,Active
85,363897958,7855,C=CC#N,Active
86,363897958,7855,C=CC#N,Active
87,363897958,7855,C=CC#N,Active
88,363897958,7855,C=CC#N,Active
89,363897958,7855,C=CC#N,Unspecified
90,363897958,7855,C=CC#N,Active
91,363897958,7855,C=CC#N,Active
92,363897959,457193,C[C@@H]1[C@@H](C(=O)N[C@@H](C(=O)N2CCC[C@H]2C(=O)N(CC(=O)N([C@H](C(=O)O1)C(C)C)C)C)C(C)C)NC(=O)C3=C4C(=C(C=C3)C)OC5=C(C(=O)C(=C(C5=N4)C(=O)N[C@H]6[C@H](OC(=O)[C@@H](N(C(=O)CN(C(=O)[C@@H]7CCCN7C(=O)[C@H](NC6=O)C(C)C)C)C)C(C)C)C)N)C,Active
93,363897960,5280707,C1=COC(=C1)/C(=C/C2=CC=C(O2)[N+](=O)[O-])/C(=O)N,Active
94,363897960,5280707,C1=COC(=C1)/C(=C/C2=CC=C(O2)[N+](=O)[O-])/C(=O)N,Active
95,363897960,5280707,C1=COC(=C1)/C(=C/C2=CC=C(O2)[N+](=O)[O-])/C(=O)N,Active
96,363897960,5280707,C1=COC(=C1)/C(=C/C2=CC=C(O2)[N+](=O)[O-])/C(=O)N,Active
97,363897960,5280707,C1=COC(=C1)/C(=C/C2=CC=C(O2)[N+](=O)[O-])/C(=O)N,Active
98,363897960,5280707,C1=COC(=C1)/C(=C/C2=CC=C(O2)[N+](=O)[O-])/C(=O)N,Active
99,363897961,104744,COC1=C2C3=C([C@H](CC3)O)C(=O)OC2=C4[C@@H]5C=CO[C@@H]5OC4=C1,Active
100,363897961,104744,COC1=C2C3=C([C@H](CC3)O)C(=O)OC2=C4[C@@H]5C=CO[C@@H]5OC4=C1,Active
101,363897961,104744,COC1=C2C3=C([C@H](CC3)O)C(=O)OC2=C4[C@@H]5C=CO[C@@H]5OC4=C1,Active
102,363897961,104744,COC1=C2C3=C([C@H](CC3)O)C(=O)OC2=C4[C@@H]5C=CO[C@@H]5OC4=C1,Active
103,363897962,186907,COC1=C2C3=C(C(=O)CC3)C(=O)OC2=C4[C@@H]5C=CO[C@@H]5OC4=C1,Active
104,363897962,186907,COC1=C2C3=C(C(=O)CC3)C(=O)OC2=C4[C@@H]5C=CO[C@@H]5OC4=C1,Active
105,363897962,186907,COC1=C2C3=C(C(=O)CC3)C(=O)OC2=C4[C@@H]5C=CO[C@@H]5OC4=C1,Active
106,363897962,186907,COC1=C2C3=C(C(=O)CC3)C(=O)OC2=C4[C@@H]5C=CO[C@@H]5OC4=C1,Active
107,363897962,186907,COC1=C2C3=C(C(=O)CC3)C(=O)OC2=C4[C@@H]5C=CO[C@@H]5OC4=C1,Active
108,363897962,186907,COC1=C2C3=C(C(=O)CC3)C(=O)OC2=C4[C@@H]5C=CO[C@@H]5OC4=C1,Active
109,363897962,186907,COC1=C2C3=C(C(=O)CC3)C(=O)OC2=C4[C@@H]5C=CO[C@@H]5OC4=C1,Active
110,363897962,186907,COC1=C2C3=C(C(=O)CC3)C(=O)OC2=C4[C@@H]5C=CO[C@@H]5OC4=C1,Active
111,363897962,186907,COC1=C2C3=C(C(=O)CC3)C(=O)OC2=C4[C@@H]5C=CO[C@@H]5OC4=C1,Active
112,363897962,186907,COC1=C2C3=C(C(=O)CC3)C(=O)OC2=C4[C@@H]5C=CO[C@@H]5OC4=C1,Active
113,363897962,186907,COC1=C2C3=C(C(=O)CC3)C(=O)OC2=C4[C@@H]5C=CO[C@@H]5OC4=C1,Active
114,363897962,186907,COC1=C2C3=C(C(=O)CC3)C(=O)OC2=C4[C@@H]5C=CO[C@@H]5OC4=C1,Active
115,363897962,186907,COC1=C2C3=C(C(=O)CC3)C(=O)OC2=C4[C@@H]5C=CO[C@@H]5OC4=C1,Active
116,363897962,186907,COC1=C2C3=C(C(=O)CC3)C(=O)OC2=C4[C@@H]5C=CO[C@@H]5OC4=C1,Active
117,363897962,186907,COC1=C2C3=C(C(=O)CC3)C(=O)OC2=C4[C@@H]5C=CO[C@@H]5OC4=C1,Active
118,363897962,186907,COC1=C2C3=C(C(=O)CC3)C(=O)OC2=C4[C@@H]5C=CO[C@@H]5OC4=C1,Active
119,363897962,186907,COC1=C2C3=C(C(=O)CC3)C(=O)OC2=C4[C@@H]5C=CO[C@@H]5OC4=C1,Active
120,363897962,186907,COC1=C2C3=C(C(=O)CC3)C(=O)OC2=C4[C@@H]5C=CO[C@@H]5OC4=C1,Inactive
121,363897962,186907,COC1=C2C3=C(C(=O)CC3)C(=O)OC2=C4[C@@H]5C=CO[C@@H]5OC4=C1,Inactive
122,363897962,186907,COC1=C2C3=C(C(=O)CC3)C(=O)OC2=C4[C@@H]5C=CO[C@@H]5OC4=C1,Inactive
123,363897962,186907,COC1=C2C3=C(C(=O)CC3)C(=O)OC2=C4[C@@H]5C=CO[C@@H]5OC4=C1,Active
124,363897962,186907,COC1=C2C3=C(C(=O)CC3)C(=O)OC2=C4[C@@H]5C=CO[C@@H]5OC4=C1,Active
125,363897962,186907,COC1=C2C3=C(C(=O)CC3)C(=O)OC2=C4[C@@H]5C=CO[C@@H]5OC4=C1,Active
126,363897962,186907,COC1=C2C3=C(C(=O)CC3)C(=O)OC2=C4[C@@H]5C=CO[C@@H]5OC4=C1,Active
127,363897962,186907,COC1=C2C3=C(C(=O)CC3)C(=O)OC2=C4[C@@H]5C=CO[C@@H]5OC4=C1,Active
128,363897962,186907,COC1=C2C3=C(C(=O)CC3)C(=O)OC2=C4[C@@H]5C=CO[C@@H]5OC4=C1,Inactive
129,363897962,186907,COC1=C2C3=C(C(=O)CC3)C(=O)OC2=C4[C@@H]5C=CO[C@@H]5OC4=C1,Active
130,363897962,186907,COC1=C2C3=C(C(=O)CC3)C(=O)OC2=C4[C@@H]5C=CO[C@@H]5OC4=C1,Inactive
131,363897963,2724360,COC1=C2C3=C(C(=O)CC3)C(=O)OC2=C4[C@@H]5CCO[C@@H]5OC4=C1,Active
132,363897963,2724360,COC1=C2C3=C(C(=O)CC3)C(=O)OC2=C4[C@@H]5CCO[C@@H]5OC4=C1,Active
133,363897964,2724361,COC1=C2C3=C(C(=O)OCC3)C(=O)OC2=C4[C@@H]5C=CO[C@@H]5OC4=C1,Active
134,363897964,2724361,COC1=C2C3=C(C(=O)OCC3)C(=O)OC2=C4[C@@H]5C=CO[C@@H]5OC4=C1,Active
135,363897965,15558498,COC1=C2C3=C(C(=O)CC3)C(=O)OC2=C4C(=C1)O[C@@H]5[C@]4(C=CO5)O,Active
136,363897965,15558498,COC1=C2C3=C(C(=O)CC3)C(=O)OC2=C4C(=C1)O[C@@H]5[C@]4(C=CO5)O,Active
137,363897965,15558498,COC1=C2C3=C(C(=O)CC3)C(=O)OC2=C4C(=C1)O[C@@H]5[C@]4(C=CO5)O,Active
138,363897966,,,Inactive
139,363897966,,,Inactive
140,363897966,,,Inactive
141,363897966,,,Inactive
142,363897967,2086,CC(C)(C=NOC(=O)NC)SC,Inactive
143,363897967,2086,CC(C)(C=NOC(=O)NC)SC,Inactive
144,363897967,2086,CC(C)(C=NOC(=O)NC)SC,Inactive
145,363897967,2086,CC(C)(C=NOC(=O)NC)SC,Inactive
146,363897968,12310947,C1[C@@H]2C=C[C@H]1[C@H]3[C@@H]2[C@]4(C(=C([C@@]3(C4(Cl)Cl)Cl)Cl)Cl)Cl,Inactive
147,363897968,12310947,C1[C@@H]2C=C[C@H]1[C@H]3[C@@H]2[C@]4(C(=C([C@@]3(C4(Cl)Cl)Cl)Cl)Cl)Cl,Active
148,363897968,12310947,C1[C@@H]2C=C[C@H]1[C@H]3[C@@H]2[C@]4(C(=C([C@@]3(C4(Cl)Cl)Cl)Cl)Cl)Cl,Unspecified
149,363897968,12310947,C1[C@@H]2C=C[C@H]1[C@H]3[C@@H]2[C@]4(C(=C([C@@]3(C4(Cl)Cl)Cl)Cl)Cl)Cl,Unspecified
150,363897969,7850,C=CCCl,Inactive
151,363897969,7850,C=CCCl,Inactive
152,363897969,7850,C=CCCl,Unspecified
153,363897969,7850,C=CCCl,Unspecified
154,363897970,5971,C=CCN=C=S,Inactive
155,363897970,5971,C=CCN=C=S,Inactive
156,363897970,5971,C=CCN=C=S,Active
157,363897970,5971,C=CCN=C=S,Unspecified
158,363897971,17816,CC(C)CC(=O)OCC=C,Active
159,363897971,17816,CC(C)CC(=O)OCC=C,Active
160,363897972,11937,C1=CC=C2C=C3C=C(C=CC3=CC2=C1)N,Active
161,363897972,11937,C1=CC=C2C=C3C=C(C=CC3=CC2=C1)N,Active
162,363897972,11937,C1=CC=C2C=C3C=C(C=CC3=CC2=C1)N,Active
163,363897972,11937,C1=CC=C2C=C3C=C(C=CC3=CC2=C1)N,Active
164,363897972,11937,C1=CC=C2C=C3C=C(C=CC3=CC2=C1)N,Active
165,363897972,11937,C1=CC=C2C=C3C=C(C=CC3=CC2=C1)N,Active
166,363897972,11937,C1=CC=C2C=C3C=C(C=CC3=CC2=C1)N,Active
167,363897973,8341,C1=CC=C2C(=C1)C(=O)C3=C(C2=O)C=C(C=C3)N,Active
168,363897973,8341,C1=CC=C2C(=C1)C(=O)C3=C(C2=O)C=C(C=C3)N,Active
169,363897973,8341,C1=CC=C2C(=C1)C(=O)C3=C(C2=O)C=C(C=C3)N,Active
170,363897974,6051,C1=CC=C(C=C1)N=NC2=CC=C(C=C2)N,Active
171,363897974,6051,C1=CC=C(C=C1)N=NC2=CC=C(C=C2)N,Active
172,363897974,6051,C1=CC=C(C=C1)N=NC2=CC=C(C=C2)N,Active
173,363897974,6051,C1=CC=C(C=C1)N=NC2=CC=C(C=C2)N,Inactive
174,363897974,6051,C1=CC=C(C=C1)N=NC2=CC=C(C=C2)N,Active
175,363897974,6051,C1=CC=C(C=C1)N=NC2=CC=C(C=C2)N,Active
176,363897974,6051,C1=CC=C(C=C1)N=NC2=CC=C(C=C2)N,Active
177,363897974,6051,C1=CC=C(C=C1)N=NC2=CC=C(C=C2)N,Inactive
178,363897975,7340,CC1=CC=CC=C1N=NC2=CC(=C(C=C2)N)C,Active
179,363897975,7340,CC1=CC=CC=C1N=NC2=CC(=C(C=C2)N)C,Active
180,363897975,7340,CC1=CC=CC=C1N=NC2=CC(=C(C=C2)N)C,Active
181,363897975,7340,CC1=CC=CC=C1N=NC2=CC(=C(C=C2)N)C,Active
182,363897975,7340,CC1=CC=CC=C1N=NC2=CC(=C(C=C2)N)C,Active
183,363897976,7102,C1=CC=C(C=C1)C2=CC=C(C=C2)N,Active
184,363897976,7102,C1=CC=C(C=C1)C2=CC=C(C=C2)N,Active
185,363897976,7102,C1=CC=C(C=C1)C2=CC=C(C=C2)N,Active
186,363897976,7102,C1=CC=C(C=C1)C2=CC=C(C=C2)N,Active
187,363897976,7102,C1=CC=C(C=C1)C2=CC=C(C=C2)N,Active
188,363897976,7102,C1=CC=C(C=C1)C2=CC=C(C=C2)N,Active
189,363897976,7102,C1=CC=C(C=C1)C2=CC=C(C=C2)N,Active
190,363897976,7102,C1=CC=C(C=C1)C2=CC=C(C=C2)N,Active
191,363897976,7102,C1=CC=C(C=C1)C2=CC=C(C=C2)N,Active
192,363897976,7102,C1=CC=C(C=C1)C2=CC=C(C=C2)N,Active
193,363897976,7102,C1=CC=C(C=C1)C2=CC=C(C=C2)N,Active
194,363897976,7102,C1=CC=C(C=C1)C2=CC=C(C=C2)N,Active
195,363897977,5284347,C1=CC=C(C=C1)C2=CC=CC=C2N.Cl,Active
196,363897977,5284347,C1=CC=C(C=C1)C2=CC=CC=C2N.Cl,Inactive
197,363897977,5284347,C1=CC=C(C=C1)C2=CC=CC=C2N.Cl,Inactive
198,363897977,5284347,C1=CC=C(C=C1)C2=CC=CC=C2N.Cl,Unspecified
199,363897978,49970,C1=CC2=NC3=C(N2C=C1)N=C(C=C3)N,Active
200,363897978,49970,C1=CC2=NC3=C(N2C=C1)N=C(C=C3)N,Active
201,363897978,49970,C1=CC2=NC3=C(N2C=C1)N=C(C=C3)N,Active
202,363897978,49970,C1=CC2=NC3=C(N2C=C1)N=C(C=C3)N,Active
203,363897979,28207,CCOC1=C(C=C(C=C1)NC(=O)C)N,Inactive
204,363897979,28207,CCOC1=C(C=C(C=C1)NC(=O)C)N,Active
205,363897979,28207,CCOC1=C(C=C(C=C1)NC(=O)C)N,Inactive
206,363897979,28207,CCOC1=C(C=C(C=C1)NC(=O)C)N,Inactive
207,363897981,1539,C1C2=CC=CC=C2C3=C1C=C(C=C3)N,Active
208,363897981,1539,C1C2=CC=CC=C2C3=C1C=C(C=C3)N,Active
209,363897981,1539,C1C2=CC=CC=C2C3=C1C=C(C=C3)N,Active
210,363897981,1539,C1C2=CC=CC=C2C3=C1C=C(C=C3)N,Active
211,363897981,1539,C1C2=CC=CC=C2C3=C1C=C(C=C3)N,Inactive
212,363897982,6702,CC1=C(C2=C(C=C1)C(=O)C3=CC=CC=C3C2=O)N,Active
213,363897982,6702,CC1=C(C2=C(C=C1)C(=O)C3=CC=CC=C3C2=O)N,Inactive
214,363897982,6702,CC1=C(C2=C(C=C1)C(=O)C3=CC=CC=C3C2=O)N,Active
215,363897982,6702,CC1=C(C2=C(C=C1)C(=O)C3=CC=CC=C3C2=O)N,Active
216,363897983,49971,CC1=CC=CN2C1=NC3=C2N=C(C=C3)N,Active
217,363897983,49971,CC1=CC=CN2C1=NC3=C2N=C(C=C3)N,Active
218,363897983,49971,CC1=CC=CN2C1=NC3=C2N=C(C=C3)N,Active
219,363897983,49971,CC1=CC=CN2C1=NC3=C2N=C(C=C3)N,Active
220,363897983,49971,CC1=CC=CN2C1=NC3=C2N=C(C=C3)N,Active
221,363897983,49971,CC1=CC=CN2C1=NC3=C2N=C(C=C3)N,Active
222,363897983,49971,CC1=CC=CN2C1=NC3=C2N=C(C=C3)N,Active
223,363897983,49971,CC1=CC=CN2C1=NC3=C2N=C(C=C3)N,Active
224,363897983,49971,CC1=CC=CN2C1=NC3=C2N=C(C=C3)N,Active
225,363897984,62244,CC1=CC2=C(NC3=CC=CC=C32)N=C1N,Active
226,363897984,62244,CC1=CC2=C(NC3=CC=CC=C32)N=C1N,Active
227,363897984,62244,CC1=CC2=C(NC3=CC=CC=C32)N=C1N,Active
228,363897985,61205,C1=C(OC(=C1)[N+](=O)[O-])C2=NN=C(S2)N,Active
229,363897986,3417419,C1=CC(=C(C=C1N)[N+](=O)[O-])O,Inactive
230,363897986,3417419,C1=CC(=C(C=C1N)[N+](=O)[O-])O,Inactive
231,363897986,3417419,C1=CC(=C(C=C1N)[N+](=O)[O-])O,Active
232,363897986,3417419,C1=CC(=C(C=C1N)[N+](=O)[O-])O,Unspecified
233,363897987,8486,C1=C(SC(=N1)N)[N+](=O)[O-],Inactive
234,363897987,8486,C1=C(SC(=N1)N)[N+](=O)[O-],Inactive
235,363897987,8486,C1=C(SC(=N1)N)[N+](=O)[O-],Inactive
236,363897988,62805,C1=CC=C2C(=C1)C3=C(N2)N=C(C=C3)N,Active
237,363897988,62805,C1=CC=C2C(=C1)C3=C(N2)N=C(C=C3)N,Active
238,363897988,62805,C1=CC=C2C(=C1)C3=C(N2)N=C(C=C3)N,Inactive
239,363897989,17083,C(CCCCCN)CCCCC(=O)O,Inactive
240,363897989,17083,C(CCCCCN)CCCCC(=O)O,Inactive
241,363897989,17083,C(CCCCCN)CCCCC(=O)O,Active
242,363897989,17083,C(CCCCCN)CCCCC(=O)O,Unspecified
243,363897990,1639,C1=NNC(=N1)N,Active
244,363897990,1639,C1=NNC(=N1)N,Active
245,363897990,1639,C1=NNC(=N1)N,Active
246,363897990,1639,C1=NNC(=N1)N,Active
247,363897990,1639,C1=NNC(=N1)N,Active
248,363897990,1639,C1=NNC(=N1)N,Inactive
249,363897990,1639,C1=NNC(=N1)N,Inactive
250,363897990,1639,C1=NNC(=N1)N,Inactive
251,363897990,1639,C1=NNC(=N1)N,Inactive
252,363897992,38052,C1=C(OC(=C1)[N+](=O)[O-])C2=CSC(=N2)N,Active
253,363897992,38052,C1=C(OC(=C1)[N+](=O)[O-])C2=CSC(=N2)N,Active
254,363897993,7541,C1=CC=C(C(=C1)NC2=NC(=NC(=N2)Cl)Cl)Cl,Inactive
255,363897993,7541,C1=CC=C(C(=C1)NC2=NC(=NC(=N2)Cl)Cl)Cl,Inactive
256,363897993,7541,C1=CC=C(C(=C1)NC2=NC(=NC(=N2)Cl)Cl)Cl,Inactive
257,363897993,7541,C1=CC=C(C(=C1)NC2=NC(=NC(=N2)Cl)Cl)Cl,Inactive
258,363897993,7541,C1=CC=C(C(=C1)NC2=NC(=NC(=N2)Cl)Cl)Cl,Inactive
259,363897993,7541,C1=CC=C(C(=C1)NC2=NC(=NC(=N2)Cl)Cl)Cl,Inactive
260,363897993,7541,C1=CC=C(C(=C1)NC2=NC(=NC(=N2)Cl)Cl)Cl,Inactive
261,363897993,7541,C1=CC=C(C(=C1)NC2=NC(=NC(=N2)Cl)Cl)Cl,Inactive
262,363897994,6115,C1=CC=C(C=C1)N,Inactive
263,363897995,8870,C1=CC=C(C=C1)N.Cl,Inactive
264,363897995,8870,C1=CC=C(C=C1)N.Cl,Inactive
265,363897995,8870,C1=CC=C(C=C1)N.Cl,Active
266,363897995,8870,C1=CC=C(C=C1)N.Cl,Active
267,363897995,8870,C1=CC=C(C=C1)N.Cl,Active
268,363897995,8870,C1=CC=C(C=C1)N.Cl,Active
269,363897996,8638,COC1=CC=CC=C1N.Cl,Active
270,363897996,8638,COC1=CC=CC=C1N.Cl,Active
271,363897996,8638,COC1=CC=CC=C1N.Cl,Active
272,363897996,8638,COC1=CC=CC=C1N.Cl,Active
273,363897997,2734956,COC1=CC=C(C=C1)N.Cl,Inactive
274,363897997,2734956,COC1=CC=C(C=C1)N.Cl,Inactive
275,363897997,2734956,COC1=CC=C(C=C1)N.Cl,Inactive
276,363897997,2734956,COC1=CC=C(C=C1)N.Cl,Unspecified
277,363897998,9118,C1=CC2=C3C(=C1)C=C4C=CC5=C6C4=C3C(=CC6=CC=C5)C=C2,Active
278,363897998,9118,C1=CC2=C3C(=C1)C=C4C=CC5=C6C4=C3C(=CC6=CC=C5)C=C2,Active
279,363897999,227,C1=CC=C(C(=C1)C(=O)O)N,Inactive
280,363897999,227,C1=CC=C(C(=C1)C(=O)O)N,Inactive
281,363897999,227,C1=CC=C(C(=C1)C(=O)O)N,Inactive
282,363897999,227,C1=CC=C(C(=C1)C(=O)O)N,Inactive
283,363898000,24666,CCOC1=CC=C(C=C1)NC(=O)C.CC(=O)OC1=CC=CC=C1C(=O)O.CN1C=NC2=C1C(=O)N(C(=O)N2C)C,Inactive
284,363898000,24666,CCOC1=CC=C(C=C1)NC(=O)C.CC(=O)OC1=CC=CC=C1C(=O)O.CN1C=NC2=C1C(=O)N(C(=O)N2C)C,Inactive
285,363898000,24666,CCOC1=CC=C(C=C1)NC(=O)C.CC(=O)OC1=CC=CC=C1C(=O)O.CN1C=NC2=C1C(=O)N(C(=O)N2C)C,Inactive
286,363898000,24666,CCOC1=CC=C(C=C1)NC(=O)C.CC(=O)OC1=CC=CC=C1C(=O)O.CN1C=NC2=C1C(=O)N(C(=O)N2C)C,Unspecified
287,363898001,8809,CC(COC1=CC=C(C=C1)C(C)(C)C)OS(=O)OCCCl,Active
288,363898001,8809,CC(COC1=CC=C(C=C1)C(C)(C)C)OS(=O)OCCCl,Active
289,363898001,8809,CC(COC1=CC=C(C=C1)C(C)(C)C)OS(=O)OCCCl,Active
290,363898002,56841539,COC1=CC=CC2=C3C(=C(C=C21)[N+](=O)[O-])C(=CC4=C3OCO4)C(=O)O.COC1=CC=CC2=C3C(=C(C=C21)[N+](=O)[O-])C(=CC4=C3OCO4)C(=O)O.C1OC2=C(O1)C3=C(C(=C2)C(=O)O)C(=CC4=CC=CC=C43)[N+](=O)[O-],Active
291,363898002,56841539,COC1=CC=CC2=C3C(=C(C=C21)[N+](=O)[O-])C(=CC4=C3OCO4)C(=O)O.COC1=CC=CC2=C3C(=C(C=C21)[N+](=O)[O-])C(=CC4=C3OCO4)C(=O)O.C1OC2=C(O1)C3=C(C(=C2)C(=O)O)C(=CC4=CC=CC=C43)[N+](=O)[O-],Active
292,363898004,4909,CCC1(C(=O)NCNC1=O)C2=CC=CC=C2,Inactive
293,363898004,4909,CCC1(C(=O)NCNC1=O)C2=CC=CC=C2,Active
294,363898004,4909,CCC1(C(=O)NCNC1=O)C2=CC=CC=C2,Active
295,363898004,4909,CCC1(C(=O)NCNC1=O)C2=CC=CC=C2,Unspecified
296,363898005,5359596,[As],Active
297,363898006,,,Active
298,363898007,54670067,C([C@@H]([C@@H]1C(=C(C(=O)O1)O)O)O)O,Inactive
299,363898007,54670067,C([C@@H]([C@@H]1C(=C(C(=O)O1)O)O)O)O,Inactive
300,363898007,54670067,C([C@@H]([C@@H]1C(=C(C(=O)O1)O)O)O)O,Inactive
301,363898007,54670067,C([C@@H]([C@@H]1C(=C(C(=O)O1)O)O)O)O,Inactive
302,363898007,54670067,C([C@@H]([C@@H]1C(=C(C(=O)O1)O)O)O)O,Inactive
303,363898008,10298,CN(C)C1=CC=C(C=C1)C(=N)C2=CC=C(C=C2)N(C)C,Active
304,363898008,10298,CN(C)C1=CC=C(C=C1)C(=N)C2=CC=C(C=C2)N(C)C,Active
305,363898008,10298,CN(C)C1=CC=C(C=C1)C(=N)C2=CC=C(C=C2)N(C)C,Active
306,363898008,10298,CN(C)C1=CC=C(C=C1)C(=N)C2=CC=C(C=C2)N(C)C,Active
307,363898009,,,Active
308,363898010,9444,C1=NC(=NC(=O)N1[C@H]2[C@@H]([C@@H]([C@H](O2)CO)O)O)N,Active
309,363898010,9444,C1=NC(=NC(=O)N1[C@H]2[C@@H]([C@@H]([C@H](O2)CO)O)O)N,Active
310,363898010,9444,C1=NC(=NC(=O)N1[C@H]2[C@@H]([C@@H]([C@H](O2)CO)O)O)N,Inactive
311,363898010,9444,C1=NC(=NC(=O)N1[C@H]2[C@@H]([C@@H]([C@H](O2)CO)O)O)N,Active
312,363898010,9444,C1=NC(=NC(=O)N1[C@H]2[C@@H]([C@@H]([C@H](O2)CO)O)O)N,Active
313,363898011,460129,C([C@@H](C(=O)O)N)OC(=O)C=[N+]=[N-],Active
314,363898012,2265,CN1C=NC(=C1SC2=NC=NC3=C2NC=N3)[N+](=O)[O-],Active
315,363898012,2265,CN1C=NC(=C1SC2=NC=NC3=C2NC=N3)[N+](=O)[O-],Active
316,363898012,2265,CN1C=NC(=C1SC2=NC=NC3=C2NC=N3)[N+](=O)[O-],Active
317,363898012,2265,CN1C=NC(=C1SC2=NC=NC3=C2NC=N3)[N+](=O)[O-],Active
318,363898012,2265,CN1C=NC(=C1SC2=NC=NC3=C2NC=N3)[N+](=O)[O-],Inactive
319,363898013,2268,COP(=S)(OC)SCN1C(=O)C2=CC=CC=C2N=N1,Inactive
320,363898013,2268,COP(=S)(OC)SCN1C(=O)C2=CC=CC=C2N=N1,Inactive
321,363898013,2268,COP(=S)(OC)SCN1C(=O)C2=CC=CC=C2N=N1,Inactive
322,363898013,2268,COP(=S)(OC)SCN1C(=O)C2=CC=CC=C2N=N1,Unspecified
323,363898013,2268,COP(=S)(OC)SCN1C(=O)C2=CC=CC=C2N=N1,Inactive
324,363898013,2268,COP(=S)(OC)SCN1C(=O)C2=CC=CC=C2N=N1,Inactive
325,363898014,61215,COCCOC1=C(C(=O)C(=C(C1=O)N2CC2)OCCOC)N3CC3,Active
326,363898015,2272,C1=CC=C(C=C1)N=NC2=CC=CC=C2,Inactive
327,363898015,2272,C1=CC=C(C=C1)N=NC2=CC=CC=C2,Inactive
328,363898015,2272,C1=CC=C(C=C1)N=NC2=CC=CC=C2,Active
329,363898015,2272,C1=CC=C(C=C1)N=NC2=CC=CC=C2,Active
330,363898015,2272,C1=CC=C(C=C1)N=NC2=CC=CC=C2,Active
331,363898015,2272,C1=CC=C(C=C1)N=NC2=CC=CC=C2,Active
332,363898016,519246,CCN=[N+](CC)[O-],Active
333,363898016,519246,CCN=[N+](CC)[O-],Active
334,363898016,519246,CCN=[N+](CC)[O-],Active
335,363898017,33184,CN=[N+](C)[O-],Active
336,363898017,33184,CN=[N+](C)[O-],Active
337,363898017,33184,CN=[N+](C)[O-],Active
338,363898017,33184,CN=[N+](C)[O-],Active
339,363898017,33184,CN=[N+](C)[O-],Active
340,363898017,33184,CN=[N+](C)[O-],Active
341,363898017,33184,CN=[N+](C)[O-],Active
342,363898017,33184,CN=[N+](C)[O-],Active
343,363898017,33184,CN=[N+](C)[O-],Active
344,363898017,33184,CN=[N+](C)[O-],Unspecified
345,363898017,33184,CN=[N+](C)[O-],Unspecified
346,363898017,33184,CN=[N+](C)[O-],Active
347,363898017,33184,CN=[N+](C)[O-],Active
348,363898017,33184,CN=[N+](C)[O-],Active
349,363898017,33184,CN=[N+](C)[O-],Active
350,363898017,33184,CN=[N+](C)[O-],Active
351,363898018,5284406,CC(=O)[O-].CC(=O)[O-].[OH-].[OH-].[OH-].[OH-].[Pb+2].[Pb+2].[Pb+2],Active
352,363898018,5284406,CC(=O)[O-].CC(=O)[O-].[OH-].[OH-].[OH-].[OH-].[Pb+2].[Pb+2].[Pb+2],Active
353,363898018,5284406,CC(=O)[O-].CC(=O)[O-].[OH-].[OH-].[OH-].[OH-].[Pb+2].[Pb+2].[Pb+2],Active
354,363898018,5284406,CC(=O)[O-].CC(=O)[O-].[OH-].[OH-].[OH-].[OH-].[Pb+2].[Pb+2].[Pb+2],Active
355,363898019,5954,C1=CC=C2C(=C1)C=CC3=CC4=CC=CC=C4C=C32,Active
356,363898019,5954,C1=CC=C2C(=C1)C=CC3=CC4=CC=CC=C4C=C32,Active
357,363898019,5954,C1=CC=C2C(=C1)C=CC3=CC4=CC=CC=C4C=C32,Active
358,363898019,5954,C1=CC=C2C(=C1)C=CC3=CC4=CC=CC=C4C=C32,Active
359,363898019,5954,C1=CC=C2C(=C1)C=CC3=CC4=CC=CC=C4C=C32,Active
360,363898019,5954,C1=CC=C2C(=C1)C=CC3=CC4=CC=CC=C4C=C32,Active
361,363898020,241,C1=CC=CC=C1,Active
362,363898020,241,C1=CC=CC=C1,Active
363,363898020,241,C1=CC=CC=C1,Inactive
364,363898020,241,C1=CC=CC=C1,Inactive
365,363898020,241,C1=CC=CC=C1,Inactive
366,363898020,241,C1=CC=CC=C1,Active
367,363898020,241,C1=CC=CC=C1,Active
368,363898020,241,C1=CC=CC=C1,Active
369,363898020,241,C1=CC=CC=C1,Active
370,363898020,241,C1=CC=CC=C1,Active
371,363898020,241,C1=CC=CC=C1,Active
372,363898020,241,C1=CC=CC=C1,Active
373,363898020,241,C1=CC=CC=C1,Active
374,363898020,241,C1=CC=CC=C1,Active
375,363898020,241,C1=CC=CC=C1,Active
376,363898020,241,C1=CC=CC=C1,Active
377,363898020,241,C1=CC=CC=C1,Active
378,363898020,241,C1=CC=CC=C1,Inactive
379,363898020,241,C1=CC=CC=C1,Active
380,363898020,241,C1=CC=CC=C1,Active
381,363898020,241,C1=CC=CC=C1,Active
382,363898020,241,C1=CC=CC=C1,Active
383,363898020,241,C1=CC=CC=C1,Active
384,363898020,241,C1=CC=CC=C1,Active
385,363898020,241,C1=CC=CC=C1,Active
386,363898020,241,C1=CC=CC=C1,Active
387,363898020,241,C1=CC=CC=C1,Inactive
388,363898020,241,C1=CC=CC=C1,Inactive
389,363898020,241,C1=CC=CC=C1,Active
390,363898020,241,C1=CC=CC=C1,Inactive
391,363898020,241,C1=CC=CC=C1,Inactive
392,363898020,241,C1=CC=CC=C1,Active
393,363898020,241,C1=CC=CC=C1,Active
394,363898020,241,C1=CC=CC=C1,Active
395,363898020,241,C1=CC=CC=C1,Active
396,363898020,241,C1=CC=CC=C1,Active
397,363898020,241,C1=CC=CC=C1,Active
398,363898020,241,C1=CC=CC=C1,Active
399,363898020,241,C1=CC=CC=C1,Active
400,363898020,241,C1=CC=CC=C1,Active
401,363898020,241,C1=CC=CC=C1,Active
402,363898020,241,C1=CC=CC=C1,Active
403,363898020,241,C1=CC=CC=C1,Active
404,363898020,241,C1=CC=CC=C1,Inactive
405,363898020,241,C1=CC=CC=C1,Inactive
406,363898020,241,C1=CC=CC=C1,Active
407,363898020,241,C1=CC=CC=C1,Inactive
408,363898020,241,C1=CC=CC=C1,Inactive
409,363898021,7111,C1=CC(=CC=C1C2=CC=C(C=C2)N)N,Active
410,363898021,7111,C1=CC(=CC=C1C2=CC=C(C=C2)N)N,Active
411,363898021,7111,C1=CC(=CC=C1C2=CC=C(C=C2)N)N,Active
412,363898021,7111,C1=CC(=CC=C1C2=CC=C(C=C2)N)N,Active
413,363898021,7111,C1=CC(=CC=C1C2=CC=C(C=C2)N)N,Active
414,363898021,7111,C1=CC(=CC=C1C2=CC=C(C=C2)N)N,Active
415,363898022,9153,C1=CC=C2C3=C4C(=CC=C3)C5=CC=CC=C5C4=CC2=C1,Active
416,363898022,9153,C1=CC=C2C3=C4C(=CC=C3)C5=CC=CC=C5C4=CC2=C1,Active
417,363898022,9153,C1=CC=C2C3=C4C(=CC=C3)C5=CC=CC=C5C4=CC2=C1,Active
418,363898022,9153,C1=CC=C2C3=C4C(=CC=C3)C5=CC=CC=C5C4=CC2=C1,Active
419,363898022,9153,C1=CC=C2C3=C4C(=CC=C3)C5=CC=CC=C5C4=CC2=C1,Active
420,363898022,9153,C1=CC=C2C3=C4C(=CC=C3)C5=CC=CC=C5C4=CC2=C1,Active
421,363898022,9153,C1=CC=C2C3=C4C(=CC=C3)C5=CC=CC=C5C4=CC2=C1,Active
422,363898022,9153,C1=CC=C2C3=C4C(=CC=C3)C5=CC=CC=C5C4=CC2=C1,Active
423,363898023,9152,C1=CC=C2C(=C1)C=CC3=C2C4=CC=CC5=C4C3=CC=C5,Active
424,363898023,9152,C1=CC=C2C(=C1)C=CC3=C2C4=CC=CC5=C4C3=CC=C5,Active
425,363898023,9152,C1=CC=C2C(=C1)C=CC3=C2C4=CC=CC5=C4C3=CC=C5,Active
426,363898023,9152,C1=CC=C2C(=C1)C=CC3=C2C4=CC=CC5=C4C3=CC=C5,Active
427,363898024,9158,C1=CC=C2C=C3C4=CC=CC5=C4C(=CC=C5)C3=CC2=C1,Active
428,363898024,9158,C1=CC=C2C=C3C4=CC=CC5=C4C(=CC=C5)C3=CC2=C1,Active
429,363898025,8400,C1=CC=C(C=C1)C(C(=O)C2=CC=CC=C2)O,Inactive
430,363898025,8400,C1=CC=C(C=C1)C(C(=O)C2=CC=CC=C2)O,Inactive
431,363898025,8400,C1=CC=C(C=C1)C(C(=O)C2=CC=CC=C2)O,Inactive
432,363898025,8400,C1=CC=C(C=C1)C(C(=O)C2=CC=CC=C2)O,Inactive
433,363898026,2336,C1=CC=C2C3=C4C(=CC2=C1)C=CC5=C4C(=CC=C5)C=C3,Active
434,363898026,2336,C1=CC=C2C3=C4C(=CC2=C1)C=CC5=C4C(=CC=C5)C=C3,Active
435,363898026,2336,C1=CC=C2C3=C4C(=CC2=C1)C=CC5=C4C(=CC=C5)C=C3,Active
436,363898026,2336,C1=CC=C2C3=C4C(=CC2=C1)C=CC5=C4C(=CC=C5)C=C3,Active
437,363898026,2336,C1=CC=C2C3=C4C(=CC2=C1)C=CC5=C4C(=CC=C5)C=C3,Active
438,363898026,2336,C1=CC=C2C3=C4C(=CC2=C1)C=CC5=C4C(=CC=C5)C=C3,Active
439,363898026,2336,C1=CC=C2C3=C4C(=CC2=C1)C=CC5=C4C(=CC=C5)C=C3,Active
440,363898026,2336,C1=CC=C2C3=C4C(=CC2=C1)C=CC5=C4C(=CC=C5)C=C3,Active
441,363898026,2336,C1=CC=C2C3=C4C(=CC2=C1)C=CC5=C4C(=CC=C5)C=C3,Active
442,363898026,2336,C1=CC=C2C3=C4C(=CC2=C1)C=CC5=C4C(=CC=C5)C=C3,Active
443,363898026,2336,C1=CC=C2C3=C4C(=CC2=C1)C=CC5=C4C(=CC=C5)C=C3,Active
444,363898026,2336,C1=CC=C2C3=C4C(=CC2=C1)C=CC5=C4C(=CC=C5)C=C3,Active
445,363898026,2336,C1=CC=C2C3=C4C(=CC2=C1)C=CC5=C4C(=CC=C5)C=C3,Active
446,363898026,2336,C1=CC=C2C3=C4C(=CC2=C1)C=CC5=C4C(=CC=C5)C=C3,Active
447,363898026,2336,C1=CC=C2C3=C4C(=CC2=C1)C=CC5=C4C(=CC=C5)C=C3,Active
448,363898026,2336,C1=CC=C2C3=C4C(=CC2=C1)C=CC5=C4C(=CC=C5)C=C3,Active
449,363898026,2336,C1=CC=C2C3=C4C(=CC2=C1)C=CC5=C4C(=CC=C5)C=C3,Active
450,363898026,2336,C1=CC=C2C3=C4C(=CC2=C1)C=CC5=C4C(=CC=C5)C=C3,Active
451,363898026,2336,C1=CC=C2C3=C4C(=CC2=C1)C=CC5=C4C(=CC=C5)C=C3,Active
452,363898026,2336,C1=CC=C2C3=C4C(=CC2=C1)C=CC5=C4C(=CC=C5)C=C3,Active
453,363898026,2336,C1=CC=C2C3=C4C(=CC2=C1)C=CC5=C4C(=CC=C5)C=C3,Active
454,363898026,2336,C1=CC=C2C3=C4C(=CC2=C1)C=CC5=C4C(=CC=C5)C=C3,Active
455,363898026,2336,C1=CC=C2C3=C4C(=CC2=C1)C=CC5=C4C(=CC=C5)C=C3,Active
456,363898026,2336,C1=CC=C2C3=C4C(=CC2=C1)C=CC5=C4C(=CC=C5)C=C3,Active
457,363898026,2336,C1=CC=C2C3=C4C(=CC2=C1)C=CC5=C4C(=CC=C5)C=C3,Active
458,363898026,2336,C1=CC=C2C3=C4C(=CC2=C1)C=CC5=C4C(=CC=C5)C=C3,Active
459,363898026,2336,C1=CC=C2C3=C4C(=CC2=C1)C=CC5=C4C(=CC=C5)C=C3,Active
460,363898026,2336,C1=CC=C2C3=C4C(=CC2=C1)C=CC5=C4C(=CC=C5)C=C3,Active
461,363898026,2336,C1=CC=C2C3=C4C(=CC2=C1)C=CC5=C4C(=CC=C5)C=C3,Active
462,363898026,2336,C1=CC=C2C3=C4C(=CC2=C1)C=CC5=C4C(=CC=C5)C=C3,Active
463,363898026,2336,C1=CC=C2C3=C4C(=CC2=C1)C=CC5=C4C(=CC=C5)C=C3,Active
464,363898026,2336,C1=CC=C2C3=C4C(=CC2=C1)C=CC5=C4C(=CC=C5)C=C3,Active
465,363898026,2336,C1=CC=C2C3=C4C(=CC2=C1)C=CC5=C4C(=CC=C5)C=C3,Active
466,363898026,2336,C1=CC=C2C3=C4C(=CC2=C1)C=CC5=C4C(=CC=C5)C=C3,Active
467,363898026,2336,C1=CC=C2C3=C4C(=CC2=C1)C=CC5=C4C(=CC=C5)C=C3,Active
468,363898026,2336,C1=CC=C2C3=C4C(=CC2=C1)C=CC5=C4C(=CC=C5)C=C3,Active
469,363898026,2336,C1=CC=C2C3=C4C(=CC2=C1)C=CC5=C4C(=CC=C5)C=C3,Active
470,363898026,2336,C1=CC=C2C3=C4C(=CC2=C1)C=CC5=C4C(=CC=C5)C=C3,Active
471,363898026,2336,C1=CC=C2C3=C4C(=CC2=C1)C=CC5=C4C(=CC=C5)C=C3,Inactive
472,363898026,2336,C1=CC=C2C3=C4C(=CC2=C1)C=CC5=C4C(=CC=C5)C=C3,Active
473,363898026,2336,C1=CC=C2C3=C4C(=CC2=C1)C=CC5=C4C(=CC=C5)C=C3,Active
474,363898026,2336,C1=CC=C2C3=C4C(=CC2=C1)C=CC5=C4C(=CC=C5)C=C3,Active
475,363898026,2336,C1=CC=C2C3=C4C(=CC2=C1)C=CC5=C4C(=CC=C5)C=C3,Inactive
476,363898026,2336,C1=CC=C2C3=C4C(=CC2=C1)C=CC5=C4C(=CC=C5)C=C3,Active
477,363898026,2336,C1=CC=C2C3=C4C(=CC2=C1)C=CC5=C4C(=CC=C5)C=C3,Active
478,363898026,2336,C1=CC=C2C3=C4C(=CC2=C1)C=CC5=C4C(=CC=C5)C=C3,Active
479,363898026,2336,C1=CC=C2C3=C4C(=CC2=C1)C=CC5=C4C(=CC=C5)C=C3,Active
480,363898026,2336,C1=CC=C2C3=C4C(=CC2=C1)C=CC5=C4C(=CC=C5)C=C3,Active
481,363898026,2336,C1=CC=C2C3=C4C(=CC2=C1)C=CC5=C4C(=CC=C5)C=C3,Inactive
482,363898026,2336,C1=CC=C2C3=C4C(=CC2=C1)C=CC5=C4C(=CC=C5)C=C3,Active
483,363898026,2336,C1=CC=C2C3=C4C(=CC2=C1)C=CC5=C4C(=CC=C5)C=C3,Active
484,363898026,2336,C1=CC=C2C3=C4C(=CC2=C1)C=CC5=C4C(=CC=C5)C=C3,Active
485,363898026,2336,C1=CC=C2C3=C4C(=CC2=C1)C=CC5=C4C(=CC=C5)C=C3,Inactive
486,363898026,2336,C1=CC=C2C3=C4C(=CC2=C1)C=CC5=C4C(=CC=C5)C=C3,Inactive
487,363898026,2336,C1=CC=C2C3=C4C(=CC2=C1)C=CC5=C4C(=CC=C5)C=C3,Active
488,363898026,2336,C1=CC=C2C3=C4C(=CC2=C1)C=CC5=C4C(=CC=C5)C=C3,Active
489,363898026,2336,C1=CC=C2C3=C4C(=CC2=C1)C=CC5=C4C(=CC=C5)C=C3,Active
490,363898026,2336,C1=CC=C2C3=C4C(=CC2=C1)C=CC5=C4C(=CC=C5)C=C3,Active
491,363898026,2336,C1=CC=C2C3=C4C(=CC2=C1)C=CC5=C4C(=CC=C5)C=C3,Active
492,363898026,2336,C1=CC=C2C3=C4C(=CC2=C1)C=CC5=C4C(=CC=C5)C=C3,Active
493,363898026,2336,C1=CC=C2C3=C4C(=CC2=C1)C=CC5=C4C(=CC=C5)C=C3,Inactive
494,363898026,2336,C1=CC=C2C3=C4C(=CC2=C1)C=CC5=C4C(=CC=C5)C=C3,Inactive
495,363898026,2336,C1=CC=C2C3=C4C(=CC2=C1)C=CC5=C4C(=CC=C5)C=C3,Active
496,363898026,2336,C1=CC=C2C3=C4C(=CC2=C1)C=CC5=C4C(=CC=C5)C=C3,Active
497,363898026,2336,C1=CC=C2C3=C4C(=CC2=C1)C=CC5=C4C(=CC=C5)C=C3,Active
498,363898026,2336,C1=CC=C2C3=C4C(=CC2=C1)C=CC5=C4C(=CC=C5)C=C3,Active
499,363898026,2336,C1=CC=C2C3=C4C(=CC2=C1)C=CC5=C4C(=CC=C5)C=C3,Active
500,363898026,2336,C1=CC=C2C3=C4C(=CC2=C1)C=CC5=C4C(=CC=C5)C=C3,Active
501,363898026,2336,C1=CC=C2C3=C4C(=CC2=C1)C=CC5=C4C(=CC=C5)C=C3,Active
502,363898026,2336,C1=CC=C2C3=C4C(=CC2=C1)C=CC5=C4C(=CC=C5)C=C3,Active
503,363898026,2336,C1=CC=C2C3=C4C(=CC2=C1)C=CC5=C4C(=CC=C5)C=C3,Inactive
504,363898026,2336,C1=CC=C2C3=C4C(=CC2=C1)C=CC5=C4C(=CC=C5)C=C3,Inactive
505,363898026,2336,C1=CC=C2C3=C4C(=CC2=C1)C=CC5=C4C(=CC=C5)C=C3,Active
506,363898026,2336,C1=CC=C2C3=C4C(=CC2=C1)C=CC5=C4C(=CC=C5)C=C3,Active
507,363898026,2336,C1=CC=C2C3=C4C(=CC2=C1)C=CC5=C4C(=CC=C5)C=C3,Active
508,363898026,2336,C1=CC=C2C3=C4C(=CC2=C1)C=CC5=C4C(=CC=C5)C=C3,Active
509,363898026,2336,C1=CC=C2C3=C4C(=CC2=C1)C=CC5=C4C(=CC=C5)C=C3,Active
510,363898026,2336,C1=CC=C2C3=C4C(=CC2=C1)C=CC5=C4C(=CC=C5)C=C3,Active
511,363898026,2336,C1=CC=C2C3=C4C(=CC2=C1)C=CC5=C4C(=CC=C5)C=C3,Active
512,363898026,2336,C1=CC=C2C3=C4C(=CC2=C1)C=CC5=C4C(=CC=C5)C=C3,Active
513,363898026,2336,C1=CC=C2C3=C4C(=CC2=C1)C=CC5=C4C(=CC=C5)C=C3,Active
514,363898026,2336,C1=CC=C2C3=C4C(=CC2=C1)C=CC5=C4C(=CC=C5)C=C3,Active
515,363898026,2336,C1=CC=C2C3=C4C(=CC2=C1)C=CC5=C4C(=CC=C5)C=C3,Inactive
516,363898026,2336,C1=CC=C2C3=C4C(=CC2=C1)C=CC5=C4C(=CC=C5)C=C3,Inactive
517,363898027,104853,C1=CC2=C3C(=C1)C=CC4=C3C(=CC5=C4C=C[C@@H]([C@H]5O)O)C=C2,Active
518,363898027,104853,C1=CC2=C3C(=C1)C=CC4=C3C(=CC5=C4C=C[C@@H]([C@H]5O)O)C=C2,Active
519,363898027,104853,C1=CC2=C3C(=C1)C=CC4=C3C(=CC5=C4C=C[C@@H]([C@H]5O)O)C=C2,Active
520,363898028,7220,C1=CC2=NNN=C2C=C1,Inactive
521,363898028,7220,C1=CC2=NNN=C2C=C1,Unspecified
522,363898028,7220,C1=CC2=NNN=C2C=C1,Unspecified
523,363898028,7220,C1=CC2=NNN=C2C=C1,Unspecified
524,363898029,7503,C1=CC=C(C=C1)CCl,Active
525,363898029,7503,C1=CC=C(C=C1)CCl,Inactive
526,363898029,7503,C1=CC=C(C=C1)CCl,Active
527,363898029,7503,C1=CC=C(C=C1)CCl,Active
528,363898029,7503,C1=CC=C(C=C1)CCl,Active
529,363898030,23691992,CCN(CC1=CC(=CC=C1)S(=O)(=O)O)C2=CC=C(C=C2)C(=C3C=CC(=[N+](C)C)C=C3)C4=CC=C(C=C4)N(CC)CC5=CC(=CC=C5)S(=O)(=O)[O-].[Na+],Active
530,363898030,23691992,CCN(CC1=CC(=CC=C1)S(=O)(=O)O)C2=CC=C(C=C2)C(=C3C=CC(=[N+](C)C)C=C3)C4=CC=C(C=C4)N(CC)CC5=CC(=CC=C5)S(=O)(=O)[O-].[Na+],Active
531,363898030,23691992,CCN(CC1=CC(=CC=C1)S(=O)(=O)O)C2=CC=C(C=C2)C(=C3C=CC(=[N+](C)C)C=C3)C4=CC=C(C=C4)N(CC)CC5=CC(=CC=C5)S(=O)(=O)[O-].[Na+],Inactive
532,363898030,23691992,CCN(CC1=CC(=CC=C1)S(=O)(=O)O)C2=CC=C(C=C2)C(=C3C=CC(=[N+](C)C)C=C3)C4=CC=C(C=C4)N(CC)CC5=CC(=CC=C5)S(=O)(=O)[O-].[Na+],Inactive
533,363898031,5460467,[Be],Active
534,363898031,5460467,[Be],Active
535,363898032,61577,[Be+2].C(=O)([O-])[O-],Active
536,363898033,14775,[Be]=O,Active
537,363898034,26077,[Be+2].[O-]S(=O)(=O)[O-],Active
538,363898034,26077,[Be+2].[O-]S(=O)(=O)[O-],Inactive
539,363898034,26077,[Be+2].[O-]S(=O)(=O)[O-],Inactive
540,363898035,62672,[Be+2].O.O.O.O.[O-]S(=O)(=O)[O-],Active
541,363898035,62672,[Be+2].O.O.O.O.[O-]S(=O)(=O)[O-],Active
542,363898035,62672,[Be+2].O.O.O.O.[O-]S(=O)(=O)[O-],Active
543,363898035,62672,[Be+2].O.O.O.O.[O-]S(=O)(=O)[O-],Active
544,363898035,62672,[Be+2].O.O.O.O.[O-]S(=O)(=O)[O-],Active
545,363898036,14767,[Be+2].[Be+2].[Be+2].[O-][Si](=O)[O-].[O-][Si](=O)[O-].[O-][Si](=O)[O-].[O-][Si](=O)[O-].[O-][Si](=O)[O-].[O-][Si](=O)[O-].[Al+3].[Al+3],Active
546,363898037,62432,C1CN1P(=S)(N2CC2)N3CCOCC3,Active
547,363898038,8115,C(CCl)OCCCl,Active
548,363898038,8115,C(CCl)OCCCl,Active
549,363898038,8115,C(CCl)OCCCl,Inactive
550,363898038,8115,C(CCl)OCCCl,Inactive
551,363898039,10307,C1=CC=C2C=C(C=CC2=C1)N(CCCl)CCCl,Active
552,363898039,10307,C1=CC=C2C=C(C=CC2=C1)N(CCCl)CCCl,Active
553,363898039,10307,C1=CC=C2C=C(C=CC2=C1)N(CCCl)CCCl,Active
554,363898040,10967,C(OCCl)Cl,Active
555,363898040,10967,C(OCCl)Cl,Active
556,363898040,10967,C(OCCl)Cl,Active
557,363898040,10967,C(OCCl)Cl,Active
558,363898040,10967,C(OCCl)Cl,Active
559,363898040,10967,C(OCCl)Cl,Active
560,363898040,10967,C(OCCl)Cl,Active
561,363898040,10967,C(OCCl)Cl,Active
562,363898041,7944,CC(CCl)OC(C)CCl,Inactive
563,363898041,7944,CC(CCl)OC(C)CCl,Inactive
564,363898041,7944,CC(CCl)OC(C)CCl,Active
565,363898041,7944,CC(CCl)OC(C)CCl,Active
566,363898044,23662398,C(CO)N(CCO)C(=S)[S-].[K+],Active
567,363898044,23662398,C(CO)N(CCO)C(=S)[S-].[K+],Active
568,363898044,23662398,C(CO)N(CCO)C(=S)[S-].[K+],Inactive
569,363898045,6623,CC(C)(C1=CC=C(C=C1)O)C2=CC=C(C=C2)O,Inactive
570,363898045,6623,CC(C)(C1=CC=C(C=C1)O)C2=CC=C(C=C2)O,Inactive
571,363898045,6623,CC(C)(C1=CC=C(C=C1)O)C2=CC=C(C=C2)O,Unspecified
572,363898045,6623,CC(C)(C1=CC=C(C=C1)O)C2=CC=C(C=C2)O,Unspecified
573,363898045,6623,CC(C)(C1=CC=C(C=C1)O)C2=CC=C(C=C2)O,Unspecified
574,363898045,6623,CC(C)(C1=CC=C(C=C1)O)C2=CC=C(C=C2)O,Active
575,363898046,8507,CCN(CC)C1=CC=C(C=C1)C(=C2C=CC(=[N+](CC)CC)C=C2)C3=C(C=C(C=C3)S(=O)(=O)[O-])S(=O)(=O)[O-].[Na+],Active
576,363898047,19700,CCN(CC1=CC(=CC=C1)S(=O)(=O)[O-])C2=CC=C(C=C2)C(=C3C=CC(=[N+](CC)CC4=CC(=CC=C4)S(=O)(=O)[O-])C=C3)C5=CC=CC=C5S(=O)(=O)[O-].[Na+].[Na+],Active
577,363898047,19700,CCN(CC1=CC(=CC=C1)S(=O)(=O)[O-])C2=CC=C(C=C2)C(=C3C=CC(=[N+](CC)CC4=CC(=CC=C4)S(=O)(=O)[O-])C=C3)C5=CC=CC=C5S(=O)(=O)[O-].[Na+].[Na+],Inactive
578,363898047,19700,CCN(CC1=CC(=CC=C1)S(=O)(=O)[O-])C2=CC=C(C=C2)C(=C3C=CC(=[N+](CC)CC4=CC(=CC=C4)S(=O)(=O)[O-])C=C3)C5=CC=CC=C5S(=O)(=O)[O-].[Na+].[Na+],Inactive
579,363898047,19700,CCN(CC1=CC(=CC=C1)S(=O)(=O)[O-])C2=CC=C(C=C2)C(=C3C=CC(=[N+](CC)CC4=CC(=CC=C4)S(=O)(=O)[O-])C=C3)C5=CC=CC=C5S(=O)(=O)[O-].[Na+].[Na+],Inactive
580,363898047,19700,CCN(CC1=CC(=CC=C1)S(=O)(=O)[O-])C2=CC=C(C=C2)C(=C3C=CC(=[N+](CC)CC4=CC(=CC=C4)S(=O)(=O)[O-])C=C3)C5=CC=CC=C5S(=O)(=O)[O-].[Na+].[Na+],Inactive
581,363898047,19700,CCN(CC1=CC(=CC=C1)S(=O)(=O)[O-])C2=CC=C(C=C2)C(=C3C=CC(=[N+](CC)CC4=CC(=CC=C4)S(=O)(=O)[O-])C=C3)C5=CC=CC=C5S(=O)(=O)[O-].[Na+].[Na+],Inactive
582,363898047,19700,CCN(CC1=CC(=CC=C1)S(=O)(=O)[O-])C2=CC=C(C=C2)C(=C3C=CC(=[N+](CC)CC4=CC(=CC=C4)S(=O)(=O)[O-])C=C3)C5=CC=CC=C5S(=O)(=O)[O-].[Na+].[Na+],Inactive
583,363898048,5558,C(Br)(Br)Br,Inactive
584,363898048,5558,C(Br)(Br)Br,Inactive
585,363898048,5558,C(Br)(Br)Br,Active
586,363898048,5558,C(Br)(Br)Br,Active
587,363898048,5558,C(Br)(Br)Br,Active
588,363898049,7845,C=CC=C,Active
589,363898049,7845,C=CC=C,Active
590,363898049,7845,C=CC=C,Active
591,363898049,7845,C=CC=C,Active
592,363898049,7845,C=CC=C,Active
593,363898049,7845,C=CC=C,Active
594,363898049,7845,C=CC=C,Active
595,363898049,7845,C=CC=C,Active
596,363898049,7845,C=CC=C,Active
597,363898049,7845,C=CC=C,Active
598,363898049,7845,C=CC=C,Active
599,363898049,7845,C=CC=C,Active
600,363898049,7845,C=CC=C,Active
601,363898049,7845,C=CC=C,Inactive
602,363898049,7845,C=CC=C,Inactive
603,363898050,42094,CCCCN(C(CCC)OC(=O)C)N=O,Active
604,363898050,42094,CCCCN(C(CCC)OC(=O)C)N=O,Active
605,363898051,42095,CCCCN(COC(=O)C)N=O,Active
606,363898051,42095,CCCCN(COC(=O)C)N=O,Active
607,363898052,,,Active
608,363898052,,,Active
609,363898052,,,Active
610,363898052,,,Active
611,363898052,,,Active
612,363898052,,,Active
613,363898052,,,Inactive
614,363898052,,,Inactive
615,363898052,,,Active
616,363898052,,,Inactive
617,363898052,,,Inactive
618,363898052,,,Inactive
619,363898052,,,Active
620,363898052,,,Active
621,363898052,,,Inactive
622,363898052,,,Active
623,363898052,,,Active
624,363898052,,,Inactive
625,363898052,,,Active
626,363898052,,,Active
627,363898052,,,Active
628,363898052,,,Active
629,363898052,,,Active
630,363898053,31404,CC1=CC(=C(C(=C1)C(C)(C)C)O)C(C)(C)C,Inactive
631,363898053,31404,CC1=CC(=C(C(=C1)C(C)(C)C)O)C(C)(C)C,Inactive
632,363898053,31404,CC1=CC(=C(C(=C1)C(C)(C)C)O)C(C)(C)C,Inactive
633,363898053,31404,CC1=CC(=C(C(=C1)C(C)(C)C)O)C(C)(C)C,Inactive
634,363898053,31404,CC1=CC(=C(C(=C1)C(C)(C)C)O)C(C)(C)C,Inactive
635,363898054,2347,CCCCOC(=O)C1=CC=CC=C1C(=O)OCC2=CC=CC=C2,Inactive
636,363898054,2347,CCCCOC(=O)C1=CC=CC=C1C(=O)OCC2=CC=CC=C2,Inactive
637,363898054,2347,CCCCOC(=O)C1=CC=CC=C1C(=O)OCC2=CC=CC=C2,Active
638,363898054,2347,CCCCOC(=O)C1=CC=CC=C1C(=O)OCC2=CC=CC=C2,Active
639,363898054,2347,CCCCOC(=O)C1=CC=CC=C1C(=O)OCC2=CC=CC=C2,Active
640,363898054,2347,CCCCOC(=O)C1=CC=CC=C1C(=O)OCC2=CC=CC=C2,Inactive
641,363898054,2347,CCCCOC(=O)C1=CC=CC=C1C(=O)OCC2=CC=CC=C2,Inactive
642,363898054,2347,CCCCOC(=O)C1=CC=CC=C1C(=O)OCC2=CC=CC=C2,Inactive
643,363898054,2347,CCCCOC(=O)C1=CC=CC=C1C(=O)OCC2=CC=CC=C2,Inactive
644,363898054,2347,CCCCOC(=O)C1=CC=CC=C1C(=O)OCC2=CC=CC=C2,Inactive
645,363898054,2347,CCCCOC(=O)C1=CC=CC=C1C(=O)OCC2=CC=CC=C2,Unspecified
646,363898055,35370,CC1=CN(C(=O)NC1=O)[C@H]2C[C@@H]([C@H](O2)CO)N=[N+]=[N-],Inactive
647,363898055,35370,CC1=CN(C(=O)NC1=O)[C@H]2C[C@@H]([C@H](O2)CO)N=[N+]=[N-],Inactive
648,363898055,35370,CC1=CN(C(=O)NC1=O)[C@H]2C[C@@H]([C@H](O2)CO)N=[N+]=[N-],Active
649,363898055,35370,CC1=CN(C(=O)NC1=O)[C@H]2C[C@@H]([C@H](O2)CO)N=[N+]=[N-],Active
650,363898055,35370,CC1=CN(C(=O)NC1=O)[C@H]2C[C@@H]([C@H](O2)CO)N=[N+]=[N-],Active
651,363898055,35370,CC1=CN(C(=O)NC1=O)[C@H]2C[C@@H]([C@H](O2)CO)N=[N+]=[N-],Unspecified
652,363898055,35370,CC1=CN(C(=O)NC1=O)[C@H]2C[C@@H]([C@H](O2)CO)N=[N+]=[N-],Active
653,363898055,35370,CC1=CN(C(=O)NC1=O)[C@H]2C[C@@H]([C@H](O2)CO)N=[N+]=[N-],Inactive
654,363898056,6554,CCC(C)Br,Active
655,363898057,10485,CC(C)(C)Br,Active
656,363898058,149520,CCCCN(C(CCC)OO)N=O,Active
657,363898059,51804,CCCCN(C1CCC(=O)O1)N=O,Active
658,363898060,13362,CCCCN(C(=O)N)N=O,Active
659,363898060,13362,CCCCN(C(=O)N)N=O,Active
660,363898060,13362,CCCCN(C(=O)N)N=O,Active
661,363898060,13362,CCCCN(C(=O)N)N=O,Active
662,363898060,13362,CCCCN(C(=O)N)N=O,Active
663,363898061,18303,CC1CC(=O)O1,Active
664,363898061,18303,CC1CC(=O)O1,Active
665,363898061,18303,CC1CC(=O)O1,Active
666,363898061,18303,CC1CC(=O)O1,Active
667,363898062,23973,[Cd],Active
668,363898062,23973,[Cd],Active
669,363898062,23973,[Cd],Active
670,363898064,24947,Cl[Cd]Cl,Active
671,363898064,24947,Cl[Cd]Cl,Active
672,363898064,24947,Cl[Cd]Cl,Active
673,363898064,24947,Cl[Cd]Cl,Active
674,363898064,24947,Cl[Cd]Cl,Active
675,363898064,24947,Cl[Cd]Cl,Active
676,363898064,24947,Cl[Cd]Cl,Active
677,363898064,24947,Cl[Cd]Cl,Active
678,363898064,24947,Cl[Cd]Cl,Active
679,363898064,24947,Cl[Cd]Cl,Active
680,363898064,24947,Cl[Cd]Cl,Active
681,363898064,24947,Cl[Cd]Cl,Active
682,363898064,24947,Cl[Cd]Cl,Active
683,363898064,24947,Cl[Cd]Cl,Active
684,363898064,24947,Cl[Cd]Cl,Active
685,363898064,24947,Cl[Cd]Cl,Active
686,363898064,24947,Cl[Cd]Cl,Inactive
687,363898064,24947,Cl[Cd]Cl,Inactive
688,363898064,24947,Cl[Cd]Cl,Active
689,363898064,24947,Cl[Cd]Cl,Active
690,363898064,24947,Cl[Cd]Cl,Active
691,363898064,24947,Cl[Cd]Cl,Active
692,363898064,24947,Cl[Cd]Cl,Active
693,363898064,24947,Cl[Cd]Cl,Active
694,363898064,24947,Cl[Cd]Cl,Inactive
695,363898064,24947,Cl[Cd]Cl,Active
696,363898064,24947,Cl[Cd]Cl,Active
697,363898064,24947,Cl[Cd]Cl,Active
698,363898064,24947,Cl[Cd]Cl,Inactive
699,363898064,24947,Cl[Cd]Cl,Active
700,363898064,24947,Cl[Cd]Cl,Active
701,363898064,24947,Cl[Cd]Cl,Inactive
702,363898064,24947,Cl[Cd]Cl,Active
703,363898064,24947,Cl[Cd]Cl,Active
704,363898064,24947,Cl[Cd]Cl,Active
705,363898064,24947,Cl[Cd]Cl,Active
706,363898065,14782,O=[Cd],Active
707,363898065,14782,O=[Cd],Active
708,363898065,14782,O=[Cd],Active
709,363898065,14782,O=[Cd],Active
710,363898065,14782,O=[Cd],Active
711,363898065,14782,O=[Cd],Active
712,363898065,14782,O=[Cd],Inactive
713,363898065,14782,O=[Cd],Inactive
714,363898065,14782,O=[Cd],Active
715,363898065,14782,O=[Cd],Inactive
716,363898065,14782,O=[Cd],Inactive
717,363898065,14782,O=[Cd],Active
718,363898065,14782,O=[Cd],Active
719,363898065,14782,O=[Cd],Active
720,363898065,14782,O=[Cd],Active
721,363898065,14782,O=[Cd],Active
722,363898065,14782,O=[Cd],Active
723,363898065,14782,O=[Cd],Active
724,363898065,14782,O=[Cd],Inactive
725,363898065,14782,O=[Cd],Active
726,363898065,14782,O=[Cd],Active
727,363898065,14782,O=[Cd],Active
728,363898065,14782,O=[Cd],Inactive
729,363898065,14782,O=[Cd],Inactive
730,363898065,14782,O=[Cd],Inactive
731,363898065,14782,O=[Cd],Inactive
732,363898065,14782,O=[Cd],Inactive
733,363898065,14782,O=[Cd],Active
734,363898065,14782,O=[Cd],Active
735,363898065,14782,O=[Cd],Active
736,363898065,14782,O=[Cd],Active
737,363898065,14782,O=[Cd],Active
738,363898065,14782,O=[Cd],Active
739,363898065,14782,O=[Cd],Active
740,363898065,14782,O=[Cd],Inactive
741,363898065,14782,O=[Cd],Active
742,363898066,24962,[O-]S(=O)(=O)[O-].[Cd+2],Active
743,363898066,24962,[O-]S(=O)(=O)[O-].[Cd+2],Active
744,363898066,24962,[O-]S(=O)(=O)[O-].[Cd+2],Active
745,363898066,24962,[O-]S(=O)(=O)[O-].[Cd+2],Active
746,363898066,24962,[O-]S(=O)(=O)[O-].[Cd+2],Active
747,363898066,24962,[O-]S(=O)(=O)[O-].[Cd+2],Active
748,363898066,24962,[O-]S(=O)(=O)[O-].[Cd+2],Inactive
749,363898066,24962,[O-]S(=O)(=O)[O-].[Cd+2],Inactive
750,363898066,24962,[O-]S(=O)(=O)[O-].[Cd+2],Active
751,363898066,24962,[O-]S(=O)(=O)[O-].[Cd+2],Active
752,363898066,24962,[O-]S(=O)(=O)[O-].[Cd+2],Active
753,363898066,24962,[O-]S(=O)(=O)[O-].[Cd+2],Active
754,363898067,14783,S=[Cd],Active
755,363898067,14783,S=[Cd],Active
756,363898067,14783,S=[Cd],Active
757,363898067,14783,S=[Cd],Active
758,363898067,14783,S=[Cd],Active
759,363898067,14783,S=[Cd],Active
760,363898067,14783,S=[Cd],Active
761,363898067,14783,S=[Cd],Active
762,363898067,14783,S=[Cd],Active
763,363898067,14783,S=[Cd],Active
764,363898067,14783,S=[Cd],Active
765,363898067,14783,S=[Cd],Inactive
766,363898067,14783,S=[Cd],Inactive
767,363898067,14783,S=[Cd],Active
768,363898067,14783,S=[Cd],Active
769,363898067,14783,S=[Cd],Active
770,363898067,14783,S=[Cd],Active
771,363898067,14783,S=[Cd],Active
772,363898067,14783,S=[Cd],Active
773,363898067,14783,S=[Cd],Active
774,363898067,14783,S=[Cd],Active
775,363898067,14783,S=[Cd],Active
776,363898067,14783,S=[Cd],Active
777,363898067,14783,S=[Cd],Inactive
778,363898067,14783,S=[Cd],Inactive
779,363898067,14783,S=[Cd],Inactive
780,363898067,14783,S=[Cd],Active
781,363898067,14783,S=[Cd],Active
782,363898067,14783,S=[Cd],Active
783,363898067,14783,S=[Cd],Active
784,363898067,14783,S=[Cd],Active
785,363898067,14783,S=[Cd],Active
786,363898067,14783,S=[Cd],Active
787,363898067,14783,S=[Cd],Inactive
788,363898067,14783,S=[Cd],Active
789,363898067,14783,S=[Cd],Active
790,363898068,,,Inactive
791,363898068,,,Inactive
792,363898068,,,Inactive
793,363898068,,,Inactive
794,363898069,7768,C1CCC(=O)NCC1,Inactive
795,363898069,7768,C1CCC(=O)NCC1,Inactive
796,363898069,7768,C1CCC(=O)NCC1,Inactive
797,363898069,7768,C1CCC(=O)NCC1,Inactive
798,363898070,18594026,C1C=CC[C@H]2[C@@H]1C(=O)N(C2=O)SC(Cl)(Cl)Cl,Active
799,363898070,18594026,C1C=CC[C@H]2[C@@H]1C(=O)N(C2=O)SC(Cl)(Cl)Cl,Inactive
800,363898070,18594026,C1C=CC[C@H]2[C@@H]1C(=O)N(C2=O)SC(Cl)(Cl)Cl,Inactive
801,363898070,18594026,C1C=CC[C@H]2[C@@H]1C(=O)N(C2=O)SC(Cl)(Cl)Cl,Inactive
802,363898070,18594026,C1C=CC[C@H]2[C@@H]1C(=O)N(C2=O)SC(Cl)(Cl)Cl,Active
803,363898070,18594026,C1C=CC[C@H]2[C@@H]1C(=O)N(C2=O)SC(Cl)(Cl)Cl,Inactive
804,363898070,18594026,C1C=CC[C@H]2[C@@H]1C(=O)N(C2=O)SC(Cl)(Cl)Cl,Active
805,363898070,18594026,C1C=CC[C@H]2[C@@H]1C(=O)N(C2=O)SC(Cl)(Cl)Cl,Inactive
806,363898071,6854,C1=CC=C2C(=C1)C3=CC=CC=C3N2,Active
807,363898071,6854,C1=CC=C2C(=C1)C3=CC=CC=C3N2,Active
808,363898071,6854,C1=CC=C2C(=C1)C3=CC=CC=C3N2,Inactive
809,363898071,6854,C1=CC=C2C(=C1)C3=CC=CC=C3N2,Inactive
810,363898072,150131,CCCC(N(CCCC(=O)OC)N=O)OC(=O)C,Active
811,363898073,5943,C(Cl)(Cl)(Cl)Cl,Active
812,363898073,5943,C(Cl)(Cl)(Cl)Cl,Active
813,363898073,5943,C(Cl)(Cl)(Cl)Cl,Inactive
814,363898073,5943,C(Cl)(Cl)(Cl)Cl,Active
815,363898073,5943,C(Cl)(Cl)(Cl)Cl,Active
816,363898073,5943,C(Cl)(Cl)(Cl)Cl,Active
817,363898073,5943,C(Cl)(Cl)(Cl)Cl,Active
818,363898074,6488,CCC(CC)(C(=O)NC(=O)N)Br,Inactive
819,363898074,6488,CCC(CC)(C(=O)NC(=O)N)Br,Inactive
820,363898074,6488,CCC(CC)(C(=O)NC(=O)N)Br,Inactive
821,363898074,6488,CCC(CC)(C(=O)NC(=O)N)Br,Inactive
822,363898075,8630,C1=C(C=C(C(=C1C(=O)O)Cl)N)Cl,Active
823,363898075,8630,C1=C(C=C(C(=C1C(=O)O)Cl)N)Cl,Inactive
824,363898075,8630,C1=C(C=C(C(=C1C(=O)O)Cl)N)Cl,Inactive
825,363898075,8630,C1=C(C=C(C(=C1C(=O)O)Cl)N)Cl,Unspecified
826,363898076,2708,C1=CC(=CC=C1CCCC(=O)O)N(CCCl)CCCl,Active
827,363898076,2708,C1=CC(=CC=C1CCCC(=O)O)N(CCCl)CCCl,Active
828,363898076,2708,C1=CC(=CC=C1CCCC(=O)O)N(CCCl)CCCl,Active
829,363898076,2708,C1=CC(=CC=C1CCCC(=O)O)N(CCCl)CCCl,Active
830,363898076,2708,C1=CC(=CC=C1CCCC(=O)O)N(CCCl)CCCl,Active
831,363898076,2708,C1=CC(=CC=C1CCCC(=O)O)N(CCCl)CCCl,Active
832,363898076,2708,C1=CC(=CC=C1CCCC(=O)O)N(CCCl)CCCl,Active
833,363898076,2708,C1=CC(=CC=C1CCCC(=O)O)N(CCCl)CCCl,Active
834,363898076,2708,C1=CC(=CC=C1CCCC(=O)O)N(CCCl)CCCl,Active
835,363898076,2708,C1=CC(=CC=C1CCCC(=O)O)N(CCCl)CCCl,Active
836,363898076,2708,C1=CC(=CC=C1CCCC(=O)O)N(CCCl)CCCl,Active
837,363898077,11954021,C1C2C(C(C1Cl)Cl)[C@]3(C(=C([C@@]2(C3(Cl)Cl)Cl)Cl)Cl)Cl,Active
838,363898077,11954021,C1C2C(C(C1Cl)Cl)[C@]3(C(=C([C@@]2(C3(Cl)Cl)Cl)Cl)Cl)Cl,Active
839,363898077,11954021,C1C2C(C(C1Cl)Cl)[C@]3(C(=C([C@@]2(C3(Cl)Cl)Cl)Cl)Cl)Cl,Inactive
840,363898077,11954021,C1C2C(C(C1Cl)Cl)[C@]3(C(=C([C@@]2(C3(Cl)Cl)Cl)Cl)Cl)Cl,Inactive
841,363898077,11954021,C1C2C(C(C1Cl)Cl)[C@]3(C(=C([C@@]2(C3(Cl)Cl)Cl)Cl)Cl)Cl,Active
842,363898077,11954021,C1C2C(C(C1Cl)Cl)[C@]3(C(=C([C@@]2(C3(Cl)Cl)Cl)Cl)Cl)Cl,Active
843,363898077,11954021,C1C2C(C(C1Cl)Cl)[C@]3(C(=C([C@@]2(C3(Cl)Cl)Cl)Cl)Cl)Cl,Active
844,363898077,11954021,C1C2C(C(C1Cl)Cl)[C@]3(C(=C([C@@]2(C3(Cl)Cl)Cl)Cl)Cl)Cl,Active
845,363898077,11954021,C1C2C(C(C1Cl)Cl)[C@]3(C(=C([C@@]2(C3(Cl)Cl)Cl)Cl)Cl)Cl,Active
846,363898078,299,C1(=O)C2(C3(C4(C1(C5(C2(C3(C(C45Cl)(Cl)Cl)Cl)Cl)Cl)Cl)Cl)Cl)Cl,Active
847,363898078,299,C1(=O)C2(C3(C4(C1(C5(C2(C3(C(C45Cl)(Cl)Cl)Cl)Cl)Cl)Cl)Cl)Cl)Cl,Active
848,363898078,299,C1(=O)C2(C3(C4(C1(C5(C2(C3(C(C45Cl)(Cl)Cl)Cl)Cl)Cl)Cl)Cl)Cl)Cl,Active
849,363898078,299,C1(=O)C2(C3(C4(C1(C5(C2(C3(C(C45Cl)(Cl)Cl)Cl)Cl)Cl)Cl)Cl)Cl)Cl,Active
850,363898079,9324,CC(=O)[C@]1(CC[C@@H]2[C@@]1(CC[C@H]3[C@H]2C=C(C4=CC(=O)CC[C@]34C)Cl)C)OC(=O)C,Active
851,363898080,8805,CC(=O)NC1=CC=C(C=C1)C(=O)CCl,Inactive
852,363898080,8805,CC(=O)NC1=CC=C(C=C1)C(=O)CCl,Inactive
853,363898080,8805,CC(=O)NC1=CC=C(C=C1)C(=O)CCl,Inactive
854,363898080,8805,CC(=O)NC1=CC=C(C=C1)C(=O)CCl,Inactive
855,363898081,7812,C1=CC(=CC=C1N)Cl,Inactive
856,363898081,7812,C1=CC(=CC=C1N)Cl,Active
857,363898081,7812,C1=CC(=CC=C1N)Cl,Inactive
858,363898081,7812,C1=CC(=CC=C1N)Cl,Unspecified
859,363898081,7812,C1=CC(=CC=C1N)Cl,Unspecified
860,363898081,7812,C1=CC(=CC=C1N)Cl,Unspecified
861,363898082,10522,CCOC(=O)C(C1=CC=C(C=C1)Cl)(C2=CC=C(C=C2)Cl)O,Active
862,363898082,10522,CCOC(=O)C(C1=CC=C(C=C1)Cl)(C2=CC=C(C=C2)Cl)O,Active
863,363898082,10522,CCOC(=O)C(C1=CC=C(C=C1)Cl)(C2=CC=C(C=C2)Cl)O,Unspecified
864,363898082,10522,CCOC(=O)C(C1=CC=C(C=C1)Cl)(C2=CC=C(C=C2)Cl)O,Unspecified
865,363898083,5694,CC1=C(C(=CC=C1)NC2=CC(=NC(=N2)SCC(=O)O)Cl)C,Active
866,363898083,5694,CC1=C(C(=CC=C1)NC2=CC(=NC(=N2)SCC(=O)O)Cl)C,Active
867,363898083,5694,CC1=C(C(=CC=C1)NC2=CC(=NC(=N2)SCC(=O)O)Cl)C,Active
868,363898083,5694,CC1=C(C(=CC=C1)NC2=CC(=NC(=N2)SCC(=O)O)Cl)C,Active
869,363898083,5694,CC1=C(C(=CC=C1)NC2=CC(=NC(=N2)SCC(=O)O)Cl)C,Inactive
870,363898083,5694,CC1=C(C(=CC=C1)NC2=CC(=NC(=N2)SCC(=O)O)Cl)C,Active
871,363898083,5694,CC1=C(C(=CC=C1)NC2=CC(=NC(=N2)SCC(=O)O)Cl)C,Active
872,363898083,5694,CC1=C(C(=CC=C1)NC2=CC(=NC(=N2)SCC(=O)O)Cl)C,Active
873,363898083,5694,CC1=C(C(=CC=C1)NC2=CC(=NC(=N2)SCC(=O)O)Cl)C,Inactive
874,363898083,5694,CC1=C(C(=CC=C1)NC2=CC(=NC(=N2)SCC(=O)O)Cl)C,Active
875,363898083,5694,CC1=C(C(=CC=C1)NC2=CC(=NC(=N2)SCC(=O)O)Cl)C,Active
876,363898083,5694,CC1=C(C(=CC=C1)NC2=CC(=NC(=N2)SCC(=O)O)Cl)C,Inactive
877,363898083,5694,CC1=C(C(=CC=C1)NC2=CC(=NC(=N2)SCC(=O)O)Cl)C,Inactive
878,363898083,5694,CC1=C(C(=CC=C1)NC2=CC(=NC(=N2)SCC(=O)O)Cl)C,Active
879,363898083,5694,CC1=C(C(=CC=C1)NC2=CC(=NC(=N2)SCC(=O)O)Cl)C,Active
880,363898083,5694,CC1=C(C(=CC=C1)NC2=CC(=NC(=N2)SCC(=O)O)Cl)C,Active
881,363898084,68851,CC1=C(C(=CC=C1)NC2=CC(=NC(=N2)SCC(=O)NCCO)Cl)C,Active
882,363898084,68851,CC1=C(C(=CC=C1)NC2=CC(=NC(=N2)SCC(=O)NCCO)Cl)C,Active
883,363898085,13836,C[N+](C)(C)CCCl.[Cl-],Inactive
884,363898085,13836,C[N+](C)(C)CCCl.[Cl-],Inactive
885,363898085,13836,C[N+](C)(C)CCCl.[Cl-],Inactive
886,363898085,13836,C[N+](C)(C)CCCl.[Cl-],Inactive
887,363898086,11643,C(F)Cl,Active
888,363898087,6212,C(Cl)(Cl)Cl,Active
889,363898087,6212,C(Cl)(Cl)Cl,Active
890,363898087,6212,C(Cl)(Cl)Cl,Active
891,363898087,6212,C(Cl)(Cl)Cl,Inactive
892,363898087,6212,C(Cl)(Cl)Cl,Active
893,363898087,6212,C(Cl)(Cl)Cl,Inactive
894,363898087,6212,C(Cl)(Cl)Cl,Inactive
895,363898087,6212,C(Cl)(Cl)Cl,Active
896,363898087,6212,C(Cl)(Cl)Cl,Active
897,363898087,6212,C(Cl)(Cl)Cl,Inactive
898,363898087,6212,C(Cl)(Cl)Cl,Inactive
899,363898087,6212,C(Cl)(Cl)Cl,Inactive
900,363898087,6212,C(Cl)(Cl)Cl,Inactive
901,363898087,6212,C(Cl)(Cl)Cl,Inactive
902,363898087,6212,C(Cl)(Cl)Cl,Inactive
903,363898087,6212,C(Cl)(Cl)Cl,Inactive
904,363898087,6212,C(Cl)(Cl)Cl,Inactive
905,363898087,6212,C(Cl)(Cl)Cl,Active
906,363898087,6212,C(Cl)(Cl)Cl,Active
907,363898087,6212,C(Cl)(Cl)Cl,Active
908,363898087,6212,C(Cl)(Cl)Cl,Inactive
909,363898088,7864,COCCl,Active
910,363898089,23392,C1=CC=NC(=C1)CCl.Cl,Inactive
911,363898089,23392,C1=CC=NC(=C1)CCl.Cl,Inactive
912,363898089,23392,C1=CC=NC(=C1)CCl.Cl,Inactive
913,363898089,23392,C1=CC=NC(=C1)CCl.Cl,Inactive
914,363898090,23394,C1=CC(=CN=C1)CCl.Cl,Active
915,363898090,23394,C1=CC(=CN=C1)CCl.Cl,Active
916,363898090,23394,C1=CC(=CN=C1)CCl.Cl,Active
917,363898090,23394,C1=CC(=CN=C1)CCl.Cl,Unspecified
918,363898091,6945,C1=CC=C(C(=C1)[N+](=O)[O-])Cl,Active
919,363898092,7474,C1=CC(=CC=C1[N+](=O)[O-])Cl,Active
920,363898093,21209,C1=CC(=C(C=C1N)N)Cl,Active
921,363898093,21209,C1=CC(=C(C=C1N)N)Cl,Inactive
922,363898093,21209,C1=CC(=C(C=C1N)N)Cl,Inactive
923,363898093,21209,C1=CC(=C(C=C1N)N)Cl,Active
924,363898094,7263,C1=CC(=C(C=C1Cl)N)N,Active
925,363898094,7263,C1=CC(=C(C=C1Cl)N)N,Active
926,363898094,7263,C1=CC(=C(C=C1Cl)N)N,Active
927,363898094,7263,C1=CC(=C(C=C1Cl)N)N,Active
928,363898095,22584,C1=CC(=C(C=C1N)Cl)N.OS(=O)(=O)O,Inactive
929,363898095,22584,C1=CC(=C(C=C1N)Cl)N.OS(=O)(=O)O,Inactive
930,363898095,22584,C1=CC(=C(C=C1N)Cl)N.OS(=O)(=O)O,Inactive
931,363898095,22584,C1=CC(=C(C=C1N)Cl)N.OS(=O)(=O)O,Inactive
932,363898096,6423,C([N+](=O)[O-])(Cl)(Cl)Cl,Inactive
933,363898096,6423,C([N+](=O)[O-])(Cl)(Cl)Cl,Inactive
934,363898096,6423,C([N+](=O)[O-])(Cl)(Cl)Cl,Inactive
935,363898096,6423,C([N+](=O)[O-])(Cl)(Cl)Cl,Active
936,363898096,6423,C([N+](=O)[O-])(Cl)(Cl)Cl,Inactive
937,363898096,6423,C([N+](=O)[O-])(Cl)(Cl)Cl,Inactive
938,363898096,6423,C([N+](=O)[O-])(Cl)(Cl)Cl,Inactive
939,363898096,6423,C([N+](=O)[O-])(Cl)(Cl)Cl,Inactive
940,363898097,5284364,C/C=C/Cl,Active
941,363898098,3036756,C[C@H]1[C@H](O1)Cl,Active
942,363898099,155623,C[C@@H]1[C@H](O1)Cl,Active
943,363898099,155623,C[C@@H]1[C@H](O1)Cl,Active
944,363898100,15910,C(#N)C1=C(C(=C(C(=C1Cl)Cl)Cl)C#N)Cl,Inactive
945,363898100,15910,C(#N)C1=C(C(=C(C(=C1Cl)Cl)Cl)C#N)Cl,Inactive
946,363898100,15910,C(#N)C1=C(C(=C(C(=C1Cl)Cl)Cl)C#N)Cl,Active
947,363898100,15910,C(#N)C1=C(C(=C(C(=C1Cl)Cl)Cl)C#N)Cl,Active
948,363898100,15910,C(#N)C1=C(C(=C(C(=C1Cl)Cl)Cl)C#N)Cl,Active
949,363898100,15910,C(#N)C1=C(C(=C(C(=C1Cl)Cl)Cl)C#N)Cl,Active
950,363898100,15910,C(#N)C1=C(C(=C(C(=C1Cl)Cl)Cl)C#N)Cl,Inactive
951,363898100,15910,C(#N)C1=C(C(=C(C(=C1Cl)Cl)Cl)C#N)Cl,Active
952,363898100,15910,C(#N)C1=C(C(=C(C(=C1Cl)Cl)Cl)C#N)Cl,Active
953,363898100,15910,C(#N)C1=C(C(=C(C(=C1Cl)Cl)Cl)C#N)Cl,Active
954,363898101,7260,CC1=C(C=C(C=C1)Cl)N,Active
955,363898101,7260,CC1=C(C=C(C=C1)Cl)N,Active
956,363898101,7260,CC1=C(C=C(C=C1)Cl)N,Inactive
957,363898101,7260,CC1=C(C=C(C=C1)Cl)N,Inactive
958,363898102,7255,CC1=C(C=C(C=C1)N)Cl,Inactive
959,363898102,7255,CC1=C(C=C(C=C1)N)Cl,Inactive
960,363898102,7255,CC1=C(C=C(C=C1)N)Cl,Inactive
961,363898102,7255,CC1=C(C=C(C=C1)N)Cl,Inactive
962,363898103,18487,CC1=C(C=CC(=C1)Cl)N.Cl,Active
963,363898103,18487,CC1=C(C=CC(=C1)Cl)N.Cl,Active
964,363898103,18487,CC1=C(C=CC(=C1)Cl)N.Cl,Inactive
965,363898103,18487,CC1=C(C=CC(=C1)Cl)N.Cl,Inactive
966,363898104,6408,C(C(F)(F)F)Cl,Active
967,363898104,6408,C(C(F)(F)F)Cl,Active
968,363898105,2727,CCCNC(=O)NS(=O)(=O)C1=CC=C(C=C1)Cl,Inactive
969,363898105,2727,CCCNC(=O)NS(=O)(=O)C1=CC=C(C=C1)Cl,Inactive
970,363898105,2727,CCCNC(=O)NS(=O)(=O)C1=CC=C(C=C1)Cl,Inactive
971,363898105,2727,CCCNC(=O)NS(=O)(=O)C1=CC=C(C=C1)Cl,Inactive
972,363898106,26264,[O-][Cr](=O)(=O)[O-].[Ca+2],Active
973,363898106,26264,[O-][Cr](=O)(=O)[O-].[Ca+2],Active
974,363898106,26264,[O-][Cr](=O)(=O)[O-].[Ca+2],Active
975,363898106,26264,[O-][Cr](=O)(=O)[O-].[Ca+2],Active
976,363898106,26264,[O-][Cr](=O)(=O)[O-].[Ca+2],Active
977,363898106,26264,[O-][Cr](=O)(=O)[O-].[Ca+2],Active
978,363898106,26264,[O-][Cr](=O)(=O)[O-].[Ca+2],Active
979,363898106,26264,[O-][Cr](=O)(=O)[O-].[Ca+2],Active
980,363898106,26264,[O-][Cr](=O)(=O)[O-].[Ca+2],Active
981,363898108,32520,[O-][Cr](=O)(=O)[O-].[O-][Cr](=O)(=O)[O-].[O-][Cr](=O)(=O)[O-].[Cr+3].[Cr+3],Active
982,363898108,32520,[O-][Cr](=O)(=O)[O-].[O-][Cr](=O)(=O)[O-].[O-][Cr](=O)(=O)[O-].[Cr+3].[Cr+3],Active
983,363898109,23976,[Cr],Active
984,363898110,14915,O=[Cr](=O)=O,Active
985,363898111,9171,C1=CC=C2C(=C1)C=CC3=C2C=CC4=CC=CC=C43,Active
986,363898111,9171,C1=CC=C2C(=C1)C=CC3=C2C=CC4=CC=CC=C43,Active
987,363898111,9171,C1=CC=C2C(=C1)C=CC3=C2C=CC4=CC=CC=C43,Inactive
988,363898111,9171,C1=CC=C2C(=C1)C=CC3=C2C=CC4=CC=CC=C43,Inactive
989,363898111,9171,C1=CC=C2C(=C1)C=CC3=C2C=CC4=CC=CC=C43,Active
990,363898112,10771,C1=CC=C(C=C1)N=NC2=C(C=C(C=C2)N)N.Cl,Active
991,363898113,19118,C1=CC=C2C(=C1)C(=CC=C2S(=O)(=O)[O-])N=NC3=C(C4=CC=CC=C4C(=C3)S(=O)(=O)[O-])O.[Na+].[Na+],Inactive
992,363898113,19118,C1=CC=C2C(=C1)C(=CC=C2S(=O)(=O)[O-])N=NC3=C(C4=CC=CC=C4C(=C3)S(=O)(=O)[O-])O.[Na+].[Na+],Inactive
993,363898113,19118,C1=CC=C2C(=C1)C(=CC=C2S(=O)(=O)[O-])N=NC3=C(C4=CC=CC=C4C(=C3)S(=O)(=O)[O-])O.[Na+].[Na+],Inactive
994,363898113,19118,C1=CC=C2C(=C1)C(=CC=C2S(=O)(=O)[O-])N=NC3=C(C4=CC=CC=C4C(=C3)S(=O)(=O)[O-])O.[Na+].[Na+],Inactive
995,363898113,19118,C1=CC=C2C(=C1)C(=CC=C2S(=O)(=O)[O-])N=NC3=C(C4=CC=CC=C4C(=C3)S(=O)(=O)[O-])O.[Na+].[Na+],Inactive
996,363898113,19118,C1=CC=C2C(=C1)C(=CC=C2S(=O)(=O)[O-])N=NC3=C(C4=CC=CC=C4C(=C3)S(=O)(=O)[O-])O.[Na+].[Na+],Inactive
997,363898114,2724065,CC1=CC(=C(C=C1)N=NC2=C3C=CC(=CC3=CC(=C2O)S(=O)(=O)[O-])S(=O)(=O)[O-])C.[Na+].[Na+],Active
998,363898114,2724065,CC1=CC(=C(C=C1)N=NC2=C3C=CC(=CC3=CC(=C2O)S(=O)(=O)[O-])S(=O)(=O)[O-])C.[Na+].[Na+],Active
999,363898115,5359662,C1=CC=C(C=C1)N/N=C/2\C(=CC3=CC(=C(C(=C3C2=O)N)N=NC4=CC=C(C=C4)C5=CC=C(C=C5)N=NC6=C(C=C(C=C6)N)N)S(=O)(=O)[O-])S(=O)(=O)[O-].[Na+].[Na+],Active
1000,363898115,5359662,C1=CC=C(C=C1)N/N=C/2\C(=CC3=CC(=C(C(=C3C2=O)N)N=NC4=CC=C(C=C4)C5=CC=C(C=C5)N=NC6=C(C=C(C=C6)N)N)S(=O)(=O)[O-])S(=O)(=O)[O-].[Na+].[Na+],Active
1001,363898115,5359662,C1=CC=C(C=C1)N/N=C/2\C(=CC3=CC(=C(C(=C3C2=O)N)N=NC4=CC=C(C=C4)C5=CC=C(C=C5)N=NC6=C(C=C(C=C6)N)N)S(=O)(=O)[O-])S(=O)(=O)[O-].[Na+].[Na+],Active
1002,363898116,9570116,C1=CC(=CC=C1C2=CC=C(C=C2)N/N=C\3/C(=O)C4=C(C=C3S(=O)(=O)[O-])C=C(C=C4N)S(=O)(=O)[O-])N/N=C\5/C(=O)C6=C(C=C5S(=O)(=O)[O-])C=C(C=C6N)S(=O)(=O)[O-].[Na+].[Na+].[Na+].[Na+],Active
1003,363898116,9570116,C1=CC(=CC=C1C2=CC=C(C=C2)N/N=C\3/C(=O)C4=C(C=C3S(=O)(=O)[O-])C=C(C=C4N)S(=O)(=O)[O-])N/N=C\5/C(=O)C6=C(C=C5S(=O)(=O)[O-])C=C(C=C6N)S(=O)(=O)[O-].[Na+].[Na+].[Na+].[Na+],Active
1004,363898117,9566057,CC1=C(C=CC(=C1)C2=CC(=C(C=C2)N/N=C\3/C(=O)C4=C(C(=CC(=C4N)S(=O)(=O)[O-])S(=O)(=O)[O-])C=C3)C)N/N=C\5/C(=O)C6=C(C(=CC(=C6N)S(=O)(=O)[O-])S(=O)(=O)[O-])C=C5.[Na+].[Na+].[Na+].[Na+],Active
1005,363898118,9570322,C1=CC(=CC=C1C2=CC=C(C=C2)N=NC3=CC(=C(C=C3)[O-])C(=O)[O-])N/N=C\4/C(=O)C=C/C(=N\NC5=C(C=CC(=C5)S(=O)(=O)[O-])[O-])/C4=O.[Na+].[Na+].[Cu+2],Active
1006,363898118,9570322,C1=CC(=CC=C1C2=CC=C(C=C2)N=NC3=CC(=C(C=C3)[O-])C(=O)[O-])N/N=C\4/C(=O)C=C/C(=N\NC5=C(C=CC(=C5)S(=O)(=O)[O-])[O-])/C4=O.[Na+].[Na+].[Cu+2],Active
1007,363898119,17811,CC1=CC(=C(C=C1)O)N=NC2=CC=C(C=C2)NC(=O)C,Active
1008,363898119,17811,CC1=CC(=C(C=C1)O)N=NC2=CC=C(C=C2)NC(=O)C,Inactive
1009,363898119,17811,CC1=CC(=C(C=C1)O)N=NC2=CC=C(C=C2)NC(=O)C,Inactive
1010,363898119,17811,CC1=CC(=C(C=C1)O)N=NC2=CC=C(C=C2)NC(=O)C,Active
1011,363898120,17730,C1=CC(=CC=C1N=NC2=C(C=CC3=C2C=CC(=C3)S(=O)(=O)[O-])O)S(=O)(=O)[O-].[Na+].[Na+],Inactive
1012,363898120,17730,C1=CC(=CC=C1N=NC2=C(C=CC3=C2C=CC(=C3)S(=O)(=O)[O-])O)S(=O)(=O)[O-].[Na+].[Na+],Inactive
1013,363898120,17730,C1=CC(=CC=C1N=NC2=C(C=CC3=C2C=CC(=C3)S(=O)(=O)[O-])O)S(=O)(=O)[O-].[Na+].[Na+],Inactive
1014,363898120,17730,C1=CC(=CC=C1N=NC2=C(C=CC3=C2C=CC(=C3)S(=O)(=O)[O-])O)S(=O)(=O)[O-].[Na+].[Na+],Inactive
1015,363898120,17730,C1=CC(=CC=C1N=NC2=C(C=CC3=C2C=CC(=C3)S(=O)(=O)[O-])O)S(=O)(=O)[O-].[Na+].[Na+],Inactive
1016,363898120,17730,C1=CC(=CC=C1N=NC2=C(C=CC3=C2C=CC(=C3)S(=O)(=O)[O-])O)S(=O)(=O)[O-].[Na+].[Na+],Inactive
1017,363898121,5284369,C1=CC=C(C=C1)/C=C/COC(=O)C2=CC=CC=C2N,Active
1018,363898121,5284369,C1=CC=C(C=C1)/C=C/COC(=O)C2=CC=CC=C2N,Active
1019,363898121,5284369,C1=CC=C(C=C1)/C=C/COC(=O)C2=CC=CC=C2N,Inactive
1020,363898121,5284369,C1=CC=C(C=C1)/C=C/COC(=O)C2=CC=CC=C2N,Active
1021,363898122,21238,CC1=CC(=C(C=C1Cl)S(=O)(=O)[O-])N=NC2=C(C=CC3=CC=CC=C32)O.CC1=CC(=C(C=C1Cl)S(=O)(=O)[O-])N=NC2=C(C=CC3=CC=CC=C32)O.[Ba+2],Inactive
1022,363898122,21238,CC1=CC(=C(C=C1Cl)S(=O)(=O)[O-])N=NC2=C(C=CC3=CC=CC=C32)O.CC1=CC(=C(C=C1Cl)S(=O)(=O)[O-])N=NC2=C(C=CC3=CC=CC=C32)O.[Ba+2],Inactive
1023,363898122,21238,CC1=CC(=C(C=C1Cl)S(=O)(=O)[O-])N=NC2=C(C=CC3=CC=CC=C32)O.CC1=CC(=C(C=C1Cl)S(=O)(=O)[O-])N=NC2=C(C=CC3=CC=CC=C32)O.[Ba+2],Active
1024,363898122,21238,CC1=CC(=C(C=C1Cl)S(=O)(=O)[O-])N=NC2=C(C=CC3=CC=CC=C32)O.CC1=CC(=C(C=C1Cl)S(=O)(=O)[O-])N=NC2=C(C=CC3=CC=CC=C32)O.[Ba+2],Inactive
1025,363898122,21238,CC1=CC(=C(C=C1Cl)S(=O)(=O)[O-])N=NC2=C(C=CC3=CC=CC=C32)O.CC1=CC(=C(C=C1Cl)S(=O)(=O)[O-])N=NC2=C(C=CC3=CC=CC=C32)O.[Ba+2],Inactive
1026,363898122,21238,CC1=CC(=C(C=C1Cl)S(=O)(=O)[O-])N=NC2=C(C=CC3=CC=CC=C32)O.CC1=CC(=C(C=C1Cl)S(=O)(=O)[O-])N=NC2=C(C=CC3=CC=CC=C32)O.[Ba+2],Active
1027,363898122,21238,CC1=CC(=C(C=C1Cl)S(=O)(=O)[O-])N=NC2=C(C=CC3=CC=CC=C32)O.CC1=CC(=C(C=C1Cl)S(=O)(=O)[O-])N=NC2=C(C=CC3=CC=CC=C32)O.[Ba+2],Inactive
1028,363898122,21238,CC1=CC(=C(C=C1Cl)S(=O)(=O)[O-])N=NC2=C(C=CC3=CC=CC=C32)O.CC1=CC(=C(C=C1Cl)S(=O)(=O)[O-])N=NC2=C(C=CC3=CC=CC=C32)O.[Ba+2],Unspecified
1029,363898123,2763,CC(C)(C(=O)O)OC1=CC=C(C=C1)C2CC2(Cl)Cl,Active
1030,363898124,13297,C1=CC=C(C=C1)N=NC2=C(C=CC3=CC=CC=C32)O,Inactive
1031,363898124,13297,C1=CC=C(C=C1)N=NC2=C(C=CC3=CC=CC=C32)O,Active
1032,363898124,13297,C1=CC=C(C=C1)N=NC2=C(C=CC3=CC=CC=C32)O,Active
1033,363898124,13297,C1=CC=C(C=C1)N=NC2=C(C=CC3=CC=CC=C32)O,Active
1034,363898125,54680783,C[C@@H]1[C@H](OC=C2C1=C(C(=C(C2=O)C(=O)O)O)C)C,Active
1035,363898125,54680783,C[C@@H]1[C@H](OC=C2C1=C(C(=C(C2=O)C(=O)O)O)C)C,Active
1036,363898125,54680783,C[C@@H]1[C@H](OC=C2C1=C(C(=C(C2=O)C(=O)O)O)C)C,Inactive
1037,363898126,31412,C1=CC=C2C(=C1)C3=C4C(=CC=C5C4=C(C=C3)C(=O)C6=CC=CC=C65)C2=O,Inactive
1038,363898126,31412,C1=CC=C2C(=C1)C3=C4C(=CC=C5C4=C(C=C3)C(=O)C6=CC=CC=C65)C2=O,Active
1039,363898126,31412,C1=CC=C2C(=C1)C3=C4C(=CC=C5C4=C(C=C3)C(=O)C6=CC=CC=C65)C2=O,Inactive
1040,363898126,31412,C1=CC=C2C(=C1)C3=C4C(=CC=C5C4=C(C=C3)C(=O)C6=CC=CC=C65)C2=O,Inactive
1041,363898127,2796,CCOC(=O)C(C)(C)OC1=CC=C(C=C1)Cl,Active
1042,363898127,2796,CCOC(=O)C(C)(C)OC1=CC=C(C=C1)Cl,Active
1043,363898127,2796,CCOC(=O)C(C)(C)OC1=CC=C(C=C1)Cl,Inactive
1044,363898127,2796,CCOC(=O)C(C)(C)OC1=CC=C(C=C1)Cl,Inactive
1045,363898127,2796,CCOC(=O)C(C)(C)OC1=CC=C(C=C1)Cl,Inactive
1046,363898128,14992,C1=CC(=C(C=C1[N+](=O)[O-])Cl)NC(=O)C2=C(C=CC(=C2)Cl)O.C(CO)N,Inactive
1047,363898128,14992,C1=CC(=C(C=C1[N+](=O)[O-])Cl)NC(=O)C2=C(C=CC(=C2)Cl)O.C(CO)N,Inactive
1048,363898128,14992,C1=CC(=C(C=C1[N+](=O)[O-])Cl)NC(=O)C2=C(C=CC(=C2)Cl)O.C(CO)N,Unspecified
1049,363898130,2871,CCOP(=S)(OCC)OC1=CC2=C(C=C1)C(=C(C(=O)O2)Cl)C,Inactive
1050,363898130,2871,CCOP(=S)(OCC)OC1=CC2=C(C=C1)C(=C(C(=O)O2)Cl)C,Inactive
1051,363898130,2871,CCOP(=S)(OCC)OC1=CC2=C(C=C1)C(=C(C(=O)O2)Cl)C,Inactive
1052,363898130,2871,CCOP(=S)(OCC)OC1=CC2=C(C=C1)C(=C(C(=O)O2)Cl)C,Inactive
1053,363898130,2871,CCOP(=S)(OCC)OC1=CC2=C(C=C1)C(=C(C(=O)O2)Cl)C,Inactive
1054,363898130,2871,CCOP(=S)(OCC)OC1=CC2=C(C=C1)C(=C(C(=O)O2)Cl)C,Inactive
1055,363898131,323,C1=CC=C2C(=C1)C=CC(=O)O2,Active
1056,363898131,323,C1=CC=C2C(=C1)C=CC(=O)O2,Active
1057,363898131,323,C1=CC=C2C(=C1)C=CC(=O)O2,Active
1058,363898131,323,C1=CC=C2C(=C1)C=CC(=O)O2,Active
1059,363898131,323,C1=CC=C2C(=C1)C=CC(=O)O2,Active
1060,363898131,323,C1=CC=C2C(=C1)C=CC(=O)O2,Inactive
1061,363898131,323,C1=CC=C2C(=C1)C=CC(=O)O2,Inactive
1062,363898131,323,C1=CC=C2C(=C1)C=CC(=O)O2,Active
1063,363898131,323,C1=CC=C2C(=C1)C=CC(=O)O2,Unspecified
1064,363898132,7610,CC1=C(C=CC(=C1)OC)N,Inactive
1065,363898132,7610,CC1=C(C=CC(=C1)OC)N,Active
1066,363898132,7610,CC1=C(C=CC(=C1)OC)N,Active
1067,363898133,8445,CC1=CC(=C(C=C1)OC)N,Active
1068,363898133,8445,CC1=CC(=C(C=C1)OC)N,Active
1069,363898133,8445,CC1=CC(=C(C=C1)OC)N,Active
1070,363898133,8445,CC1=CC(=C(C=C1)OC)N,Active
1071,363898134,135465076,C1=CC=C(C=C1)/[N+](=N/[O-])/[O-].[NH4+],Active
1072,363898134,135465076,C1=CC=C(C=C1)/[N+](=N/[O-])/[O-].[NH4+],Active
1073,363898134,135465076,C1=CC=C(C=C1)/[N+](=N/[O-])/[O-].[NH4+],Active
1074,363898134,135465076,C1=CC=C(C=C1)/[N+](=N/[O-])/[O-].[NH4+],Active
1075,363898135,5459896,C/[N+](=N/CO[C@H]1[C@@H]([C@H]([C@@H]([C@H](O1)CO)O)O)O)/[O-],Active
1076,363898135,5459896,C/[N+](=N/CO[C@H]1[C@@H]([C@H]([C@@H]([C@H](O1)CO)O)O)O)/[O-],Active
1077,363898135,5459896,C/[N+](=N/CO[C@H]1[C@@H]([C@H]([C@@H]([C@H](O1)CO)O)O)O)/[O-],Active
1078,363898135,5459896,C/[N+](=N/CO[C@H]1[C@@H]([C@H]([C@@H]([C@H](O1)CO)O)O)O)/[O-],Active
1079,363898135,5459896,C/[N+](=N/CO[C@H]1[C@@H]([C@H]([C@@H]([C@H](O1)CO)O)O)O)/[O-],Active
1080,363898135,5459896,C/[N+](=N/CO[C@H]1[C@@H]([C@H]([C@@H]([C@H](O1)CO)O)O)O)/[O-],Active
1081,363898135,5459896,C/[N+](=N/CO[C@H]1[C@@H]([C@H]([C@@H]([C@H](O1)CO)O)O)O)/[O-],Active
1082,363898135,5459896,C/[N+](=N/CO[C@H]1[C@@H]([C@H]([C@@H]([C@H](O1)CO)O)O)O)/[O-],Active
1083,363898135,5459896,C/[N+](=N/CO[C@H]1[C@@H]([C@H]([C@@H]([C@H](O1)CO)O)O)O)/[O-],Active
1084,363898135,5459896,C/[N+](=N/CO[C@H]1[C@@H]([C@H]([C@@H]([C@H](O1)CO)O)O)O)/[O-],Active
1085,363898135,5459896,C/[N+](=N/CO[C@H]1[C@@H]([C@H]([C@@H]([C@H](O1)CO)O)O)O)/[O-],Active
1086,363898135,5459896,C/[N+](=N/CO[C@H]1[C@@H]([C@H]([C@@H]([C@H](O1)CO)O)O)O)/[O-],Active
1087,363898135,5459896,C/[N+](=N/CO[C@H]1[C@@H]([C@H]([C@@H]([C@H](O1)CO)O)O)O)/[O-],Active
1088,363898135,5459896,C/[N+](=N/CO[C@H]1[C@@H]([C@H]([C@@H]([C@H](O1)CO)O)O)O)/[O-],Active
1089,363898135,5459896,C/[N+](=N/CO[C@H]1[C@@H]([C@H]([C@@H]([C@H](O1)CO)O)O)O)/[O-],Active
1090,363898135,5459896,C/[N+](=N/CO[C@H]1[C@@H]([C@H]([C@@H]([C@H](O1)CO)O)O)O)/[O-],Active
1091,363898136,8752,C1CCC(CC1)NS(=O)(=O)[O-].C1CCC(CC1)NS(=O)(=O)[O-].[Ca+2],Active
1092,363898137,23665706,C1CCC(CC1)NS(=O)(=O)[O-].[Na+],Inactive
1093,363898137,23665706,C1CCC(CC1)NS(=O)(=O)[O-].[Na+],Inactive
1094,363898138,2907,C1CNP(=O)(OC1)N(CCCl)CCCl,Active
1095,363898138,2907,C1CNP(=O)(OC1)N(CCCl)CCCl,Active
1096,363898138,2907,C1CNP(=O)(OC1)N(CCCl)CCCl,Active
1097,363898138,2907,C1CNP(=O)(OC1)N(CCCl)CCCl,Active
1098,363898138,2907,C1CNP(=O)(OC1)N(CCCl)CCCl,Active
1099,363898138,2907,C1CNP(=O)(OC1)N(CCCl)CCCl,Active
1100,363898138,2907,C1CNP(=O)(OC1)N(CCCl)CCCl,Inactive
1101,363898139,23665583,COC1=CC=C(C=C1)C(=O)/C(=C\C(=O)[O-])/Br.[Na+],Inactive
1102,363898139,23665583,COC1=CC=C(C=C1)C(=O)/C(=C\C(=O)[O-])/Br.[Na+],Inactive
1103,363898139,23665583,COC1=CC=C(C=C1)C(=O)/C(=C\C(=O)[O-])/Br.[Na+],Active
1104,363898139,23665583,COC1=CC=C(C=C1)C(=O)/C(=C\C(=O)[O-])/Br.[Na+],Active
1105,363898140,135398738,CN(C)/N=N/C1=C(NC=N1)C(=O)N,Active
1106,363898140,135398738,CN(C)/N=N/C1=C(NC=N1)C(=O)N,Active
1107,363898140,135398738,CN(C)/N=N/C1=C(NC=N1)C(=O)N,Active
1108,363898140,135398738,CN(C)/N=N/C1=C(NC=N1)C(=O)N,Active
1109,363898141,15331,CN(C)NC(=O)CCC(=O)O,Inactive
1110,363898141,15331,CN(C)NC(=O)CCC(=O)O,Active
1111,363898141,15331,CN(C)NC(=O)CCC(=O)O,Inactive
1112,363898141,15331,CN(C)NC(=O)CCC(=O)O,Unspecified
1113,363898141,15331,CN(C)NC(=O)CCC(=O)O,Unspecified
1114,363898141,15331,CN(C)NC(=O)CCC(=O)O,Inactive
1115,363898141,15331,CN(C)NC(=O)CCC(=O)O,Unspecified
1116,363898141,15331,CN(C)NC(=O)CCC(=O)O,Unspecified
1117,363898141,15331,CN(C)NC(=O)CCC(=O)O,Unspecified
1118,363898141,15331,CN(C)NC(=O)CCC(=O)O,Unspecified
1119,363898142,2955,C1=CC(=CC=C1N)S(=O)(=O)C2=CC=C(C=C2)N,Inactive
1120,363898142,2955,C1=CC(=CC=C1N)S(=O)(=O)C2=CC=C(C=C2)N,Inactive
1121,363898142,2955,C1=CC(=CC=C1N)S(=O)(=O)C2=CC=C(C=C2)N,Active
1122,363898142,2955,C1=CC(=CC=C1N)S(=O)(=O)C2=CC=C(C=C2)N,Inactive
1123,363898142,2955,C1=CC(=CC=C1N)S(=O)(=O)C2=CC=C(C=C2)N,Active
1124,363898142,2955,C1=CC(=CC=C1N)S(=O)(=O)C2=CC=C(C=C2)N,Active
1125,363898142,2955,C1=CC(=CC=C1N)S(=O)(=O)C2=CC=C(C=C2)N,Active
1126,363898142,2955,C1=CC(=CC=C1N)S(=O)(=O)C2=CC=C(C=C2)N,Inactive
1127,363898143,3035,C1=CC(=CC=C1C(=C(Cl)Cl)C2=CC=C(C=C2)Cl)Cl,Active
1128,363898143,3035,C1=CC(=CC=C1C(=C(Cl)Cl)C2=CC=C(C=C2)Cl)Cl,Active
1129,363898143,3035,C1=CC(=CC=C1C(=C(Cl)Cl)C2=CC=C(C=C2)Cl)Cl,Active
1130,363898143,3035,C1=CC(=CC=C1C(=C(Cl)Cl)C2=CC=C(C=C2)Cl)Cl,Inactive
1131,363898143,3035,C1=CC(=CC=C1C(=C(Cl)Cl)C2=CC=C(C=C2)Cl)Cl,Inactive
1132,363898144,3036,C1=CC(=CC=C1C(C2=CC=C(C=C2)Cl)C(Cl)(Cl)Cl)Cl,Active
1133,363898144,3036,C1=CC(=CC=C1C(C2=CC=C(C=C2)Cl)C(Cl)(Cl)Cl)Cl,Active
1134,363898144,3036,C1=CC(=CC=C1C(C2=CC=C(C=C2)Cl)C(Cl)(Cl)Cl)Cl,Inactive
1135,363898144,3036,C1=CC(=CC=C1C(C2=CC=C(C=C2)Cl)C(Cl)(Cl)Cl)Cl,Inactive
1136,363898144,3036,C1=CC(=CC=C1C(C2=CC=C(C=C2)Cl)C(Cl)(Cl)Cl)Cl,Inactive
1137,363898144,3036,C1=CC(=CC=C1C(C2=CC=C(C=C2)Cl)C(Cl)(Cl)Cl)Cl,Inactive
1138,363898144,3036,C1=CC(=CC=C1C(C2=CC=C(C=C2)Cl)C(Cl)(Cl)Cl)Cl,Active
1139,363898144,3036,C1=CC(=CC=C1C(C2=CC=C(C=C2)Cl)C(Cl)(Cl)Cl)Cl,Active
1140,363898144,3036,C1=CC(=CC=C1C(C2=CC=C(C=C2)Cl)C(Cl)(Cl)Cl)Cl,Active
1141,363898144,3036,C1=CC(=CC=C1C(C2=CC=C(C=C2)Cl)C(Cl)(Cl)Cl)Cl,Active
1142,363898145,3000603,C1[C@@H]([C@H](O[C@H]1N2C=NC3=C2NC(=NC3=S)N)CO)O,Active
1143,363898145,3000603,C1[C@@H]([C@H](O[C@H]1N2C=NC3=C2NC(=NC3=S)N)CO)O,Unspecified
1144,363898146,,,Active
1145,363898146,,,Inactive
1146,363898146,,,Inactive
1147,363898146,,,Active
1148,363898146,,,Active
1149,363898147,11942,CC(=O)NC1=CC=C(C=C1)C2=CC=C(C=C2)NC(=O)C,Active
1150,363898147,11942,CC(=O)NC1=CC=C(C=C1)C2=CC=C(C=C2)NC(=O)C,Active
1151,363898147,11942,CC(=O)NC1=CC=C(C=C1)C2=CC=C(C=C2)NC(=O)C,Active
1152,363898148,5284376,CC(C)N(C(C)C)C(=O)SC/C(=C/Cl)/Cl,Active
1153,363898148,5284376,CC(C)N(C(C)C)C(=O)SC/C(=C/Cl)/Cl,Active
1154,363898148,5284376,CC(C)N(C(C)C)C(=O)SC/C(=C/Cl)/Cl,Inactive
1155,363898149,21242,C=CCN(CC=C)N,Active
1156,363898149,21242,C=CCN(CC=C)N,Active
1157,363898150,54680782,C[C@@]1([C@H]2[C@@H]([C@H]3[C@@H](C(=O)C(=C([C@]3(C(=O)C2=C(C4=C1C=CC=C4O)O)O)O)C(=O)N)N(C)C)O)O.Cl,Inactive
1158,363898150,54680782,C[C@@]1([C@H]2[C@@H]([C@H]3[C@@H](C(=O)C(=C([C@]3(C(=O)C2=C(C4=C1C=CC=C4O)O)O)O)C(=O)N)N(C)C)O)O.Cl,Inactive
1159,363898150,54680782,C[C@@]1([C@H]2[C@@H]([C@H]3[C@@H](C(=O)C(=C([C@]3(C(=O)C2=C(C4=C1C=CC=C4O)O)O)O)C(=O)N)N(C)C)O)O.Cl,Inactive
1160,363898150,54680782,C[C@@]1([C@H]2[C@@H]([C@H]3[C@@H](C(=O)C(=C([C@]3(C(=O)C2=C(C4=C1C=CC=C4O)O)O)O)C(=O)N)N(C)C)O)O.Cl,Inactive
1161,363898150,54680782,C[C@@]1([C@H]2[C@@H]([C@H]3[C@@H](C(=O)C(=C([C@]3(C(=O)C2=C(C4=C1C=CC=C4O)O)O)O)C(=O)N)N(C)C)O)O.Cl,Unspecified
1162,363898150,54680782,C[C@@]1([C@H]2[C@@H]([C@H]3[C@@H](C(=O)C(=C([C@]3(C(=O)C2=C(C4=C1C=CC=C4O)O)O)O)C(=O)N)N(C)C)O)O.Cl,Unspecified
1163,363898151,38221,COC1=C(C=C(C=C1)N)N.OS(=O)(=O)O,Active
1164,363898151,38221,COC1=C(C=C(C=C1)N)N.OS(=O)(=O)O,Active
1165,363898151,38221,COC1=C(C=C(C=C1)N)N.OS(=O)(=O)O,Active
1166,363898151,38221,COC1=C(C=C(C=C1)N)N.OS(=O)(=O)O,Active
1167,363898152,7261,CC1=C(C=C(C=C1)N)N,Active
1168,363898152,7261,CC1=C(C=C(C=C1)N)N,Inactive
1169,363898152,7261,CC1=C(C=C(C=C1)N)N,Active
1170,363898152,7261,CC1=C(C=C(C=C1)N)N,Active
1171,363898153,186342,CC(=O)C(C(=O)NC1=CC=CC=C1)N=NC2=C(C=C(C=C2)C3=CC(=C(C=C3)N=NC(C(=O)C)C(=O)NC4=CC=CC=C4)Cl)Cl,Inactive
1172,363898153,186342,CC(=O)C(C(=O)NC1=CC=CC=C1)N=NC2=C(C=C(C=C2)C3=CC(=C(C=C3)N=NC(C(=O)C)C(=O)NC4=CC=CC=C4)Cl)Cl,Inactive
1173,363898153,186342,CC(=O)C(C(=O)NC1=CC=CC=C1)N=NC2=C(C=C(C=C2)C3=CC(=C(C=C3)N=NC(C(=O)C)C(=O)NC4=CC=CC=C4)Cl)Cl,Inactive
1174,363898153,186342,CC(=O)C(C(=O)NC1=CC=CC=C1)N=NC2=C(C=C(C=C2)C3=CC(=C(C=C3)N=NC(C(=O)C)C(=O)NC4=CC=CC=C4)Cl)Cl,Inactive
1175,363898154,3017,CCOP(=S)(OCC)OC1=NC(=NC(=C1)C)C(C)C,Inactive
1176,363898154,3017,CCOP(=S)(OCC)OC1=NC(=NC(=C1)C)C(C)C,Inactive
1177,363898154,3017,CCOP(=S)(OCC)OC1=NC(=NC(=C1)C)C(C)C,Inactive
1178,363898154,3017,CCOP(=S)(OCC)OC1=NC(=NC(=C1)C)C(C)C,Inactive
1179,363898155,9550,C=[N+]=[N-],Active
1180,363898155,9550,C=[N+]=[N-],Active
1181,363898156,9183,C1=CC=C2C(=C1)C=CC3=C2C=C4C=CC5=CC=CC=C5C4=N3,Active
1182,363898156,9183,C1=CC=C2C(=C1)C=CC3=C2C=C4C=CC5=CC=CC=C5C4=N3,Active
1183,363898156,9183,C1=CC=C2C(=C1)C=CC3=C2C=C4C=CC5=CC=CC=C5C4=N3,Active
1184,363898157,9177,C1=CC=C2C(=C1)C=CC3=NC4=C(C=C32)C5=CC=CC=C5C=C4,Active
1185,363898157,9177,C1=CC=C2C(=C1)C=CC3=NC4=C(C=C32)C5=CC=CC=C5C=C4,Active
1186,363898157,9177,C1=CC=C2C(=C1)C=CC3=NC4=C(C=C32)C5=CC=CC=C5C=C4,Inactive
1187,363898157,9177,C1=CC=C2C(=C1)C=CC3=NC4=C(C=C32)C5=CC=CC=C5C=C4,Active
1188,363898158,5889,C1=CC=C2C(=C1)C=CC3=CC4=C(C=CC5=CC=CC=C54)C=C32,Active
1189,363898158,5889,C1=CC=C2C(=C1)C=CC3=CC4=C(C=CC5=CC=CC=C54)C=C32,Active
1190,363898158,5889,C1=CC=C2C(=C1)C=CC3=CC4=C(C=CC5=CC=CC=C54)C=C32,Active
1191,363898158,5889,C1=CC=C2C(=C1)C=CC3=CC4=C(C=CC5=CC=CC=C54)C=C32,Active
1192,363898158,5889,C1=CC=C2C(=C1)C=CC3=CC4=C(C=CC5=CC=CC=C54)C=C32,Active
1193,363898158,5889,C1=CC=C2C(=C1)C=CC3=CC4=C(C=CC5=CC=CC=C54)C=C32,Active
1194,363898158,5889,C1=CC=C2C(=C1)C=CC3=CC4=C(C=CC5=CC=CC=C54)C=C32,Active
1195,363898158,5889,C1=CC=C2C(=C1)C=CC3=CC4=C(C=CC5=CC=CC=C54)C=C32,Active
1196,363898158,5889,C1=CC=C2C(=C1)C=CC3=CC4=C(C=CC5=CC=CC=C54)C=C32,Active
1197,363898158,5889,C1=CC=C2C(=C1)C=CC3=CC4=C(C=CC5=CC=CC=C54)C=C32,Active
1198,363898158,5889,C1=CC=C2C(=C1)C=CC3=CC4=C(C=CC5=CC=CC=C54)C=C32,Active
1199,363898158,5889,C1=CC=C2C(=C1)C=CC3=CC4=C(C=CC5=CC=CC=C54)C=C32,Active
1200,363898158,5889,C1=CC=C2C(=C1)C=CC3=CC4=C(C=CC5=CC=CC=C54)C=C32,Active
1201,363898159,9134,C1=CC=C2C(=C1)C=CC3=C2C4=C(N3)C=CC5=CC=CC=C54,Active
1202,363898159,9134,C1=CC=C2C(=C1)C=CC3=C2C4=C(N3)C=CC5=CC=CC=C54,Active
1203,363898159,9134,C1=CC=C2C(=C1)C=CC3=C2C4=C(N3)C=CC5=CC=CC=C54,Active
1204,363898159,9134,C1=CC=C2C(=C1)C=CC3=C2C4=C(N3)C=CC5=CC=CC=C54,Active
1205,363898159,9134,C1=CC=C2C(=C1)C=CC3=C2C4=C(N3)C=CC5=CC=CC=C54,Active
1206,363898159,9134,C1=CC=C2C(=C1)C=CC3=C2C4=C(N3)C=CC5=CC=CC=C54,Active
1207,363898159,9134,C1=CC=C2C(=C1)C=CC3=C2C4=C(N3)C=CC5=CC=CC=C54,Active
1208,363898159,9134,C1=CC=C2C(=C1)C=CC3=C2C4=C(N3)C=CC5=CC=CC=C54,Active
1209,363898160,9119,C1=CC=C2C(=C1)C=C3C=CC4=C5C3=C2C6=CC=CC=C6C5=CC=C4,Active
1210,363898160,9119,C1=CC=C2C(=C1)C=C3C=CC4=C5C3=C2C6=CC=CC=C6C5=CC=C4,Active
1211,363898160,9119,C1=CC=C2C(=C1)C=C3C=CC4=C5C3=C2C6=CC=CC=C6C5=CC=C4,Active
1212,363898160,9119,C1=CC=C2C(=C1)C=C3C=CC4=C5C3=C2C6=CC=CC=C6C5=CC=C4,Active
1213,363898160,9119,C1=CC=C2C(=C1)C=C3C=CC4=C5C3=C2C6=CC=CC=C6C5=CC=C4,Active
1214,363898160,9119,C1=CC=C2C(=C1)C=C3C=CC4=C5C3=C2C6=CC=CC=C6C5=CC=C4,Active
1215,363898161,9216,C1=CC=C2C(=C1)OC3=CC=CC=C3O2,Inactive
1216,363898161,9216,C1=CC=C2C(=C1)OC3=CC=CC=C3O2,Inactive
1217,363898161,9216,C1=CC=C2C(=C1)OC3=CC=CC=C3O2,Inactive
1218,363898161,9216,C1=CC=C2C(=C1)OC3=CC=CC=C3O2,Inactive
1219,363898162,9126,C1=CC=C2C3=C4C(=CC2=C1)C5=CC=CC=C5C6=CC=CC(=C64)C=C3,Active
1220,363898162,9126,C1=CC=C2C3=C4C(=CC2=C1)C5=CC=CC=C5C6=CC=CC(=C64)C=C3,Active
1221,363898163,9108,C1=CC=C2C3=C4C(=CC2=C1)C=CC5=C4C(=CC6=CC=CC=C56)C=C3,Active
1222,363898163,9108,C1=CC=C2C3=C4C(=CC2=C1)C=CC5=C4C(=CC6=CC=CC=C56)C=C3,Active
1223,363898164,9106,C1=CC=C2C3=C4C(=CC2=C1)C=CC5=CC6=CC=CC=C6C(=C54)C=C3,Active
1224,363898164,9106,C1=CC=C2C3=C4C(=CC2=C1)C=CC5=CC6=CC=CC=C6C(=C54)C=C3,Active
1225,363898164,9106,C1=CC=C2C3=C4C(=CC2=C1)C=CC5=CC6=CC=CC=C6C(=C54)C=C3,Active
1226,363898165,7280,C(C(CBr)Br)Cl,Active
1227,363898165,7280,C(C(CBr)Br)Cl,Active
1228,363898165,7280,C(C(CBr)Br)Cl,Active
1229,363898165,7280,C(C(CBr)Br)Cl,Active
1230,363898165,7280,C(C(CBr)Br)Cl,Active
1231,363898165,7280,C(C(CBr)Br)Cl,Active
1232,363898165,7280,C(C(CBr)Br)Cl,Active
1233,363898165,7280,C(C(CBr)Br)Cl,Active
1234,363898166,154903,C1=CC2=C(C=C(C=C2Br)Br)N=C1,Inactive
1235,363898167,13542,CCCCN(CCCC)N=O,Active
1236,363898167,13542,CCCCN(CCCC)N=O,Active
1237,363898167,13542,CCCCN(CCCC)N=O,Active
1238,363898167,13542,CCCCN(CCCC)N=O,Active
1239,363898167,13542,CCCCN(CCCC)N=O,Active
1240,363898167,13542,CCCCN(CCCC)N=O,Active
1241,363898167,13542,CCCCN(CCCC)N=O,Active
1242,363898167,13542,CCCCN(CCCC)N=O,Active
1243,363898167,13542,CCCCN(CCCC)N=O,Active
1244,363898167,13542,CCCCN(CCCC)N=O,Active
1245,363898168,16682740,CCCC[Sn](CCCC)(OC(=O)C)OC(=O)C,Inactive
1246,363898168,16682740,CCCC[Sn](CCCC)(OC(=O)C)OC(=O)C,Inactive
1247,363898168,16682740,CCCC[Sn](CCCC)(OC(=O)C)OC(=O)C,Inactive
1248,363898169,5284443,CNC[C@@H](C1=CC(=CC=C1)O)O.Cl,Inactive
1249,363898169,5284443,CNC[C@@H](C1=CC(=CC=C1)O)O.Cl,Inactive
1250,363898169,5284443,CNC[C@@H](C1=CC(=CC=C1)O)O.Cl,Inactive
1251,363898169,5284443,CNC[C@@H](C1=CC(=CC=C1)O)O.Cl,Inactive
1252,363898170,7070,C1=CC(=C(C=C1C2=CC(=C(C=C2)N)Cl)Cl)N,Active
1253,363898170,7070,C1=CC(=C(C=C1C2=CC(=C(C=C2)N)Cl)Cl)N,Active
1254,363898170,7070,C1=CC(=C(C=C1C2=CC(=C(C=C2)N)Cl)Cl)N,Active
1255,363898171,,,Active
1256,363898171,,,Active
1257,363898172,34239,C1=CC(=C(C=C1OC2=CC(=C(C=C2)N)Cl)Cl)N,Active
1258,363898173,36613,C1=CC2=C(C=C1Cl)OC3=C(O2)C=C(C=C3)Cl,Inactive
1259,363898173,36613,C1=CC2=C(C=C1Cl)OC3=C(O2)C=C(C=C3)Cl,Inactive
1260,363898173,36613,C1=CC2=C(C=C1Cl)OC3=C(O2)C=C(C=C3)Cl,Inactive
1261,363898173,36613,C1=CC2=C(C=C1Cl)OC3=C(O2)C=C(C=C3)Cl,Unspecified
1262,363898174,6365,CC(Cl)Cl,Inactive
1263,363898174,6365,CC(Cl)Cl,Inactive
1264,363898174,6365,CC(Cl)Cl,Unspecified
1265,363898174,6365,CC(Cl)Cl,Unspecified
1266,363898175,11,C(CCl)Cl,Active
1267,363898175,11,C(CCl)Cl,Active
1268,363898175,11,C(CCl)Cl,Active
1269,363898175,11,C(CCl)Cl,Active
1270,363898175,11,C(CCl)Cl,Active
1271,363898175,11,C(CCl)Cl,Inactive
1272,363898175,11,C(CCl)Cl,Inactive
1273,363898175,11,C(CCl)Cl,Inactive
1274,363898175,11,C(CCl)Cl,Inactive
1275,363898175,11,C(CCl)Cl,Inactive
1276,363898175,11,C(CCl)Cl,Active
1277,363898176,11860,C1=C(C=C(C(=C1Cl)N)Cl)N,Active
1278,363898176,11860,C1=C(C=C(C(=C1Cl)N)Cl)N,Active
1279,363898176,11860,C1=C(C=C(C(=C1Cl)N)Cl)N,Inactive
1280,363898176,11860,C1=C(C=C(C(=C1Cl)N)Cl)N,Inactive
1281,363898177,5280970,C(/C=C\Cl)Cl,Active
1282,363898178,119516,C([C@H]1[C@H](O1)Cl)Cl,Active
1283,363898178,119516,C([C@H]1[C@H](O1)Cl)Cl,Active
1284,363898179,149399,C([C@@H]1[C@H](O1)Cl)Cl,Active
1285,363898179,149399,C([C@@H]1[C@H](O1)Cl)Cl,Active
1286,363898180,3039,COP(=O)(OC)OC=C(Cl)Cl,Inactive
1287,363898180,3039,COP(=O)(OC)OC=C(Cl)Cl,Inactive
1288,363898180,3039,COP(=O)(OC)OC=C(Cl)Cl,Inactive
1289,363898180,3039,COP(=O)(OC)OC=C(Cl)Cl,Inactive
1290,363898180,3039,COP(=O)(OC)OC=C(Cl)Cl,Active
1291,363898180,3039,COP(=O)(OC)OC=C(Cl)Cl,Active
1292,363898180,3039,COP(=O)(OC)OC=C(Cl)Cl,Active
1293,363898180,3039,COP(=O)(OC)OC=C(Cl)Cl,Inactive
1294,363898180,3039,COP(=O)(OC)OC=C(Cl)Cl,Inactive
1295,363898180,3039,COP(=O)(OC)OC=C(Cl)Cl,Inactive
1296,363898180,3039,COP(=O)(OC)OC=C(Cl)Cl,Inactive
1297,363898180,3039,COP(=O)(OC)OC=C(Cl)Cl,Active
1298,363898180,3039,COP(=O)(OC)OC=C(Cl)Cl,Active
1299,363898180,3039,COP(=O)(OC)OC=C(Cl)Cl,Active
1300,363898180,3039,COP(=O)(OC)OC=C(Cl)Cl,Active
1301,363898180,3039,COP(=O)(OC)OC=C(Cl)Cl,Unspecified
1302,363898181,8268,C1=CC(=CC=C1C(C2=CC=C(C=C2)Cl)(C(Cl)(Cl)Cl)O)Cl,Inactive
1303,363898181,8268,C1=CC(=CC=C1C(C2=CC=C(C=C2)Cl)(C(Cl)(Cl)Cl)O)Cl,Active
1304,363898181,8268,C1=CC(=CC=C1C(C2=CC=C(C=C2)Cl)(C(Cl)(Cl)Cl)O)Cl,Inactive
1305,363898181,8268,C1=CC(=CC=C1C(C2=CC=C(C=C2)Cl)(C(Cl)(Cl)Cl)O)Cl,Inactive
1306,363898182,727200,C1CCC(CC1)NC(=S)NC2CCCCC2,Inactive
1307,363898182,727200,C1CCC(CC1)NC(=S)NC2CCCCC2,Inactive
1308,363898182,727200,C1CCC(CC1)NC(=S)NC2CCCCC2,Inactive
1309,363898182,727200,C1CCC(CC1)NC(=S)NC2CCCCC2,Inactive
1310,363898183,969491,C1[C@@H]2[C@H]3[C@@H]([C@H]1[C@H]4[C@@H]2O4)[C@]5(C(=C([C@@]3(C5(Cl)Cl)Cl)Cl)Cl)Cl,Inactive
1311,363898183,969491,C1[C@@H]2[C@H]3[C@@H]([C@H]1[C@H]4[C@@H]2O4)[C@]5(C(=C([C@@]3(C5(Cl)Cl)Cl)Cl)Cl)Cl,Active
1312,363898183,969491,C1[C@@H]2[C@H]3[C@@H]([C@H]1[C@H]4[C@@H]2O4)[C@]5(C(=C([C@@]3(C5(Cl)Cl)Cl)Cl)Cl)Cl,Inactive
1313,363898183,969491,C1[C@@H]2[C@H]3[C@@H]([C@H]1[C@H]4[C@@H]2O4)[C@]5(C(=C([C@@]3(C5(Cl)Cl)Cl)Cl)Cl)Cl,Inactive
1314,363898183,969491,C1[C@@H]2[C@H]3[C@@H]([C@H]1[C@H]4[C@@H]2O4)[C@]5(C(=C([C@@]3(C5(Cl)Cl)Cl)Cl)Cl)Cl,Active
1315,363898183,969491,C1[C@@H]2[C@H]3[C@@H]([C@H]1[C@H]4[C@@H]2O4)[C@]5(C(=C([C@@]3(C5(Cl)Cl)Cl)Cl)Cl)Cl,Active
1316,363898183,969491,C1[C@@H]2[C@H]3[C@@H]([C@H]1[C@H]4[C@@H]2O4)[C@]5(C(=C([C@@]3(C5(Cl)Cl)Cl)Cl)Cl)Cl,Active
1317,363898183,969491,C1[C@@H]2[C@H]3[C@@H]([C@H]1[C@H]4[C@@H]2O4)[C@]5(C(=C([C@@]3(C5(Cl)Cl)Cl)Cl)Cl)Cl,Active
1318,363898183,969491,C1[C@@H]2[C@H]3[C@@H]([C@H]1[C@H]4[C@@H]2O4)[C@]5(C(=C([C@@]3(C5(Cl)Cl)Cl)Cl)Cl)Cl,Active
1319,363898183,969491,C1[C@@H]2[C@H]3[C@@H]([C@H]1[C@H]4[C@@H]2O4)[C@]5(C(=C([C@@]3(C5(Cl)Cl)Cl)Cl)Cl)Cl,Active
1320,363898183,969491,C1[C@@H]2[C@H]3[C@@H]([C@H]1[C@H]4[C@@H]2O4)[C@]5(C(=C([C@@]3(C5(Cl)Cl)Cl)Cl)Cl)Cl,Active
1321,363898183,969491,C1[C@@H]2[C@H]3[C@@H]([C@H]1[C@H]4[C@@H]2O4)[C@]5(C(=C([C@@]3(C5(Cl)Cl)Cl)Cl)Cl)Cl,Active
1322,363898183,969491,C1[C@@H]2[C@H]3[C@@H]([C@H]1[C@H]4[C@@H]2O4)[C@]5(C(=C([C@@]3(C5(Cl)Cl)Cl)Cl)Cl)Cl,Active
1323,363898183,969491,C1[C@@H]2[C@H]3[C@@H]([C@H]1[C@H]4[C@@H]2O4)[C@]5(C(=C([C@@]3(C5(Cl)Cl)Cl)Cl)Cl)Cl,Active
1324,363898183,969491,C1[C@@H]2[C@H]3[C@@H]([C@H]1[C@H]4[C@@H]2O4)[C@]5(C(=C([C@@]3(C5(Cl)Cl)Cl)Cl)Cl)Cl,Unspecified
1325,363898184,11254,C1C(O1)C2CO2,Active
1326,363898184,11254,C1C(O1)C2CO2,Active
1327,363898184,11254,C1C(O1)C2CO2,Active
1328,363898184,11254,C1C(O1)C2CO2,Active
1329,363898184,11254,C1C(O1)C2CO2,Active
1330,363898184,11254,C1C(O1)C2CO2,Active
1331,363898185,533728,CCN(CC)C(=S)[S-].[Na+],Inactive
1332,363898185,533728,CCN(CC)C(=S)[S-].[Na+],Inactive
1333,363898185,533728,CCN(CC)C(=S)[S-].[Na+],Inactive
1334,363898185,533728,CCN(CC)C(=S)[S-].[Na+],Inactive
1335,363898186,7641,CCCCC(CC)COC(=O)CCCCC(=O)OCC(CC)CCCC,Active
1336,363898186,7641,CCCCC(CC)COC(=O)CCCCC(=O)OCC(CC)CCCC,Inactive
1337,363898186,7641,CCCCC(CC)COC(=O)CCCCC(=O)OCC(CC)CCCC,Inactive
1338,363898186,7641,CCCCC(CC)COC(=O)CCCCC(=O)OCC(CC)CCCC,Active
1339,363898186,7641,CCCCC(CC)COC(=O)CCCCC(=O)OCC(CC)CCCC,Active
1340,363898186,7641,CCCCC(CC)COC(=O)CCCCC(=O)OCC(CC)CCCC,Active
1341,363898186,7641,CCCCC(CC)COC(=O)CCCCC(=O)OCC(CC)CCCC,Inactive
1342,363898186,7641,CCCCC(CC)COC(=O)CCCCC(=O)OCC(CC)CCCC,Inactive
1343,363898187,8343,CCCCC(CC)COC(=O)C1=CC=CC=C1C(=O)OCC(CC)CCCC,Active
1344,363898187,8343,CCCCC(CC)COC(=O)C1=CC=CC=C1C(=O)OCC(CC)CCCC,Active
1345,363898187,8343,CCCCC(CC)COC(=O)C1=CC=CC=C1C(=O)OCC(CC)CCCC,Active
1346,363898187,8343,CCCCC(CC)COC(=O)C1=CC=CC=C1C(=O)OCC(CC)CCCC,Active
1347,363898187,8343,CCCCC(CC)COC(=O)C1=CC=CC=C1C(=O)OCC(CC)CCCC,Active
1348,363898187,8343,CCCCC(CC)COC(=O)C1=CC=CC=C1C(=O)OCC(CC)CCCC,Active
1349,363898187,8343,CCCCC(CC)COC(=O)C1=CC=CC=C1C(=O)OCC(CC)CCCC,Active
1350,363898187,8343,CCCCC(CC)COC(=O)C1=CC=CC=C1C(=O)OCC(CC)CCCC,Active
1351,363898187,8343,CCCCC(CC)COC(=O)C1=CC=CC=C1C(=O)OCC(CC)CCCC,Active
1352,363898187,8343,CCCCC(CC)COC(=O)C1=CC=CC=C1C(=O)OCC(CC)CCCC,Active
1353,363898187,8343,CCCCC(CC)COC(=O)C1=CC=CC=C1C(=O)OCC(CC)CCCC,Active
1354,363898187,8343,CCCCC(CC)COC(=O)C1=CC=CC=C1C(=O)OCC(CC)CCCC,Active
1355,363898188,15374,CCNNCC,Active
1356,363898189,5921,CCN(CC)N=O,Active
1357,363898189,5921,CCN(CC)N=O,Active
1358,363898189,5921,CCN(CC)N=O,Active
1359,363898189,5921,CCN(CC)N=O,Active
1360,363898189,5921,CCN(CC)N=O,Active
1361,363898189,5921,CCN(CC)N=O,Active
1362,363898189,5921,CCN(CC)N=O,Active
1363,363898189,5921,CCN(CC)N=O,Active
1364,363898189,5921,CCN(CC)N=O,Active
1365,363898189,5921,CCN(CC)N=O,Active
1366,363898189,5921,CCN(CC)N=O,Active
1367,363898189,5921,CCN(CC)N=O,Active
1368,363898189,5921,CCN(CC)N=O,Active
1369,363898189,5921,CCN(CC)N=O,Active
1370,363898189,5921,CCN(CC)N=O,Active
1371,363898189,5921,CCN(CC)N=O,Active
1372,363898189,5921,CCN(CC)N=O,Inactive
1373,363898189,5921,CCN(CC)N=O,Inactive
1374,363898189,5921,CCN(CC)N=O,Active
1375,363898189,5921,CCN(CC)N=O,Active
1376,363898189,5921,CCN(CC)N=O,Active
1377,363898189,5921,CCN(CC)N=O,Active
1378,363898189,5921,CCN(CC)N=O,Active
1379,363898189,5921,CCN(CC)N=O,Active
1380,363898189,5921,CCN(CC)N=O,Active
1381,363898189,5921,CCN(CC)N=O,Active
1382,363898189,5921,CCN(CC)N=O,Active
1383,363898189,5921,CCN(CC)N=O,Active
1384,363898189,5921,CCN(CC)N=O,Active
1385,363898189,5921,CCN(CC)N=O,Active
1386,363898189,5921,CCN(CC)N=O,Active
1387,363898189,5921,CCN(CC)N=O,Active
1388,363898189,5921,CCN(CC)N=O,Active
1389,363898189,5921,CCN(CC)N=O,Active
1390,363898189,5921,CCN(CC)N=O,Active
1391,363898189,5921,CCN(CC)N=O,Active
1392,363898189,5921,CCN(CC)N=O,Active
1393,363898189,5921,CCN(CC)N=O,Inactive
1394,363898189,5921,CCN(CC)N=O,Active
1395,363898189,5921,CCN(CC)N=O,Active
1396,363898189,5921,CCN(CC)N=O,Active
1397,363898189,5921,CCN(CC)N=O,Active
1398,363898189,5921,CCN(CC)N=O,Active
1399,363898189,5921,CCN(CC)N=O,Active
1400,363898189,5921,CCN(CC)N=O,Active
1401,363898189,5921,CCN(CC)N=O,Active
1402,363898189,5921,CCN(CC)N=O,Active
1403,363898189,5921,CCN(CC)N=O,Active
1404,363898189,5921,CCN(CC)N=O,Active
1405,363898189,5921,CCN(CC)N=O,Active
1406,363898189,5921,CCN(CC)N=O,Active
1407,363898189,5921,CCN(CC)N=O,Active
1408,363898189,5921,CCN(CC)N=O,Active
1409,363898190,448537,CC/C(=C(/CC)\C1=CC=C(C=C1)O)/C2=CC=C(C=C2)O,Active
1410,363898190,448537,CC/C(=C(/CC)\C1=CC=C(C=C1)O)/C2=CC=C(C=C2)O,Active
1411,363898190,448537,CC/C(=C(/CC)\C1=CC=C(C=C1)O)/C2=CC=C(C=C2)O,Active
1412,363898190,448537,CC/C(=C(/CC)\C1=CC=C(C=C1)O)/C2=CC=C(C=C2)O,Active
1413,363898190,448537,CC/C(=C(/CC)\C1=CC=C(C=C1)O)/C2=CC=C(C=C2)O,Active
1414,363898190,448537,CC/C(=C(/CC)\C1=CC=C(C=C1)O)/C2=CC=C(C=C2)O,Active
1415,363898190,448537,CC/C(=C(/CC)\C1=CC=C(C=C1)O)/C2=CC=C(C=C2)O,Active
1416,363898190,448537,CC/C(=C(/CC)\C1=CC=C(C=C1)O)/C2=CC=C(C=C2)O,Active
1417,363898190,448537,CC/C(=C(/CC)\C1=CC=C(C=C1)O)/C2=CC=C(C=C2)O,Active
1418,363898190,448537,CC/C(=C(/CC)\C1=CC=C(C=C1)O)/C2=CC=C(C=C2)O,Active
1419,363898190,448537,CC/C(=C(/CC)\C1=CC=C(C=C1)O)/C2=CC=C(C=C2)O,Active
1420,363898190,448537,CC/C(=C(/CC)\C1=CC=C(C=C1)O)/C2=CC=C(C=C2)O,Active
1421,363898190,448537,CC/C(=C(/CC)\C1=CC=C(C=C1)O)/C2=CC=C(C=C2)O,Active
1422,363898190,448537,CC/C(=C(/CC)\C1=CC=C(C=C1)O)/C2=CC=C(C=C2)O,Active
1423,363898190,448537,CC/C(=C(/CC)\C1=CC=C(C=C1)O)/C2=CC=C(C=C2)O,Active
1424,363898190,448537,CC/C(=C(/CC)\C1=CC=C(C=C1)O)/C2=CC=C(C=C2)O,Active
1425,363898190,448537,CC/C(=C(/CC)\C1=CC=C(C=C1)O)/C2=CC=C(C=C2)O,Active
1426,363898190,448537,CC/C(=C(/CC)\C1=CC=C(C=C1)O)/C2=CC=C(C=C2)O,Active
1427,363898190,448537,CC/C(=C(/CC)\C1=CC=C(C=C1)O)/C2=CC=C(C=C2)O,Active
1428,363898190,448537,CC/C(=C(/CC)\C1=CC=C(C=C1)O)/C2=CC=C(C=C2)O,Active
1429,363898190,448537,CC/C(=C(/CC)\C1=CC=C(C=C1)O)/C2=CC=C(C=C2)O,Inactive
1430,363898190,448537,CC/C(=C(/CC)\C1=CC=C(C=C1)O)/C2=CC=C(C=C2)O,Active
1431,363898190,448537,CC/C(=C(/CC)\C1=CC=C(C=C1)O)/C2=CC=C(C=C2)O,Unspecified
1432,363898191,657220,CC/C(=C(/CC)\C1=CC=C(C=C1)OC(=O)CC)/C2=CC=C(C=C2)OC(=O)CC,Active
1433,363898192,6163,CCOS(=O)(=O)OCC,Active
1434,363898192,6163,CCOS(=O)(=O)OCC,Active
1435,363898193,2735009,CCNC(=S)NCC,Inactive
1436,363898193,2735009,CCNC(=S)NCC,Inactive
1437,363898193,2735009,CCNC(=S)NCC,Active
1438,363898193,2735009,CCNC(=S)NCC,Active
1439,363898194,7197,CCCC1=CC2=C(C=C1)OCO2,Active
1440,363898194,7197,CCCC1=CC2=C(C=C1)OCO2,Active
1441,363898195,3082,CNC(=O)CSP(=S)(OC)OC,Inactive
1442,363898195,3082,CNC(=O)CSP(=S)(OC)OC,Inactive
1443,363898195,3082,CNC(=O)CSP(=S)(OC)OC,Inactive
1444,363898195,3082,CNC(=O)CSP(=S)(OC)OC,Inactive
1445,363898195,3082,CNC(=O)CSP(=S)(OC)OC,Inactive
1446,363898195,3082,CNC(=O)CSP(=S)(OC)OC,Inactive
1447,363898196,13232,CC1CC(OC(O1)C)OC(=O)C,Active
1448,363898196,13232,CC1CC(OC(O1)C)OC(=O)C,Inactive
1449,363898196,13232,CC1CC(OC(O1)C)OC(=O)C,Inactive
1450,363898196,13232,CC1CC(OC(O1)C)OC(=O)C,Inactive
1451,363898196,13232,CC1CC(OC(O1)C)OC(=O)C,Unspecified
1452,363898197,41023,COC1=CC(=C(C=C1)[NH3+])OC.[Cl-],Inactive
1453,363898197,41023,COC1=CC(=C(C=C1)[NH3+])OC.[Cl-],Inactive
1454,363898197,41023,COC1=CC(=C(C=C1)[NH3+])OC.[Cl-],Inactive
1455,363898197,41023,COC1=CC(=C(C=C1)[NH3+])OC.[Cl-],Inactive
1456,363898198,8821,CCOC(=O)C=C,Active
1457,363898198,8821,CCOC(=O)C=C,Active
1458,363898198,8821,CCOC(=O)C=C,Active
1459,363898198,8821,CCOC(=O)C=C,Active
1460,363898198,8821,CCOC(=O)C=C,Inactive
1461,363898198,8821,CCOC(=O)C=C,Inactive
1462,363898198,8821,CCOC(=O)C=C,Inactive
1463,363898198,8821,CCOC(=O)C=C,Inactive
1464,363898198,8821,CCOC(=O)C=C,Inactive
1465,363898198,8821,CCOC(=O)C=C,Inactive
1466,363898198,8821,CCOC(=O)C=C,Inactive
1467,363898198,8821,CCOC(=O)C=C,Inactive
1468,363898198,8821,CCOC(=O)C=C,Inactive
1469,363898198,8821,CCOC(=O)C=C,Inactive
1470,363898198,8821,CCOC(=O)C=C,Inactive
1471,363898198,8821,CCOC(=O)C=C,Inactive
1472,363898198,8821,CCOC(=O)C=C,Inactive
1473,363898198,8821,CCOC(=O)C=C,Inactive
1474,363898199,8411,COC1=C(C=CC(=C1)C2=CC(=C(C=C2)N)OC)N,Active
1475,363898199,8411,COC1=C(C=CC(=C1)C2=CC(=C(C=C2)N)OC)N,Active
1476,363898200,7069,COC1=C(C=CC(=C1)C2=CC(=C(C=C2)N=C=O)OC)N=C=O,Inactive
1477,363898200,7069,COC1=C(C=CC(=C1)C2=CC(=C(C=C2)N=C=O)OC)N=C=O,Inactive
1478,363898200,7069,COC1=C(C=CC(=C1)C2=CC(=C(C=C2)N=C=O)OC)N=C=O,Active
1479,363898200,7069,COC1=C(C=CC(=C1)C2=CC(=C(C=C2)N=C=O)OC)N=C=O,Active
1480,363898201,6053,CN(C)C1=CC=C(C=C1)N=NC2=CC=CC=C2,Active
1481,363898201,6053,CN(C)C1=CC=C(C=C1)N=NC2=CC=CC=C2,Active
1482,363898201,6053,CN(C)C1=CC=C(C=C1)N=NC2=CC=CC=C2,Active
1483,363898201,6053,CN(C)C1=CC=C(C=C1)N=NC2=CC=CC=C2,Active
1484,363898201,6053,CN(C)C1=CC=C(C=C1)N=NC2=CC=CC=C2,Inactive
1485,363898201,6053,CN(C)C1=CC=C(C=C1)N=NC2=CC=CC=C2,Active
1486,363898201,6053,CN(C)C1=CC=C(C=C1)N=NC2=CC=CC=C2,Inactive
1487,363898202,25948,CC1=CC=CC=C1C2=CC(=C(C=C2)N)C,Active
1488,363898202,25948,CC1=CC=CC=C1C2=CC(=C(C=C2)N)C,Active
1489,363898202,25948,CC1=CC=CC=C1C2=CC(=C(C=C2)N)C,Active
1490,363898202,25948,CC1=CC=CC=C1C2=CC(=C(C=C2)N)C,Active
1491,363898202,25948,CC1=CC=CC=C1C2=CC(=C(C=C2)N)C,Active
1492,363898202,25948,CC1=CC=CC=C1C2=CC(=C(C=C2)N)C,Active
1493,363898202,25948,CC1=CC=CC=C1C2=CC(=C(C=C2)N)C,Active
1494,363898202,25948,CC1=CC=CC=C1C2=CC(=C(C=C2)N)C,Active
1495,363898202,25948,CC1=CC=CC=C1C2=CC(=C(C=C2)N)C,Active
1496,363898202,25948,CC1=CC=CC=C1C2=CC(=C(C=C2)N)C,Active
1497,363898202,25948,CC1=CC=CC=C1C2=CC(=C(C=C2)N)C,Active
1498,363898202,25948,CC1=CC=CC=C1C2=CC(=C(C=C2)N)C,Active
1499,363898203,9570442,CN(C)/C=N/C1=NN=C(O1)/C=C/C2=CC=C(O2)[N+](=O)[O-],Active
1500,363898205,88898,CC1=CC(=C(C=C1)N)C.Cl,Active
1501,363898206,8413,CC1=C(C=CC(=C1)C2=CC(=C(C=C2)N)C)N,Active
1502,363898207,6598,CN(C)C(=O)Cl,Active
1503,363898207,6598,CN(C)C(=O)Cl,Active
1504,363898208,5976,CN(C)N,Active
1505,363898208,5976,CN(C)N,Inactive
1506,363898208,5976,CN(C)N,Inactive
1507,363898209,1322,CNNC,Active
1508,363898209,1322,CNNC,Active
1509,363898209,1322,CNNC,Active
1510,363898209,1322,CNNC,Active
1511,363898209,1322,CNNC,Active
1512,363898209,1322,CNNC,Active
1513,363898209,1322,CNNC,Inactive
1514,363898210,9380,CNNC.Cl.Cl,Active
1515,363898210,9380,CNNC.Cl.Cl,Active
1516,363898211,6124,CN(C)N=O,Active
1517,363898211,6124,CN(C)N=O,Active
1518,363898211,6124,CN(C)N=O,Active
1519,363898211,6124,CN(C)N=O,Active
1520,363898211,6124,CN(C)N=O,Active
1521,363898211,6124,CN(C)N=O,Active
1522,363898211,6124,CN(C)N=O,Active
1523,363898211,6124,CN(C)N=O,Active
1524,363898211,6124,CN(C)N=O,Active
1525,363898211,6124,CN(C)N=O,Active
1526,363898211,6124,CN(C)N=O,Active
1527,363898211,6124,CN(C)N=O,Active
1528,363898211,6124,CN(C)N=O,Active
1529,363898211,6124,CN(C)N=O,Inactive
1530,363898211,6124,CN(C)N=O,Active
1531,363898211,6124,CN(C)N=O,Active
1532,363898211,6124,CN(C)N=O,Active
1533,363898211,6124,CN(C)N=O,Active
1534,363898211,6124,CN(C)N=O,Inactive
1535,363898211,6124,CN(C)N=O,Active
1536,363898211,6124,CN(C)N=O,Active
1537,363898211,6124,CN(C)N=O,Active
1538,363898211,6124,CN(C)N=O,Active
1539,363898211,6124,CN(C)N=O,Active
1540,363898211,6124,CN(C)N=O,Active
1541,363898211,6124,CN(C)N=O,Active
1542,363898211,6124,CN(C)N=O,Active
1543,363898211,6124,CN(C)N=O,Active
1544,363898211,6124,CN(C)N=O,Active
1545,363898211,6124,CN(C)N=O,Active
1546,363898212,51168,CC1=CC=CC=C1C2=CC(=C(C=C2)N=O)C,Active
1547,363898212,51168,CC1=CC=CC=C1C2=CC(=C(C=C2)N=O)C,Active
1548,363898213,15081,CC1CN(CC(O1)C)N=O,Active
1549,363898213,15081,CC1CN(CC(O1)C)N=O,Active
1550,363898213,15081,CC1CN(CC(O1)C)N=O,Active
1551,363898213,15081,CC1CN(CC(O1)C)N=O,Active
1552,363898213,15081,CC1CN(CC(O1)C)N=O,Active
1553,363898213,15081,CC1CN(CC(O1)C)N=O,Active
1554,363898213,15081,CC1CN(CC(O1)C)N=O,Active
1555,363898213,15081,CC1CN(CC(O1)C)N=O,Active
1556,363898213,15081,CC1CN(CC(O1)C)N=O,Active
1557,363898213,15081,CC1CN(CC(O1)C)N=O,Active
1558,363898213,15081,CC1CN(CC(O1)C)N=O,Active
1559,363898213,15081,CC1CN(CC(O1)C)N=O,Active
1560,363898213,15081,CC1CN(CC(O1)C)N=O,Active
1561,363898213,15081,CC1CN(CC(O1)C)N=O,Active
1562,363898213,15081,CC1CN(CC(O1)C)N=O,Active
1563,363898214,171407,CN(C)C(=O)NN=O,Active
1564,363898214,171407,CN(C)C(=O)NN=O,Active
1565,363898214,171407,CN(C)C(=O)NN=O,Active
1566,363898214,171407,CN(C)C(=O)NN=O,Active
1567,363898215,6497,COS(=O)(=O)OC,Active
1568,363898215,6497,COS(=O)(=O)OC,Active
1569,363898216,8441,COC(=O)C1=CC=C(C=C1)C(=O)OC,Inactive
1570,363898216,8441,COC(=O)C1=CC=C(C=C1)C(=O)OC,Inactive
1571,363898216,8441,COC(=O)C1=CC=C(C=C1)C(=O)OC,Inactive
1572,363898216,8441,COC(=O)C1=CC=C(C=C1)C(=O)OC,Unspecified
1573,363898217,23565,CC1([C@@H](N2[C@H](S1)[C@@H](C2=O)NC(=O)[C@@H](C3=CC=CC=C3)N)C(=O)O)C.O.O.O,Inactive
1574,363898217,23565,CC1([C@@H](N2[C@H](S1)[C@@H](C2=O)NC(=O)[C@@H](C3=CC=CC=C3)N)C(=O)O)C.O.O.O,Inactive
1575,363898217,23565,CC1([C@@H](N2[C@H](S1)[C@@H](C2=O)NC(=O)[C@@H](C3=CC=CC=C3)N)C(=O)O)C.O.O.O,Inactive
1576,363898217,23565,CC1([C@@H](N2[C@H](S1)[C@@H](C2=O)NC(=O)[C@@H](C3=CC=CC=C3)N)C(=O)O)C.O.O.O,Inactive
1577,363898217,23565,CC1([C@@H](N2[C@H](S1)[C@@H](C2=O)NC(=O)[C@@H](C3=CC=CC=C3)N)C(=O)O)C.O.O.O,Inactive
1578,363898217,23565,CC1([C@@H](N2[C@H](S1)[C@@H](C2=O)NC(=O)[C@@H](C3=CC=CC=C3)N)C(=O)O)C.O.O.O,Inactive
1579,363898217,23565,CC1([C@@H](N2[C@H](S1)[C@@H](C2=O)NC(=O)[C@@H](C3=CC=CC=C3)N)C(=O)O)C.O.O.O,Unspecified
1580,363898218,8461,CC1=C(C=C(C=C1)[N+](=O)[O-])[N+](=O)[O-],Inactive
1581,363898218,8461,CC1=C(C=C(C=C1)[N+](=O)[O-])[N+](=O)[O-],Inactive
1582,363898218,8461,CC1=C(C=C(C=C1)[N+](=O)[O-])[N+](=O)[O-],Active
1583,363898218,8461,CC1=C(C=C(C=C1)[N+](=O)[O-])[N+](=O)[O-],Active
1584,363898219,31275,C1COCCO1,Active
1585,363898219,31275,C1COCCO1,Active
1586,363898219,31275,C1COCCO1,Active
1587,363898219,31275,C1COCCO1,Active
1588,363898219,31275,C1COCCO1,Active
1589,363898219,31275,C1COCCO1,Active
1590,363898219,31275,C1COCCO1,Active
1591,363898219,31275,C1COCCO1,Active
1592,363898219,31275,C1COCCO1,Active
1593,363898219,31275,C1COCCO1,Active
1594,363898219,31275,C1COCCO1,Active
1595,363898220,6531,CCOP(=S)(OCC)SC1C(OCCO1)SP(=S)(OCC)OCC,Inactive
1596,363898220,6531,CCOP(=S)(OCC)SC1C(OCCO1)SP(=S)(OCC)OCC,Inactive
1597,363898220,6531,CCOP(=S)(OCC)SC1C(OCCO1)SP(=S)(OCC)OCC,Inactive
1598,363898220,6531,CCOP(=S)(OCC)SC1C(OCCO1)SP(=S)(OCC)OCC,Inactive
1599,363898221,12130,CCCN(CCC)N=O,Active
1600,363898221,12130,CCCN(CCC)N=O,Active
1601,363898221,12130,CCCN(CCC)N=O,Active
1602,363898222,23674183,CC1=C(C(=O)N(N1C)C2=CC=CC=C2)N(C)CS(=O)(=O)[O-].O.[Na+],Active
1603,363898222,23674183,CC1=C(C(=O)N(N1C)C2=CC=CC=C2)N(C)CS(=O)(=O)[O-].O.[Na+],Active
1604,363898222,23674183,CC1=C(C(=O)N(N1C)C2=CC=CC=C2)N(C)CS(=O)(=O)[O-].O.[Na+],Inactive
1605,363898222,23674183,CC1=C(C(=O)N(N1C)C2=CC=CC=C2)N(C)CS(=O)(=O)[O-].O.[Na+],Inactive
1606,363898223,2724564,C(=S)(N)NNC(=S)N,Inactive
1607,363898223,2724564,C(=S)(N)NNC(=S)N,Inactive
1608,363898223,2724564,C(=S)(N)NNC(=S)N,Inactive
1609,363898223,2724564,C(=S)(N)NNC(=S)N,Unspecified
1610,363898224,6001,CC1=C2C=CC3=CC=CC=C3C2=C(C4=CC=CC=C14)C,Active
1611,363898224,6001,CC1=C2C=CC3=CC=CC=C3C2=C(C4=CC=CC=C14)C,Active
1612,363898224,6001,CC1=C2C=CC3=CC=CC=C3C2=C(C4=CC=CC=C14)C,Active
1613,363898224,6001,CC1=C2C=CC3=CC=CC=C3C2=C(C4=CC=CC=C14)C,Active
1614,363898224,6001,CC1=C2C=CC3=CC=CC=C3C2=C(C4=CC=CC=C14)C,Active
1615,363898224,6001,CC1=C2C=CC3=CC=CC=C3C2=C(C4=CC=CC=C14)C,Active
1616,363898224,6001,CC1=C2C=CC3=CC=CC=C3C2=C(C4=CC=CC=C14)C,Active
1617,363898224,6001,CC1=C2C=CC3=CC=CC=C3C2=C(C4=CC=CC=C14)C,Active
1618,363898224,6001,CC1=C2C=CC3=CC=CC=C3C2=C(C4=CC=CC=C14)C,Active
1619,363898224,6001,CC1=C2C=CC3=CC=CC=C3C2=C(C4=CC=CC=C14)C,Active
1620,363898224,6001,CC1=C2C=CC3=CC=CC=C3C2=C(C4=CC=CC=C14)C,Active
1621,363898224,6001,CC1=C2C=CC3=CC=CC=C3C2=C(C4=CC=CC=C14)C,Active
1622,363898224,6001,CC1=C2C=CC3=CC=CC=C3C2=C(C4=CC=CC=C14)C,Active
1623,363898224,6001,CC1=C2C=CC3=CC=CC=C3C2=C(C4=CC=CC=C14)C,Active
1624,363898224,6001,CC1=C2C=CC3=CC=CC=C3C2=C(C4=CC=CC=C14)C,Active
1625,363898224,6001,CC1=C2C=CC3=CC=CC=C3C2=C(C4=CC=CC=C14)C,Active
1626,363898224,6001,CC1=C2C=CC3=CC=CC=C3C2=C(C4=CC=CC=C14)C,Active
1627,363898224,6001,CC1=C2C=CC3=CC=CC=C3C2=C(C4=CC=CC=C14)C,Active
1628,363898224,6001,CC1=C2C=CC3=CC=CC=C3C2=C(C4=CC=CC=C14)C,Active
1629,363898224,6001,CC1=C2C=CC3=CC=CC=C3C2=C(C4=CC=CC=C14)C,Active
1630,363898224,6001,CC1=C2C=CC3=CC=CC=C3C2=C(C4=CC=CC=C14)C,Active
1631,363898224,6001,CC1=C2C=CC3=CC=CC=C3C2=C(C4=CC=CC=C14)C,Active
1632,363898224,6001,CC1=C2C=CC3=CC=CC=C3C2=C(C4=CC=CC=C14)C,Active
1633,363898224,6001,CC1=C2C=CC3=CC=CC=C3C2=C(C4=CC=CC=C14)C,Active
1634,363898224,6001,CC1=C2C=CC3=CC=CC=C3C2=C(C4=CC=CC=C14)C,Active
1635,363898224,6001,CC1=C2C=CC3=CC=CC=C3C2=C(C4=CC=CC=C14)C,Active
1636,363898224,6001,CC1=C2C=CC3=CC=CC=C3C2=C(C4=CC=CC=C14)C,Active
1637,363898224,6001,CC1=C2C=CC3=CC=CC=C3C2=C(C4=CC=CC=C14)C,Active
1638,363898224,6001,CC1=C2C=CC3=CC=CC=C3C2=C(C4=CC=CC=C14)C,Active
1639,363898224,6001,CC1=C2C=CC3=CC=CC=C3C2=C(C4=CC=CC=C14)C,Active
1640,363898224,6001,CC1=C2C=CC3=CC=CC=C3C2=C(C4=CC=CC=C14)C,Active
1641,363898224,6001,CC1=C2C=CC3=CC=CC=C3C2=C(C4=CC=CC=C14)C,Active
1642,363898224,6001,CC1=C2C=CC3=CC=CC=C3C2=C(C4=CC=CC=C14)C,Active
1643,363898224,6001,CC1=C2C=CC3=CC=CC=C3C2=C(C4=CC=CC=C14)C,Active
1644,363898224,6001,CC1=C2C=CC3=CC=CC=C3C2=C(C4=CC=CC=C14)C,Active
1645,363898224,6001,CC1=C2C=CC3=CC=CC=C3C2=C(C4=CC=CC=C14)C,Active
1646,363898224,6001,CC1=C2C=CC3=CC=CC=C3C2=C(C4=CC=CC=C14)C,Active
1647,363898224,6001,CC1=C2C=CC3=CC=CC=C3C2=C(C4=CC=CC=C14)C,Active
1648,363898224,6001,CC1=C2C=CC3=CC=CC=C3C2=C(C4=CC=CC=C14)C,Active
1649,363898224,6001,CC1=C2C=CC3=CC=CC=C3C2=C(C4=CC=CC=C14)C,Active
1650,363898224,6001,CC1=C2C=CC3=CC=CC=C3C2=C(C4=CC=CC=C14)C,Inactive
1651,363898224,6001,CC1=C2C=CC3=CC=CC=C3C2=C(C4=CC=CC=C14)C,Active
1652,363898224,6001,CC1=C2C=CC3=CC=CC=C3C2=C(C4=CC=CC=C14)C,Active
1653,363898224,6001,CC1=C2C=CC3=CC=CC=C3C2=C(C4=CC=CC=C14)C,Active
1654,363898224,6001,CC1=C2C=CC3=CC=CC=C3C2=C(C4=CC=CC=C14)C,Active
1655,363898224,6001,CC1=C2C=CC3=CC=CC=C3C2=C(C4=CC=CC=C14)C,Active
1656,363898224,6001,CC1=C2C=CC3=CC=CC=C3C2=C(C4=CC=CC=C14)C,Active
1657,363898224,6001,CC1=C2C=CC3=CC=CC=C3C2=C(C4=CC=CC=C14)C,Active
1658,363898224,6001,CC1=C2C=CC3=CC=CC=C3C2=C(C4=CC=CC=C14)C,Active
1659,363898224,6001,CC1=C2C=CC3=CC=CC=C3C2=C(C4=CC=CC=C14)C,Active
1660,363898224,6001,CC1=C2C=CC3=CC=CC=C3C2=C(C4=CC=CC=C14)C,Active
1661,363898224,6001,CC1=C2C=CC3=CC=CC=C3C2=C(C4=CC=CC=C14)C,Unspecified
1662,363898224,6001,CC1=C2C=CC3=CC=CC=C3C2=C(C4=CC=CC=C14)C,Unspecified
1663,363898224,6001,CC1=C2C=CC3=CC=CC=C3C2=C(C4=CC=CC=C14)C,Inactive
1664,363898225,3224,C1C2C(COS(=O)O1)C3(C(=C(C2(C3(Cl)Cl)Cl)Cl)Cl)Cl,Inactive
1665,363898225,3224,C1C2C(COS(=O)O1)C3(C(=C(C2(C3(Cl)Cl)Cl)Cl)Cl)Cl,Inactive
1666,363898225,3224,C1C2C(COS(=O)O1)C3(C(=C(C2(C3(Cl)Cl)Cl)Cl)Cl)Cl,Inactive
1667,363898225,3224,C1C2C(COS(=O)O1)C3(C(=C(C2(C3(Cl)Cl)Cl)Cl)Cl)Cl,Inactive
1668,363898225,3224,C1C2C(COS(=O)O1)C3(C(=C(C2(C3(Cl)Cl)Cl)Cl)Cl)Cl,Inactive
1669,363898225,3224,C1C2C(COS(=O)O1)C3(C(=C(C2(C3(Cl)Cl)Cl)Cl)Cl)Cl,Inactive
1670,363898225,3224,C1C2C(COS(=O)O1)C3(C(=C(C2(C3(Cl)Cl)Cl)Cl)Cl)Cl,Inactive
1671,363898225,3224,C1C2C(COS(=O)O1)C3(C(=C(C2(C3(Cl)Cl)Cl)Cl)Cl)Cl,Inactive
1672,363898225,3224,C1C2C(COS(=O)O1)C3(C(=C(C2(C3(Cl)Cl)Cl)Cl)Cl)Cl,Inactive
1673,363898225,3224,C1C2C(COS(=O)O1)C3(C(=C(C2(C3(Cl)Cl)Cl)Cl)Cl)Cl,Inactive
1674,363898226,12358480,C1[C@@H]2[C@@H]3[C@H]([C@H]1[C@H]4[C@@H]2O4)[C@@]5(C(=C([C@]3(C5(Cl)Cl)Cl)Cl)Cl)Cl,Inactive
1675,363898226,12358480,C1[C@@H]2[C@@H]3[C@H]([C@H]1[C@H]4[C@@H]2O4)[C@@]5(C(=C([C@]3(C5(Cl)Cl)Cl)Cl)Cl)Cl,Inactive
1676,363898226,12358480,C1[C@@H]2[C@@H]3[C@H]([C@H]1[C@H]4[C@@H]2O4)[C@@]5(C(=C([C@]3(C5(Cl)Cl)Cl)Cl)Cl)Cl,Inactive
1677,363898226,12358480,C1[C@@H]2[C@@H]3[C@H]([C@H]1[C@H]4[C@@H]2O4)[C@@]5(C(=C([C@]3(C5(Cl)Cl)Cl)Cl)Cl)Cl,Inactive
1678,363898227,7835,C1C(O1)CCl,Active
1679,363898227,7835,C1C(O1)CCl,Active
1680,363898227,7835,C1C(O1)CCl,Active
1681,363898227,7835,C1C(O1)CCl,Active
1682,363898228,7833,C1CC2C(O2)CC1C3CO3,Active
1683,363898228,7833,C1CC2C(O2)CC1C3CO3,Active
1684,363898228,7833,C1CC2C(O2)CC1C3CO3,Active
1685,363898228,7833,C1CC2C(O2)CC1C3CO3,Active
1686,363898228,7833,C1CC2C(O2)CC1C3CO3,Active
1687,363898229,61094,CC1CC2C(O2)CC1COC(=O)C3CC4C(O4)CC3C,Active
1688,363898230,5757,C[C@]12CC[C@H]3[C@H]([C@@H]1CC[C@@H]2O)CCC4=C3C=CC(=C4)O,Active
1689,363898230,5757,C[C@]12CC[C@H]3[C@H]([C@@H]1CC[C@@H]2O)CCC4=C3C=CC(=C4)O,Active
1690,363898230,5757,C[C@]12CC[C@H]3[C@H]([C@@H]1CC[C@@H]2O)CCC4=C3C=CC(=C4)O,Active
1691,363898230,5757,C[C@]12CC[C@H]3[C@H]([C@@H]1CC[C@@H]2O)CCC4=C3C=CC(=C4)O,Active
1692,363898230,5757,C[C@]12CC[C@H]3[C@H]([C@@H]1CC[C@@H]2O)CCC4=C3C=CC(=C4)O,Active
1693,363898230,5757,C[C@]12CC[C@H]3[C@H]([C@@H]1CC[C@@H]2O)CCC4=C3C=CC(=C4)O,Active
1694,363898230,5757,C[C@]12CC[C@H]3[C@H]([C@@H]1CC[C@@H]2O)CCC4=C3C=CC(=C4)O,Active
1695,363898231,222757,C[C@]12CC[C@H]3[C@H]([C@@H]1CC[C@@H]2O)CCC4=C3C=CC(=C4)OC(=O)C5=CC=CC=C5,Active
1696,363898231,222757,C[C@]12CC[C@H]3[C@H]([C@@H]1CC[C@@H]2O)CCC4=C3C=CC(=C4)OC(=O)C5=CC=CC=C5,Active
1697,363898232,8225,CCC(=O)O[C@H]1CC[C@@H]2[C@@]1(CC[C@H]3[C@H]2CCC4=C3C=CC(=C4)OC(=O)CC)C,Active
1698,363898233,31586,C[C@]12CC[C@H]3[C@H]([C@@H]1CC[C@@H]2OC(=O)CC4=CC=C(C=C4)N(CCCl)CCCl)CCC5=C3C=CC(=C5)OC(=O)CC6=CC=C(C=C6)N(CCCl)CCCl,Active
1699,363898233,31586,C[C@]12CC[C@H]3[C@H]([C@@H]1CC[C@@H]2OC(=O)CC4=CC=C(C=C4)N(CCCl)CCCl)CCC5=C3C=CC(=C5)OC(=O)CC6=CC=C(C=C6)N(CCCl)CCCl,Active
1700,363898233,31586,C[C@]12CC[C@H]3[C@H]([C@@H]1CC[C@@H]2OC(=O)CC4=CC=C(C=C4)N(CCCl)CCCl)CCC5=C3C=CC(=C5)OC(=O)CC6=CC=C(C=C6)N(CCCl)CCCl,Inactive
1701,363898233,31586,C[C@]12CC[C@H]3[C@H]([C@@H]1CC[C@@H]2OC(=O)CC4=CC=C(C=C4)N(CCCl)CCCl)CCC5=C3C=CC(=C5)OC(=O)CC6=CC=C(C=C6)N(CCCl)CCCl,Inactive
1702,363898234,5756,C[C@]12CC[C@H]3[C@H]([C@@H]1C[C@H]([C@@H]2O)O)CCC4=C3C=CC(=C4)O,Active
1703,363898234,5756,C[C@]12CC[C@H]3[C@H]([C@@H]1C[C@H]([C@@H]2O)O)CCC4=C3C=CC(=C4)O,Active
1704,363898234,5756,C[C@]12CC[C@H]3[C@H]([C@@H]1C[C@H]([C@@H]2O)O)CCC4=C3C=CC(=C4)O,Active
1705,363898235,5870,C[C@]12CC[C@H]3[C@H]([C@@H]1CCC2=O)CCC4=C3C=CC(=C4)O,Active
1706,363898235,5870,C[C@]12CC[C@H]3[C@H]([C@@H]1CCC2=O)CCC4=C3C=CC(=C4)O,Active
1707,363898235,5870,C[C@]12CC[C@H]3[C@H]([C@@H]1CCC2=O)CCC4=C3C=CC(=C4)O,Active
1708,363898235,5870,C[C@]12CC[C@H]3[C@H]([C@@H]1CCC2=O)CCC4=C3C=CC(=C4)O,Active
1709,363898235,5870,C[C@]12CC[C@H]3[C@H]([C@@H]1CCC2=O)CCC4=C3C=CC(=C4)O,Active
1710,363898235,5870,C[C@]12CC[C@H]3[C@H]([C@@H]1CCC2=O)CCC4=C3C=CC(=C4)O,Active
1711,363898235,5870,C[C@]12CC[C@H]3[C@H]([C@@H]1CCC2=O)CCC4=C3C=CC(=C4)O,Active
1712,363898235,5870,C[C@]12CC[C@H]3[C@H]([C@@H]1CCC2=O)CCC4=C3C=CC(=C4)O,Active
1713,363898235,5870,C[C@]12CC[C@H]3[C@H]([C@@H]1CCC2=O)CCC4=C3C=CC(=C4)O,Active
1714,363898235,5870,C[C@]12CC[C@H]3[C@H]([C@@H]1CCC2=O)CCC4=C3C=CC(=C4)O,Active
1715,363898235,5870,C[C@]12CC[C@H]3[C@H]([C@@H]1CCC2=O)CCC4=C3C=CC(=C4)O,Active
1716,363898235,5870,C[C@]12CC[C@H]3[C@H]([C@@H]1CCC2=O)CCC4=C3C=CC(=C4)O,Active
1717,363898235,5870,C[C@]12CC[C@H]3[C@H]([C@@H]1CCC2=O)CCC4=C3C=CC(=C4)O,Active
1718,363898235,5870,C[C@]12CC[C@H]3[C@H]([C@@H]1CCC2=O)CCC4=C3C=CC(=C4)O,Active
1719,363898236,5991,C[C@]12CC[C@H]3[C@H]([C@@H]1CC[C@]2(C#C)O)CCC4=C3C=CC(=C4)O,Inactive
1720,363898236,5991,C[C@]12CC[C@H]3[C@H]([C@@H]1CC[C@]2(C#C)O)CCC4=C3C=CC(=C4)O,Inactive
1721,363898236,5991,C[C@]12CC[C@H]3[C@H]([C@@H]1CC[C@]2(C#C)O)CCC4=C3C=CC(=C4)O,Inactive
1722,363898236,5991,C[C@]12CC[C@H]3[C@H]([C@@H]1CC[C@]2(C#C)O)CCC4=C3C=CC(=C4)O,Inactive
1723,363898236,5991,C[C@]12CC[C@H]3[C@H]([C@@H]1CC[C@]2(C#C)O)CCC4=C3C=CC(=C4)O,Inactive
1724,363898236,5991,C[C@]12CC[C@H]3[C@H]([C@@H]1CC[C@]2(C#C)O)CCC4=C3C=CC(=C4)O,Inactive
1725,363898236,5991,C[C@]12CC[C@H]3[C@H]([C@@H]1CC[C@]2(C#C)O)CCC4=C3C=CC(=C4)O,Active
1726,363898236,5991,C[C@]12CC[C@H]3[C@H]([C@@H]1CC[C@]2(C#C)O)CCC4=C3C=CC(=C4)O,Active
1727,363898236,5991,C[C@]12CC[C@H]3[C@H]([C@@H]1CC[C@]2(C#C)O)CCC4=C3C=CC(=C4)O,Active
1728,363898237,2761171,CCC1=NC=CC(=C1)C(=S)N,Inactive
1729,363898237,2761171,CCC1=NC=CC(=C1)C(=S)N,Inactive
1730,363898237,2761171,CCC1=NC=CC(=C1)C(=S)N,Active
1731,363898237,2761171,CCC1=NC=CC(=C1)C(=S)N,Inactive
1732,363898237,2761171,CCC1=NC=CC(=C1)C(=S)N,Inactive
1733,363898238,6205,CCSCCC(C(=O)O)N,Active
1734,363898238,6205,CCSCCC(C(=O)O)N,Active
1735,363898238,6205,CCSCCC(C(=O)O)N,Active
1736,363898238,6205,CCSCCC(C(=O)O)N,Active
1737,363898238,6205,CCSCCC(C(=O)O)N,Active
1738,363898239,25674,CCSCC[C@@H](C(=O)O)N,Active
1739,363898239,25674,CCSCC[C@@H](C(=O)O)N,Active
1740,363898239,25674,CCSCC[C@@H](C(=O)O)N,Active
1741,363898239,25674,CCSCC[C@@H](C(=O)O)N,Inactive
1742,363898240,47793,CCN(COC(=O)C)N=O,Active
1743,363898240,47793,CCN(COC(=O)C)N=O,Active
1744,363898241,150695,CCCCN(C(=O)CCC(=O)OCC)N=O,Active
1745,363898242,6295,CCC1=CC=C(C=C1)C(C2=CC=C(C=C2)CC)C(Cl)Cl,Inactive
1746,363898242,6295,CCC1=CC=C(C=C1)C(C2=CC=C(C=C2)CC)C(Cl)Cl,Inactive
1747,363898242,6295,CCC1=CC=C(C=C1)C(C2=CC=C(C=C2)CC)C(Cl)Cl,Inactive
1748,363898242,6295,CCC1=CC=C(C=C1)C(C2=CC=C(C=C2)CC)C(Cl)Cl,Unspecified
1749,363898243,7303,C1COC(=O)O1,Inactive
1750,363898243,7303,C1COC(=O)O1,Inactive
1751,363898244,9008,C(CN(CC(=O)[O-])CC(=O)[O-])N(CC(=O)O)CC(=O)[O-].[Na+].[Na+].[Na+],Inactive
1752,363898244,9008,C(CN(CC(=O)[O-])CC(=O)[O-])N(CC(=O)O)CC(=O)[O-].[Na+].[Na+].[Na+],Inactive
1753,363898244,9008,C(CN(CC(=O)[O-])CC(=O)[O-])N(CC(=O)O)CC(=O)[O-].[Na+].[Na+].[Na+],Inactive
1754,363898244,9008,C(CN(CC(=O)[O-])CC(=O)[O-])N(CC(=O)O)CC(=O)[O-].[Na+].[Na+].[Na+],Inactive
1755,363898245,7839,C(CBr)Br,Active
1756,363898245,7839,C(CBr)Br,Active
1757,363898245,7839,C(CBr)Br,Active
1758,363898245,7839,C(CBr)Br,Active
1759,363898245,7839,C(CBr)Br,Active
1760,363898245,7839,C(CBr)Br,Active
1761,363898245,7839,C(CBr)Br,Active
1762,363898245,7839,C(CBr)Br,Active
1763,363898245,7839,C(CBr)Br,Active
1764,363898245,7839,C(CBr)Br,Active
1765,363898245,7839,C(CBr)Br,Active
1766,363898245,7839,C(CBr)Br,Active
1767,363898245,7839,C(CBr)Br,Active
1768,363898245,7839,C(CBr)Br,Active
1769,363898246,9033,C1CN1,Active
1770,363898246,9033,C1CN1,Active
1771,363898247,6354,C1CO1,Active
1772,363898247,6354,C1CO1,Active
1773,363898247,6354,C1CO1,Active
1774,363898247,6354,C1CO1,Active
1775,363898247,6354,C1CO1,Active
1776,363898247,6354,C1CO1,Inactive
1777,363898247,6354,C1CO1,Active
1778,363898247,6354,C1CO1,Active
1779,363898247,6354,C1CO1,Active
1780,363898247,6354,C1CO1,Active
1781,363898248,2723650,C1CNC(=S)N1,Active
1782,363898248,2723650,C1CNC(=S)N1,Active
1783,363898248,2723650,C1CNC(=S)N1,Active
1784,363898248,2723650,C1CNC(=S)N1,Active
1785,363898248,2723650,C1CNC(=S)N1,Active
1786,363898248,2723650,C1CNC(=S)N1,Active
1787,363898248,2723650,C1CNC(=S)N1,Active
1788,363898248,2723650,C1CNC(=S)N1,Active
1789,363898248,2723650,C1CNC(=S)N1,Active
1790,363898248,2723650,C1CNC(=S)N1,Active
1791,363898248,2723650,C1CNC(=S)N1,Active
1792,363898249,6113,CCOS(=O)(=O)C,Active
1793,363898249,6113,CCOS(=O)(=O)C,Active
1794,363898249,6113,CCOS(=O)(=O)C,Active
1795,363898249,6113,CCOS(=O)(=O)C,Active
1796,363898250,5473908,CCN(/C(=N\[N+](=O)[O-])/N)N=O,Active
1797,363898250,5473908,CCN(/C(=N\[N+](=O)[O-])/N)N=O,Active
1798,363898250,5473908,CCN(/C(=N\[N+](=O)[O-])/N)N=O,Active
1799,363898250,5473908,CCN(/C(=N\[N+](=O)[O-])/N)N=O,Active
1800,363898250,5473908,CCN(/C(=N\[N+](=O)[O-])/N)N=O,Active
1801,363898250,5473908,CCN(/C(=N\[N+](=O)[O-])/N)N=O,Active
1802,363898251,20680,CCCCN(CC)N=O,Active
1803,363898251,20680,CCCCN(CC)N=O,Active
1804,363898252,12967,CCN(C(=O)N)N=O,Active
1805,363898252,12967,CCN(C(=O)N)N=O,Active
1806,363898252,12967,CCN(C(=O)N)N=O,Active
1807,363898252,12967,CCN(C(=O)N)N=O,Active
1808,363898252,12967,CCN(C(=O)N)N=O,Active
1809,363898252,12967,CCN(C(=O)N)N=O,Active
1810,363898252,12967,CCN(C(=O)N)N=O,Active
1811,363898252,12967,CCN(C(=O)N)N=O,Active
1812,363898252,12967,CCN(C(=O)N)N=O,Active
1813,363898252,12967,CCN(C(=O)N)N=O,Active
1814,363898252,12967,CCN(C(=O)N)N=O,Active
1815,363898252,12967,CCN(C(=O)N)N=O,Active
1816,363898252,12967,CCN(C(=O)N)N=O,Active
1817,363898252,12967,CCN(C(=O)N)N=O,Active
1818,363898252,12967,CCN(C(=O)N)N=O,Active
1819,363898252,12967,CCN(C(=O)N)N=O,Active
1820,363898252,12967,CCN(C(=O)N)N=O,Active
1821,363898252,12967,CCN(C(=O)N)N=O,Active
1822,363898252,12967,CCN(C(=O)N)N=O,Active
1823,363898252,12967,CCN(C(=O)N)N=O,Active
1824,363898252,12967,CCN(C(=O)N)N=O,Active
1825,363898252,12967,CCN(C(=O)N)N=O,Active
1826,363898252,12967,CCN(C(=O)N)N=O,Active
1827,363898252,12967,CCN(C(=O)N)N=O,Active
1828,363898252,12967,CCN(C(=O)N)N=O,Active
1829,363898252,12967,CCN(C(=O)N)N=O,Active
1830,363898252,12967,CCN(C(=O)N)N=O,Active
1831,363898252,12967,CCN(C(=O)N)N=O,Active
1832,363898252,12967,CCN(C(=O)N)N=O,Active
1833,363898252,12967,CCN(C(=O)N)N=O,Active
1834,363898253,25807,CCN(C=C)N=O,Active
1835,363898253,25807,CCN(C=C)N=O,Active
1836,363898253,25807,CCN(C=C)N=O,Active
1837,363898253,25807,CCN(C=C)N=O,Active
1838,363898254,,,Inactive
1839,363898254,,,Unspecified
1840,363898254,,,Unspecified
1841,363898254,,,Unspecified
1842,363898255,9270,CC(=O)O[C@H]1CC[C@@H]2[C@H]3CC[C@]4([C@H]([C@@H]3CCC2=C1)CC[C@]4(C#C)OC(=O)C)C,Active
1843,363898255,9270,CC(=O)O[C@H]1CC[C@@H]2[C@H]3CC[C@]4([C@H]([C@@H]3CCC2=C1)CC[C@]4(C#C)OC(=O)C)C,Active
1844,363898256,3314,COC1=C(C=CC(=C1)CC=C)O,Inactive
1845,363898256,3314,COC1=C(C=CC(=C1)CC=C)O,Inactive
1846,363898256,3314,COC1=C(C=CC(=C1)CC=C)O,Unspecified
1847,363898256,3314,COC1=C(C=CC(=C1)CC=C)O,Unspecified
1848,363898257,4685,C1=CC(=CC=C1Cl)Cl,Active
1849,363898257,4685,C1=CC(=CC=C1Cl)Cl,Inactive
1850,363898257,4685,C1=CC(=CC=C1Cl)Cl,Active
1851,363898257,4685,C1=CC(=CC=C1Cl)Cl,Active
1852,363898257,4685,C1=CC(=CC=C1Cl)Cl,Active
1853,363898257,4685,C1=CC(=CC=C1Cl)Cl,Active
1854,363898257,4685,C1=CC(=CC=C1Cl)Cl,Inactive
1855,363898258,32486,C1=C(OC(=C1)[N+](=O)[O-])C2=CSC(=N2)NC=O,Active
1856,363898258,32486,C1=C(OC(=C1)[N+](=O)[O-])C2=CSC(=N2)NC=O,Active
1857,363898258,32486,C1=C(OC(=C1)[N+](=O)[O-])C2=CSC(=N2)NC=O,Active
1858,363898258,32486,C1=C(OC(=C1)[N+](=O)[O-])C2=CSC(=N2)NC=O,Active
1859,363898258,32486,C1=C(OC(=C1)[N+](=O)[O-])C2=CSC(=N2)NC=O,Active
1860,363898258,32486,C1=C(OC(=C1)[N+](=O)[O-])C2=CSC(=N2)NC=O,Active
1861,363898258,32486,C1=C(OC(=C1)[N+](=O)[O-])C2=CSC(=N2)NC=O,Active
1862,363898258,32486,C1=C(OC(=C1)[N+](=O)[O-])C2=CSC(=N2)NC=O,Active
1863,363898259,23668198,CN(C)C1=CC=C(C=C1)N=NS(=O)(=O)[O-].[Na+],Inactive
1864,363898259,23668198,CN(C)C1=CC=C(C=C1)N=NS(=O)(=O)[O-].[Na+],Inactive
1865,363898259,23668198,CN(C)C1=CC=C(C=C1)N=NS(=O)(=O)[O-].[Na+],Inactive
1866,363898259,23668198,CN(C)C1=CC=C(C=C1)N=NS(=O)(=O)[O-].[Na+],Inactive
1867,363898260,3346,CC1=C(C=CC(=C1)OP(=S)(OC)OC)SC,Inactive
1868,363898260,3346,CC1=C(C=CC(=C1)OP(=S)(OC)OC)SC,Inactive
1869,363898260,3346,CC1=C(C=CC(=C1)OP(=S)(OC)OC)SC,Inactive
1870,363898260,3346,CC1=C(C=CC(=C1)OP(=S)(OC)OC)SC,Inactive
1871,363898260,3346,CC1=C(C=CC(=C1)OP(=S)(OC)OC)SC,Inactive
1872,363898260,3346,CC1=C(C=CC(=C1)OP(=S)(OC)OC)SC,Inactive
1873,363898261,3347,CC(C)C(C1=CC=C(C=C1)Cl)C(=O)OC(C#N)C2=CC(=CC=C2)OC3=CC=CC=C3,Inactive
1874,363898261,3347,CC(C)C(C1=CC=C(C=C1)Cl)C(=O)OC(C#N)C2=CC(=CC=C2)OC3=CC=CC=C3,Inactive
1875,363898261,3347,CC(C)C(C1=CC=C(C=C1)Cl)C(=O)OC(C#N)C2=CC(=CC=C2)OC3=CC=CC=C3,Inactive
1876,363898261,3347,CC(C)C(C1=CC=C(C=C1)Cl)C(=O)OC(C#N)C2=CC(=CC=C2)OC3=CC=CC=C3,Inactive
1877,363898261,3347,CC(C)C(C1=CC=C(C=C1)Cl)C(=O)OC(C#N)C2=CC(=CC=C2)OC3=CC=CC=C3,Inactive
1878,363898261,3347,CC(C)C(C1=CC=C(C=C1)Cl)C(=O)OC(C#N)C2=CC(=CC=C2)OC3=CC=CC=C3,Inactive
1879,363898262,,,Active
1880,363898262,,,Active
1881,363898262,,,Active
1882,363898262,,,Active
1883,363898262,,,Active
1884,363898262,,,Inactive
1885,363898262,,,Active
1886,363898262,,,Active
1887,363898262,,,Active
1888,363898262,,,Active
1889,363898262,,,Active
1890,363898262,,,Active
1891,363898262,,,Active
1892,363898262,,,Active
1893,363898263,3356,C1CCNC(C1)CNC(=O)C2=C(C=CC(=C2)OCC(F)(F)F)OCC(F)(F)F,Inactive
1894,363898263,3356,C1CCNC(C1)CNC(=O)C2=C(C=CC(=C2)OCC(F)(F)F)OCC(F)(F)F,Inactive
1895,363898264,16562,CN(C)C(=O)NC1=CC=CC(=C1)C(F)(F)F,Inactive
1896,363898264,16562,CN(C)C(=O)NC1=CC=CC(=C1)C(F)(F)F,Inactive
1897,363898264,16562,CN(C)C(=O)NC1=CC=CC(=C1)C(F)(F)F,Active
1898,363898264,16562,CN(C)C(=O)NC1=CC=CC(=C1)C(F)(F)F,Active
1899,363898264,16562,CN(C)C(=O)NC1=CC=CC(=C1)C(F)(F)F,Inactive
1900,363898264,16562,CN(C)C(=O)NC1=CC=CC(=C1)C(F)(F)F,Inactive
1901,363898264,16562,CN(C)C(=O)NC1=CC=CC(=C1)C(F)(F)F,Inactive
1902,363898264,16562,CN(C)C(=O)NC1=CC=CC(=C1)C(F)(F)F,Unspecified
1903,363898265,712,C=O,Active
1904,363898265,712,C=O,Inactive
1905,363898265,712,C=O,Inactive
1906,363898265,712,C=O,Active
1907,363898265,712,C=O,Active
1908,363898265,712,C=O,Active
1909,363898265,712,C=O,Inactive
1910,363898265,712,C=O,Inactive
1911,363898265,712,C=O,Inactive
1912,363898265,712,C=O,Inactive
1913,363898265,712,C=O,Active
1914,363898265,712,C=O,Active
1915,363898265,712,C=O,Active
1916,363898266,41478,C(O)[P+](CO)(CO)CO.C(O)[P+](CO)(CO)CO.[O-]S(=O)(=O)[O-],Inactive
1917,363898266,41478,C(O)[P+](CO)(CO)CO.C(O)[P+](CO)(CO)CO.[O-]S(=O)(=O)[O-],Inactive
1918,363898266,41478,C(O)[P+](CO)(CO)CO.C(O)[P+](CO)(CO)CO.[O-]S(=O)(=O)[O-],Inactive
1919,363898266,41478,C(O)[P+](CO)(CO)CO.C(O)[P+](CO)(CO)CO.[O-]S(=O)(=O)[O-],Inactive
1920,363898267,31298,C(O)[P+](CO)(CO)CO.[Cl-],Inactive
1921,363898267,31298,C(O)[P+](CO)(CO)CO.[Cl-],Inactive
1922,363898267,31298,C(O)[P+](CO)(CO)CO.[Cl-],Inactive
1923,363898267,31298,C(O)[P+](CO)(CO)CO.[Cl-],Inactive
1924,363898268,3463,CC1=CC(=C(C=C1)C)OCCCC(C)(C)C(=O)O,Active
1925,363898269,13002,C1C(O1)C=O,Active
1926,363898269,13002,C1C(O1)C=O,Active
1927,363898270,441140,C[C@@H]1CC(=O)C=C([C@]12C(=O)C3=C(O2)C(=C(C=C3OC)OC)Cl)OC,Active
1928,363898270,441140,C[C@@H]1CC(=O)C=C([C@]12C(=O)C3=C(O2)C(=C(C=C3OC)OC)Cl)OC,Active
1929,363898271,,,Inactive
1930,363898271,,,Inactive
1931,363898271,,,Inactive
1932,363898271,,,Inactive
1933,363898272,,,Inactive
1934,363898272,,,Inactive
1935,363898272,,,Inactive
1936,363898272,,,Inactive
1937,363898273,42540,C1=C2C(=C(C(=C1Cl)Cl)Cl)OC3=CC(=C(C(=C3O2)Cl)Cl)Cl,Active
1938,363898273,42540,C1=C2C(=C(C(=C1Cl)Cl)Cl)OC3=CC(=C(C(=C3O2)Cl)Cl)Cl,Active
1939,363898273,42540,C1=C2C(=C(C(=C1Cl)Cl)Cl)OC3=CC(=C(C(=C3O2)Cl)Cl)Cl,Inactive
1940,363898273,42540,C1=C2C(=C(C(=C1Cl)Cl)Cl)OC3=CC(=C(C(=C3O2)Cl)Cl)Cl,Inactive
1941,363898273,42540,C1=C2C(=C(C(=C1Cl)Cl)Cl)OC3=CC(=C(C(=C3O2)Cl)Cl)Cl,Active
1942,363898273,42540,C1=C2C(=C(C(=C1Cl)Cl)Cl)OC3=CC(=C(C(=C3O2)Cl)Cl)Cl,Unspecified
1943,363898274,3589,C1=CC(C2C1C3(C(=C(C2(C3(Cl)Cl)Cl)Cl)Cl)Cl)Cl,Active
1944,363898274,3589,C1=CC(C2C1C3(C(=C(C2(C3(Cl)Cl)Cl)Cl)Cl)Cl)Cl,Active
1945,363898274,3589,C1=CC(C2C1C3(C(=C(C2(C3(Cl)Cl)Cl)Cl)Cl)Cl)Cl,Inactive
1946,363898274,3589,C1=CC(C2C1C3(C(=C(C2(C3(Cl)Cl)Cl)Cl)Cl)Cl)Cl,Unspecified
1947,363898275,8370,C1(=C(C(=C(C(=C1Cl)Cl)Cl)Cl)Cl)Cl,Active
1948,363898275,8370,C1(=C(C(=C(C(=C1Cl)Cl)Cl)Cl)Cl)Cl,Active
1949,363898275,8370,C1(=C(C(=C(C(=C1Cl)Cl)Cl)Cl)Cl)Cl,Inactive
1950,363898275,8370,C1(=C(C(=C(C(=C1Cl)Cl)Cl)Cl)Cl)Cl,Inactive
1951,363898275,8370,C1(=C(C(=C(C(=C1Cl)Cl)Cl)Cl)Cl)Cl,Active
1952,363898275,8370,C1(=C(C(=C(C(=C1Cl)Cl)Cl)Cl)Cl)Cl,Inactive
1953,363898276,6901,C(=C(Cl)Cl)(C(=C(Cl)Cl)Cl)Cl,Active
1954,363898277,727,C1(C(C(C(C(C1Cl)Cl)Cl)Cl)Cl)Cl,Active
1955,363898278,727,C1(C(C(C(C(C1Cl)Cl)Cl)Cl)Cl)Cl,Active
1956,363898279,727,C1(C(C(C(C(C1Cl)Cl)Cl)Cl)Cl)Cl,Inactive
1957,363898279,727,C1(C(C(C(C(C1Cl)Cl)Cl)Cl)Cl)Cl,Inactive
1958,363898279,727,C1(C(C(C(C(C1Cl)Cl)Cl)Cl)Cl)Cl,Inactive
1959,363898279,727,C1(C(C(C(C(C1Cl)Cl)Cl)Cl)Cl)Cl,Active
1960,363898279,727,C1(C(C(C(C(C1Cl)Cl)Cl)Cl)Cl)Cl,Inactive
1961,363898279,727,C1(C(C(C(C(C1Cl)Cl)Cl)Cl)Cl)Cl,Inactive
1962,363898280,6214,C(C(Cl)(Cl)Cl)(Cl)(Cl)Cl,Active
1963,363898280,6214,C(C(Cl)(Cl)Cl)(Cl)(Cl)Cl,Active
1964,363898280,6214,C(C(Cl)(Cl)Cl)(Cl)(Cl)Cl,Inactive
1965,363898280,6214,C(C(Cl)(Cl)Cl)(Cl)(Cl)Cl,Inactive
1966,363898280,6214,C(C(Cl)(Cl)Cl)(Cl)(Cl)Cl,Active
1967,363898280,6214,C(C(Cl)(Cl)Cl)(Cl)(Cl)Cl,Inactive
1968,363898281,3598,C1=C(C(=C(C(=C1Cl)Cl)CC2=C(C(=CC(=C2Cl)Cl)Cl)O)O)Cl,Inactive
1969,363898281,3598,C1=C(C(=C(C(=C1Cl)Cl)CC2=C(C(=CC(=C2Cl)Cl)Cl)O)O)Cl,Inactive
1970,363898282,12679,CN(C)P(=O)(N(C)C)N(C)C,Active
1971,363898282,12679,CN(C)P(=O)(N(C)C)N(C)C,Active
1972,363898282,12679,CN(C)P(=O)(N(C)C)N(C)C,Active
1973,363898283,31764,CC[NH+](CC)CCNC1=C2C(=C(C=C1)CO)SC3=CC=CC=C3C2=O.CS(=O)(=O)[O-],Active
1974,363898284,131709167,CNC1=NN=CC2=CC=CC=C21.Cl,Active
1975,363898284,131709167,CNC1=NN=CC2=CC=CC=C21.Cl,Inactive
1976,363898284,131709167,CNC1=NN=CC2=CC=CC=C21.Cl,Inactive
1977,363898284,131709167,CNC1=NN=CC2=CC=CC=C21.Cl,Inactive
1978,363898285,9321,NN,Active
1979,363898285,9321,NN,Active
1980,363898285,9321,NN,Inactive
1981,363898285,9321,NN,Inactive
1982,363898285,9321,NN,Active
1983,363898285,9321,NN,Active
1984,363898286,24842,NN.OS(=O)(=O)O,Active
1985,363898286,24842,NN.OS(=O)(=O)O,Active
1986,363898287,31222,C1=CC=C(C=C1)NNC2=CC=CC=C2,Active
1987,363898287,31222,C1=CC=C(C=C1)NNC2=CC=CC=C2,Inactive
1988,363898287,31222,C1=CC=C(C=C1)NNC2=CC=CC=C2,Active
1989,363898287,31222,C1=CC=C(C=C1)NNC2=CC=CC=C2,Active
1990,363898288,5896,CC(=O)N(C1=CC2=C(C=C1)C3=CC=CC=C3C2)O,Active
1991,363898288,5896,CC(=O)N(C1=CC2=C(C=C1)C3=CC=CC=C3C2)O,Active
1992,363898288,5896,CC(=O)N(C1=CC2=C(C=C1)C3=CC=CC=C3C2)O,Active
1993,363898288,5896,CC(=O)N(C1=CC2=C(C=C1)C3=CC=CC=C3C2)O,Active
1994,363898288,5896,CC(=O)N(C1=CC2=C(C=C1)C3=CC=CC=C3C2)O,Active
1995,363898288,5896,CC(=O)N(C1=CC2=C(C=C1)C3=CC=CC=C3C2)O,Active
1996,363898288,5896,CC(=O)N(C1=CC2=C(C=C1)C3=CC=CC=C3C2)O,Active
1997,363898288,5896,CC(=O)N(C1=CC2=C(C=C1)C3=CC=CC=C3C2)O,Active
1998,363898288,5896,CC(=O)N(C1=CC2=C(C=C1)C3=CC=CC=C3C2)O,Active
1999,363898288,5896,CC(=O)N(C1=CC2=C(C=C1)C3=CC=CC=C3C2)O,Active
2000,363898288,5896,CC(=O)N(C1=CC2=C(C=C1)C3=CC=CC=C3C2)O,Active
2001,363898288,5896,CC(=O)N(C1=CC2=C(C=C1)C3=CC=CC=C3C2)O,Active
2002,363898288,5896,CC(=O)N(C1=CC2=C(C=C1)C3=CC=CC=C3C2)O,Active
2003,363898288,5896,CC(=O)N(C1=CC2=C(C=C1)C3=CC=CC=C3C2)O,Active
2004,363898288,5896,CC(=O)N(C1=CC2=C(C=C1)C3=CC=CC=C3C2)O,Active
2005,363898288,5896,CC(=O)N(C1=CC2=C(C=C1)C3=CC=CC=C3C2)O,Active
2006,363898288,5896,CC(=O)N(C1=CC2=C(C=C1)C3=CC=CC=C3C2)O,Active
2007,363898288,5896,CC(=O)N(C1=CC2=C(C=C1)C3=CC=CC=C3C2)O,Active
2008,363898288,5896,CC(=O)N(C1=CC2=C(C=C1)C3=CC=CC=C3C2)O,Active
2009,363898288,5896,CC(=O)N(C1=CC2=C(C=C1)C3=CC=CC=C3C2)O,Active
2010,363898289,29539,CCOC1=CC=C(C=C1)N(C(=O)C)O,Active
2011,363898290,1923,C1=CC2=C(C(=C1)O)N=CC=C2,Inactive
2012,363898290,1923,C1=CC2=C(C(=C1)O)N=CC=C2,Inactive
2013,363898290,1923,C1=CC2=C(C(=C1)O)N=CC=C2,Inactive
2014,363898290,1923,C1=CC2=C(C(=C1)O)N=CC=C2,Inactive
2015,363898290,1923,C1=CC2=C(C(=C1)O)N=CC=C2,Inactive
2016,363898291,21268,C=CC(C1=CC2=C(C=C1)OCO2)O,Active
2017,363898291,21268,C=CC(C1=CC2=C(C=C1)OCO2)O,Active
2018,363898291,21268,C=CC(C1=CC2=C(C=C1)OCO2)O,Active
2019,363898292,11510,CCOC(=O)NO,Active
2020,363898292,11510,CCOC(=O)NO,Active
2021,363898293,83520,C1=NC2=C(N1)C(=O)NC(=O)N2O,Active
2022,363898293,83520,C1=NC2=C(N1)C(=O)NC(=O)N2O,Active
2023,363898293,83520,C1=NC2=C(N1)C(=O)NC(=O)N2O,Active
2024,363898293,83520,C1=NC2=C(N1)C(=O)NC(=O)N2O,Active
2025,363898293,83520,C1=NC2=C(N1)C(=O)NC(=O)N2O,Active
2026,363898294,30623,CC(CN1CC(=O)NC(=O)C1)N2CC(=O)NC(=O)C2,Active
2027,363898294,30623,CC(CN1CC(=O)NC(=O)C1)N2CC(=O)NC(=O)C2,Inactive
2028,363898294,30623,CC(CN1CC(=O)NC(=O)C1)N2CC(=O)NC(=O)C2,Active
2029,363898294,30623,CC(CN1CC(=O)NC(=O)C1)N2CC(=O)NC(=O)C2,Inactive
2030,363898295,9131,C1=CC=C2C(=C1)C3=C4C2=CC5=CC=CC6=C5C4=C(C=C6)C=C3,Active
2031,363898295,9131,C1=CC=C2C(=C1)C3=C4C2=CC5=CC=CC6=C5C4=C(C=C6)C=C3,Active
2032,363898295,9131,C1=CC=C2C(=C1)C3=C4C2=CC5=CC=CC6=C5C4=C(C=C6)C=C3,Active
2033,363898296,6374,C(I)(I)I,Inactive
2034,363898296,6374,C(I)(I)I,Inactive
2035,363898296,6374,C(I)(I)I,Inactive
2036,363898296,6374,C(I)(I)I,Inactive
2037,363898297,,,Active
2038,363898297,,,Active
2039,363898298,51153,CC(C)CN(COC(=O)C)N=O,Active
2040,363898299,6555,CC(C)CBr,Active
2041,363898300,69800,CC(C)CN(C(=O)N)N=O,Active
2042,363898301,3767,C1=CN=CC=C1C(=O)NN,Active
2043,363898301,3767,C1=CN=CC=C1C(=O)NN,Active
2044,363898301,3767,C1=CN=CC=C1C(=O)NN,Inactive
2045,363898301,3767,C1=CN=CC=C1C(=O)NN,Inactive
2046,363898301,3767,C1=CN=CC=C1C(=O)NN,Inactive
2047,363898302,3690,C1CN(P(=O)(OC1)NCCCl)CCCl,Active
2048,363898302,3690,C1CN(P(=O)(OC1)NCCCl)CCCl,Active
2049,363898302,3690,C1CN(P(=O)(OC1)NCCCl)CCCl,Inactive
2050,363898302,3690,C1CN(P(=O)(OC1)NCCCl)CCCl,Active
2051,363898302,3690,C1CN(P(=O)(OC1)NCCCl)CCCl,Inactive
2052,363898303,637796,C/C=C/C1=CC2=C(C=C1)OCO2,Active
2053,363898303,637796,C/C=C/C1=CC2=C(C=C1)OCO2,Active
2054,363898304,,,Inactive
2055,363898304,,,Inactive
2056,363898304,,,Active
2057,363898304,,,Active
2058,363898304,,,Active
2059,363898304,,,Active
2060,363898304,,,Active
2061,363898304,,,Active
2062,363898304,,,Active
2063,363898304,,,Inactive
2064,363898304,,,Inactive
2065,363898304,,,Active
2066,363898304,,,Active
2067,363898304,,,Active
2068,363898304,,,Active
2069,363898304,,,Active
2070,363898305,5281735,C/C=C(/C)\C(=O)O[C@H]1CCN2[C@@H]1C(=CC2)COC(=O)[C@@]([C@H](C)OC)(C(C)(C)O)O,Active
2071,363898305,5281735,C/C=C(/C)\C(=O)O[C@H]1CCN2[C@@H]1C(=CC2)COC(=O)[C@@]([C@H](C)OC)(C(C)(C)O)O,Active
2072,363898305,5281735,C/C=C(/C)\C(=O)O[C@H]1CCN2[C@@H]1C(=CC2)COC(=O)[C@@]([C@H](C)OC)(C(C)(C)O)O,Active
2073,363898306,9317,CC(=O)[O-].CC(=O)[O-].[Pb+2],Active
2074,363898306,9317,CC(=O)[O-].CC(=O)[O-].[Pb+2],Active
2075,363898306,9317,CC(=O)[O-].CC(=O)[O-].[Pb+2],Inactive
2076,363898306,9317,CC(=O)[O-].CC(=O)[O-].[Pb+2],Inactive
2077,363898306,9317,CC(=O)[O-].CC(=O)[O-].[Pb+2],Active
2078,363898306,9317,CC(=O)[O-].CC(=O)[O-].[Pb+2],Inactive
2079,363898307,24460,[O-][Cr](=O)(=O)[O-].[Pb+2],Active
2080,363898307,24460,[O-][Cr](=O)(=O)[O-].[Pb+2],Active
2081,363898308,,,Active
2082,363898309,,,Inactive
2083,363898309,,,Inactive
2084,363898309,,,Inactive
2085,363898309,,,Inactive
2086,363898310,24009,[O-]P(=O)([O-])[O-].[O-]P(=O)([O-])[O-].[Pb+2].[Pb+2].[Pb+2],Active
2087,363898310,24009,[O-]P(=O)([O-])[O-].[O-]P(=O)([O-])[O-].[Pb+2].[Pb+2].[Pb+2],Active
2088,363898311,,,Active
2089,363898311,,,Active
2090,363898311,,,Active
2091,363898311,,,Active
2092,363898311,,,Active
2093,363898312,86278622,O[Si](=O)O.O[Si](=O)O.O[Si](=O)O.O[Si](=O)O.O[Si](=O)O.O[Si](=O)O.O[Si](=O)O.O[Si](=O)O.[Na+].[Na+].[Mg+2].[Mg+2].[Mg+2].[Fe+3].[Fe+3],Active
2094,363898312,86278622,O[Si](=O)O.O[Si](=O)O.O[Si](=O)O.O[Si](=O)O.O[Si](=O)O.O[Si](=O)O.O[Si](=O)O.O[Si](=O)O.[Na+].[Na+].[Mg+2].[Mg+2].[Mg+2].[Fe+3].[Fe+3],Active
2095,363898312,86278622,O[Si](=O)O.O[Si](=O)O.O[Si](=O)O.O[Si](=O)O.O[Si](=O)O.O[Si](=O)O.O[Si](=O)O.O[Si](=O)O.[Na+].[Na+].[Mg+2].[Mg+2].[Mg+2].[Fe+3].[Fe+3],Active
2096,363898312,86278622,O[Si](=O)O.O[Si](=O)O.O[Si](=O)O.O[Si](=O)O.O[Si](=O)O.O[Si](=O)O.O[Si](=O)O.O[Si](=O)O.[Na+].[Na+].[Mg+2].[Mg+2].[Mg+2].[Fe+3].[Fe+3],Active
2097,363898312,86278622,O[Si](=O)O.O[Si](=O)O.O[Si](=O)O.O[Si](=O)O.O[Si](=O)O.O[Si](=O)O.O[Si](=O)O.O[Si](=O)O.[Na+].[Na+].[Mg+2].[Mg+2].[Mg+2].[Fe+3].[Fe+3],Active
2098,363898312,86278622,O[Si](=O)O.O[Si](=O)O.O[Si](=O)O.O[Si](=O)O.O[Si](=O)O.O[Si](=O)O.O[Si](=O)O.O[Si](=O)O.[Na+].[Na+].[Mg+2].[Mg+2].[Mg+2].[Fe+3].[Fe+3],Active
2099,363898312,86278622,O[Si](=O)O.O[Si](=O)O.O[Si](=O)O.O[Si](=O)O.O[Si](=O)O.O[Si](=O)O.O[Si](=O)O.O[Si](=O)O.[Na+].[Na+].[Mg+2].[Mg+2].[Mg+2].[Fe+3].[Fe+3],Active
2100,363898312,86278622,O[Si](=O)O.O[Si](=O)O.O[Si](=O)O.O[Si](=O)O.O[Si](=O)O.O[Si](=O)O.O[Si](=O)O.O[Si](=O)O.[Na+].[Na+].[Mg+2].[Mg+2].[Mg+2].[Fe+3].[Fe+3],Active
2101,363898312,86278622,O[Si](=O)O.O[Si](=O)O.O[Si](=O)O.O[Si](=O)O.O[Si](=O)O.O[Si](=O)O.O[Si](=O)O.O[Si](=O)O.[Na+].[Na+].[Mg+2].[Mg+2].[Mg+2].[Fe+3].[Fe+3],Active
2102,363898312,86278622,O[Si](=O)O.O[Si](=O)O.O[Si](=O)O.O[Si](=O)O.O[Si](=O)O.O[Si](=O)O.O[Si](=O)O.O[Si](=O)O.[Na+].[Na+].[Mg+2].[Mg+2].[Mg+2].[Fe+3].[Fe+3],Active
2103,363898312,86278622,O[Si](=O)O.O[Si](=O)O.O[Si](=O)O.O[Si](=O)O.O[Si](=O)O.O[Si](=O)O.O[Si](=O)O.O[Si](=O)O.[Na+].[Na+].[Mg+2].[Mg+2].[Mg+2].[Fe+3].[Fe+3],Active
2104,363898312,86278622,O[Si](=O)O.O[Si](=O)O.O[Si](=O)O.O[Si](=O)O.O[Si](=O)O.O[Si](=O)O.O[Si](=O)O.O[Si](=O)O.[Na+].[Na+].[Mg+2].[Mg+2].[Mg+2].[Fe+3].[Fe+3],Inactive
2105,363898312,86278622,O[Si](=O)O.O[Si](=O)O.O[Si](=O)O.O[Si](=O)O.O[Si](=O)O.O[Si](=O)O.O[Si](=O)O.O[Si](=O)O.[Na+].[Na+].[Mg+2].[Mg+2].[Mg+2].[Fe+3].[Fe+3],Inactive
2106,363898312,86278622,O[Si](=O)O.O[Si](=O)O.O[Si](=O)O.O[Si](=O)O.O[Si](=O)O.O[Si](=O)O.O[Si](=O)O.O[Si](=O)O.[Na+].[Na+].[Mg+2].[Mg+2].[Mg+2].[Fe+3].[Fe+3],Active
2107,363898312,86278622,O[Si](=O)O.O[Si](=O)O.O[Si](=O)O.O[Si](=O)O.O[Si](=O)O.O[Si](=O)O.O[Si](=O)O.O[Si](=O)O.[Na+].[Na+].[Mg+2].[Mg+2].[Mg+2].[Fe+3].[Fe+3],Active
2108,363898312,86278622,O[Si](=O)O.O[Si](=O)O.O[Si](=O)O.O[Si](=O)O.O[Si](=O)O.O[Si](=O)O.O[Si](=O)O.O[Si](=O)O.[Na+].[Na+].[Mg+2].[Mg+2].[Mg+2].[Fe+3].[Fe+3],Active
2109,363898312,86278622,O[Si](=O)O.O[Si](=O)O.O[Si](=O)O.O[Si](=O)O.O[Si](=O)O.O[Si](=O)O.O[Si](=O)O.O[Si](=O)O.[Na+].[Na+].[Mg+2].[Mg+2].[Mg+2].[Fe+3].[Fe+3],Inactive
2110,363898312,86278622,O[Si](=O)O.O[Si](=O)O.O[Si](=O)O.O[Si](=O)O.O[Si](=O)O.O[Si](=O)O.O[Si](=O)O.O[Si](=O)O.[Na+].[Na+].[Mg+2].[Mg+2].[Mg+2].[Fe+3].[Fe+3],Inactive
2111,363898312,86278622,O[Si](=O)O.O[Si](=O)O.O[Si](=O)O.O[Si](=O)O.O[Si](=O)O.O[Si](=O)O.O[Si](=O)O.O[Si](=O)O.[Na+].[Na+].[Mg+2].[Mg+2].[Mg+2].[Fe+3].[Fe+3],Active
2112,363898313,9903,C[C@H](CCC(=O)O)[C@H]1CC[C@@H]2[C@@]1(CC[C@H]3[C@H]2CC[C@H]4[C@@]3(CC[C@H](C4)O)C)C,Inactive
2113,363898313,9903,C[C@H](CCC(=O)O)[C@H]1CC[C@@H]2[C@@]1(CC[C@H]3[C@H]2CC[C@H]4[C@@]3(CC[C@H](C4)O)C)C,Inactive
2114,363898313,9903,C[C@H](CCC(=O)O)[C@H]1CC[C@@H]2[C@@]1(CC[C@H]3[C@H]2CC[C@H]4[C@@]3(CC[C@H](C4)O)C)C,Inactive
2115,363898313,9903,C[C@H](CCC(=O)O)[C@H]1CC[C@@H]2[C@@]1(CC[C@H]3[C@H]2CC[C@H]4[C@@]3(CC[C@H](C4)O)C)C,Inactive
2116,363898314,,,Inactive
2117,363898314,,,Inactive
2118,363898314,,,Inactive
2119,363898314,,,Inactive
2120,363898315,30840,CC1=CC(=C2C(=C1O)C(=O)C34C5C6C(C3C(=O)C7=C(C8=C(C=C(C(=C8C(=O)C67C(C5O)C(=O)C4=C2O)O)C)O)O)O)O,Active
2121,363898316,12447,CC1=CC(=C(C2=CC=C(C=C2)N)C3=CC=C(C=C3)N)C=CC1=N.Cl,Active
2122,363898316,12447,CC1=CC(=C(C2=CC=C(C=C2)N)C3=CC=C(C=C3)N)C=CC1=N.Cl,Inactive
2123,363898316,12447,CC1=CC(=C(C2=CC=C(C=C2)N)C3=CC=C(C=C3)N)C=CC1=N.Cl,Inactive
2124,363898317,15415,CCOC(=O)CC(C(=O)OCC)SP(=O)(OC)OC,Inactive
2125,363898317,15415,CCOC(=O)CC(C(=O)OCC)SP(=O)(OC)OC,Inactive
2126,363898317,15415,CCOC(=O)CC(C(=O)OCC)SP(=O)(OC)OC,Inactive
2127,363898317,15415,CCOC(=O)CC(C(=O)OCC)SP(=O)(OC)OC,Inactive
2128,363898318,4004,CCOC(=O)CC(C(=O)OCC)SP(=S)(OC)OC,Inactive
2129,363898318,4004,CCOC(=O)CC(C(=O)OCC)SP(=S)(OC)OC,Inactive
2130,363898318,4004,CCOC(=O)CC(C(=O)OCC)SP(=S)(OC)OC,Inactive
2131,363898318,4004,CCOC(=O)CC(C(=O)OCC)SP(=S)(OC)OC,Inactive
2132,363898318,4004,CCOC(=O)CC(C(=O)OCC)SP(=S)(OC)OC,Inactive
2133,363898318,4004,CCOC(=O)CC(C(=O)OCC)SP(=S)(OC)OC,Inactive
2134,363898319,6251,C([C@H]([C@H]([C@@H]([C@@H](CO)O)O)O)O)O,Inactive
2135,363898319,6251,C([C@H]([C@H]([C@@H]([C@@H](CO)O)O)O)O)O,Inactive
2136,363898319,6251,C([C@H]([C@H]([C@@H]([C@@H](CO)O)O)O)O)O,Inactive
2137,363898319,6251,C([C@H]([C@H]([C@@H]([C@@H](CO)O)O)O)O)O,Inactive
2138,363898319,6251,C([C@H]([C@H]([C@@H]([C@@H](CO)O)O)O)O)O,Inactive
2139,363898319,6251,C([C@H]([C@H]([C@@H]([C@@H](CO)O)O)O)O)O,Inactive
2140,363898319,6251,C([C@H]([C@H]([C@@H]([C@@H](CO)O)O)O)O)O,Inactive
2141,363898319,6251,C([C@H]([C@H]([C@@H]([C@@H](CO)O)O)O)O)O,Inactive
2142,363898320,3033867,C(CCl)NC[C@H]([C@H]([C@@H]([C@@H](CNCCCl)O)O)O)O,Active
2143,363898320,3033867,C(CCl)NC[C@H]([C@H]([C@@H]([C@@H](CNCCCl)O)O)O)O,Active
2144,363898321,6279,C[C@H]1C[C@@H]2[C@H](CC[C@]3([C@H]2CC[C@@]3(C(=O)C)OC(=O)C)C)[C@@]4(C1=CC(=O)CC4)C,Active
2145,363898321,6279,C[C@H]1C[C@@H]2[C@H](CC[C@]3([C@H]2CC[C@@]3(C(=O)C)OC(=O)C)C)[C@@]4(C1=CC(=O)CC4)C,Inactive
2146,363898322,11683,CC1=C[C@@H]2[C@H](CC[C@]3([C@H]2CC[C@@]3(C(=O)C)OC(=O)C)C)[C@@]4(C1=CC(=O)CC4)C,Active
2147,363898323,7955,C1(=NC(=NC(=N1)N)N)N,Inactive
2148,363898323,7955,C1(=NC(=NC(=N1)N)N)N,Inactive
2149,363898323,7955,C1(=NC(=NC(=N1)N)N)N,Inactive
2150,363898323,7955,C1(=NC(=NC(=N1)N)N)N,Active
2151,363898323,7955,C1(=NC(=NC(=N1)N)N)N,Active
2152,363898323,7955,C1(=NC(=NC(=N1)N)N)N,Active
2153,363898323,7955,C1(=NC(=NC(=N1)N)N)N,Active
2154,363898323,7955,C1(=NC(=NC(=N1)N)N)N,Inactive
2155,363898324,460612,C1=CC(=CC=C1C[C@@H](C(=O)O)N)N(CCCl)CCCl,Active
2156,363898324,460612,C1=CC(=CC=C1C[C@@H](C(=O)O)N)N(CCCl)CCCl,Active
2157,363898324,460612,C1=CC(=CC=C1C[C@@H](C(=O)O)N)N(CCCl)CCCl,Active
2158,363898324,460612,C1=CC(=CC=C1C[C@@H](C(=O)O)N)N(CCCl)CCCl,Active
2159,363898324,460612,C1=CC(=CC=C1C[C@@H](C(=O)O)N)N(CCCl)CCCl,Active
2160,363898325,16666,C[C@@H]1CC[C@H]([C@@H](C1)O)C(C)C,Inactive
2161,363898325,16666,C[C@@H]1CC[C@H]([C@@H](C1)O)C(C)C,Inactive
2162,363898325,16666,C[C@@H]1CC[C@H]([C@@H](C1)O)C(C)C,Inactive
2163,363898325,16666,C[C@@H]1CC[C@H]([C@@H](C1)O)C(C)C,Inactive
2164,363898326,4053,C1=CC(=CC=C1CC(C(=O)O)N)N(CCCl)CCCl,Active
2165,363898327,6291,C[C@]12CC[C@H]3[C@H]([C@@H]1CC[C@]2(C#C)O)CCC4=C3C=CC(=C4)OC,Active
2166,363898327,6291,C[C@]12CC[C@H]3[C@H]([C@@H]1CC[C@]2(C#C)O)CCC4=C3C=CC(=C4)OC,Active
2167,363898328,25477,O.O[Si]([O-])([O-])[O-].O[Si]([O-])([O-])[O-].[Mg+2].[Mg+2].[Mg+2],Active
2168,363898328,25477,O.O[Si]([O-])([O-])[O-].O[Si]([O-])([O-])[O-].[Mg+2].[Mg+2].[Mg+2],Active
2169,363898328,25477,O.O[Si]([O-])([O-])[O-].O[Si]([O-])([O-])[O-].[Mg+2].[Mg+2].[Mg+2],Active
2170,363898328,25477,O.O[Si]([O-])([O-])[O-].O[Si]([O-])([O-])[O-].[Mg+2].[Mg+2].[Mg+2],Active
2171,363898328,25477,O.O[Si]([O-])([O-])[O-].O[Si]([O-])([O-])[O-].[Mg+2].[Mg+2].[Mg+2],Active
2172,363898328,25477,O.O[Si]([O-])([O-])[O-].O[Si]([O-])([O-])[O-].[Mg+2].[Mg+2].[Mg+2],Active
2173,363898328,25477,O.O[Si]([O-])([O-])[O-].O[Si]([O-])([O-])[O-].[Mg+2].[Mg+2].[Mg+2],Active
2174,363898328,25477,O.O[Si]([O-])([O-])[O-].O[Si]([O-])([O-])[O-].[Mg+2].[Mg+2].[Mg+2],Active
2175,363898328,25477,O.O[Si]([O-])([O-])[O-].O[Si]([O-])([O-])[O-].[Mg+2].[Mg+2].[Mg+2],Active
2176,363898328,25477,O.O[Si]([O-])([O-])[O-].O[Si]([O-])([O-])[O-].[Mg+2].[Mg+2].[Mg+2],Active
2177,363898328,25477,O.O[Si]([O-])([O-])[O-].O[Si]([O-])([O-])[O-].[Mg+2].[Mg+2].[Mg+2],Active
2178,363898328,25477,O.O[Si]([O-])([O-])[O-].O[Si]([O-])([O-])[O-].[Mg+2].[Mg+2].[Mg+2],Inactive
2179,363898328,25477,O.O[Si]([O-])([O-])[O-].O[Si]([O-])([O-])[O-].[Mg+2].[Mg+2].[Mg+2],Inactive
2180,363898328,25477,O.O[Si]([O-])([O-])[O-].O[Si]([O-])([O-])[O-].[Mg+2].[Mg+2].[Mg+2],Inactive
2181,363898328,25477,O.O[Si]([O-])([O-])[O-].O[Si]([O-])([O-])[O-].[Mg+2].[Mg+2].[Mg+2],Inactive
2182,363898328,25477,O.O[Si]([O-])([O-])[O-].O[Si]([O-])([O-])[O-].[Mg+2].[Mg+2].[Mg+2],Inactive
2183,363898328,25477,O.O[Si]([O-])([O-])[O-].O[Si]([O-])([O-])[O-].[Mg+2].[Mg+2].[Mg+2],Active
2184,363898328,25477,O.O[Si]([O-])([O-])[O-].O[Si]([O-])([O-])[O-].[Mg+2].[Mg+2].[Mg+2],Active
2185,363898328,25477,O.O[Si]([O-])([O-])[O-].O[Si]([O-])([O-])[O-].[Mg+2].[Mg+2].[Mg+2],Active
2186,363898328,25477,O.O[Si]([O-])([O-])[O-].O[Si]([O-])([O-])[O-].[Mg+2].[Mg+2].[Mg+2],Active
2187,363898328,25477,O.O[Si]([O-])([O-])[O-].O[Si]([O-])([O-])[O-].[Mg+2].[Mg+2].[Mg+2],Active
2188,363898328,25477,O.O[Si]([O-])([O-])[O-].O[Si]([O-])([O-])[O-].[Mg+2].[Mg+2].[Mg+2],Active
2189,363898328,25477,O.O[Si]([O-])([O-])[O-].O[Si]([O-])([O-])[O-].[Mg+2].[Mg+2].[Mg+2],Active
2190,363898328,25477,O.O[Si]([O-])([O-])[O-].O[Si]([O-])([O-])[O-].[Mg+2].[Mg+2].[Mg+2],Active
2191,363898328,25477,O.O[Si]([O-])([O-])[O-].O[Si]([O-])([O-])[O-].[Mg+2].[Mg+2].[Mg+2],Active
2192,363898329,8667,CN(C)CCN(CC1=CC=CS1)C2=CC=CC=N2.Cl,Active
2193,363898329,8667,CN(C)CCN(CC1=CC=CS1)C2=CC=CC=N2.Cl,Active
2194,363898329,8667,CN(C)CCN(CC1=CC=CS1)C2=CC=CC=N2.Cl,Active
2195,363898329,8667,CN(C)CCN(CC1=CC=CS1)C2=CC=CC=N2.Cl,Active
2196,363898329,8667,CN(C)CCN(CC1=CC=CS1)C2=CC=CC=N2.Cl,Active
2197,363898329,8667,CN(C)CCN(CC1=CC=CS1)C2=CC=CC=N2.Cl,Inactive
2198,363898330,4115,COC1=CC=C(C=C1)C(C2=CC=C(C=C2)OC)C(Cl)(Cl)Cl,Inactive
2199,363898330,4115,COC1=CC=C(C=C1)C(C2=CC=C(C=C2)OC)C(Cl)(Cl)Cl,Inactive
2200,363898330,4115,COC1=CC=C(C=C1)C(C2=CC=C(C=C2)OC)C(Cl)(Cl)Cl,Active
2201,363898330,4115,COC1=CC=C(C=C1)C(C2=CC=C(C=C2)OC)C(Cl)(Cl)Cl,Inactive
2202,363898330,4115,COC1=CC=C(C=C1)C(C2=CC=C(C=C2)OC)C(Cl)(Cl)Cl,Inactive
2203,363898331,42016,CC(=O)OCN(C)N=O,Active
2204,363898331,42016,CC(=O)OCN(C)N=O,Active
2205,363898331,42016,CC(=O)OCN(C)N=O,Inactive
2206,363898331,42016,CC(=O)OCN(C)N=O,Active
2207,363898331,42016,CC(=O)OCN(C)N=O,Active
2208,363898332,12137,CNC1=CC=C(C=C1)N=NC2=CC=CC=C2,Active
2209,363898332,12137,CNC1=CC=C(C=C1)N=NC2=CC=CC=C2,Active
2210,363898332,12137,CNC1=CC=C(C=C1)N=NC2=CC=CC=C2,Active
2211,363898332,12137,CNC1=CC=C(C=C1)N=NC2=CC=CC=C2,Inactive
2212,363898332,12137,CNC1=CC=C(C=C1)N=NC2=CC=CC=C2,Active
2213,363898332,12137,CNC1=CC=C(C=C1)N=NC2=CC=CC=C2,Active
2214,363898332,12137,CNC1=CC=C(C=C1)N=NC2=CC=CC=C2,Active
2215,363898332,12137,CNC1=CC=C(C=C1)N=NC2=CC=CC=C2,Active
2216,363898333,5363199,CC(=O)OC/N=[N+](/C)\[O-],Active
2217,363898333,5363199,CC(=O)OC/N=[N+](/C)\[O-],Active
2218,363898333,5363199,CC(=O)OC/N=[N+](/C)\[O-],Active
2219,363898333,5363199,CC(=O)OC/N=[N+](/C)\[O-],Active
2220,363898333,5363199,CC(=O)OC/N=[N+](/C)\[O-],Active
2221,363898333,5363199,CC(=O)OC/N=[N+](/C)\[O-],Active
2222,363898333,5363199,CC(=O)OC/N=[N+](/C)\[O-],Active
2223,363898333,5363199,CC(=O)OC/N=[N+](/C)\[O-],Active
2224,363898333,5363199,CC(=O)OC/N=[N+](/C)\[O-],Active
2225,363898333,5363199,CC(=O)OC/N=[N+](/C)\[O-],Active
2226,363898333,5363199,CC(=O)OC/N=[N+](/C)\[O-],Active
2227,363898333,5363199,CC(=O)OC/N=[N+](/C)\[O-],Active
2228,363898334,17347,CC1=C2C=CC3=CC=CC=C3C2=CC4=CC=CC=C14,Active
2229,363898334,17347,CC1=C2C=CC3=CC=CC=C3C2=CC4=CC=CC=C14,Active
2230,363898334,17347,CC1=C2C=CC3=CC=CC=C3C2=CC4=CC=CC=C14,Active
2231,363898334,17347,CC1=C2C=CC3=CC=CC=C3C2=CC4=CC=CC=C14,Active
2232,363898334,17347,CC1=C2C=CC3=CC=CC=C3C2=CC4=CC=CC=C14,Active
2233,363898334,17347,CC1=C2C=CC3=CC=CC=C3C2=CC4=CC=CC=C14,Active
2234,363898334,17347,CC1=C2C=CC3=CC=CC=C3C2=CC4=CC=CC=C14,Active
2235,363898334,17347,CC1=C2C=CC3=CC=CC=C3C2=CC4=CC=CC=C14,Active
2236,363898334,17347,CC1=C2C=CC3=CC=CC=C3C2=CC4=CC=CC=C14,Active
2237,363898335,6323,CBr,Active
2238,363898335,6323,CBr,Active
2239,363898335,6323,CBr,Inactive
2240,363898335,6323,CBr,Inactive
2241,363898335,6323,CBr,Inactive
2242,363898335,6323,CBr,Inactive
2243,363898335,6323,CBr,Inactive
2244,363898335,6323,CBr,Inactive
2245,363898335,6323,CBr,Inactive
2246,363898335,6323,CBr,Inactive
2247,363898335,6323,CBr,Inactive
2248,363898335,6323,CBr,Inactive
2249,363898335,6323,CBr,Inactive
2250,363898335,6323,CBr,Inactive
2251,363898336,1674,CC1=C2CCC3=C2C(=CC4=C3C=CC5=CC=CC=C54)C=C1,Active
2252,363898336,1674,CC1=C2CCC3=C2C(=CC4=C3C=CC5=CC=CC=C54)C=C1,Active
2253,363898336,1674,CC1=C2CCC3=C2C(=CC4=C3C=CC5=CC=CC=C54)C=C1,Active
2254,363898336,1674,CC1=C2CCC3=C2C(=CC4=C3C=CC5=CC=CC=C54)C=C1,Active
2255,363898336,1674,CC1=C2CCC3=C2C(=CC4=C3C=CC5=CC=CC=C54)C=C1,Active
2256,363898336,1674,CC1=C2CCC3=C2C(=CC4=C3C=CC5=CC=CC=C54)C=C1,Active
2257,363898336,1674,CC1=C2CCC3=C2C(=CC4=C3C=CC5=CC=CC=C54)C=C1,Active
2258,363898336,1674,CC1=C2CCC3=C2C(=CC4=C3C=CC5=CC=CC=C54)C=C1,Inactive
2259,363898336,1674,CC1=C2CCC3=C2C(=CC4=C3C=CC5=CC=CC=C54)C=C1,Active
2260,363898336,1674,CC1=C2CCC3=C2C(=CC4=C3C=CC5=CC=CC=C54)C=C1,Active
2261,363898336,1674,CC1=C2CCC3=C2C(=CC4=C3C=CC5=CC=CC=C54)C=C1,Active
2262,363898337,19427,CC1=CC2=CC=CC=C2C3=C1C4=CC=CC=C4C=C3,Active
2263,363898337,19427,CC1=CC2=CC=CC=C2C3=C1C4=CC=CC=C4C=C3,Active
2264,363898337,19427,CC1=CC2=CC=CC=C2C3=C1C4=CC=CC=C4C=C3,Active
2265,363898337,19427,CC1=CC2=CC=CC=C2C3=C1C4=CC=CC=C4C=C3,Active
2266,363898337,19427,CC1=CC2=CC=CC=C2C3=C1C4=CC=CC=C4C=C3,Active
2267,363898337,19427,CC1=CC2=CC=CC=C2C3=C1C4=CC=CC=C4C=C3,Active
2268,363898337,19427,CC1=CC2=CC=CC=C2C3=C1C4=CC=CC=C4C=C3,Active
2269,363898337,19427,CC1=CC2=CC=CC=C2C3=C1C4=CC=CC=C4C=C3,Active
2270,363898337,19427,CC1=CC2=CC=CC=C2C3=C1C4=CC=CC=C4C=C3,Active
2271,363898338,30602,CC(C)(C(=O)OC)OC1=CC=C(C=C1)C2=CC=C(C=C2)Cl,Active
2272,363898339,7543,C1=CC(=C(C=C1CC2=CC(=C(C=C2)N)Cl)Cl)N,Active
2273,363898339,7543,C1=CC(=C(C=C1CC2=CC(=C(C=C2)N)Cl)Cl)N,Active
2274,363898339,7543,C1=CC(=C(C=C1CC2=CC(=C(C=C2)N)Cl)Cl)N,Active
2275,363898339,7543,C1=CC(=C(C=C1CC2=CC(=C(C=C2)N)Cl)Cl)N,Active
2276,363898339,7543,C1=CC(=C(C=C1CC2=CC(=C(C=C2)N)Cl)Cl)N,Active
2277,363898339,7543,C1=CC(=C(C=C1CC2=CC(=C(C=C2)N)Cl)Cl)N,Active
2278,363898339,7543,C1=CC(=C(C=C1CC2=CC(=C(C=C2)N)Cl)Cl)N,Active
2279,363898340,7567,CN(C)C1=CC=C(C=C1)CC2=CC=C(C=C2)N(C)C,Active
2280,363898340,7567,CN(C)C1=CC=C(C=C1)CC2=CC=C(C=C2)N(C)C,Active
2281,363898340,7567,CN(C)C1=CC=C(C=C1)CC2=CC=C(C=C2)N(C)C,Active
2282,363898340,7567,CN(C)C1=CC=C(C=C1)CC2=CC=C(C=C2)N(C)C,Active
2283,363898340,7567,CN(C)C1=CC=C(C=C1)CC2=CC=C(C=C2)N(C)C,Active
2284,363898340,7567,CN(C)C1=CC=C(C=C1)CC2=CC=C(C=C2)N(C)C,Unspecified
2285,363898341,13283,CC1=C(C=CC(=C1)CC2=CC(=C(C=C2)N)C)N,Active
2286,363898342,6344,C(Cl)Cl,Active
2287,363898342,6344,C(Cl)Cl,Active
2288,363898342,6344,C(Cl)Cl,Active
2289,363898342,6344,C(Cl)Cl,Active
2290,363898342,6344,C(Cl)Cl,Active
2291,363898342,6344,C(Cl)Cl,Inactive
2292,363898342,6344,C(Cl)Cl,Inactive
2293,363898342,6344,C(Cl)Cl,Inactive
2294,363898342,6344,C(Cl)Cl,Inactive
2295,363898342,6344,C(Cl)Cl,Inactive
2296,363898342,6344,C(Cl)Cl,Inactive
2297,363898342,6344,C(Cl)Cl,Inactive
2298,363898342,6344,C(Cl)Cl,Inactive
2299,363898342,6344,C(Cl)Cl,Active
2300,363898342,6344,C(Cl)Cl,Inactive
2301,363898342,6344,C(Cl)Cl,Active
2302,363898342,6344,C(Cl)Cl,Inactive
2303,363898342,6344,C(Cl)Cl,Active
2304,363898342,6344,C(Cl)Cl,Active
2305,363898342,6344,C(Cl)Cl,Active
2306,363898342,6344,C(Cl)Cl,Active
2307,363898343,26108,C1=CC(=CC=C1CC2=CC=C(C=C2)N)N.Cl.Cl,Active
2308,363898343,26108,C1=CC(=CC=C1CC2=CC=C(C=C2)N)N.Cl.Cl,Active
2309,363898343,26108,C1=CC(=CC=C1CC2=CC=C(C=C2)N)N.Cl.Cl,Active
2310,363898343,26108,C1=CC(=CC=C1CC2=CC=C(C=C2)N)N.Cl.Cl,Active
2311,363898344,6061,CNN,Active
2312,363898344,6061,CNN,Active
2313,363898344,6061,CNN,Active
2314,363898344,6061,CNN,Inactive
2315,363898344,6061,CNN,Inactive
2316,363898344,6061,CNN,Inactive
2317,363898344,6061,CNN,Inactive
2318,363898344,6061,CNN,Active
2319,363898345,6328,CI,Active
2320,363898345,6328,CI,Active
2321,363898345,6328,CI,Active
2322,363898345,6328,CI,Active
2323,363898346,4156,COS(=O)(=O)C,Active
2324,363898346,4156,COS(=O)(=O)C,Active
2325,363898346,4156,COS(=O)(=O)C,Active
2326,363898347,31426,CC1=C(C2=C(C=C1)C(=O)C3=CC=CC=C3C2=O)[N+](=O)[O-],Active
2327,363898347,31426,CC1=C(C2=C(C=C1)C(=O)C3=CC=CC=C3C2=O)[N+](=O)[O-],Active
2328,363898347,31426,CC1=C(C2=C(C=C1)C(=O)C3=CC=CC=C3C2=O)[N+](=O)[O-],Active
2329,363898348,62163,CN(CCC#N)N=O,Active
2330,363898348,62163,CN(CCC#N)N=O,Active
2331,363898348,62163,CN(CCC#N)N=O,Active
2332,363898348,62163,CN(CCC#N)N=O,Active
2333,363898348,62163,CN(CCC#N)N=O,Active
2334,363898349,107919,CN(C(=O)NCCC[C@@H](C(=O)O)N)N=O,Active
2335,363898349,107919,CN(C(=O)NCCC[C@@H](C(=O)O)N)N=O,Active
2336,363898350,11957,CN(C1=CC=CC=C1)N=O,Active
2337,363898350,11957,CN(C1=CC=CC=C1)N=O,Active
2338,363898350,11957,CN(C1=CC=CC=C1)N=O,Active
2339,363898350,11957,CN(C1=CC=CC=C1)N=O,Active
2340,363898350,11957,CN(C1=CC=CC=C1)N=O,Active
2341,363898351,92394,CC1COCCN1N=O,Active
2342,363898352,38357,CC1N(CCO1)N=O,Active
2343,363898353,147617,CC1CN(CO1)N=O,Active
2344,363898353,147617,CC1CN(CO1)N=O,Active
2345,363898354,12699,CN(C(=O)N)N=O,Active
2346,363898354,12699,CN(C(=O)N)N=O,Active
2347,363898354,12699,CN(C(=O)N)N=O,Active
2348,363898354,12699,CN(C(=O)N)N=O,Active
2349,363898354,12699,CN(C(=O)N)N=O,Active
2350,363898354,12699,CN(C(=O)N)N=O,Active
2351,363898354,12699,CN(C(=O)N)N=O,Active
2352,363898354,12699,CN(C(=O)N)N=O,Active
2353,363898354,12699,CN(C(=O)N)N=O,Active
2354,363898354,12699,CN(C(=O)N)N=O,Active
2355,363898354,12699,CN(C(=O)N)N=O,Active
2356,363898354,12699,CN(C(=O)N)N=O,Active
2357,363898354,12699,CN(C(=O)N)N=O,Active
2358,363898354,12699,CN(C(=O)N)N=O,Active
2359,363898354,12699,CN(C(=O)N)N=O,Active
2360,363898354,12699,CN(C(=O)N)N=O,Active
2361,363898354,12699,CN(C(=O)N)N=O,Active
2362,363898354,12699,CN(C(=O)N)N=O,Active
2363,363898354,12699,CN(C(=O)N)N=O,Active
2364,363898354,12699,CN(C(=O)N)N=O,Active
2365,363898354,12699,CN(C(=O)N)N=O,Active
2366,363898354,12699,CN(C(=O)N)N=O,Active
2367,363898354,12699,CN(C(=O)N)N=O,Active
2368,363898354,12699,CN(C(=O)N)N=O,Active
2369,363898354,12699,CN(C(=O)N)N=O,Active
2370,363898354,12699,CN(C(=O)N)N=O,Active
2371,363898354,12699,CN(C(=O)N)N=O,Active
2372,363898354,12699,CN(C(=O)N)N=O,Active
2373,363898354,12699,CN(C(=O)N)N=O,Active
2374,363898354,12699,CN(C(=O)N)N=O,Active
2375,363898354,12699,CN(C(=O)N)N=O,Active
2376,363898354,12699,CN(C(=O)N)N=O,Active
2377,363898354,12699,CN(C(=O)N)N=O,Active
2378,363898354,12699,CN(C(=O)N)N=O,Active
2379,363898354,12699,CN(C(=O)N)N=O,Active
2380,363898354,12699,CN(C(=O)N)N=O,Active
2381,363898354,12699,CN(C(=O)N)N=O,Active
2382,363898354,12699,CN(C(=O)N)N=O,Active
2383,363898354,12699,CN(C(=O)N)N=O,Active
2384,363898354,12699,CN(C(=O)N)N=O,Active
2385,363898354,12699,CN(C(=O)N)N=O,Active
2386,363898354,12699,CN(C(=O)N)N=O,Active
2387,363898354,12699,CN(C(=O)N)N=O,Active
2388,363898354,12699,CN(C(=O)N)N=O,Inactive
2389,363898354,12699,CN(C(=O)N)N=O,Active
2390,363898354,12699,CN(C(=O)N)N=O,Unspecified
2391,363898354,12699,CN(C(=O)N)N=O,Unspecified
2392,363898354,12699,CN(C(=O)N)N=O,Active
2393,363898355,4130,COP(=S)(OC)OC1=CC=C(C=C1)[N+](=O)[O-],Inactive
2394,363898355,4130,COP(=S)(OC)OC1=CC=C(C=C1)[N+](=O)[O-],Inactive
2395,363898355,4130,COP(=S)(OC)OC1=CC=C(C=C1)[N+](=O)[O-],Inactive
2396,363898355,4130,COP(=S)(OC)OC1=CC=C(C=C1)[N+](=O)[O-],Inactive
2397,363898356,13545,CCCN(C)N=O,Active
2398,363898356,13545,CCCN(C)N=O,Active
2399,363898356,13545,CCCN(C)N=O,Active
2400,363898356,13545,CCCN(C)N=O,Active
2401,363898357,7059,CC1=CC2=C(C=C1)N=CC=C2,Inactive
2402,363898358,11910,CC1=C2C(=CC=C1)C=CC=N2,Inactive
2403,363898358,11910,CC1=C2C(=CC=C1)C=CC=N2,Inactive
2404,363898358,11910,CC1=C2C(=CC=C1)C=CC=N2,Inactive
2405,363898358,11910,CC1=C2C(=CC=C1)C=CC=N2,Inactive
2406,363898358,11910,CC1=C2C(=CC=C1)C=CC=N2,Inactive
2407,363898359,667493,CC1=CC(=O)NC(=S)N1,Active
2408,363898359,667493,CC1=CC(=O)NC(=S)N1,Active
2409,363898359,667493,CC1=CC(=O)NC(=S)N1,Active
2410,363898360,4173,CC1=NC=C(N1CCO)[N+](=O)[O-],Active
2411,363898360,4173,CC1=NC=C(N1CCO)[N+](=O)[O-],Active
2412,363898361,9414,CC1=CC(=CC(=C1N(C)C)C)OC(=O)NC,Inactive
2413,363898361,9414,CC1=CC(=CC(=C1N(C)C)C)OC(=O)NC,Inactive
2414,363898361,9414,CC1=CC(=CC(=C1N(C)C)C)OC(=O)NC,Inactive
2415,363898361,9414,CC1=CC(=CC(=C1N(C)C)C)OC(=O)NC,Inactive
2416,363898362,7031,CN(C)C1=CC=C(C=C1)C(=O)C2=CC=C(C=C2)N(C)C,Active
2417,363898362,7031,CN(C)C1=CC=C(C=C1)C(=O)C2=CC=C(C=C2)N(C)C,Active
2418,363898362,7031,CN(C)C1=CC=C(C=C1)C(=O)C2=CC=C(C=C2)N(C)C,Active
2419,363898362,7031,CN(C)C1=CC=C(C=C1)C(=O)C2=CC=C(C=C2)N(C)C,Active
2420,363898363,16945,C12(C3(C4(C5(C3(C(C1(C5(C2(C4(Cl)Cl)Cl)Cl)Cl)(Cl)Cl)Cl)Cl)Cl)Cl)Cl,Active
2421,363898363,16945,C12(C3(C4(C5(C3(C(C1(C5(C2(C4(Cl)Cl)Cl)Cl)Cl)(Cl)Cl)Cl)Cl)Cl)Cl)Cl,Active
2422,363898363,16945,C12(C3(C4(C5(C3(C(C1(C5(C2(C4(Cl)Cl)Cl)Cl)Cl)(Cl)Cl)Cl)Cl)Cl)Cl)Cl,Active
2423,363898363,16945,C12(C3(C4(C5(C3(C(C1(C5(C2(C4(Cl)Cl)Cl)Cl)Cl)(Cl)Cl)Cl)Cl)Cl)Cl)Cl,Active
2424,363898363,16945,C12(C3(C4(C5(C3(C(C1(C5(C2(C4(Cl)Cl)Cl)Cl)Cl)(Cl)Cl)Cl)Cl)Cl)Cl)Cl,Active
2425,363898363,16945,C12(C3(C4(C5(C3(C(C1(C5(C2(C4(Cl)Cl)Cl)Cl)Cl)(Cl)Cl)Cl)Cl)Cl)Cl)Cl,Active
2426,363898364,5746,CC1=C(C(=O)C2=C(C1=O)N3C[C@H]4[C@@H]([C@@]3([C@@H]2COC(=O)N)OC)N4)N,Active
2427,363898364,5746,CC1=C(C(=O)C2=C(C1=O)N3C[C@H]4[C@@H]([C@@]3([C@@H]2COC(=O)N)OC)N4)N,Active
2428,363898365,9562060,CN(/C(=N/[N+](=O)[O-])/N)N=O,Active
2429,363898365,9562060,CN(/C(=N/[N+](=O)[O-])/N)N=O,Active
2430,363898365,9562060,CN(/C(=N/[N+](=O)[O-])/N)N=O,Active
2431,363898365,9562060,CN(/C(=N/[N+](=O)[O-])/N)N=O,Active
2432,363898365,9562060,CN(/C(=N/[N+](=O)[O-])/N)N=O,Active
2433,363898365,9562060,CN(/C(=N/[N+](=O)[O-])/N)N=O,Active
2434,363898365,9562060,CN(/C(=N/[N+](=O)[O-])/N)N=O,Active
2435,363898365,9562060,CN(/C(=N/[N+](=O)[O-])/N)N=O,Active
2436,363898365,9562060,CN(/C(=N/[N+](=O)[O-])/N)N=O,Active
2437,363898365,9562060,CN(/C(=N/[N+](=O)[O-])/N)N=O,Active
2438,363898365,9562060,CN(/C(=N/[N+](=O)[O-])/N)N=O,Active
2439,363898365,9562060,CN(/C(=N/[N+](=O)[O-])/N)N=O,Active
2440,363898365,9562060,CN(/C(=N/[N+](=O)[O-])/N)N=O,Active
2441,363898365,9562060,CN(/C(=N/[N+](=O)[O-])/N)N=O,Active
2442,363898365,9562060,CN(/C(=N/[N+](=O)[O-])/N)N=O,Active
2443,363898365,9562060,CN(/C(=N/[N+](=O)[O-])/N)N=O,Active
2444,363898365,9562060,CN(/C(=N/[N+](=O)[O-])/N)N=O,Active
2445,363898365,9562060,CN(/C(=N/[N+](=O)[O-])/N)N=O,Active
2446,363898366,9415,C[C@H]1C(=O)O[C@@H]2CCN3[C@@H]2C(=CC3)COC(=O)[C@]([C@]1(C)O)(C)O,Active
2447,363898367,3005839,C1COCCN1C[C@H]2CN(C(=O)O2)N=CC3=CC=C(O3)[N+](=O)[O-],Active
2448,363898368,2478,CS(=O)(=O)OCCCCOS(=O)(=O)C,Active
2449,363898369,44437,CCCCCCCCCCCCCC(=O)ON(C1=CC2=C(C=C1)C3=CC=CC=C3C2)C(=O)C,Active
2450,363898370,54345,CCCCCCCCCCCCCC(=O)ON(C1=CC2=C(C=C1)C3=C(C2)C=C(C=C3)I)C(=O)C,Active
2451,363898371,19592,CC(C)(C(=O)O)OC1=CC=C(C=C1)C2CCCC3=CC=CC=C23,Active
2452,363898371,19592,CC(C)(C(=O)O)OC1=CC=C(C=C1)C2CCCC3=CC=CC=C23,Active
2453,363898371,19592,CC(C)(C(=O)O)OC1=CC=C(C=C1)C2CCCC3=CC=CC=C23,Active
2454,363898371,19592,CC(C)(C(=O)O)OC1=CC=C(C=C1)C2CCCC3=CC=CC=C23,Active
2455,363898372,16720,C1=CC2=C(C=CC=C2N)C(=C1)N,Active
2456,363898372,16720,C1=CC2=C(C=CC=C2N)C(=C1)N,Active
2457,363898372,16720,C1=CC2=C(C=CC=C2N)C(=C1)N,Active
2458,363898372,16720,C1=CC2=C(C=CC=C2N)C(=C1)N,Inactive
2459,363898373,8640,C1=CC=C2C(=C1)C=CC=C2N,Inactive
2460,363898373,8640,C1=CC=C2C(=C1)C=CC=C2N,Inactive
2461,363898374,7057,C1=CC=C2C=C(C=CC2=C1)N,Active
2462,363898374,7057,C1=CC=C2C=C(C=CC2=C1)N,Active
2463,363898374,7057,C1=CC=C2C=C(C=CC2=C1)N,Active
2464,363898374,7057,C1=CC=C2C=C(C=CC2=C1)N,Active
2465,363898374,7057,C1=CC=C2C=C(C=CC2=C1)N,Active
2466,363898374,7057,C1=CC=C2C=C(C=CC2=C1)N,Active
2467,363898374,7057,C1=CC=C2C=C(C=CC2=C1)N,Active
2468,363898375,15106,C1=CC=C2C(=C1)C=CC=C2NCCN.Cl.Cl,Inactive
2469,363898375,15106,C1=CC=C2C(=C1)C=CC=C2NCCN.Cl.Cl,Inactive
2470,363898375,15106,C1=CC=C2C(=C1)C=CC=C2NCCN.Cl.Cl,Inactive
2471,363898375,15106,C1=CC=C2C(=C1)C=CC=C2NCCN.Cl.Cl,Inactive
2472,363898376,69176,C1=CC=C2C=C(C=CC2=C1)NO,Active
2473,363898376,69176,C1=CC=C2C=C(C=CC2=C1)NO,Active
2474,363898376,69176,C1=CC=C2C=C(C=CC2=C1)NO,Active
2475,363898376,69176,C1=CC=C2C=C(C=CC2=C1)NO,Active
2476,363898376,69176,C1=CC=C2C=C(C=CC2=C1)NO,Active
2477,363898377,935,[Ni],Active
2478,363898377,935,[Ni],Active
2479,363898377,935,[Ni],Active
2480,363898377,935,[Ni],Active
2481,363898377,935,[Ni],Active
2482,363898377,935,[Ni],Inactive
2483,363898377,935,[Ni],Inactive
2484,363898377,935,[Ni],Active
2485,363898379,61534,[OH-].[OH-].[Ni+2],Active
2486,363898380,62390,[CH-]1C=CC=C1.[CH-]1C=CC=C1.[Ni+2],Active
2487,363898381,14805,O=[Ni],Active
2488,363898381,14805,O=[Ni],Active
2489,363898381,14805,O=[Ni],Inactive
2490,363898381,14805,O=[Ni],Inactive
2491,363898381,14805,O=[Ni],Inactive
2492,363898381,14805,O=[Ni],Inactive
2493,363898381,14805,O=[Ni],Active
2494,363898381,14805,O=[Ni],Active
2495,363898381,14805,O=[Ni],Inactive
2496,363898381,14805,O=[Ni],Active
2497,363898381,14805,O=[Ni],Unspecified
2498,363898382,22833473,S=S=[Ni].[Ni].[Ni],Active
2499,363898382,22833473,S=S=[Ni].[Ni].[Ni],Active
2500,363898382,22833473,S=S=[Ni].[Ni].[Ni],Active
2501,363898382,22833473,S=S=[Ni].[Ni].[Ni],Active
2502,363898382,22833473,S=S=[Ni].[Ni].[Ni],Active
2503,363898382,22833473,S=S=[Ni].[Ni].[Ni],Active
2504,363898382,22833473,S=S=[Ni].[Ni].[Ni],Active
2505,363898382,22833473,S=S=[Ni].[Ni].[Ni],Active
2506,363898382,22833473,S=S=[Ni].[Ni].[Ni],Active
2507,363898382,22833473,S=S=[Ni].[Ni].[Ni],Active
2508,363898382,22833473,S=S=[Ni].[Ni].[Ni],Active
2509,363898382,22833473,S=S=[Ni].[Ni].[Ni],Active
2510,363898382,22833473,S=S=[Ni].[Ni].[Ni],Inactive
2511,363898382,22833473,S=S=[Ni].[Ni].[Ni],Inactive
2512,363898382,22833473,S=S=[Ni].[Ni].[Ni],Inactive
2513,363898382,22833473,S=S=[Ni].[Ni].[Ni],Inactive
2514,363898382,22833473,S=S=[Ni].[Ni].[Ni],Inactive
2515,363898382,22833473,S=S=[Ni].[Ni].[Ni],Inactive
2516,363898382,22833473,S=S=[Ni].[Ni].[Ni],Inactive
2517,363898382,22833473,S=S=[Ni].[Ni].[Ni],Active
2518,363898382,22833473,S=S=[Ni].[Ni].[Ni],Active
2519,363898382,22833473,S=S=[Ni].[Ni].[Ni],Inactive
2520,363898382,22833473,S=S=[Ni].[Ni].[Ni],Inactive
2521,363898382,22833473,S=S=[Ni].[Ni].[Ni],Active
2522,363898382,22833473,S=S=[Ni].[Ni].[Ni],Active
2523,363898382,22833473,S=S=[Ni].[Ni].[Ni],Active
2524,363898382,22833473,S=S=[Ni].[Ni].[Ni],Active
2525,363898382,22833473,S=S=[Ni].[Ni].[Ni],Active
2526,363898382,22833473,S=S=[Ni].[Ni].[Ni],Active
2527,363898382,22833473,S=S=[Ni].[Ni].[Ni],Active
2528,363898383,3607071,C1=C(OC(=C1)[N+](=O)[O-])C2=CSC(=N2)NNC=O,Active
2529,363898383,3607071,C1=C(OC(=C1)[N+](=O)[O-])C2=CSC(=N2)NNC=O,Active
2530,363898383,3607071,C1=C(OC(=C1)[N+](=O)[O-])C2=CSC(=N2)NNC=O,Active
2531,363898384,6093,C1CN(C(=O)N1)C2=NC=C(S2)[N+](=O)[O-],Active
2532,363898384,6093,C1CN(C(=O)N1)C2=NC=C(S2)[N+](=O)[O-],Active
2533,363898385,8776,CCNC(=O)NC1=NC=C(S1)[N+](=O)[O-],Active
2534,363898385,8776,CCNC(=O)NC1=NC=C(S1)[N+](=O)[O-],Active
2535,363898385,8776,CCNC(=O)NC1=NC=C(S1)[N+](=O)[O-],Inactive
2536,363898385,8776,CCNC(=O)NC1=NC=C(S1)[N+](=O)[O-],Unspecified
2537,363898386,8758,C(C(=O)O)N(CC(=O)O)CC(=O)O,Inactive
2538,363898386,8758,C(C(=O)O)N(CC(=O)O)CC(=O)O,Active
2539,363898386,8758,C(C(=O)O)N(CC(=O)O)CC(=O)O,Active
2540,363898386,8758,C(C(=O)O)N(CC(=O)O)CC(=O)O,Inactive
2541,363898387,29194,C(C(=O)[O-])N(CC(=O)[O-])CC(=O)[O-].O.[Na+].[Na+].[Na+],Active
2542,363898387,29194,C(C(=O)[O-])N(CC(=O)[O-])CC(=O)[O-].O.[Na+].[Na+].[Na+],Active
2543,363898387,29194,C(C(=O)[O-])N(CC(=O)[O-])CC(=O)[O-].O.[Na+].[Na+].[Na+],Inactive
2544,363898387,29194,C(C(=O)[O-])N(CC(=O)[O-])CC(=O)[O-].O.[Na+].[Na+].[Na+],Inactive
2545,363898387,29194,C(C(=O)[O-])N(CC(=O)[O-])CC(=O)[O-].O.[Na+].[Na+].[Na+],Unspecified
2546,363898387,29194,C(C(=O)[O-])N(CC(=O)[O-])CC(=O)[O-].O.[Na+].[Na+].[Na+],Unspecified
2547,363898388,11769,C1CC2=CC=C(C3=CC=CC1=C23)[N+](=O)[O-],Active
2548,363898388,11769,C1CC2=CC=C(C3=CC=CC1=C23)[N+](=O)[O-],Inactive
2549,363898388,11769,C1CC2=CC=C(C3=CC=CC1=C23)[N+](=O)[O-],Active
2550,363898388,11769,C1CC2=CC=C(C3=CC=CC1=C23)[N+](=O)[O-],Active
2551,363898389,15685,CCOC1=C(C=C(C=C1)NC(=O)C)[N+](=O)[O-],Inactive
2552,363898389,15685,CCOC1=C(C=C(C=C1)NC(=O)C)[N+](=O)[O-],Active
2553,363898389,15685,CCOC1=C(C=C(C=C1)NC(=O)C)[N+](=O)[O-],Inactive
2554,363898389,15685,CCOC1=C(C=C(C=C1)NC(=O)C)[N+](=O)[O-],Inactive
2555,363898390,7447,COC1=C(C=C(C=C1)[N+](=O)[O-])N,Inactive
2556,363898390,7447,COC1=C(C=C(C=C1)[N+](=O)[O-])N,Active
2557,363898390,7447,COC1=C(C=C(C=C1)[N+](=O)[O-])N,Active
2558,363898390,7447,COC1=C(C=C(C=C1)[N+](=O)[O-])N,Inactive
2559,363898390,7447,COC1=C(C=C(C=C1)[N+](=O)[O-])N,Active
2560,363898390,7447,COC1=C(C=C(C=C1)[N+](=O)[O-])N,Unspecified
2561,363898391,12076,C1=CC(=C(C=C1[N+](=O)[O-])N)C(=O)O,Inactive
2562,363898391,12076,C1=CC(=C(C=C1[N+](=O)[O-])N)C(=O)O,Inactive
2563,363898391,12076,C1=CC(=C(C=C1[N+](=O)[O-])N)C(=O)O,Inactive
2564,363898391,12076,C1=CC(=C(C=C1[N+](=O)[O-])N)C(=O)O,Inactive
2565,363898392,7195,C1=CC2=C(C=C1[N+](=O)[O-])NC=N2,Active
2566,363898392,7195,C1=CC2=C(C=C1[N+](=O)[O-])NC=N2,Active
2567,363898392,7195,C1=CC2=C(C=C1[N+](=O)[O-])NC=N2,Inactive
2568,363898392,7195,C1=CC2=C(C=C1[N+](=O)[O-])NC=N2,Inactive
2569,363898393,7114,C1=CC=C(C=C1)C2=CC=C(C=C2)[N+](=O)[O-],Active
2570,363898393,7114,C1=CC=C(C=C1)C2=CC=C(C=C2)[N+](=O)[O-],Inactive
2571,363898393,7114,C1=CC=C(C=C1)C2=CC=C(C=C2)[N+](=O)[O-],Inactive
2572,363898394,15787,C1=CC(=CC=C1[N+](=O)[O-])OC2=C(C=C(C=C2)Cl)Cl,Active
2573,363898394,15787,C1=CC(=CC=C1[N+](=O)[O-])OC2=C(C=C(C=C2)Cl)Cl,Active
2574,363898394,15787,C1=CC(=CC=C1[N+](=O)[O-])OC2=C(C=C(C=C2)Cl)Cl,Active
2575,363898394,15787,C1=CC(=CC=C1[N+](=O)[O-])OC2=C(C=C(C=C2)Cl)Cl,Active
2576,363898394,15787,C1=CC(=CC=C1[N+](=O)[O-])OC2=C(C=C(C=C2)Cl)Cl,Inactive
2577,363898394,15787,C1=CC(=CC=C1[N+](=O)[O-])OC2=C(C=C(C=C2)Cl)Cl,Inactive
2578,363898394,15787,C1=CC(=CC=C1[N+](=O)[O-])OC2=C(C=C(C=C2)Cl)Cl,Active
2579,363898395,9568055,C1CN(C(=O)N1)/N=C/C2=CC=C(O2)[N+](=O)[O-],Active
2580,363898396,10753,CC(=O)NC1=NC(=CS1)C2=CC=C(O2)[N+](=O)[O-],Active
2581,363898396,10753,CC(=O)NC1=NC(=CS1)C2=CC=C(O2)[N+](=O)[O-],Active
2582,363898396,10753,CC(=O)NC1=NC(=CS1)C2=CC=C(O2)[N+](=O)[O-],Active
2583,363898398,5935,CN(CCCl)CCCl.Cl,Active
2584,363898398,5935,CN(CCCl)CCCl.Cl,Active
2585,363898398,5935,CN(CCCl)CCCl.Cl,Active
2586,363898398,5935,CN(CCCl)CCCl.Cl,Active
2587,363898398,5935,CN(CCCl)CCCl.Cl,Active
2588,363898399,9335,C[N+](CCCl)(CCCl)[O-],Active
2589,363898399,9335,C[N+](CCCl)(CCCl)[O-],Active
2590,363898400,6849,C1=CC=C2C(=C1)C=CC=C2[N+](=O)[O-],Inactive
2591,363898400,6849,C1=CC=C2C(=C1)C=CC=C2[N+](=O)[O-],Inactive
2592,363898400,6849,C1=CC=C2C(=C1)C=CC=C2[N+](=O)[O-],Inactive
2593,363898400,6849,C1=CC=C2C(=C1)C=CC=C2[N+](=O)[O-],Inactive
2594,363898401,5111791,C1=CC(=C(C=C1[N+](=O)[O-])N)N,Inactive
2595,363898401,5111791,C1=CC(=C(C=C1[N+](=O)[O-])N)N,Inactive
2596,363898401,5111791,C1=CC(=C(C=C1[N+](=O)[O-])N)N,Inactive
2597,363898401,5111791,C1=CC(=C(C=C1[N+](=O)[O-])N)N,Inactive
2598,363898402,4338370,C1=CC(=C(C=C1N)[N+](=O)[O-])N,Active
2599,363898402,4338370,C1=CC(=C(C=C1N)[N+](=O)[O-])N,Inactive
2600,363898402,4338370,C1=CC(=C(C=C1N)[N+](=O)[O-])N,Inactive
2601,363898402,4338370,C1=CC(=C(C=C1N)[N+](=O)[O-])N,Inactive
2602,363898403,398,CC(C)[N+](=O)[O-],Active
2603,363898404,1678,C(C[N+](=O)[O-])C(=O)O,Inactive
2604,363898404,1678,C(C[N+](=O)[O-])C(=O)O,Inactive
2605,363898404,1678,C(C[N+](=O)[O-])C(=O)O,Inactive
2606,363898404,1678,C(C[N+](=O)[O-])C(=O)O,Unspecified
2607,363898405,21694,C1=CC2=C3C(=C1)C=CC4=C(C=CC(=C43)C=C2)[N+](=O)[O-],Active
2608,363898405,21694,C1=CC2=C3C(=C1)C=CC4=C(C=CC(=C43)C=C2)[N+](=O)[O-],Active
2609,363898405,21694,C1=CC2=C3C(=C1)C=CC4=C(C=CC(=C43)C=C2)[N+](=O)[O-],Active
2610,363898405,21694,C1=CC2=C3C(=C1)C=CC4=C(C=CC(=C43)C=C2)[N+](=O)[O-],Active
2611,363898405,21694,C1=CC2=C3C(=C1)C=CC4=C(C=CC(=C43)C=C2)[N+](=O)[O-],Active
2612,363898405,21694,C1=CC2=C3C(=C1)C=CC4=C(C=CC(=C43)C=C2)[N+](=O)[O-],Inactive
2613,363898405,21694,C1=CC2=C3C(=C1)C=CC4=C(C=CC(=C43)C=C2)[N+](=O)[O-],Inactive
2614,363898405,21694,C1=CC2=C3C(=C1)C=CC4=C(C=CC(=C43)C=C2)[N+](=O)[O-],Inactive
2615,363898405,21694,C1=CC2=C3C(=C1)C=CC4=C(C=CC(=C43)C=C2)[N+](=O)[O-],Active
2616,363898405,21694,C1=CC2=C3C(=C1)C=CC4=C(C=CC(=C43)C=C2)[N+](=O)[O-],Active
2617,363898405,21694,C1=CC2=C3C(=C1)C=CC4=C(C=CC(=C43)C=C2)[N+](=O)[O-],Inactive
2618,363898405,21694,C1=CC2=C3C(=C1)C=CC4=C(C=CC(=C43)C=C2)[N+](=O)[O-],Inactive
2619,363898405,21694,C1=CC2=C3C(=C1)C=CC4=C(C=CC(=C43)C=C2)[N+](=O)[O-],Inactive
2620,363898405,21694,C1=CC2=C3C(=C1)C=CC4=C(C=CC(=C43)C=C2)[N+](=O)[O-],Active
2621,363898405,21694,C1=CC2=C3C(=C1)C=CC4=C(C=CC(=C43)C=C2)[N+](=O)[O-],Active
2622,363898405,21694,C1=CC2=C3C(=C1)C=CC4=C(C=CC(=C43)C=C2)[N+](=O)[O-],Inactive
2623,363898405,21694,C1=CC2=C3C(=C1)C=CC4=C(C=CC(=C43)C=C2)[N+](=O)[O-],Inactive
2624,363898405,21694,C1=CC2=C3C(=C1)C=CC4=C(C=CC(=C43)C=C2)[N+](=O)[O-],Active
2625,363898405,21694,C1=CC2=C3C(=C1)C=CC4=C(C=CC(=C43)C=C2)[N+](=O)[O-],Active
2626,363898405,21694,C1=CC2=C3C(=C1)C=CC4=C(C=CC(=C43)C=C2)[N+](=O)[O-],Inactive
2627,363898405,21694,C1=CC2=C3C(=C1)C=CC4=C(C=CC(=C43)C=C2)[N+](=O)[O-],Inactive
2628,363898405,21694,C1=CC2=C3C(=C1)C=CC4=C(C=CC(=C43)C=C2)[N+](=O)[O-],Inactive
2629,363898405,21694,C1=CC2=C3C(=C1)C=CC4=C(C=CC(=C43)C=C2)[N+](=O)[O-],Inactive
2630,363898405,21694,C1=CC2=C3C(=C1)C=CC4=C(C=CC(=C43)C=C2)[N+](=O)[O-],Active
2631,363898405,21694,C1=CC2=C3C(=C1)C=CC4=C(C=CC(=C43)C=C2)[N+](=O)[O-],Active
2632,363898405,21694,C1=CC2=C3C(=C1)C=CC4=C(C=CC(=C43)C=C2)[N+](=O)[O-],Inactive
2633,363898405,21694,C1=CC2=C3C(=C1)C=CC4=C(C=CC(=C43)C=C2)[N+](=O)[O-],Active
2634,363898405,21694,C1=CC2=C3C(=C1)C=CC4=C(C=CC(=C43)C=C2)[N+](=O)[O-],Active
2635,363898405,21694,C1=CC2=C3C(=C1)C=CC4=C(C=CC(=C43)C=C2)[N+](=O)[O-],Active
2636,363898405,21694,C1=CC2=C3C(=C1)C=CC4=C(C=CC(=C43)C=C2)[N+](=O)[O-],Active
2637,363898405,21694,C1=CC2=C3C(=C1)C=CC4=C(C=CC(=C43)C=C2)[N+](=O)[O-],Active
2638,363898406,11945,C1=CC2=C(C=CC(=C2)[N+](=O)[O-])N=C1,Inactive
2639,363898407,11830,C1=CC2=C(C(=C1)[N+](=O)[O-])N=CC=C2,Active
2640,363898408,,,Active
2641,363898408,,,Active
2642,363898408,,,Active
2643,363898408,,,Active
2644,363898408,,,Active
2645,363898408,,,Active
2646,363898408,,,Active
2647,363898408,,,Active
2648,363898408,,,Active
2649,363898408,,,Active
2650,363898408,,,Inactive
2651,363898408,,,Active
2652,363898408,,,Active
2653,363898408,,,Active
2654,363898408,,,Active
2655,363898408,,,Active
2656,363898408,,,Active
2657,363898408,,,Active
2658,363898408,,,Active
2659,363898408,,,Active
2660,363898408,,,Active
2661,363898408,,,Active
2662,363898408,,,Active
2663,363898408,,,Active
2664,363898408,,,Active
2665,363898408,,,Active
2666,363898408,,,Active
2667,363898409,40828,CC(CN(CC(C)O)N=O)O,Active
2668,363898409,40828,CC(CN(CC(C)O)N=O)O,Active
2669,363898409,40828,CC(CN(CC(C)O)N=O)O,Active
2670,363898409,40828,CC(CN(CC(C)O)N=O)O,Active
2671,363898409,40828,CC(CN(CC(C)O)N=O)O,Active
2672,363898409,40828,CC(CN(CC(C)O)N=O)O,Active
2673,363898409,40828,CC(CN(CC(C)O)N=O)O,Active
2674,363898409,40828,CC(CN(CC(C)O)N=O)O,Active
2675,363898409,40828,CC(CN(CC(C)O)N=O)O,Active
2676,363898409,40828,CC(CN(CC(C)O)N=O)O,Active
2677,363898409,40828,CC(CN(CC(C)O)N=O)O,Active
2678,363898409,40828,CC(CN(CC(C)O)N=O)O,Active
2679,363898409,40828,CC(CN(CC(C)O)N=O)O,Active
2680,363898409,40828,CC(CN(CC(C)O)N=O)O,Active
2681,363898410,43371,CC(=O)CN(CC(=O)C)N=O,Active
2682,363898410,43371,CC(=O)CN(CC(=O)C)N=O,Active
2683,363898410,43371,CC(=O)CN(CC(=O)C)N=O,Active
2684,363898410,43371,CC(=O)CN(CC(=O)C)N=O,Active
2685,363898410,43371,CC(=O)CN(CC(=O)C)N=O,Active
2686,363898410,43371,CC(=O)CN(CC(=O)C)N=O,Active
2687,363898410,43371,CC(=O)CN(CC(=O)C)N=O,Active
2688,363898410,43371,CC(=O)CN(CC(=O)C)N=O,Active
2689,363898410,43371,CC(=O)CN(CC(=O)C)N=O,Active
2690,363898410,43371,CC(=O)CN(CC(=O)C)N=O,Active
2691,363898410,43371,CC(=O)CN(CC(=O)C)N=O,Active
2692,363898410,43371,CC(=O)CN(CC(=O)C)N=O,Active
2693,363898410,43371,CC(=O)CN(CC(=O)C)N=O,Active
2694,363898410,43371,CC(=O)CN(CC(=O)C)N=O,Active
2695,363898410,43371,CC(=O)CN(CC(=O)C)N=O,Active
2696,363898410,43371,CC(=O)CN(CC(=O)C)N=O,Active
2697,363898410,43371,CC(=O)CN(CC(=O)C)N=O,Active
2698,363898410,43371,CC(=O)CN(CC(=O)C)N=O,Active
2699,363898410,43371,CC(=O)CN(CC(=O)C)N=O,Active
2700,363898410,43371,CC(=O)CN(CC(=O)C)N=O,Active
2701,363898411,54990,C(CC(F)(F)F)CN(CCCC(F)(F)F)N=O,Active
2702,363898412,149617,CCCCN(C(=O)CCC)N=O,Active
2703,363898413,14223,C(CO)N(CCO)N=O,Active
2704,363898413,14223,C(CO)N(CCO)N=O,Active
2705,363898413,14223,C(CO)N(CCO)N=O,Active
2706,363898413,14223,C(CO)N(CCO)N=O,Active
2707,363898413,14223,C(CO)N(CCO)N=O,Active
2708,363898413,14223,C(CO)N(CCO)N=O,Active
2709,363898414,6838,C1=CC=C(C=C1)N(C2=CC=CC=C2)N=O,Inactive
2710,363898414,6838,C1=CC=C(C=C1)N(C2=CC=CC=C2)N=O,Inactive
2711,363898414,6838,C1=CC=C(C=C1)N(C2=CC=CC=C2)N=O,Active
2712,363898414,6838,C1=CC=C(C=C1)N(C2=CC=CC=C2)N=O,Active
2713,363898415,9074,C1=CC=C(C=C1)NC2=CC=C(C=C2)N=O,Inactive
2714,363898415,9074,C1=CC=C(C=C1)NC2=CC=C(C=C2)N=O,Active
2715,363898415,9074,C1=CC=C(C=C1)NC2=CC=C(C=C2)N=O,Inactive
2716,363898415,9074,C1=CC=C(C=C1)NC2=CC=C(C=C2)N=O,Active
2717,363898416,135565414,C1=CC(=CC=C1C(=O)N([C@@H](CCC(=O)O)C(=O)O)N=O)NCC2=CN=C3C(=N2)C(=O)NC(=N3)N,Active
2718,363898417,30360,C1CCCN(CCC1)N=O,Active
2719,363898417,30360,C1CCCN(CCC1)N=O,Active
2720,363898417,30360,C1CCCN(CCC1)N=O,Active
2721,363898417,30360,C1CCCN(CCC1)N=O,Active
2722,363898417,30360,C1CCCN(CCC1)N=O,Inactive
2723,363898418,13613,C1CCCN(CC1)N=O,Active
2724,363898418,13613,C1CCCN(CC1)N=O,Active
2725,363898418,13613,C1CCCN(CC1)N=O,Active
2726,363898418,13613,C1CCCN(CC1)N=O,Active
2727,363898418,13613,C1CCCN(CC1)N=O,Active
2728,363898418,13613,C1CCCN(CC1)N=O,Active
2729,363898418,13613,C1CCCN(CC1)N=O,Active
2730,363898418,13613,C1CCCN(CC1)N=O,Active
2731,363898418,13613,C1CCCN(CC1)N=O,Active
2732,363898418,13613,C1CCCN(CC1)N=O,Active
2733,363898418,13613,C1CCCN(CC1)N=O,Active
2734,363898418,13613,C1CCCN(CC1)N=O,Active
2735,363898418,13613,C1CCCN(CC1)N=O,Active
2736,363898419,128951,CCC(=O)CNCN=O,Active
2737,363898419,128951,CCC(=O)CNCN=O,Active
2738,363898420,128952,CC(=O)CCNCN=O,Active
2739,363898420,128952,CC(=O)CCNCN=O,Active
2740,363898421,12001,CCOC(=O)N(C)N=O,Active
2741,363898421,12001,CCOC(=O)N(C)N=O,Active
2742,363898421,12001,CCOC(=O)N(C)N=O,Active
2743,363898421,12001,CCOC(=O)N(C)N=O,Active
2744,363898421,12001,CCOC(=O)N(C)N=O,Active
2745,363898421,12001,CCOC(=O)N(C)N=O,Active
2746,363898422,20678,CN(C=C)N=O,Active
2747,363898422,20678,CN(C=C)N=O,Active
2748,363898423,6046,C1COCCN1N=O,Active
2749,363898423,6046,C1COCCN1N=O,Active
2750,363898423,6046,C1COCCN1N=O,Active
2751,363898423,6046,C1COCCN1N=O,Active
2752,363898423,6046,C1COCCN1N=O,Active
2753,363898423,6046,C1COCCN1N=O,Active
2754,363898423,6046,C1COCCN1N=O,Active
2755,363898423,6046,C1COCCN1N=O,Active
2756,363898423,6046,C1COCCN1N=O,Active
2757,363898423,6046,C1COCCN1N=O,Active
2758,363898423,6046,C1COCCN1N=O,Active
2759,363898423,6046,C1COCCN1N=O,Active
2760,363898423,6046,C1COCCN1N=O,Active
2761,363898423,6046,C1COCCN1N=O,Active
2762,363898423,6046,C1COCCN1N=O,Active
2763,363898423,6046,C1COCCN1N=O,Active
2764,363898423,6046,C1COCCN1N=O,Inactive
2765,363898424,23098,C1=CC=C2C=C(C=CC2=C1)N=O,Active
2766,363898425,,,Inactive
2767,363898425,,,Inactive
2768,363898426,114957,C1COCN1N=O,Active
2769,363898426,114957,C1COCN1N=O,Active
2770,363898427,7526,C1CCN(CC1)N=O,Active
2771,363898427,7526,C1CCN(CC1)N=O,Active
2772,363898427,7526,C1CCN(CC1)N=O,Active
2773,363898427,7526,C1CCN(CC1)N=O,Active
2774,363898427,7526,C1CCN(CC1)N=O,Active
2775,363898427,7526,C1CCN(CC1)N=O,Active
2776,363898427,7526,C1CCN(CC1)N=O,Active
2777,363898427,7526,C1CCN(CC1)N=O,Active
2778,363898427,7526,C1CCN(CC1)N=O,Active
2779,363898428,13591,C1CCN(C1)N=O,Active
2780,363898428,13591,C1CCN(C1)N=O,Active
2781,363898428,13591,C1CCN(C1)N=O,Active
2782,363898428,13591,C1CCN(C1)N=O,Active
2783,363898428,13591,C1CCN(C1)N=O,Active
2784,363898428,13591,C1CCN(C1)N=O,Active
2785,363898428,13591,C1CCN(C1)N=O,Active
2786,363898428,13591,C1CCN(C1)N=O,Inactive
2787,363898429,25811,CN(CC(=O)O)N=O,Active
2788,363898429,25811,CN(CC(=O)O)N=O,Active
2789,363898429,25811,CN(CC(=O)O)N=O,Active
2790,363898430,11909,CC1=CC=CC=C1N=O,Active
2791,363898431,54806,CCN(CC(F)(F)F)N=O,Active
2792,363898433,7444,CC1=C(C=C(C=C1)[N+](=O)[O-])N,Active
2793,363898433,7444,CC1=C(C=C(C=C1)[N+](=O)[O-])N,Active
2794,363898433,7444,CC1=C(C=C(C=C1)[N+](=O)[O-])N,Inactive
2795,363898433,7444,CC1=C(C=C(C=C1)[N+](=O)[O-])N,Inactive
2796,363898434,6230,C[C@]12CC[C@H]3[C@H]([C@@H]1CC[C@]2(C#C)O)CCC4=CC(=O)CC[C@H]34,Active
2797,363898435,5832,CC(=O)O[C@]1(CC[C@@H]2[C@@]1(CC[C@H]3[C@H]2CCC4=CC(=O)CC[C@H]34)C)C#C,Active
2798,363898435,5832,CC(=O)O[C@]1(CC[C@@H]2[C@@]1(CC[C@H]3[C@H]2CCC4=CC(=O)CC[C@H]34)C)C#C,Active
2799,363898436,6231,C[C@]12CC[C@H]3[C@H]([C@@H]1CC[C@]2(C#C)O)CCC4=C3CCC(=O)C4,Active
2800,363898436,6231,C[C@]12CC[C@H]3[C@H]([C@@H]1CC[C@]2(C#C)O)CCC4=C3CCC(=O)C4,Active
2801,363898438,4616,C1=CC=C(C=C1)C2=NC(C(=O)NC3=C2C=C(C=C3)Cl)O,Active
2802,363898438,4616,C1=CC=C(C=C1)C2=NC(C(=O)NC3=C2C=C(C=C3)Cl)O,Active
2803,363898438,4616,C1=CC=C(C=C1)C2=NC(C(=O)NC3=C2C=C(C=C3)Cl)O,Active
2804,363898438,4616,C1=CC=C(C=C1)C2=NC(C(=O)NC3=C2C=C(C=C3)Cl)O,Active
2805,363898438,4616,C1=CC=C(C=C1)C2=NC(C(=O)NC3=C2C=C(C=C3)Cl)O,Active
2806,363898438,4616,C1=CC=C(C=C1)C2=NC(C(=O)NC3=C2C=C(C=C3)Cl)O,Unspecified
2807,363898438,4616,C1=CC=C(C=C1)C2=NC(C(=O)NC3=C2C=C(C=C3)Cl)O,Inactive
2808,363898438,4616,C1=CC=C(C=C1)C2=NC(C(=O)NC3=C2C=C(C=C3)Cl)O,Inactive
2809,363898438,4616,C1=CC=C(C=C1)C2=NC(C(=O)NC3=C2C=C(C=C3)Cl)O,Inactive
2810,363898438,4616,C1=CC=C(C=C1)C2=NC(C(=O)NC3=C2C=C(C=C3)Cl)O,Active
2811,363898438,4616,C1=CC=C(C=C1)C2=NC(C(=O)NC3=C2C=C(C=C3)Cl)O,Inactive
2812,363898438,4616,C1=CC=C(C=C1)C2=NC(C(=O)NC3=C2C=C(C=C3)Cl)O,Unspecified
2813,363898439,33770,CS(=O)CC(=O)C1=CC=CC=N1,Active
2814,363898439,33770,CS(=O)CC(=O)C1=CC=CC=N1,Inactive
2815,363898439,33770,CS(=O)CC(=O)C1=CC=CC=N1,Inactive
2816,363898439,33770,CS(=O)CC(=O)C1=CC=CC=N1,Active
2817,363898440,91630,CCCN(CC(=O)C)N=O,Active
2818,363898440,91630,CCCN(CC(=O)C)N=O,Active
2819,363898440,91630,CCCN(CC(=O)C)N=O,Active
2820,363898441,7579,C1=CC(=CC=C1N)OC2=CC=C(C=C2)N,Active
2821,363898441,7579,C1=CC(=CC=C1N)OC2=CC=C(C=C2)N,Active
2822,363898441,7579,C1=CC(=CC=C1N)OC2=CC=C(C=C2)N,Active
2823,363898441,7579,C1=CC(=CC=C1N)OC2=CC=C(C=C2)N,Active
2824,363898441,7579,C1=CC(=CC=C1N)OC2=CC=C(C=C2)N,Active
2825,363898441,7579,C1=CC(=CC=C1N)OC2=CC=C(C=C2)N,Active
2826,363898441,7579,C1=CC(=CC=C1N)OC2=CC=C(C=C2)N,Active
2827,363898441,7579,C1=CC(=CC=C1N)OC2=CC=C(C=C2)N,Active
2828,363898441,7579,C1=CC(=CC=C1N)OC2=CC=C(C=C2)N,Active
2829,363898442,5281034,C[C@]12CC[C@H]3[C@H]([C@@H]1CC[C@]2(C)O)CC[C@@H]4[C@@]3(C/C(=C/O)/C(=O)C4)C,Active
2830,363898442,5281034,C[C@]12CC[C@H]3[C@H]([C@@H]1CC[C@]2(C)O)CC[C@@H]4[C@@]3(C/C(=C/O)/C(=O)C4)C,Unspecified
2831,363898442,5281034,C[C@]12CC[C@H]3[C@H]([C@@H]1CC[C@]2(C)O)CC[C@@H]4[C@@]3(C/C(=C/O)/C(=O)C4)C,Active
2832,363898443,991,CCOP(=S)(OCC)OC1=CC=C(C=C1)[N+](=O)[O-],Inactive
2833,363898443,991,CCOP(=S)(OCC)OC1=CC=C(C=C1)[N+](=O)[O-],Inactive
2834,363898443,991,CCOP(=S)(OCC)OC1=CC=C(C=C1)[N+](=O)[O-],Unspecified
2835,363898443,991,CCOP(=S)(OCC)OC1=CC=C(C=C1)[N+](=O)[O-],Unspecified
2836,363898444,6419,C(C(Cl)(Cl)Cl)(Cl)Cl,Active
2837,363898444,6419,C(C(Cl)(Cl)Cl)(Cl)Cl,Active
2838,363898444,6419,C(C(Cl)(Cl)Cl)(Cl)Cl,Inactive
2839,363898444,6419,C(C(Cl)(Cl)Cl)(Cl)Cl,Unspecified
2840,363898445,6720,C1(=C(C(=C(C(=C1Cl)Cl)Cl)Cl)Cl)[N+](=O)[O-],Inactive
2841,363898445,6720,C1(=C(C(=C(C(=C1Cl)Cl)Cl)Cl)Cl)[N+](=O)[O-],Inactive
2842,363898445,6720,C1(=C(C(=C(C(=C1Cl)Cl)Cl)Cl)Cl)[N+](=O)[O-],Active
2843,363898445,6720,C1(=C(C(=C(C(=C1Cl)Cl)Cl)Cl)Cl)[N+](=O)[O-],Active
2844,363898445,6720,C1(=C(C(=C(C(=C1Cl)Cl)Cl)Cl)Cl)[N+](=O)[O-],Inactive
2845,363898445,6720,C1(=C(C(=C(C(=C1Cl)Cl)Cl)Cl)Cl)[N+](=O)[O-],Inactive
2846,363898445,6720,C1(=C(C(=C(C(=C1Cl)Cl)Cl)Cl)Cl)[N+](=O)[O-],Inactive
2847,363898446,4754,CCOC1=CC=C(C=C1)NC(=O)C,Active
2848,363898446,4754,CCOC1=CC=C(C=C1)NC(=O)C,Active
2849,363898446,4754,CCOC1=CC=C(C=C1)NC(=O)C,Active
2850,363898446,4754,CCOC1=CC=C(C=C1)NC(=O)C,Active
2851,363898446,4754,CCOC1=CC=C(C=C1)NC(=O)C,Active
2852,363898447,8691,C1=CC=C(C=C1)N=NC2=C(N=C(C=C2)N)N.Cl,Active
2853,363898447,8691,C1=CC=C(C=C1)N=NC2=C(N=C(C=C2)N)N.Cl,Active
2854,363898447,8691,C1=CC=C(C=C1)N=NC2=C(N=C(C=C2)N)N.Cl,Active
2855,363898447,8691,C1=CC=C(C=C1)N=NC2=C(N=C(C=C2)N)N.Cl,Active
2856,363898448,61100,C1=CC=C(C=C1)CCNN.OS(=O)(=O)O,Active
2857,363898448,61100,C1=CC=C(C=C1)CCNN.OS(=O)(=O)O,Inactive
2858,363898449,266461,C[C@H](CCCC(C)C)[C@H]1CC[C@@H]2[C@@]1(CC[C@H]3[C@H]2CC=C4[C@@]3(CC[C@@H](C4)OC(=O)CC5=CC=C(C=C5)N(CCCl)CCCl)C)C,Active
2859,363898449,266461,C[C@H](CCCC(C)C)[C@H]1CC[C@@H]2[C@@]1(CC[C@H]3[C@H]2CC=C4[C@@]3(CC[C@@H](C4)OC(=O)CC5=CC=C(C=C5)N(CCCl)CCCl)C)C,Active
2860,363898449,266461,C[C@H](CCCC(C)C)[C@H]1CC[C@@H]2[C@@]1(CC[C@H]3[C@H]2CC=C4[C@@]3(CC[C@@H](C4)OC(=O)CC5=CC=C(C=C5)N(CCCl)CCCl)C)C,Active
2861,363898449,266461,C[C@H](CCCC(C)C)[C@H]1CC[C@@H]2[C@@]1(CC[C@H]3[C@H]2CC=C4[C@@]3(CC[C@@H](C4)OC(=O)CC5=CC=C(C=C5)N(CCCl)CCCl)C)C,Inactive
2862,363898450,8249,C1=CC=C(C=C1)CCN=C(N)N=C(N)N,Inactive
2863,363898450,8249,C1=CC=C(C=C1)CCN=C(N)N=C(N)N,Inactive
2864,363898450,8249,C1=CC=C(C=C1)CCN=C(N)N=C(N)N,Inactive
2865,363898450,8249,C1=CC=C(C=C1)CCN=C(N)N=C(N)N,Inactive
2866,363898451,170220,C1=CC=C(C=C1)N(C(=O)N)N,Active
2867,363898452,4763,CCC1(C(=O)NC(=O)NC1=O)C2=CC=CC=C2,Active
2868,363898453,23674889,CCC1(C(=O)NC(=NC1=O)[O-])C2=CC=CC=C2.[Na+],Active
2869,363898453,23674889,CCC1(C(=O)NC(=NC1=O)[O-])C2=CC=CC=C2.[Na+],Active
2870,363898453,23674889,CCC1(C(=O)NC(=NC1=O)[O-])C2=CC=CC=C2.[Na+],Inactive
2871,363898453,23674889,CCC1(C(=O)NC(=NC1=O)[O-])C2=CC=CC=C2.[Na+],Inactive
2872,363898453,23674889,CCC1(C(=O)NC(=NC1=O)[O-])C2=CC=CC=C2.[Na+],Inactive
2873,363898454,996,C1=CC=C(C=C1)O,Inactive
2874,363898454,996,C1=CC=C(C=C1)O,Inactive
2875,363898454,996,C1=CC=C(C=C1)O,Inactive
2876,363898454,996,C1=CC=C(C=C1)O,Inactive
2877,363898455,4768,CC(COC1=CC=CC=C1)N(CCCl)CC2=CC=CC=C2,Active
2878,363898456,6141,CC(COC1=CC=CC=C1)[NH+](CCCl)CC2=CC=CC=C2.[Cl-],Active
2879,363898456,6141,CC(COC1=CC=CC=C1)[NH+](CCCl)CC2=CC=CC=C2.[Cl-],Active
2880,363898456,6141,CC(COC1=CC=CC=C1)[NH+](CCCl)CC2=CC=CC=C2.[Cl-],Active
2881,363898456,6141,CC(COC1=CC=CC=C1)[NH+](CCCl)CC2=CC=CC=C2.[Cl-],Active
2882,363898457,23654,CN(C)N=NC1=CC=CC=C1,Active
2883,363898457,23654,CN(C)N=NC1=CC=CC=C1,Active
2884,363898457,23654,CN(C)N=NC1=CC=CC=C1,Inactive
2885,363898457,23654,CN(C)N=NC1=CC=CC=C1,Inactive
2886,363898457,23654,CN(C)N=NC1=CC=CC=C1,Active
2887,363898457,23654,CN(C)N=NC1=CC=CC=C1,Active
2888,363898458,7243,C1=CC=C(C(=C1)N)N,Active
2889,363898458,7243,C1=CC=C(C(=C1)N)N,Active
2890,363898460,12205,C1=CC(=CC=C1N)N.Cl.Cl,Inactive
2891,363898460,12205,C1=CC(=CC=C1N)N.Cl.Cl,Inactive
2892,363898460,12205,C1=CC(=CC=C1N)N.Cl.Cl,Inactive
2893,363898460,12205,C1=CC(=CC=C1N)N.Cl.Cl,Inactive
2894,363898461,7516,C1=CC=C(C=C1)NN,Active
2895,363898462,4021,CC1=NN(C(=O)C1)C2=CC=CC=C2,Inactive
2896,363898462,4021,CC1=NN(C(=O)C1)C2=CC=CC=C2,Inactive
2897,363898462,4021,CC1=NN(C(=O)C1)C2=CC=CC=C2,Inactive
2898,363898462,4021,CC1=NN(C(=O)C1)C2=CC=CC=C2,Inactive
2899,363898463,7564,C1=CC=C(C=C1)NC2=CC=C(C=C2)N,Inactive
2900,363898463,7564,C1=CC=C(C=C1)NC2=CC=C(C=C2)N,Inactive
2901,363898463,7564,C1=CC=C(C=C1)NC2=CC=C(C=C2)N,Inactive
2902,363898463,7564,C1=CC=C(C=C1)NC2=CC=C(C=C2)N,Inactive
2903,363898464,676454,C1=CC=C(C=C1)NC(=S)N,Inactive
2904,363898464,676454,C1=CC=C(C=C1)NC(=S)N,Inactive
2905,363898464,676454,C1=CC=C(C=C1)NC(=S)N,Inactive
2906,363898464,676454,C1=CC=C(C=C1)NC(=S)N,Inactive
2907,363898465,1775,C1=CC=C(C=C1)C2(C(=O)NC(=O)N2)C3=CC=CC=C3,Active
2908,363898465,1775,C1=CC=C(C=C1)C2(C(=O)NC(=O)N2)C3=CC=CC=C3,Inactive
2909,363898465,1775,C1=CC=C(C=C1)C2(C(=O)NC(=O)N2)C3=CC=CC=C3,Inactive
2910,363898465,1775,C1=CC=C(C=C1)C2(C(=O)NC(=O)N2)C3=CC=CC=C3,Unspecified
2911,363898465,1775,C1=CC=C(C=C1)C2(C(=O)NC(=O)N2)C3=CC=CC=C3,Inactive
2912,363898465,1775,C1=CC=C(C=C1)C2(C(=O)NC(=O)N2)C3=CC=CC=C3,Inactive
2913,363898465,1775,C1=CC=C(C=C1)C2(C(=O)NC(=O)N2)C3=CC=CC=C3,Inactive
2914,363898465,1775,C1=CC=C(C=C1)C2(C(=O)NC(=O)N2)C3=CC=CC=C3,Inactive
2915,363898465,1775,C1=CC=C(C=C1)C2(C(=O)NC(=O)N2)C3=CC=CC=C3,Inactive
2916,363898465,1775,C1=CC=C(C=C1)C2(C(=O)NC(=O)N2)C3=CC=CC=C3,Inactive
2917,363898465,1775,C1=CC=C(C=C1)C2(C(=O)NC(=O)N2)C3=CC=CC=C3,Inactive
2918,363898465,1775,C1=CC=C(C=C1)C2(C(=O)NC(=O)N2)C3=CC=CC=C3,Inactive
2919,363898465,1775,C1=CC=C(C=C1)C2(C(=O)NC(=O)N2)C3=CC=CC=C3,Active
2920,363898465,1775,C1=CC=C(C=C1)C2(C(=O)NC(=O)N2)C3=CC=CC=C3,Inactive
2921,363898465,1775,C1=CC=C(C=C1)C2(C(=O)NC(=O)N2)C3=CC=CC=C3,Active
2922,363898465,1775,C1=CC=C(C=C1)C2(C(=O)NC(=O)N2)C3=CC=CC=C3,Inactive
2923,363898465,1775,C1=CC=C(C=C1)C2(C(=O)NC(=O)N2)C3=CC=CC=C3,Inactive
2924,363898465,1775,C1=CC=C(C=C1)C2(C(=O)NC(=O)N2)C3=CC=CC=C3,Inactive
2925,363898465,1775,C1=CC=C(C=C1)C2(C(=O)NC(=O)N2)C3=CC=CC=C3,Inactive
2926,363898466,3032604,CCN(CC)C(=O)/C(=C(\C)/OP(=O)(OC)OC)/Cl,Inactive
2927,363898466,3032604,CCN(CC)C(=O)/C(=C(\C)/OP(=O)(OC)OC)/Cl,Inactive
2928,363898466,3032604,CCN(CC)C(=O)/C(=C(\C)/OP(=O)(OC)OC)/Cl,Unspecified
2929,363898466,3032604,CCN(CC)C(=O)/C(=C(\C)/OP(=O)(OC)OC)/Cl,Unspecified
2930,363898467,122361661,[C@@H]12[C@@H]3[C@@H](O3)C4[C@@H]1[C@@]5([C@@H](C6(C4C2[C@]5(C6(Cl)Cl)Cl)Cl)Cl)Cl,Inactive
2931,363898467,122361661,[C@@H]12[C@@H]3[C@@H](O3)C4[C@@H]1[C@@]5([C@@H](C6(C4C2[C@]5(C6(Cl)Cl)Cl)Cl)Cl)Cl,Inactive
2932,363898467,122361661,[C@@H]12[C@@H]3[C@@H](O3)C4[C@@H]1[C@@]5([C@@H](C6(C4C2[C@]5(C6(Cl)Cl)Cl)Cl)Cl)Cl,Inactive
2933,363898467,122361661,[C@@H]12[C@@H]3[C@@H](O3)C4[C@@H]1[C@@]5([C@@H](C6(C4C2[C@]5(C6(Cl)Cl)Cl)Cl)Cl)Cl,Inactive
2934,363898468,6956,C1=CC=C(C(=C1)C(=O)N)C(=O)N,Inactive
2935,363898468,6956,C1=CC=C(C(=C1)C(=O)N)C(=O)N,Inactive
2936,363898468,6956,C1=CC=C(C(=C1)C(=O)N)C(=O)N,Inactive
2937,363898468,6956,C1=CC=C(C(=C1)C(=O)N)C(=O)N,Inactive
2938,363898469,6811,C1=CC=C2C(=C1)C(=O)OC2=O,Inactive
2939,363898469,6811,C1=CC=C2C(=C1)C(=O)OC2=O,Inactive
2940,363898469,6811,C1=CC=C2C(=C1)C(=O)OC2=O,Inactive
2941,363898469,6811,C1=CC=C2C(=C1)C(=O)OC2=O,Inactive
2942,363898470,15965,C1(=C(C(=NC(=C1Cl)Cl)C(=O)O)Cl)N,Inactive
2943,363898470,15965,C1(=C(C(=NC(=C1Cl)Cl)C(=O)O)Cl)N,Inactive
2944,363898470,15965,C1(=C(C(=NC(=C1Cl)Cl)C(=O)O)Cl)N,Inactive
2945,363898470,15965,C1(=C(C(=NC(=C1Cl)Cl)C(=O)O)Cl)N,Inactive
2946,363898470,15965,C1(=C(C(=NC(=C1Cl)Cl)C(=O)O)Cl)N,Inactive
2947,363898470,15965,C1(=C(C(=NC(=C1Cl)Cl)C(=O)O)Cl)N,Unspecified
2948,363898471,151324,CC(CN(C)C1=NN=C(C=C1)NN)O.Cl.Cl,Inactive
2949,363898472,5794,CCCCOCCOCCOCC1=CC2=C(C=C1CCC)OCO2,Inactive
2950,363898472,5794,CCCCOCCOCCOCC1=CC2=C(C=C1CCC)OCO2,Inactive
2951,363898472,5794,CCCCOCCOCCOCC1=CC2=C(C=C1CCC)OCO2,Inactive
2952,363898472,5794,CCCCOCCOCCOCC1=CC2=C(C=C1CCC)OCO2,Inactive
2953,363898472,5794,CCCCOCCOCCOCC1=CC2=C(C=C1CCC)OCO2,Inactive
2954,363898472,5794,CCCCOCCOCCOCC1=CC2=C(C=C1CCC)OCO2,Inactive
2955,363898472,5794,CCCCOCCOCCOCC1=CC2=C(C=C1CCC)OCO2,Active
2956,363898472,5794,CCCCOCCOCCOCC1=CC2=C(C=C1CCC)OCO2,Active
2957,363898472,5794,CCCCOCCOCCOCC1=CC2=C(C=C1CCC)OCO2,Active
2958,363898472,5794,CCCCOCCOCCOCC1=CC2=C(C=C1CCC)OCO2,Active
2959,363898472,5794,CCCCOCCOCCOCC1=CC2=C(C=C1CCC)OCO2,Active
2960,363898472,5794,CCCCOCCOCCOCC1=CC2=C(C=C1CCC)OCO2,Inactive
2961,363898472,5794,CCCCOCCOCCOCC1=CC2=C(C=C1CCC)OCO2,Inactive
2962,363898472,5794,CCCCOCCOCCOCC1=CC2=C(C=C1CCC)OCO2,Active
2963,363898472,5794,CCCCOCCOCCOCC1=CC2=C(C=C1CCC)OCO2,Active
2964,363898473,8442,CCCCCCCCS(=O)C(C)CC1=CC2=C(C=C1)OCO2,Inactive
2965,363898473,8442,CCCCCCCCS(=O)C(C)CC1=CC2=C(C=C1)OCO2,Active
2966,363898473,8442,CCCCCCCCS(=O)C(C)CC1=CC2=C(C=C1)OCO2,Inactive
2967,363898473,8442,CCCCCCCCS(=O)C(C)CC1=CC2=C(C=C1)OCO2,Inactive
2968,363898474,16059,CC1(COC1=O)C,Inactive
2969,363898474,16059,CC1(COC1=O)C,Inactive
2970,363898474,16059,CC1(COC1=O)C,Active
2971,363898474,16059,CC1(COC1=O)C,Active
2972,363898477,19095,CC1=CC(=C(C=C1C)N=NC2=C3C=CC(=CC3=CC(=C2O)S(=O)(=O)[O-])S(=O)(=O)[O-])C.[Na+].[Na+],Active
2973,363898479,23673461,[O-]Br(=O)=O.[K+],Active
2974,363898479,23673461,[O-]Br(=O)=O.[K+],Active
2975,363898479,23673461,[O-]Br(=O)=O.[K+],Active
2976,363898479,23673461,[O-]Br(=O)=O.[K+],Inactive
2977,363898479,23673461,[O-]Br(=O)=O.[K+],Inactive
2978,363898479,23673461,[O-]Br(=O)=O.[K+],Inactive
2979,363898479,23673461,[O-]Br(=O)=O.[K+],Inactive
2980,363898479,23673461,[O-]Br(=O)=O.[K+],Active
2981,363898479,23673461,[O-]Br(=O)=O.[K+],Active
2982,363898479,23673461,[O-]Br(=O)=O.[K+],Active
2983,363898479,23673461,[O-]Br(=O)=O.[K+],Active
2984,363898479,23673461,[O-]Br(=O)=O.[K+],Inactive
2985,363898479,23673461,[O-]Br(=O)=O.[K+],Active
2986,363898481,9703,CC(C)NC(=O)C1=CC=C(C=C1)CNNC.Cl,Active
2987,363898481,9703,CC(C)NC(=O)C1=CC=C(C=C1)CNNC.Cl,Active
2988,363898481,9703,CC(C)NC(=O)C1=CC=C(C=C1)CNNC.Cl,Active
2989,363898481,9703,CC(C)NC(=O)C1=CC=C(C=C1)CNNC.Cl,Active
2990,363898481,9703,CC(C)NC(=O)C1=CC=C(C=C1)CNNC.Cl,Active
2991,363898482,44581885,C1=CC(=CC2=[NH+]C3=C(C=CC(=C3)N)C=C21)N.[Cl-],Inactive
2992,363898482,44581885,C1=CC(=CC2=[NH+]C3=C(C=CC(=C3)N)C=C21)N.[Cl-],Unspecified
2993,363898482,44581885,C1=CC(=CC2=[NH+]C3=C(C=CC(=C3)N)C=C21)N.[Cl-],Unspecified
2994,363898482,44581885,C1=CC(=CC2=[NH+]C3=C(C=CC(=C3)N)C=C21)N.[Cl-],Unspecified
2995,363898483,5994,CC(=O)[C@H]1CC[C@@H]2[C@@]1(CC[C@H]3[C@H]2CCC4=CC(=O)CC[C@]34C)C,Active
2996,363898484,60975,CC(C)NCC(C1=CC2=CC=CC=C2C=C1)O.Cl,Active
2997,363898485,14264,C1COS(=O)(=O)C1,Active
2998,363898485,14264,C1COS(=O)(=O)C1,Active
2999,363898485,14264,C1COS(=O)(=O)C1,Active
3000,363898485,14264,C1COS(=O)(=O)C1,Active
3001,363898485,14264,C1COS(=O)(=O)C1,Active
3002,363898486,2365,C1COC1=O,Active
3003,363898486,2365,C1COC1=O,Active
3004,363898486,2365,C1COC1=O,Active
3005,363898486,2365,C1COC1=O,Active
3006,363898486,2365,C1COC1=O,Active
3007,363898486,2365,C1COC1=O,Active
3008,363898486,2365,C1COC1=O,Active
3009,363898487,47807,CCCN(COC(=O)C)N=O,Active
3010,363898487,47807,CCCN(COC(=O)C)N=O,Active
3011,363898488,12306,CCCOC(=O)N,Active
3012,363898489,6377,CC1CN1,Active
3013,363898489,6377,CC1CN1,Active
3014,363898490,6378,CC1CO1,Active
3015,363898490,6378,CC1CO1,Active
3016,363898490,6378,CC1CO1,Active
3017,363898490,6378,CC1CO1,Active
3018,363898490,6378,CC1CO1,Active
3019,363898490,6378,CC1CO1,Active
3020,363898490,6378,CC1CO1,Active
3021,363898490,6378,CC1CO1,Active
3022,363898490,6378,CC1CO1,Inactive
3023,363898491,4947,CCCOC(=O)C1=CC(=C(C(=C1)O)O)O,Unspecified
3024,363898491,4947,CCCOC(=O)C1=CC(=C(C(=C1)O)O)O,Inactive
3025,363898491,4947,CCCOC(=O)C1=CC(=C(C(=C1)O)O)O,Unspecified
3026,363898491,4947,CCCOC(=O)C1=CC(=C(C(=C1)O)O)O,Inactive
3027,363898492,33643,CCCI,Active
3028,363898493,13157,CCCN(C(=O)N)N=O,Active
3029,363898493,13157,CCCN(C(=O)N)N=O,Active
3030,363898493,13157,CCCN(C(=O)N)N=O,Active
3031,363898493,13157,CCCN(C(=O)N)N=O,Active
3032,363898494,657298,CCCC1=CC(=O)NC(=S)N1,Active
3033,363898494,657298,CCCC1=CC(=O)NC(=S)N1,Active
3034,363898494,657298,CCCC1=CC(=O)NC(=S)N1,Active
3035,363898495,1046,C1=CN=C(C=N1)C(=O)N,Inactive
3036,363898495,1046,C1=CN=C(C=N1)C(=O)N,Inactive
3037,363898495,1046,C1=CN=C(C=N1)C(=O)N,Inactive
3038,363898496,4993,CCC1=C(C(=NC(=N1)N)N)C2=CC=C(C=C2)Cl,Inactive
3039,363898496,4993,CCC1=C(C(=NC(=N1)N)N)C2=CC=C(C=C2)Cl,Inactive
3040,363898496,4993,CCC1=C(C(=NC(=N1)N)N)C2=CC=C(C=C2)Cl,Inactive
3041,363898497,7047,C1=CC=C2C(=C1)C=CC=N2,Active
3042,363898497,7047,C1=CC=C2C(=C1)C=CC=N2,Active
3043,363898497,7047,C1=CC=C2C(=C1)C=CC=N2,Inactive
3044,363898497,7047,C1=CC=C2C(=C1)C=CC=N2,Inactive
3045,363898497,7047,C1=CC=C2C(=C1)C=CC=N2,Active
3046,363898497,7047,C1=CC=C2C(=C1)C=CC=N2,Active
3047,363898497,7047,C1=CC=C2C(=C1)C=CC=N2,Active
3048,363898497,7047,C1=CC=C2C(=C1)C=CC=N2,Inactive
3049,363898497,7047,C1=CC=C2C(=C1)C=CC=N2,Inactive
3050,363898497,7047,C1=CC=C2C(=C1)C=CC=N2,Active
3051,363898497,7047,C1=CC=C2C(=C1)C=CC=N2,Inactive
3052,363898497,7047,C1=CC=C2C(=C1)C=CC=N2,Inactive
3053,363898497,7047,C1=CC=C2C(=C1)C=CC=N2,Active
3054,363898499,7737,C1=CC(=CC=C1NO)N=O,Inactive
3055,363898499,7737,C1=CC(=CC=C1NO)N=O,Inactive
3056,363898499,7737,C1=CC(=CC=C1NO)N=O,Inactive
3057,363898499,7737,C1=CC(=CC=C1NO)N=O,Active
3058,363898500,5770,CO[C@H]1[C@@H](C[C@@H]2CN3CCC4=C([C@H]3C[C@@H]2[C@@H]1C(=O)OC)NC5=C4C=CC(=C5)OC)OC(=O)C6=CC(=C(C(=C6)OC)OC)OC,Active
3059,363898500,5770,CO[C@H]1[C@@H](C[C@@H]2CN3CCC4=C([C@H]3C[C@@H]2[C@@H]1C(=O)OC)NC5=C4C=CC(=C5)OC)OC(=O)C6=CC(=C(C(=C6)OC)OC)OC,Active
3060,363898500,5770,CO[C@H]1[C@@H](C[C@@H]2CN3CCC4=C([C@H]3C[C@@H]2[C@@H]1C(=O)OC)NC5=C4C=CC(=C5)OC)OC(=O)C6=CC(=C(C(=C6)OC)OC)OC,Inactive
3061,363898500,5770,CO[C@H]1[C@@H](C[C@@H]2CN3CCC4=C([C@H]3C[C@@H]2[C@@H]1C(=O)OC)NC5=C4C=CC(=C5)OC)OC(=O)C6=CC(=C(C(=C6)OC)OC)OC,Active
3062,363898501,135550179,C[C@H]1/C=C/C=C(\C(=O)NC2=C(C(=C3C(=C2O)C(=C(C4=C3C(=O)[C@](O4)(O/C=C/[C@@H]([C@H]([C@H]([C@@H]([C@@H]([C@@H]([C@H]1O)C)O)C)OC(=O)C)C)OC)C)C)O)O)/C=N\N5CCN(CC5)C)/C,Active
3063,363898502,33474,CCN1C2=C(C(=N1)C)NC(=O)CN=C2C3=CC=CC=C3,Inactive
3064,363898502,33474,CCN1C2=C(C(=N1)C)NC(=O)CN=C2C3=CC=CC=C3,Inactive
3065,363898502,33474,CCN1C2=C(C(=N1)C)NC(=O)CN=C2C3=CC=CC=C3,Active
3066,363898502,33474,CCN1C2=C(C(=N1)C)NC(=O)CN=C2C3=CC=CC=C3,Inactive
3067,363898503,5144,C=CCC1=CC2=C(C=C1)OCO2,Active
3068,363898503,5144,C=CCC1=CC2=C(C=C1)OCO2,Active
3069,363898503,5144,C=CCC1=CC2=C(C=C1)OCO2,Active
3070,363898503,5144,C=CCC1=CC2=C(C=C1)OCO2,Active
3071,363898503,5144,C=CCC1=CC2=C(C=C1)OCO2,Active
3072,363898503,5144,C=CCC1=CC2=C(C=C1)OCO2,Active
3073,363898503,5144,C=CCC1=CC2=C(C=C1)OCO2,Active
3074,363898503,5144,C=CCC1=CC2=C(C=C1)OCO2,Active
3075,363898504,24011,S=[Se],Active
3076,363898504,24011,S=[Se],Inactive
3077,363898504,24011,S=[Se],Inactive
3078,363898504,24011,S=[Se],Inactive
3079,363898504,24011,S=[Se],Active
3080,363898504,24011,S=[Se],Active
3081,363898506,11236,C(=O)(N)NN.Cl,Active
3082,363898506,11236,C(=O)(N)NN.Cl,Inactive
3083,363898507,5281752,C/C=C\1/C[C@H]([C@@](C(=O)OC/C/2=C/CN(CC[C@H](C2=O)OC1=O)C)(C)O)C,Active
3084,363898508,24268,[N+](=O)([O-])[O-].[Na+],Inactive
3085,363898509,23668193,N(=O)[O-].[Na+],Inactive
3086,363898509,23668193,N(=O)[O-].[Na+],Inactive
3087,363898509,23668193,N(=O)[O-].[Na+],Inactive
3088,363898509,23668193,N(=O)[O-].[Na+],Inactive
3089,363898509,23668193,N(=O)[O-].[Na+],Inactive
3090,363898509,23668193,N(=O)[O-].[Na+],Inactive
3091,363898509,23668193,N(=O)[O-].[Na+],Inactive
3092,363898509,23668193,N(=O)[O-].[Na+],Inactive
3093,363898509,23668193,N(=O)[O-].[Na+],Inactive
3094,363898509,23668193,N(=O)[O-].[Na+],Inactive
3095,363898509,23668193,N(=O)[O-].[Na+],Inactive
3096,363898509,23668193,N(=O)[O-].[Na+],Inactive
3097,363898509,23668193,N(=O)[O-].[Na+],Unspecified
3098,363898510,24479,Cl[Sn]Cl,Inactive
3099,363898510,24479,Cl[Sn]Cl,Inactive
3100,363898510,24479,Cl[Sn]Cl,Inactive
3101,363898510,24479,Cl[Sn]Cl,Unspecified
3102,363898511,5280389,COC1=C2C(=C3[C@@H]4C=CO[C@@H]4OC3=C1)OC5=CC=CC(=C5C2=O)O,Active
3103,363898511,5280389,COC1=C2C(=C3[C@@H]4C=CO[C@@H]4OC3=C1)OC5=CC=CC(=C5C2=O)O,Active
3104,363898511,5280389,COC1=C2C(=C3[C@@H]4C=CO[C@@H]4OC3=C1)OC5=CC=CC(=C5C2=O)O,Active
3105,363898511,5280389,COC1=C2C(=C3[C@@H]4C=CO[C@@H]4OC3=C1)OC5=CC=CC(=C5C2=O)O,Active
3106,363898511,5280389,COC1=C2C(=C3[C@@H]4C=CO[C@@H]4OC3=C1)OC5=CC=CC(=C5C2=O)O,Active
3107,363898512,23615975,CN(C(=O)N[C@@H](C=O)[C@H]([C@@H]([C@@H](CO)O)O)O)N=O,Active
3108,363898512,23615975,CN(C(=O)N[C@@H](C=O)[C@H]([C@@H]([C@@H](CO)O)O)O)N=O,Active
3109,363898512,23615975,CN(C(=O)N[C@@H](C=O)[C@H]([C@@H]([C@@H](CO)O)O)O)N=O,Active
3110,363898512,23615975,CN(C(=O)N[C@@H](C=O)[C@H]([C@@H]([C@@H](CO)O)O)O)N=O,Active
3111,363898512,23615975,CN(C(=O)N[C@@H](C=O)[C@H]([C@@H]([C@@H](CO)O)O)O)N=O,Active
3112,363898512,23615975,CN(C(=O)N[C@@H](C=O)[C@H]([C@@H]([C@@H](CO)O)O)O)N=O,Active
3113,363898513,24599,[O-][Cr](=O)(=O)[O-].[Sr+2],Active
3114,363898514,7501,C=CC1=CC=CC=C1,Inactive
3115,363898514,7501,C=CC1=CC=CC=C1,Active
3116,363898514,7501,C=CC1=CC=CC=C1,Inactive
3117,363898514,7501,C=CC1=CC=CC=C1,Inactive
3118,363898514,7501,C=CC1=CC=CC=C1,Inactive
3119,363898514,7501,C=CC1=CC=CC=C1,Inactive
3120,363898514,7501,C=CC1=CC=CC=C1,Inactive
3121,363898514,7501,C=CC1=CC=CC=C1,Inactive
3122,363898514,7501,C=CC1=CC=CC=C1,Inactive
3123,363898514,7501,C=CC1=CC=CC=C1,Inactive
3124,363898514,7501,C=CC1=CC=CC=C1,Active
3125,363898514,7501,C=CC1=CC=CC=C1,Inactive
3126,363898514,7501,C=CC1=CC=CC=C1,Inactive
3127,363898514,7501,C=CC1=CC=CC=C1,Inactive
3128,363898514,7501,C=CC1=CC=CC=C1,Active
3129,363898514,7501,C=CC1=CC=CC=C1,Active
3130,363898514,7501,C=CC1=CC=CC=C1,Inactive
3131,363898514,7501,C=CC1=CC=CC=C1,Inactive
3132,363898514,7501,C=CC1=CC=CC=C1,Inactive
3133,363898514,7501,C=CC1=CC=CC=C1,Inactive
3134,363898514,7501,C=CC1=CC=CC=C1,Inactive
3135,363898514,7501,C=CC1=CC=CC=C1,Inactive
3136,363898514,7501,C=CC1=CC=CC=C1,Inactive
3137,363898514,7501,C=CC1=CC=CC=C1,Inactive
3138,363898514,7501,C=CC1=CC=CC=C1,Inactive
3139,363898514,7501,C=CC1=CC=CC=C1,Inactive
3140,363898514,7501,C=CC1=CC=CC=C1,Inactive
3141,363898514,7501,C=CC1=CC=CC=C1,Inactive
3142,363898514,7501,C=CC1=CC=CC=C1,Active
3143,363898514,7501,C=CC1=CC=CC=C1,Active
3144,363898514,7501,C=CC1=CC=CC=C1,Unspecified
3145,363898516,7216,CCN(CC)C(=S)SCC(=C)Cl,Active
3146,363898516,7216,CCN(CC)C(=S)SCC(=C)Cl,Active
3147,363898516,7216,CCN(CC)C(=S)SCC(=C)Cl,Active
3148,363898516,7216,CCN(CC)C(=S)SCC(=C)Cl,Active
3149,363898517,5329,CC1=CC(=NO1)NS(=O)(=O)C2=CC=C(C=C2)N,Active
3150,363898518,5344,CC1=C(ON=C1C)NS(=O)(=O)C2=CC=C(C=C2)N,Inactive
3151,363898518,5344,CC1=C(ON=C1C)NS(=O)(=O)C2=CC=C(C=C2)N,Inactive
3152,363898518,5344,CC1=C(ON=C1C)NS(=O)(=O)C2=CC=C(C=C2)N,Inactive
3153,363898518,5344,CC1=C(ON=C1C)NS(=O)(=O)C2=CC=C(C=C2)N,Inactive
3154,363898519,6498,C1C=CCS1(=O)=O,Inactive
3155,363898519,6498,C1C=CCS1(=O)=O,Inactive
3156,363898519,6498,C1C=CCS1(=O)=O,Inactive
3157,363898519,6498,C1C=CCS1(=O)=O,Inactive
3158,363898520,10461,C(CCl)SCCCl,Active
3159,363898520,10461,C(CCl)SCCCl,Active
3160,363898520,10461,C(CCl)SCCCl,Active
3161,363898521,16133892,C1=C(C=C(C(=C1O)O)O)C(=O)OC2=CC(=CC(=C2O)O)C(=O)OC[C@H]3[C@@H]([C@H]([C@@H]([C@H](O3)OC(=O)C4=CC(=C(C(=C4)OC(=O)C5=CC(=C(C(=C5)O)O)O)O)O)OC(=O)C6=CC(=C(C(=C6)OC(=O)C7=CC(=C(C(=C7)O)O)O)O)O)OC(=O)C8=CC(=C(C(=C8)OC(=O)C9=CC(=C(C(=C9)O)O)O)O)O)OC(=O)C1=CC(=C(C(=C1)OC(=O)C1=CC(=C(C(=C1)O)O)O)O)O,Active
3162,363898521,16133892,C1=C(C=C(C(=C1O)O)O)C(=O)OC2=CC(=CC(=C2O)O)C(=O)OC[C@H]3[C@@H]([C@H]([C@@H]([C@H](O3)OC(=O)C4=CC(=C(C(=C4)OC(=O)C5=CC(=C(C(=C5)O)O)O)O)O)OC(=O)C6=CC(=C(C(=C6)OC(=O)C7=CC(=C(C(=C7)O)O)O)O)O)OC(=O)C8=CC(=C(C(=C8)OC(=O)C9=CC(=C(C(=C9)O)O)O)O)O)OC(=O)C1=CC(=C(C(=C1)OC(=O)C1=CC(=C(C(=C1)O)O)O)O)O,Active
3163,363898521,16133892,C1=C(C=C(C(=C1O)O)O)C(=O)OC2=CC(=CC(=C2O)O)C(=O)OC[C@H]3[C@@H]([C@H]([C@@H]([C@H](O3)OC(=O)C4=CC(=C(C(=C4)OC(=O)C5=CC(=C(C(=C5)O)O)O)O)O)OC(=O)C6=CC(=C(C(=C6)OC(=O)C7=CC(=C(C(=C7)O)O)O)O)O)OC(=O)C8=CC(=C(C(=C8)OC(=O)C9=CC(=C(C(=C9)O)O)O)O)O)OC(=O)C1=CC(=C(C(=C1)OC(=O)C1=CC(=C(C(=C1)O)O)O)O)O,Inactive
3164,363898521,16133892,C1=C(C=C(C(=C1O)O)O)C(=O)OC2=CC(=CC(=C2O)O)C(=O)OC[C@H]3[C@@H]([C@H]([C@@H]([C@H](O3)OC(=O)C4=CC(=C(C(=C4)OC(=O)C5=CC(=C(C(=C5)O)O)O)O)O)OC(=O)C6=CC(=C(C(=C6)OC(=O)C7=CC(=C(C(=C7)O)O)O)O)O)OC(=O)C8=CC(=C(C(=C8)OC(=O)C9=CC(=C(C(=C9)O)O)O)O)O)OC(=O)C1=CC(=C(C(=C1)OC(=O)C1=CC(=C(C(=C1)O)O)O)O)O,Inactive
3165,363898522,,,Inactive
3166,363898522,,,Inactive
3167,363898522,,,Inactive
3168,363898522,,,Inactive
3169,363898523,6294,C1=CC(=CC=C1C(C2=CC=C(C=C2)Cl)C(Cl)Cl)Cl,Inactive
3170,363898523,6294,C1=CC(=CC=C1C(C2=CC=C(C=C2)Cl)C(Cl)Cl)Cl,Inactive
3171,363898523,6294,C1=CC(=CC=C1C(C2=CC=C(C=C2)Cl)C(Cl)Cl)Cl,Active
3172,363898523,6294,C1=CC(=CC=C1C(C2=CC=C(C=C2)Cl)C(Cl)Cl)Cl,Inactive
3173,363898523,6294,C1=CC(=CC=C1C(C2=CC=C(C=C2)Cl)C(Cl)Cl)Cl,Unspecified
3174,363898524,6013,C[C@]12CC[C@H]3[C@H]([C@@H]1CC[C@@H]2O)CCC4=CC(=O)CC[C@]34C,Active
3175,363898524,6013,C[C@]12CC[C@H]3[C@H]([C@@H]1CC[C@@H]2O)CCC4=CC(=O)CC[C@]34C,Active
3176,363898525,5995,CCC(=O)O[C@H]1CC[C@@H]2[C@@]1(CC[C@H]3[C@H]2CCC4=CC(=O)CC[C@]34C)C,Active
3177,363898525,5995,CCC(=O)O[C@H]1CC[C@@H]2[C@@]1(CC[C@H]3[C@H]2CCC4=CC(=O)CC[C@]34C)C,Active
3178,363898526,15625,C1=C2C(=CC(=C1Cl)Cl)OC3=CC(=C(C=C3O2)Cl)Cl,Active
3179,363898526,15625,C1=C2C(=CC(=C1Cl)Cl)OC3=CC(=C(C=C3O2)Cl)Cl,Active
3180,363898526,15625,C1=C2C(=CC(=C1Cl)Cl)OC3=CC(=C(C=C3O2)Cl)Cl,Active
3181,363898526,15625,C1=C2C(=CC(=C1Cl)Cl)OC3=CC(=C(C=C3O2)Cl)Cl,Active
3182,363898526,15625,C1=C2C(=CC(=C1Cl)Cl)OC3=CC(=C(C=C3O2)Cl)Cl,Active
3183,363898526,15625,C1=C2C(=CC(=C1Cl)Cl)OC3=CC(=C(C=C3O2)Cl)Cl,Active
3184,363898526,15625,C1=C2C(=CC(=C1Cl)Cl)OC3=CC(=C(C=C3O2)Cl)Cl,Active
3185,363898526,15625,C1=C2C(=CC(=C1Cl)Cl)OC3=CC(=C(C=C3O2)Cl)Cl,Active
3186,363898526,15625,C1=C2C(=CC(=C1Cl)Cl)OC3=CC(=C(C=C3O2)Cl)Cl,Active
3187,363898526,15625,C1=C2C(=CC(=C1Cl)Cl)OC3=CC(=C(C=C3O2)Cl)Cl,Unspecified
3188,363898526,15625,C1=C2C(=CC(=C1Cl)Cl)OC3=CC(=C(C=C3O2)Cl)Cl,Active
3189,363898526,15625,C1=C2C(=CC(=C1Cl)Cl)OC3=CC(=C(C=C3O2)Cl)Cl,Active
3190,363898526,15625,C1=C2C(=CC(=C1Cl)Cl)OC3=CC(=C(C=C3O2)Cl)Cl,Inactive
3191,363898526,15625,C1=C2C(=CC(=C1Cl)Cl)OC3=CC(=C(C=C3O2)Cl)Cl,Active
3192,363898527,12418,C(C(Cl)(Cl)Cl)Cl,Active
3193,363898527,12418,C(C(Cl)(Cl)Cl)Cl,Active
3194,363898527,12418,C(C(Cl)(Cl)Cl)Cl,Inactive
3195,363898527,12418,C(C(Cl)(Cl)Cl)Cl,Unspecified
3196,363898528,6591,C(C(Cl)Cl)(Cl)Cl,Active
3197,363898528,6591,C(C(Cl)Cl)(Cl)Cl,Active
3198,363898528,6591,C(C(Cl)Cl)(Cl)Cl,Inactive
3199,363898528,6591,C(C(Cl)Cl)(Cl)Cl,Unspecified
3200,363898529,31373,C(=C(Cl)Cl)(Cl)Cl,Active
3201,363898529,31373,C(=C(Cl)Cl)(Cl)Cl,Active
3202,363898529,31373,C(=C(Cl)Cl)(Cl)Cl,Active
3203,363898529,31373,C(=C(Cl)Cl)(Cl)Cl,Active
3204,363898529,31373,C(=C(Cl)Cl)(Cl)Cl,Active
3205,363898529,31373,C(=C(Cl)Cl)(Cl)Cl,Active
3206,363898530,17107,COC1=C(C(=C(C(=C1Cl)Cl)[N+](=O)[O-])Cl)Cl,Inactive
3207,363898530,17107,COC1=C(C(=C(C(=C1Cl)Cl)[N+](=O)[O-])Cl)Cl,Inactive
3208,363898530,17107,COC1=C(C(=C(C(=C1Cl)Cl)[N+](=O)[O-])Cl)Cl,Inactive
3209,363898530,17107,COC1=C(C(=C(C(=C1Cl)Cl)[N+](=O)[O-])Cl)Cl,Inactive
3210,363898531,13745,COP(=O)(OC)OC(=CCl)C1=CC(=C(C=C1Cl)Cl)Cl,Active
3211,363898531,13745,COP(=O)(OC)OC(=CCl)C1=CC(=C(C=C1Cl)Cl)Cl,Inactive
3212,363898532,3117,CCN(CC)C(=S)SSC(=S)N(CC)CC,Inactive
3213,363898532,3117,CCN(CC)C(=S)SSC(=S)N(CC)CC,Inactive
3214,363898532,3117,CCN(CC)C(=S)SSC(=S)N(CC)CC,Inactive
3215,363898532,3117,CCN(CC)C(=S)SSC(=S)N(CC)CC,Inactive
3216,363898533,93185,C1CN(COC1)N=O,Active
3217,363898534,2723949,CC(=S)N,Active
3218,363898534,2723949,CC(=S)N,Active
3219,363898535,8765,C1=CC(=CC=C1N)SC2=CC=C(C=C2)N,Active
3220,363898535,8765,C1=CC(=CC=C1N)SC2=CC=C(C=C2)N,Active
3221,363898535,8765,C1=CC(=CC=C1N)SC2=CC=C(C=C2)N,Active
3222,363898535,8765,C1=CC(=CC=C1N)SC2=CC=C(C=C2)N,Active
3223,363898536,5453,C1CN1P(=S)(N2CC2)N3CC3,Active
3224,363898536,5453,C1CN1P(=S)(N2CC2)N3CC3,Active
3225,363898536,5453,C1CN1P(=S)(N2CC2)N3CC3,Active
3226,363898536,5453,C1CN1P(=S)(N2CC2)N3CC3,Active
3227,363898537,1269845,C1=CNC(=S)NC1=O,Active
3228,363898537,1269845,C1=CNC(=S)NC1=O,Active
3229,363898538,2723790,C(=S)(N)N,Active
3230,363898539,32335,C[C@@H]1C[C@@H](CN(C1)S(=O)(=O)C2=CC(=C(C=C2)Cl)C(=O)O)C,Active
3231,363898540,26042,O=[Ti]=O,Inactive
3232,363898540,26042,O=[Ti]=O,Inactive
3233,363898540,26042,O=[Ti]=O,Inactive
3234,363898540,26042,O=[Ti]=O,Inactive
3235,363898540,26042,O=[Ti]=O,Active
3236,363898540,26042,O=[Ti]=O,Active
3237,363898540,26042,O=[Ti]=O,Active
3238,363898540,26042,O=[Ti]=O,Inactive
3239,363898540,26042,O=[Ti]=O,Inactive
3240,363898540,26042,O=[Ti]=O,Active
3241,363898540,26042,O=[Ti]=O,Inactive
3242,363898540,26042,O=[Ti]=O,Inactive
3243,363898540,26042,O=[Ti]=O,Active
3244,363898540,26042,O=[Ti]=O,Active
3245,363898540,26042,O=[Ti]=O,Active
3246,363898540,26042,O=[Ti]=O,Active
3247,363898541,5503,CC1=CC=C(C=C1)S(=O)(=O)NC(=O)NN2CCCCCC2,Inactive
3248,363898541,5503,CC1=CC=C(C=C1)S(=O)(=O)NC(=O)NN2CCCCCC2,Inactive
3249,363898541,5503,CC1=CC=C(C=C1)S(=O)(=O)NC(=O)NN2CCCCCC2,Inactive
3250,363898541,5503,CC1=CC=C(C=C1)S(=O)(=O)NC(=O)NN2CCCCCC2,Inactive
3251,363898542,5505,CCCCNC(=O)NS(=O)(=O)C1=CC=C(C=C1)C,Inactive
3252,363898542,5505,CCCCNC(=O)NS(=O)(=O)C1=CC=C(C=C1)C,Inactive
3253,363898542,5505,CCCCNC(=O)NS(=O)(=O)C1=CC=C(C=C1)C,Inactive
3254,363898542,5505,CCCCNC(=O)NS(=O)(=O)C1=CC=C(C=C1)C,Inactive
3255,363898544,27324,CC1=C(C=CC=C1N)N.Cl.Cl,Inactive
3256,363898544,27324,CC1=C(C=CC=C1N)N.Cl.Cl,Inactive
3257,363898544,27324,CC1=C(C=CC=C1N)N.Cl.Cl,Inactive
3258,363898544,27324,CC1=C(C=CC=C1N)N.Cl.Cl,Inactive
3259,363898545,22856,CC1=C(C=CC(=C1)N)N.OS(=O)(=O)O,Inactive
3260,363898545,22856,CC1=C(C=CC(=C1)N)N.OS(=O)(=O)O,Inactive
3261,363898545,22856,CC1=C(C=CC(=C1)N)N.OS(=O)(=O)O,Inactive
3262,363898545,22856,CC1=C(C=CC(=C1)N)N.OS(=O)(=O)O,Inactive
3263,363898546,,,Active
3264,363898546,,,Active
3265,363898546,,,Inactive
3266,363898546,,,Active
3267,363898546,,,Inactive
3268,363898546,,,Inactive
3269,363898546,,,Inactive
3270,363898546,,,Inactive
3271,363898548,7813,CC1=CC=C(C=C1)N,Active
3272,363898549,12484,CC1=CC=CC=C1N.Cl,Active
3273,363898549,12484,CC1=CC=CC=C1N.Cl,Active
3274,363898549,12484,CC1=CC=CC=C1N.Cl,Active
3275,363898549,12484,CC1=CC=CC=C1N.Cl,Active
3276,363898549,12484,CC1=CC=CC=C1N.Cl,Active
3277,363898549,12484,CC1=CC=CC=C1N.Cl,Active
3278,363898549,12484,CC1=CC=CC=C1N.Cl,Active
3279,363898549,12484,CC1=CC=CC=C1N.Cl,Active
3280,363898549,12484,CC1=CC=CC=C1N.Cl,Active
3281,363898550,,,Active
3282,363898550,,,Active
3283,363898550,,,Unspecified
3284,363898550,,,Unspecified
3285,363898551,12471,C1=C(C=C(C(=C1Cl)N)Cl)Cl,Active
3286,363898552,6574,C(C(Cl)Cl)Cl,Active
3287,363898552,6574,C(C(Cl)Cl)Cl,Active
3288,363898552,6574,C(C(Cl)Cl)Cl,Inactive
3289,363898552,6574,C(C(Cl)Cl)Cl,Inactive
3290,363898553,6575,C(=C(Cl)Cl)Cl,Active
3291,363898553,6575,C(=C(Cl)Cl)Cl,Active
3292,363898553,6575,C(=C(Cl)Cl)Cl,Inactive
3293,363898553,6575,C(=C(Cl)Cl)Cl,Active
3294,363898553,6575,C(=C(Cl)Cl)Cl,Active
3295,363898553,6575,C(=C(Cl)Cl)Cl,Active
3296,363898553,6575,C(=C(Cl)Cl)Cl,Inactive
3297,363898553,6575,C(=C(Cl)Cl)Cl,Active
3298,363898553,6575,C(=C(Cl)Cl)Cl,Inactive
3299,363898553,6575,C(=C(Cl)Cl)Cl,Inactive
3300,363898553,6575,C(=C(Cl)Cl)Cl,Active
3301,363898553,6575,C(=C(Cl)Cl)Cl,Inactive
3302,363898553,6575,C(=C(Cl)Cl)Cl,Inactive
3303,363898553,6575,C(=C(Cl)Cl)Cl,Inactive
3304,363898554,6389,C(F)(Cl)(Cl)Cl,Inactive
3305,363898554,6389,C(F)(Cl)(Cl)Cl,Inactive
3306,363898554,6389,C(F)(Cl)(Cl)Cl,Inactive
3307,363898554,6389,C(F)(Cl)(Cl)Cl,Inactive
3308,363898554,6389,C(F)(Cl)(Cl)Cl,Inactive
3309,363898554,6389,C(F)(Cl)(Cl)Cl,Inactive
3310,363898554,6389,C(F)(Cl)(Cl)Cl,Inactive
3311,363898554,6389,C(F)(Cl)(Cl)Cl,Inactive
3312,363898555,6914,C1=C(C=C(C(=C1Cl)O)Cl)Cl,Active
3313,363898555,6914,C1=C(C=C(C(=C1Cl)O)Cl)Cl,Active
3314,363898555,6914,C1=C(C=C(C(=C1Cl)O)Cl)Cl,Inactive
3315,363898555,6914,C1=C(C=C(C(=C1Cl)O)Cl)Cl,Active
3316,363898556,7618,C(CO)N(CCO)CCO,Active
3317,363898556,7618,C(CO)N(CCO)CCO,Inactive
3318,363898556,7618,C(CO)N(CCO)CCO,Inactive
3319,363898556,7618,C(CO)N(CCO)CCO,Inactive
3320,363898556,7618,C(CO)N(CCO)CCO,Unspecified
3321,363898556,7618,C(CO)N(CCO)CCO,Unspecified
3322,363898556,7618,C(CO)N(CCO)CCO,Active
3323,363898557,5569,CCCN(CCC)C1=C(C=C(C=C1[N+](=O)[O-])C(F)(F)F)[N+](=O)[O-],Active
3324,363898557,5569,CCCN(CCC)C1=C(C=C(C=C1[N+](=O)[O-])C(F)(F)F)[N+](=O)[O-],Inactive
3325,363898557,5569,CCCN(CCC)C1=C(C=C(C=C1[N+](=O)[O-])C(F)(F)F)[N+](=O)[O-],Inactive
3326,363898557,5569,CCCN(CCC)C1=C(C=C(C=C1[N+](=O)[O-])C(F)(F)F)[N+](=O)[O-],Inactive
3327,363898557,5569,CCCN(CCC)C1=C(C=C(C=C1[N+](=O)[O-])C(F)(F)F)[N+](=O)[O-],Inactive
3328,363898557,5569,CCCN(CCC)C1=C(C=C(C=C1[N+](=O)[O-])C(F)(F)F)[N+](=O)[O-],Inactive
3329,363898557,5569,CCCN(CCC)C1=C(C=C(C=C1[N+](=O)[O-])C(F)(F)F)[N+](=O)[O-],Inactive
3330,363898557,5569,CCCN(CCC)C1=C(C=C(C=C1[N+](=O)[O-])C(F)(F)F)[N+](=O)[O-],Inactive
3331,363898557,5569,CCCN(CCC)C1=C(C=C(C=C1[N+](=O)[O-])C(F)(F)F)[N+](=O)[O-],Inactive
3332,363898557,5569,CCCN(CCC)C1=C(C=C(C=C1[N+](=O)[O-])C(F)(F)F)[N+](=O)[O-],Inactive
3333,363898558,8717,CC1=CC(=C(C=C1C)N)C,Active
3334,363898558,8717,CC1=CC(=C(C=C1C)N)C,Active
3335,363898558,8717,CC1=CC(=C(C=C1C)N)C,Active
3336,363898558,8717,CC1=CC(=C(C=C1C)N)C,Unspecified
3337,363898559,83363,CC1=C2C(=C3C=CC4=CC=CC=C4C3=C(C2=CC=C1)C)C,Active
3338,363898559,83363,CC1=C2C(=C3C=CC4=CC=CC=C4C3=C(C2=CC=C1)C)C,Active
3339,363898559,83363,CC1=C2C(=C3C=CC4=CC=CC=C4C3=C(C2=CC=C1)C)C,Active
3340,363898559,83363,CC1=C2C(=C3C=CC4=CC=CC=C4C3=C(C2=CC=C1)C)C,Active
3341,363898559,83363,CC1=C2C(=C3C=CC4=CC=CC=C4C3=C(C2=CC=C1)C)C,Active
3342,363898559,83363,CC1=C2C(=C3C=CC4=CC=CC=C4C3=C(C2=CC=C1)C)C,Active
3343,363898560,10541,COP(=O)(OC)OC,Active
3344,363898560,10541,COP(=O)(OC)OC,Inactive
3345,363898560,10541,COP(=O)(OC)OC,Inactive
3346,363898560,10541,COP(=O)(OC)OC,Inactive
3347,363898560,10541,COP(=O)(OC)OC,Inactive
3348,363898561,2779938,CNC(=S)N(C)C,Inactive
3349,363898561,2779938,CNC(=S)N(C)C,Inactive
3350,363898561,2779938,CNC(=S)N(C)C,Active
3351,363898561,2779938,CNC(=S)N(C)C,Inactive
3352,363898562,6327657,C1=CC=C(C=C1)[Sn](C2=CC=CC=C2)C3=CC=CC=C3.O,Inactive
3353,363898562,6327657,C1=CC=C(C=C1)[Sn](C2=CC=CC=C2)C3=CC=CC=C3.O,Inactive
3354,363898562,6327657,C1=CC=C(C=C1)[Sn](C2=CC=CC=C2)C3=CC=CC=C3.O,Inactive
3355,363898562,6327657,C1=CC=C(C=C1)[Sn](C2=CC=CC=C2)C3=CC=CC=C3.O,Inactive
3356,363898563,5799,C1CN1C2=NC(=NC(=N2)N3CC3)N4CC4,Active
3357,363898564,31356,C(C(CBr)Br)OP(=O)(OCC(CBr)Br)OCC(CBr)Br,Active
3358,363898564,31356,C(C(CBr)Br)OP(=O)(OCC(CBr)Br)OCC(CBr)Br,Active
3359,363898564,31356,C(C(CBr)Br)OP(=O)(OCC(CBr)Br)OCC(CBr)Br,Active
3360,363898564,31356,C(C(CBr)Br)OP(=O)(OCC(CBr)Br)OCC(CBr)Br,Active
3361,363898565,6537,CCCCC(CC)COP(=O)(OCC(CC)CCCC)OCC(CC)CCCC,Active
3362,363898565,6537,CCCCC(CC)COP(=O)(OCC(CC)CCCC)OCC(CC)CCCC,Inactive
3363,363898565,6537,CCCCC(CC)COP(=O)(OCC(CC)CCCC)OCC(CC)CCCC,Inactive
3364,363898565,6537,CCCCC(CC)COP(=O)(OCC(CC)CCCC)OCC(CC)CCCC,Inactive
3365,363898565,6537,CCCCC(CC)COP(=O)(OCC(CC)CCCC)OCC(CC)CCCC,Active
3366,363898565,6537,CCCCC(CC)COP(=O)(OCC(CC)CCCC)OCC(CC)CCCC,Inactive
3367,363898565,6537,CCCCC(CC)COP(=O)(OCC(CC)CCCC)OCC(CC)CCCC,Inactive
3368,363898565,6537,CCCCC(CC)COP(=O)(OCC(CC)CCCC)OCC(CC)CCCC,Unspecified
3369,363898566,9562061,CC1=C(C=CC(=C1)C2=CC(=C(C=C2)N/N=C\3/C(=O)C4=C(C=C3S(=O)(=O)[O-])C=C(C=C4N)S(=O)(=O)[O-])C)N/N=C\5/C(=O)C6=C(C=C5S(=O)(=O)[O-])C=C(C=C6N)S(=O)(=O)[O-].[Na+].[Na+].[Na+].[Na+],Active
3370,363898567,6305,C1=CC=C2C(=C1)C(=CN2)C[C@@H](C(=O)O)N,Inactive
3371,363898567,6305,C1=CC=C2C(=C1)C(=CN2)C[C@@H](C(=O)O)N,Inactive
3372,363898567,6305,C1=CC=C2C(=C1)C(=CN2)C[C@@H](C(=O)O)N,Inactive
3373,363898567,6305,C1=CC=C2C(=C1)C(=CN2)C[C@@H](C(=O)O)N,Inactive
3374,363898568,6194,C1=C(C(=O)NC(=O)N1)N(CCCl)CCCl,Active
3375,363898568,6194,C1=C(C(=O)NC(=O)N1)N(CCCl)CCCl,Active
3376,363898568,6194,C1=C(C(=O)NC(=O)N1)N(CCCl)CCCl,Active
3377,363898568,6194,C1=C(C(=O)NC(=O)N1)N(CCCl)CCCl,Active
3378,363898569,5641,CCOC(=O)N,Active
3379,363898569,5641,CCOC(=O)N,Active
3380,363898569,5641,CCOC(=O)N,Active
3381,363898569,5641,CCOC(=O)N,Active
3382,363898569,5641,CCOC(=O)N,Active
3383,363898569,5641,CCOC(=O)N,Active
3384,363898569,5641,CCOC(=O)N,Active
3385,363898569,5641,CCOC(=O)N,Active
3386,363898569,5641,CCOC(=O)N,Active
3387,363898569,5641,CCOC(=O)N,Active
3388,363898569,5641,CCOC(=O)N,Active
3389,363898569,5641,CCOC(=O)N,Active
3390,363898569,5641,CCOC(=O)N,Active
3391,363898569,5641,CCOC(=O)N,Active
3392,363898569,5641,CCOC(=O)N,Active
3393,363898569,5641,CCOC(=O)N,Active
3394,363898569,5641,CCOC(=O)N,Active
3395,363898569,5641,CCOC(=O)N,Active
3396,363898569,5641,CCOC(=O)N,Active
3397,363898569,5641,CCOC(=O)N,Active
3398,363898569,5641,CCOC(=O)N,Active
3399,363898569,5641,CCOC(=O)N,Active
3400,363898569,5641,CCOC(=O)N,Active
3401,363898569,5641,CCOC(=O)N,Active
3402,363898569,5641,CCOC(=O)N,Active
3403,363898569,5641,CCOC(=O)N,Active
3404,363898569,5641,CCOC(=O)N,Active
3405,363898569,5641,CCOC(=O)N,Active
3406,363898569,5641,CCOC(=O)N,Active
3407,363898569,5641,CCOC(=O)N,Active
3408,363898569,5641,CCOC(=O)N,Active
3409,363898569,5641,CCOC(=O)N,Active
3410,363898569,5641,CCOC(=O)N,Active
3411,363898569,5641,CCOC(=O)N,Active
3412,363898569,5641,CCOC(=O)N,Active
3413,363898569,5641,CCOC(=O)N,Active
3414,363898569,5641,CCOC(=O)N,Active
3415,363898569,5641,CCOC(=O)N,Active
3416,363898569,5641,CCOC(=O)N,Inactive
3417,363898569,5641,CCOC(=O)N,Inactive
3418,363898570,11641,C=CBr,Active
3419,363898570,11641,C=CBr,Active
3420,363898571,6338,C=CCl,Active
3421,363898571,6338,C=CCl,Active
3422,363898571,6338,C=CCl,Active
3423,363898571,6338,C=CCl,Active
3424,363898571,6338,C=CCl,Active
3425,363898571,6338,C=CCl,Active
3426,363898571,6338,C=CCl,Active
3427,363898571,6338,C=CCl,Active
3428,363898571,6338,C=CCl,Active
3429,363898571,6338,C=CCl,Active
3430,363898571,6338,C=CCl,Active
3431,363898571,6338,C=CCl,Active
3432,363898571,6338,C=CCl,Active
3433,363898571,6338,C=CCl,Active
3434,363898571,6338,C=CCl,Active
3435,363898571,6338,C=CCl,Active
3436,363898571,6338,C=CCl,Active
3437,363898571,6338,C=CCl,Active
3438,363898571,6338,C=CCl,Active
3439,363898571,6338,C=CCl,Active
3440,363898571,6338,C=CCl,Active
3441,363898571,6338,C=CCl,Inactive
3442,363898571,6338,C=CCl,Inactive
3443,363898571,6338,C=CCl,Inactive
3444,363898571,6338,C=CCl,Inactive
3445,363898571,6338,C=CCl,Inactive
3446,363898571,6338,C=CCl,Inactive
3447,363898571,6338,C=CCl,Inactive
3448,363898571,6338,C=CCl,Inactive
3449,363898572,6366,C=C(Cl)Cl,Active
3450,363898572,6366,C=C(Cl)Cl,Active
3451,363898572,6366,C=C(Cl)Cl,Inactive
3452,363898572,6366,C=C(Cl)Cl,Inactive
3453,363898572,6366,C=C(Cl)Cl,Inactive
3454,363898572,6366,C=C(Cl)Cl,Inactive
3455,363898572,6366,C=C(Cl)Cl,Active
3456,363898572,6366,C=C(Cl)Cl,Inactive
3457,363898572,6366,C=C(Cl)Cl,Inactive
3458,363898572,6366,C=C(Cl)Cl,Inactive
3459,363898572,6366,C=C(Cl)Cl,Inactive
3460,363898572,6366,C=C(Cl)Cl,Inactive
3461,363898572,6366,C=C(Cl)Cl,Inactive
3462,363898572,6366,C=C(Cl)Cl,Inactive
3463,363898573,5281576,C[C@H]1CCCC(=O)CCC/C=C/C2=C(C(=CC(=C2)O)O)C(=O)O1,Active
3464,363898573,5281576,C[C@H]1CCCC(=O)CCC/C=C/C2=C(C(=CC(=C2)O)O)C(=O)O1,Active
3465,363898573,5281576,C[C@H]1CCCC(=O)CCC/C=C/C2=C(C(=CC(=C2)O)O)C(=O)O1,Inactive
3466,363898573,5281576,C[C@H]1CCCC(=O)CCC/C=C/C2=C(C(=CC(=C2)O)O)C(=O)O1,Inactive
3467,363898574,22748686,[Be+2].[O-][Si]([O-])([O-])[O-].[Zn+2],Active
3468,363898574,22748686,[Be+2].[O-][Si]([O-])([O-])[O-].[Zn+2],Active
3469,363898574,22748686,[Be+2].[O-][Si]([O-])([O-])[O-].[Zn+2],Active
3470,363898574,22748686,[Be+2].[O-][Si]([O-])([O-])[O-].[Zn+2],Active
3471,363898574,22748686,[Be+2].[O-][Si]([O-])([O-])[O-].[Zn+2],Active
3472,363898575,,,Inactive
3473,363898575,,,Inactive
3474,363898575,,,Active
3475,363898575,,,Unspecified
3476,363898579,3102,C1=CC=C(C=C1)C(=O)C2=CC=CC=C2,Active
3477,363898579,3102,C1=CC=C(C=C1)C(=O)C2=CC=CC=C2,Unspecified
3478,363898579,3102,C1=CC=C(C=C1)C(=O)C2=CC=CC=C2,Active
3479,363898579,3102,C1=CC=C(C=C1)C(=O)C2=CC=CC=C2,Active
3480,363898580,7187,C1=CC=C(C=C1)C(=O)OOC(=O)C2=CC=CC=C2,Active
3481,363898584,,,Active
3482,363898584,,,Inactive
3483,363898584,,,Inactive
3484,363898599,6780,C1=CC=C2C(=C1)C(=O)C3=CC=CC=C3C2=O,Active
3485,363898599,6780,C1=CC=C2C(=C1)C(=O)C3=CC=CC=C3C2=O,Active
3486,363898599,6780,C1=CC=C2C(=C1)C(=O)C3=CC=CC=C3C2=O,Active
3487,363898599,6780,C1=CC=C2C(=C1)C(=O)C3=CC=CC=C3C2=O,Active
3488,363898601,444041,C([C@@H]1[C@@H]2[C@@H]([C@H]([C@H](O1)O[C@@H]3[C@H](O[C@@H]([C@@H]([C@H]3O)O)O[C@@H]4[C@H](O[C@@H]([C@@H]([C@H]4O)O)O[C@@H]5[C@H](O[C@@H]([C@@H]([C@H]5O)O)O[C@@H]6[C@H](O[C@@H]([C@@H]([C@H]6O)O)O[C@@H]7[C@H](O[C@@H]([C@@H]([C@H]7O)O)O[C@@H]8[C@H](O[C@H](O2)[C@@H]([C@H]8O)O)CO)CO)CO)CO)CO)CO)O)O)O,Inactive
3489,363898601,444041,C([C@@H]1[C@@H]2[C@@H]([C@H]([C@H](O1)O[C@@H]3[C@H](O[C@@H]([C@@H]([C@H]3O)O)O[C@@H]4[C@H](O[C@@H]([C@@H]([C@H]4O)O)O[C@@H]5[C@H](O[C@@H]([C@@H]([C@H]5O)O)O[C@@H]6[C@H](O[C@@H]([C@@H]([C@H]6O)O)O[C@@H]7[C@H](O[C@@H]([C@@H]([C@H]7O)O)O[C@@H]8[C@H](O[C@H](O2)[C@@H]([C@H]8O)O)CO)CO)CO)CO)CO)CO)O)O)O,Inactive
3490,363898601,444041,C([C@@H]1[C@@H]2[C@@H]([C@H]([C@H](O1)O[C@@H]3[C@H](O[C@@H]([C@@H]([C@H]3O)O)O[C@@H]4[C@H](O[C@@H]([C@@H]([C@H]4O)O)O[C@@H]5[C@H](O[C@@H]([C@@H]([C@H]5O)O)O[C@@H]6[C@H](O[C@@H]([C@@H]([C@H]6O)O)O[C@@H]7[C@H](O[C@@H]([C@@H]([C@H]7O)O)O[C@@H]8[C@H](O[C@H](O2)[C@@H]([C@H]8O)O)CO)CO)CO)CO)CO)CO)O)O)O,Inactive
3491,363898601,444041,C([C@@H]1[C@@H]2[C@@H]([C@H]([C@H](O1)O[C@@H]3[C@H](O[C@@H]([C@@H]([C@H]3O)O)O[C@@H]4[C@H](O[C@@H]([C@@H]([C@H]4O)O)O[C@@H]5[C@H](O[C@@H]([C@@H]([C@H]5O)O)O[C@@H]6[C@H](O[C@@H]([C@@H]([C@H]6O)O)O[C@@H]7[C@H](O[C@@H]([C@@H]([C@H]7O)O)O[C@@H]8[C@H](O[C@H](O2)[C@@H]([C@H]8O)O)CO)CO)CO)CO)CO)CO)O)O)O,Inactive
3492,363898601,444041,C([C@@H]1[C@@H]2[C@@H]([C@H]([C@H](O1)O[C@@H]3[C@H](O[C@@H]([C@@H]([C@H]3O)O)O[C@@H]4[C@H](O[C@@H]([C@@H]([C@H]4O)O)O[C@@H]5[C@H](O[C@@H]([C@@H]([C@H]5O)O)O[C@@H]6[C@H](O[C@@H]([C@@H]([C@H]6O)O)O[C@@H]7[C@H](O[C@@H]([C@@H]([C@H]7O)O)O[C@@H]8[C@H](O[C@H](O2)[C@@H]([C@H]8O)O)CO)CO)CO)CO)CO)CO)O)O)O,Inactive
3493,363898601,444041,C([C@@H]1[C@@H]2[C@@H]([C@H]([C@H](O1)O[C@@H]3[C@H](O[C@@H]([C@@H]([C@H]3O)O)O[C@@H]4[C@H](O[C@@H]([C@@H]([C@H]4O)O)O[C@@H]5[C@H](O[C@@H]([C@@H]([C@H]5O)O)O[C@@H]6[C@H](O[C@@H]([C@@H]([C@H]6O)O)O[C@@H]7[C@H](O[C@@H]([C@@H]([C@H]7O)O)O[C@@H]8[C@H](O[C@H](O2)[C@@H]([C@H]8O)O)CO)CO)CO)CO)CO)CO)O)O)O,Inactive
3494,363898607,8449,C1=CC(=C(C=C1Cl)Cl)O,Inactive
3495,363898607,8449,C1=CC(=C(C=C1Cl)Cl)O,Inactive
3496,363898607,8449,C1=CC(=C(C=C1Cl)Cl)O,Inactive
3497,363898607,8449,C1=CC(=C(C=C1Cl)Cl)O,Inactive
3498,363898621,440917,CC1=CC[C@@H](CC1)C(=C)C,Active
3499,363898621,440917,CC1=CC[C@@H](CC1)C(=C)C,Inactive
3500,363898621,440917,CC1=CC[C@@H](CC1)C(=C)C,Inactive
3501,363898621,440917,CC1=CC[C@@H](CC1)C(=C)C,Inactive
3502,363898642,24066,C1C[C@@H](O[C@@H]1CO)N2C=CC(=NC2=O)N,Inactive
3503,363898642,24066,C1C[C@@H](O[C@@H]1CO)N2C=CC(=NC2=O)N,Inactive
3504,363898642,24066,C1C[C@@H](O[C@@H]1CO)N2C=CC(=NC2=O)N,Inactive
3505,363898642,24066,C1C[C@@H](O[C@@H]1CO)N2C=CC(=NC2=O)N,Active
3506,363898642,24066,C1C[C@@H](O[C@@H]1CO)N2C=CC(=NC2=O)N,Active
3507,363898642,24066,C1C[C@@H](O[C@@H]1CO)N2C=CC(=NC2=O)N,Active
3508,363898642,24066,C1C[C@@H](O[C@@H]1CO)N2C=CC(=NC2=O)N,Active
3509,363898642,24066,C1C[C@@H](O[C@@H]1CO)N2C=CC(=NC2=O)N,Active
3510,363898642,24066,C1C[C@@H](O[C@@H]1CO)N2C=CC(=NC2=O)N,Active
3511,363898642,24066,C1C[C@@H](O[C@@H]1CO)N2C=CC(=NC2=O)N,Active
3512,363898642,24066,C1C[C@@H](O[C@@H]1CO)N2C=CC(=NC2=O)N,Active
3513,363898642,24066,C1C[C@@H](O[C@@H]1CO)N2C=CC(=NC2=O)N,Active
3514,363898643,23675735,C1=CC=C(C=C1)C2=CC=CC=C2[O-].[Na+],Active
3515,363898643,23675735,C1=CC=C(C=C1)C2=CC=CC=C2[O-].[Na+],Inactive
3516,363898643,23675735,C1=CC=C(C=C1)C2=CC=CC=C2[O-].[Na+],Inactive
3517,363898643,23675735,C1=CC=C(C=C1)C2=CC=CC=C2[O-].[Na+],Inactive
3518,363898643,23675735,C1=CC=C(C=C1)C2=CC=CC=C2[O-].[Na+],Inactive
3519,363898643,23675735,C1=CC=C(C=C1)C2=CC=CC=C2[O-].[Na+],Inactive
3520,363898643,23675735,C1=CC=C(C=C1)C2=CC=CC=C2[O-].[Na+],Inactive
3521,363898643,23675735,C1=CC=C(C=C1)C2=CC=CC=C2[O-].[Na+],Active
3522,363898643,23675735,C1=CC=C(C=C1)C2=CC=CC=C2[O-].[Na+],Inactive
3523,363898643,23675735,C1=CC=C(C=C1)C2=CC=CC=C2[O-].[Na+],Inactive
3524,363898650,5281955,CCCCCCCC/C=C/CCCCCCCC(=O)OCCOCC(C1C(C(CO1)OCCO)OCCO)OCCO,Inactive
3525,363898650,5281955,CCCCCCCC/C=C/CCCCCCCC(=O)OCCOCC(C1C(C(CO1)OCCO)OCCO)OCCO,Inactive
3526,363898650,5281955,CCCCCCCC/C=C/CCCCCCCC(=O)OCCOCC(C1C(C(CO1)OCCO)OCCO)OCCO,Inactive
3527,363898650,5281955,CCCCCCCC/C=C/CCCCCCCC(=O)OCCOCC(C1C(C(CO1)OCCO)OCCO)OCCO,Unspecified
3528,363898656,656582,C1=CC=C2C(=C1)C(=O)[N-]S2(=O)=O.[Na+],Inactive
3529,363898656,656582,C1=CC=C2C(=C1)C(=O)[N-]S2(=O)=O.[Na+],Inactive
3530,363898656,656582,C1=CC=C2C(=C1)C(=O)[N-]S2(=O)=O.[Na+],Inactive
3531,363898658,23665760,[O-]Cl.[Na+],Active
3532,363898658,23665760,[O-]Cl.[Na+],Inactive
3533,363898666,27924,CCCCCCCCCCCCCC(=O)O[C@@H]1[C@H]([C@]2([C@@H](C=C(C[C@]3([C@H]2C=C(C3=O)C)O)CO)[C@H]4[C@@]1(C4(C)C)OC(=O)C)O)C,Active
3534,363898666,27924,CCCCCCCCCCCCCC(=O)O[C@@H]1[C@H]([C@]2([C@@H](C=C(C[C@]3([C@H]2C=C(C3=O)C)O)CO)[C@H]4[C@@]1(C4(C)C)OC(=O)C)O)C,Inactive
3535,363898666,27924,CCCCCCCCCCCCCC(=O)O[C@@H]1[C@H]([C@]2([C@@H](C=C(C[C@]3([C@H]2C=C(C3=O)C)O)CO)[C@H]4[C@@]1(C4(C)C)OC(=O)C)O)C,Active
3536,363898687,6581,C=CC(=O)O,Inactive
3537,363898687,6581,C=CC(=O)O,Inactive
3538,363898687,6581,C=CC(=O)O,Inactive
3539,363898689,31703,C[C@H]1[C@H]([C@H](C[C@@H](O1)O[C@H]2C[C@@](CC3=C2C(=C4C(=C3O)C(=O)C5=C(C4=O)C(=CC=C5)OC)O)(C(=O)CO)O)N)O,Active
3540,363898689,31703,C[C@H]1[C@H]([C@H](C[C@@H](O1)O[C@H]2C[C@@](CC3=C2C(=C4C(=C3O)C(=O)C5=C(C4=O)C(=CC=C5)OC)O)(C(=O)CO)O)N)O,Active
3541,363898691,289,C1=CC=C(C(=C1)O)O,Active
3542,363898691,289,C1=CC=C(C(=C1)O)O,Active
3543,363898691,289,C1=CC=C(C(=C1)O)O,Inactive
3544,363898691,289,C1=CC=C(C(=C1)O)O,Inactive
3545,363898691,289,C1=CC=C(C(=C1)O)O,Active
3546,363898691,289,C1=CC=C(C(=C1)O)O,Active
3547,363898691,289,C1=CC=C(C(=C1)O)O,Active
3548,363898691,289,C1=CC=C(C(=C1)O)O,Active
3549,363898691,289,C1=CC=C(C(=C1)O)O,Active
3550,363898691,289,C1=CC=C(C(=C1)O)O,Active
3551,363898691,289,C1=CC=C(C(=C1)O)O,Active
3552,363898691,289,C1=CC=C(C(=C1)O)O,Active
3553,363898691,289,C1=CC=C(C(=C1)O)O,Active
3554,363898691,289,C1=CC=C(C(=C1)O)O,Active
3555,363898691,289,C1=CC=C(C(=C1)O)O,Active
3556,363898691,289,C1=CC=C(C(=C1)O)O,Active
3557,363898691,289,C1=CC=C(C(=C1)O)O,Active
3558,363898691,289,C1=CC=C(C(=C1)O)O,Active
3559,363898694,853433,C/C=C/C1=CC(=C(C=C1)O)OC,Inactive
3560,363898694,853433,C/C=C/C1=CC(=C(C=C1)O)OC,Inactive
3561,363898694,853433,C/C=C/C1=CC(=C(C=C1)O)OC,Active
3562,363898694,853433,C/C=C/C1=CC(=C(C=C1)O)OC,Inactive
3563,363898696,7127,COC1=C(C=C(C=C1)CC=C)OC,Active
3564,363898696,7127,COC1=C(C=C(C=C1)CC=C)OC,Active
3565,363898696,7127,COC1=C(C=C(C=C1)CC=C)OC,Active
3566,363898696,7127,COC1=C(C=C(C=C1)CC=C)OC,Active
3567,363898696,7127,COC1=C(C=C(C=C1)CC=C)OC,Active
3568,363898696,7127,COC1=C(C=C(C=C1)CC=C)OC,Active
3569,363898697,7858,C=CCO,Inactive
3570,363898697,7858,C=CCO,Inactive
3571,363898697,7858,C=CCO,Inactive
3572,363898700,23676814,CC1([C@@H](N2[C@H](S1)[C@@H](C2=O)NC(=O)COC3=CC=CC=C3)C(=O)[O-])C.[K+],Inactive
3573,363898700,23676814,CC1([C@@H](N2[C@H](S1)[C@@H](C2=O)NC(=O)COC3=CC=CC=C3)C(=O)[O-])C.[K+],Inactive
3574,363898700,23676814,CC1([C@@H](N2[C@H](S1)[C@@H](C2=O)NC(=O)COC3=CC=CC=C3)C(=O)[O-])C.[K+],Inactive
3575,363898700,23676814,CC1([C@@H](N2[C@H](S1)[C@@H](C2=O)NC(=O)COC3=CC=CC=C3)C(=O)[O-])C.[K+],Inactive
3576,363898700,23676814,CC1([C@@H](N2[C@H](S1)[C@@H](C2=O)NC(=O)COC3=CC=CC=C3)C(=O)[O-])C.[K+],Inactive
3577,363898700,23676814,CC1([C@@H](N2[C@H](S1)[C@@H](C2=O)NC(=O)COC3=CC=CC=C3)C(=O)[O-])C.[K+],Inactive
3578,363898700,23676814,CC1([C@@H](N2[C@H](S1)[C@@H](C2=O)NC(=O)COC3=CC=CC=C3)C(=O)[O-])C.[K+],Inactive
3579,363898700,23676814,CC1([C@@H](N2[C@H](S1)[C@@H](C2=O)NC(=O)COC3=CC=CC=C3)C(=O)[O-])C.[K+],Inactive
3580,363898704,4984721,C1=CC(=C(C=C1[N+](=O)[O-])O)N,Inactive
3581,363898704,4984721,C1=CC(=C(C=C1[N+](=O)[O-])O)N,Inactive
3582,363898704,4984721,C1=CC(=C(C=C1[N+](=O)[O-])O)N,Active
3583,363898704,4984721,C1=CC(=C(C=C1[N+](=O)[O-])O)N,Inactive
3584,363898705,17534,C1=CC=C2C(=C1)C=CC3=C2C=C(C4=CC=CC=C34)N,Inactive
3585,363898705,17534,C1=CC=C2C(=C1)C=CC3=C2C=C(C4=CC=CC=C34)N,Inactive
3586,363898723,28780,CCCCNC(=O)N1C2=CC=CC=C2N=C1NC(=O)OC,Active
3587,363898723,28780,CCCCNC(=O)N1C2=CC=CC=C2N=C1NC(=O)OC,Active
3588,363898734,9117,C1=CC2=C3C(=C1)C4=CC=CC5=C4C6=C(C=C5)C=CC(=C36)C=C2,Inactive
3589,363898736,9128,C1=CC=C2C(=C1)C3=CC=CC4=C3C5=C(C=CC=C25)C=C4,Inactive
3590,363898741,104889,C1=CC2=C3C(=C1)C=CC4=C3C(=CC5=C4C=C[C@H]([C@@H]5O)O)C=C2,Active
3591,363898742,104853,C1=CC2=C3C(=C1)C=CC4=C3C(=CC5=C4C=C[C@@H]([C@H]5O)O)C=C2,Active
3592,363898745,44461,C1=CC2=C3C(=C1)C=CC4=C3C(=CC5=C4[C@@H]6[C@@H](O6)[C@H]([C@@H]5O)O)C=C2,Active
3593,363898745,44461,C1=CC2=C3C(=C1)C=CC4=C3C(=CC5=C4[C@@H]6[C@@H](O6)[C@H]([C@@H]5O)O)C=C2,Active
3594,363898745,44461,C1=CC2=C3C(=C1)C=CC4=C3C(=CC5=C4[C@@H]6[C@@H](O6)[C@H]([C@@H]5O)O)C=C2,Active
3595,363898745,44461,C1=CC2=C3C(=C1)C=CC4=C3C(=CC5=C4[C@@H]6[C@@H](O6)[C@H]([C@@H]5O)O)C=C2,Active
3596,363898745,44461,C1=CC2=C3C(=C1)C=CC4=C3C(=CC5=C4[C@@H]6[C@@H](O6)[C@H]([C@@H]5O)O)C=C2,Active
3597,363898745,44461,C1=CC2=C3C(=C1)C=CC4=C3C(=CC5=C4[C@@H]6[C@@H](O6)[C@H]([C@@H]5O)O)C=C2,Active
3598,363898750,6796,C1=CC=C2C(=C1)C=CC3=C2C=CC=N3,Inactive
3599,363898750,6796,C1=CC=C2C(=C1)C=CC3=C2C=CC=N3,Inactive
3600,363898751,9191,C1=CC=C2C(=C1)C=CC3=C2N=CC=C3,Inactive
3601,363898751,9191,C1=CC=C2C(=C1)C=CC3=C2N=CC=C3,Inactive
3602,363898768,6035,C1[C@@H]([C@H](O[C@H]1N2C=C(C(=O)NC2=O)Br)CO)O,Active
3603,363898768,6035,C1[C@@H]([C@H](O[C@H]1N2C=C(C(=O)NC2=O)Br)CO)O,Active
3604,363898769,6359,C(Cl)(Cl)Br,Active
3605,363898769,6359,C(Cl)(Cl)Br,Active
3606,363898769,6359,C(Cl)(Cl)Br,Active
3607,363898769,6359,C(Cl)(Cl)Br,Active
3608,363898769,6359,C(Cl)(Cl)Br,Inactive
3609,363898769,6359,C(Cl)(Cl)Br,Active
3610,363898769,6359,C(Cl)(Cl)Br,Inactive
3611,363898769,6359,C(Cl)(Cl)Br,Inactive
3612,363898769,6359,C(Cl)(Cl)Br,Inactive
3613,363898769,6359,C(Cl)(Cl)Br,Inactive
3614,363898769,6359,C(Cl)(Cl)Br,Inactive
3615,363898769,6359,C(Cl)(Cl)Br,Active
3616,363898769,6359,C(Cl)(Cl)Br,Inactive
3617,363898769,6359,C(Cl)(Cl)Br,Inactive
3618,363898780,6437067,CC/C=C/C=C/C=C/C=C/C=C/OC[C@H](CO)O,Inactive
3619,363898780,6437067,CC/C=C/C=C/C=C/C=C/C=C/OC[C@H](CO)O,Inactive
3620,363898780,6437067,CC/C=C/C=C/C=C/C=C/C=C/OC[C@H](CO)O,Active
3621,363898780,6437067,CC/C=C/C=C/C=C/C=C/C=C/OC[C@H](CO)O,Inactive
3622,363898785,37993,CCCCN(CCCC(=O)O)N=O,Active
3623,363898785,37993,CCCCN(CCCC(=O)O)N=O,Active
3624,363898786,19665,CCCCN(CCCCO)N=O,Active
3625,363898786,19665,CCCCN(CCCCO)N=O,Active
3626,363898786,19665,CCCCN(CCCCO)N=O,Active
3627,363898786,19665,CCCCN(CCCCO)N=O,Active
3628,363898786,19665,CCCCN(CCCCO)N=O,Active
3629,363898786,19665,CCCCN(CCCCO)N=O,Active
3630,363898786,19665,CCCCN(CCCCO)N=O,Active
3631,363898786,19665,CCCCN(CCCCO)N=O,Active
3632,363898786,19665,CCCCN(CCCCO)N=O,Active
3633,363898786,19665,CCCCN(CCCCO)N=O,Active
3634,363898786,19665,CCCCN(CCCCO)N=O,Active
3635,363898786,19665,CCCCN(CCCCO)N=O,Unspecified
3636,363898797,689043,C1=CC(=C(C=C1/C=C/C(=O)O)O)O,Active
3637,363898797,689043,C1=CC(=C(C=C1/C=C/C(=O)O)O)O,Active
3638,363898797,689043,C1=CC(=C(C=C1/C=C/C(=O)O)O)O,Inactive
3639,363898797,689043,C1=CC(=C(C=C1/C=C/C(=O)O)O)O,Inactive
3640,363898797,689043,C1=CC(=C(C=C1/C=C/C(=O)O)O)O,Active
3641,363898797,689043,C1=CC(=C(C=C1/C=C/C(=O)O)O)O,Active
3642,363898797,689043,C1=CC(=C(C=C1/C=C/C(=O)O)O)O,Active
3643,363898797,689043,C1=CC(=C(C=C1/C=C/C(=O)O)O)O,Active
3644,363898797,689043,C1=CC(=C(C=C1/C=C/C(=O)O)O)O,Active
3645,363898797,689043,C1=CC(=C(C=C1/C=C/C(=O)O)O)O,Active
3646,363898797,689043,C1=CC(=C(C=C1/C=C/C(=O)O)O)O,Active
3647,363898797,689043,C1=CC(=C(C=C1/C=C/C(=O)O)O)O,Active
3648,363898797,689043,C1=CC(=C(C=C1/C=C/C(=O)O)O)O,Active
3649,363898797,689043,C1=CC(=C(C=C1/C=C/C(=O)O)O)O,Active
3650,363898798,16760159,C1C=CC[C@H]2[C@@H]1C(=O)N(C2=O)SC(C(Cl)Cl)(Cl)Cl,Active
3651,363898798,16760159,C1C=CC[C@H]2[C@@H]1C(=O)N(C2=O)SC(C(Cl)Cl)(Cl)Cl,Active
3652,363898798,16760159,C1C=CC[C@H]2[C@@H]1C(=O)N(C2=O)SC(C(Cl)Cl)(Cl)Cl,Active
3653,363898798,16760159,C1C=CC[C@H]2[C@@H]1C(=O)N(C2=O)SC(C(Cl)Cl)(Cl)Cl,Active
3654,363898800,6129,CNC(=O)OC1=CC=CC2=CC=CC=C21,Active
3655,363898800,6129,CNC(=O)OC1=CC=CC2=CC=CC=C21,Inactive
3656,363898800,6129,CNC(=O)OC1=CC=CC2=CC=CC=C21,Active
3657,363898800,6129,CNC(=O)OC1=CC=CC2=CC=CC=C21,Active
3658,363898800,6129,CNC(=O)OC1=CC=CC2=CC=CC=C21,Active
3659,363898803,8679,C1=CC=C(C=C1)NC2=CC3=CC=CC=C3C=C2,Inactive
3660,363898803,8679,C1=CC=C(C=C1)NC2=CC3=CC=CC=C3C=C2,Inactive
3661,363898803,8679,C1=CC=C(C=C1)NC2=CC3=CC=CC=C3C=C2,Inactive
3662,363898803,8679,C1=CC=C(C=C1)NC2=CC3=CC=CC=C3C=C2,Inactive
3663,363898803,8679,C1=CC=C(C=C1)NC2=CC3=CC=CC=C3C=C2,Inactive
3664,363898803,8679,C1=CC=C(C=C1)NC2=CC3=CC=CC=C3C=C2,Unspecified
3665,363898804,5993,C1C2C(C(C1Cl)Cl)C3(C(=C(C2(C3(Cl)Cl)Cl)Cl)Cl)Cl,Active
3666,363898804,5993,C1C2C(C(C1Cl)Cl)C3(C(=C(C2(C3(Cl)Cl)Cl)Cl)Cl)Cl,Active
3667,363898804,5993,C1C2C(C(C1Cl)Cl)C3(C(=C(C2(C3(Cl)Cl)Cl)Cl)Cl)Cl,Active
3668,363898804,5993,C1C2C(C(C1Cl)Cl)C3(C(=C(C2(C3(Cl)Cl)Cl)Cl)Cl)Cl,Inactive
3669,363898804,5993,C1C2C(C(C1Cl)Cl)C3(C(=C(C2(C3(Cl)Cl)Cl)Cl)Cl)Cl,Active
3670,363898805,7628,B(O)(O)O,Inactive
3671,363898805,7628,B(O)(O)O,Inactive
3672,363898806,33,C(C=O)Cl,Active
3673,363898808,6372,C(F)(F)Cl,Inactive
3674,363898808,6372,C(F)(F)Cl,Inactive
3675,363898808,6372,C(F)(F)Cl,Inactive
3676,363898808,6372,C(F)(F)Cl,Inactive
3677,363898808,6372,C(F)(F)Cl,Inactive
3678,363898808,6372,C(F)(F)Cl,Inactive
3679,363898809,34,C(CCl)O,Inactive
3680,363898809,34,C(CCl)O,Inactive
3681,363898809,34,C(CCl)O,Inactive
3682,363898809,34,C(CCl)O,Inactive
3683,363898819,11241,CC(=C)CCl,Active
3684,363898819,11241,CC(=C)CCl,Active
3685,363898819,11241,CC(=C)CCl,Active
3686,363898819,11241,CC(=C)CCl,Active
3687,363898819,11241,CC(=C)CCl,Active
3688,363898819,11241,CC(=C)CCl,Active
3689,363898819,11241,CC(=C)CCl,Active
3690,363898819,11241,CC(=C)CCl,Active
3691,363898819,11241,CC(=C)CCl,Inactive
3692,363898819,11241,CC(=C)CCl,Active
3693,363898823,31369,C=CC(=C)Cl,Active
3694,363898823,31369,C=CC(=C)Cl,Inactive
3695,363898823,31369,C=CC(=C)Cl,Inactive
3696,363898823,31369,C=CC(=C)Cl,Inactive
3697,363898823,31369,C=CC(=C)Cl,Inactive
3698,363898823,31369,C=CC(=C)Cl,Active
3699,363898823,31369,C=CC(=C)Cl,Active
3700,363898823,31369,C=CC(=C)Cl,Active
3701,363898823,31369,C=CC(=C)Cl,Active
3702,363898826,12958,COP(=O)(C)OC,Active
3703,363898826,12958,COP(=O)(C)OC,Inactive
3704,363898826,12958,COP(=O)(C)OC,Inactive
3705,363898827,1549026,CC(=CCC/C(=C/COC(=O)C)/C)C,Inactive
3706,363898827,1549026,CC(=CCC/C(=C/COC(=O)C)/C)C,Inactive
3707,363898827,1549026,CC(=CCC/C(=C/COC(=O)C)/C)C,Inactive
3708,363898830,227037,C[C@H](CCCC(C)C)[C@H]1CC[C@@H]2[C@@]1(CC[C@H]3[C@H]2C[C@H]4[C@@]5([C@@]3(CC[C@@H](C5)O)C)O4)C,Inactive
3709,363898831,16015,C1=CC=C(C=C1)N=NC2=C(C=CC3=CC(=CC(=C32)S(=O)(=O)[O-])S(=O)(=O)[O-])O.[Na+].[Na+],Inactive
3710,363898831,16015,C1=CC=C(C=C1)N=NC2=C(C=CC3=CC(=CC(=C32)S(=O)(=O)[O-])S(=O)(=O)[O-])O.[Na+].[Na+],Inactive
3711,363898831,16015,C1=CC=C(C=C1)N=NC2=C(C=CC3=CC(=CC(=C32)S(=O)(=O)[O-])S(=O)(=O)[O-])O.[Na+].[Na+],Inactive
3712,363898831,16015,C1=CC=C(C=C1)N=NC2=C(C=CC3=CC(=CC(=C32)S(=O)(=O)[O-])S(=O)(=O)[O-])O.[Na+].[Na+],Inactive
3713,363898835,11722,COC(=O)N,Active
3714,363898835,11722,COC(=O)N,Active
3715,363898835,11722,COC(=O)N,Inactive
3716,363898835,11722,COC(=O)N,Inactive
3717,363898838,3610,CCCCCCC1=C(C=C(C=C1)O)O,Inactive
3718,363898838,3610,CCCCCCC1=C(C=C(C=C1)O)O,Inactive
3719,363898838,3610,CCCCCCC1=C(C=C(C=C1)O)O,Inactive
3720,363898838,3610,CCCCCCC1=C(C=C(C=C1)O)O,Unspecified
3721,363898840,3613389,C1=CC(=C(C=C1[N+](=O)[O-])N)O,Active
3722,363898840,3613389,C1=CC(=C(C=C1[N+](=O)[O-])N)O,Inactive
3723,363898840,3613389,C1=CC(=C(C=C1[N+](=O)[O-])N)O,Inactive
3724,363898840,3613389,C1=CC(=C(C=C1[N+](=O)[O-])N)O,Inactive
3725,363898841,697993,C1=CC=C2C(=C1)NC(=S)S2,Active
3726,363898841,697993,C1=CC=C2C(=C1)NC(=S)S2,Active
3727,363898841,697993,C1=CC=C2C(=C1)NC(=S)S2,Inactive
3728,363898841,697993,C1=CC=C2C(=C1)NC(=S)S2,Unspecified
3729,363898842,12961638,C1=CC=C2C(=C1)C(=O)OC23C4=CC(=C(C(=C4OC5=C(C(=C(C=C35)I)[O-])I)I)[O-])I.[Na+].[Na+],Inactive
3730,363898842,12961638,C1=CC=C2C(=C1)C(=O)OC23C4=CC(=C(C(=C4OC5=C(C(=C(C=C35)I)[O-])I)I)[O-])I.[Na+].[Na+],Inactive
3731,363898842,12961638,C1=CC=C2C(=C1)C(=O)OC23C4=CC(=C(C(=C4OC5=C(C(=C(C=C35)I)[O-])I)I)[O-])I.[Na+].[Na+],Active
3732,363898842,12961638,C1=CC=C2C(=C1)C(=O)OC23C4=CC(=C(C(=C4OC5=C(C(=C(C=C35)I)[O-])I)I)[O-])I.[Na+].[Na+],Inactive
3733,363898842,12961638,C1=CC=C2C(=C1)C(=O)OC23C4=CC(=C(C(=C4OC5=C(C(=C(C=C35)I)[O-])I)I)[O-])I.[Na+].[Na+],Inactive
3734,363898842,12961638,C1=CC=C2C(=C1)C(=O)OC23C4=CC(=C(C(=C4OC5=C(C(=C(C=C35)I)[O-])I)I)[O-])I.[Na+].[Na+],Inactive
3735,363898842,12961638,C1=CC=C2C(=C1)C(=O)OC23C4=CC(=C(C(=C4OC5=C(C(=C(C=C35)I)[O-])I)I)[O-])I.[Na+].[Na+],Inactive
3736,363898842,12961638,C1=CC=C2C(=C1)C(=O)OC23C4=CC(=C(C(=C4OC5=C(C(=C(C=C35)I)[O-])I)I)[O-])I.[Na+].[Na+],Inactive
3737,363898845,6758,CC(=C)[C@H]1CC2=C(O1)C=CC3=C2O[C@@H]4COC5=CC(=C(C=C5[C@@H]4C3=O)OC)OC,Inactive
3738,363898845,6758,CC(=C)[C@H]1CC2=C(O1)C=CC3=C2O[C@@H]4COC5=CC(=C(C=C5[C@@H]4C3=O)OC)OC,Inactive
3739,363898845,6758,CC(=C)[C@H]1CC2=C(O1)C=CC3=C2O[C@@H]4COC5=CC(=C(C=C5[C@@H]4C3=O)OC)OC,Inactive
3740,363898845,6758,CC(=C)[C@H]1CC2=C(O1)C=CC3=C2O[C@@H]4COC5=CC(=C(C=C5[C@@H]4C3=O)OC)OC,Inactive
3741,363898845,6758,CC(=C)[C@H]1CC2=C(O1)C=CC3=C2O[C@@H]4COC5=CC(=C(C=C5[C@@H]4C3=O)OC)OC,Inactive
3742,363898845,6758,CC(=C)[C@H]1CC2=C(O1)C=CC3=C2O[C@@H]4COC5=CC(=C(C=C5[C@@H]4C3=O)OC)OC,Unspecified
3743,363898846,8266,C1(C(C2(C(=C(C1(C2(Cl)Cl)Cl)Cl)Cl)Cl)C(=O)O)C(=O)O,Active
3744,363898846,8266,C1(C(C2(C(=C(C1(C2(Cl)Cl)Cl)Cl)Cl)Cl)C(=O)O)C(=O)O,Active
3745,363898846,8266,C1(C(C2(C(=C(C1(C2(Cl)Cl)Cl)Cl)Cl)Cl)C(=O)O)C(=O)O,Active
3746,363898846,8266,C1(C(C2(C(=C(C1(C2(Cl)Cl)Cl)Cl)Cl)Cl)C(=O)O)C(=O)O,Inactive
3747,363898848,8800,CN(C)C(=O)NC1=CC=C(C=C1)Cl,Active
3748,363898848,8800,CN(C)C(=O)NC1=CC=C(C=C1)Cl,Inactive
3749,363898848,8800,CN(C)C(=O)NC1=CC=C(C=C1)Cl,Inactive
3750,363898848,8800,CN(C)C(=O)NC1=CC=C(C=C1)Cl,Inactive
3751,363898849,61532,[O-]P(=O)([O-])[O-].[O-]P(=O)([O-])[O-].[O-]P(=O)([O-])[O-].[O-]P(=O)([O-])[O-].[O-]Cl.[Na+].[Na+].[Na+].[Na+].[Na+].[Na+].[Na+].[Na+].[Na+].[Na+].[Na+].[Na+].[Na+],Inactive
3752,363898849,61532,[O-]P(=O)([O-])[O-].[O-]P(=O)([O-])[O-].[O-]P(=O)([O-])[O-].[O-]P(=O)([O-])[O-].[O-]Cl.[Na+].[Na+].[Na+].[Na+].[Na+].[Na+].[Na+].[Na+].[Na+].[Na+].[Na+].[Na+].[Na+],Inactive
3753,363898850,40470,C1=CC(=C(C(=C1)Cl)Cl)C2=C(C(=C(C=C2)Cl)Cl)Cl,Active
3754,363898850,40470,C1=CC(=C(C(=C1)Cl)Cl)C2=C(C(=C(C=C2)Cl)Cl)Cl,Active
3755,363898850,40470,C1=CC(=C(C(=C1)Cl)Cl)C2=C(C(=C(C=C2)Cl)Cl)Cl,Active
3756,363898850,40470,C1=CC(=C(C(=C1)Cl)Cl)C2=C(C(=C(C=C2)Cl)Cl)Cl,Unspecified
3757,363898850,40470,C1=CC(=C(C(=C1)Cl)Cl)C2=C(C(=C(C=C2)Cl)Cl)Cl,Unspecified
3758,363898851,38018,C1=CC(=C(C(=C1C2=C(C(=C(C=C2)Cl)Cl)Cl)Cl)Cl)Cl,Active
3759,363898851,38018,C1=CC(=C(C(=C1C2=C(C(=C(C=C2)Cl)Cl)Cl)Cl)Cl)Cl,Active
3760,363898851,38018,C1=CC(=C(C(=C1C2=C(C(=C(C=C2)Cl)Cl)Cl)Cl)Cl)Cl,Inactive
3761,363898851,38018,C1=CC(=C(C(=C1C2=C(C(=C(C=C2)Cl)Cl)Cl)Cl)Cl)Cl,Active
3762,363898851,38018,C1=CC(=C(C(=C1C2=C(C(=C(C=C2)Cl)Cl)Cl)Cl)Cl)Cl,Active
3763,363898851,38018,C1=CC(=C(C(=C1C2=C(C(=C(C=C2)Cl)Cl)Cl)Cl)Cl)Cl,Active
3764,363898852,,,Active
3765,363898853,,,Inactive
3766,363898853,,,Inactive
3767,363898853,,,Inactive
3768,363898853,,,Inactive
3769,363898859,447466,C/C=C/C=O,Inactive
3770,363898859,447466,C/C=C/C=O,Inactive
3771,363898859,447466,C/C=C/C=O,Inactive
3772,363898859,447466,C/C=C/C=O,Inactive
3773,363898863,6253,C1=CN(C(=O)N=C1N)[C@H]2[C@H]([C@@H]([C@H](O2)CO)O)O,Inactive
3774,363898863,6253,C1=CN(C(=O)N=C1N)[C@H]2[C@H]([C@@H]([C@H](O2)CO)O)O,Inactive
3775,363898863,6253,C1=CN(C(=O)N=C1N)[C@H]2[C@H]([C@@H]([C@H](O2)CO)O)O,Inactive
3776,363898863,6253,C1=CN(C(=O)N=C1N)[C@H]2[C@H]([C@@H]([C@H](O2)CO)O)O,Inactive
3777,363898864,30323,C[C@H]1[C@H]([C@H](C[C@@H](O1)O[C@H]2C[C@@](CC3=C2C(=C4C(=C3O)C(=O)C5=C(C4=O)C(=CC=C5)OC)O)(C(=O)C)O)N)O,Active
3778,363898864,30323,C[C@H]1[C@H]([C@H](C[C@@H](O1)O[C@H]2C[C@@](CC3=C2C(=C4C(=C3O)C(=O)C5=C(C4=O)C(=CC=C5)OC)O)(C(=O)C)O)N)O,Active
3779,363898864,30323,C[C@H]1[C@H]([C@H](C[C@@H](O1)O[C@H]2C[C@@](CC3=C2C(=C4C(=C3O)C(=O)C5=C(C4=O)C(=CC=C5)OC)O)(C(=O)C)O)N)O,Active
3780,363898864,30323,C[C@H]1[C@H]([C@H](C[C@@H](O1)O[C@H]2C[C@@](CC3=C2C(=C4C(=C3O)C(=O)C5=C(C4=O)C(=CC=C5)OC)O)(C(=O)C)O)N)O,Active
3781,363898866,7500,CCC1=CC=CC=C1,Inactive
3782,363898866,7500,CCC1=CC=CC=C1,Inactive
3783,363898866,7500,CCC1=CC=CC=C1,Active
3784,363898866,7500,CCC1=CC=CC=C1,Active
3785,363898866,7500,CCC1=CC=CC=C1,Active
3786,363898866,7500,CCC1=CC=CC=C1,Active
3787,363898884,9164,C1=CC=C2C=C3C4=CC=CC=C4C5=CC=CC=C5C3=CC2=C1,Inactive
3788,363898885,7095,C1=CC=C(C=C1)C2=CC=CC=C2,Active
3789,363898885,7095,C1=CC=C(C=C1)C2=CC=CC=C2,Inactive
3790,363898885,7095,C1=CC=C(C=C1)C2=CC=CC=C2,Inactive
3791,363898885,7095,C1=CC=C(C=C1)C2=CC=CC=C2,Active
3792,363898888,31296,C(Cl)(Br)Br,Inactive
3793,363898888,31296,C(Cl)(Br)Br,Inactive
3794,363898888,31296,C(Cl)(Br)Br,Active
3795,363898888,31296,C(Cl)(Br)Br,Unspecified
3796,363898890,7281,C(C(CBr)Br)O,Active
3797,363898890,7281,C(C(CBr)Br)O,Active
3798,363898890,7281,C(C(CBr)Br)O,Active
3799,363898890,7281,C(C(CBr)Br)O,Active
3800,363898895,702,CCO,Inactive
3801,363898895,702,CCO,Inactive
3802,363898895,702,CCO,Active
3803,363898895,702,CCO,Inactive
3804,363898899,1486,C1=CC(=C(C=C1Cl)Cl)OCC(=O)O,Inactive
3805,363898899,1486,C1=CC(=C(C=C1Cl)Cl)OCC(=O)O,Inactive
3806,363898899,1486,C1=CC(=C(C=C1Cl)Cl)OCC(=O)O,Inactive
3807,363898899,1486,C1=CC(=C(C=C1Cl)Cl)OCC(=O)O,Inactive
3808,363898901,6564,CC(CCl)Cl,Inactive
3809,363898901,6564,CC(CCl)Cl,Active
3810,363898901,6564,CC(CCl)Cl,Active
3811,363898901,6564,CC(CCl)Cl,Unspecified
3812,363898902,7860,C(=O)C=O,Inactive
3813,363898905,24726,C(/C=C/Cl)Cl,Active
3814,363898905,24726,C(/C=C/Cl)Cl,Active
3815,363898905,24726,C(/C=C/Cl)Cl,Active
3816,363898905,24726,C(/C=C/Cl)Cl,Inactive
3817,363898905,24726,C(/C=C/Cl)Cl,Inactive
3818,363898905,24726,C(/C=C/Cl)Cl,Active
3819,363898905,24726,C(/C=C/Cl)Cl,Inactive
3820,363898905,24726,C(/C=C/Cl)Cl,Active
3821,363898905,24726,C(/C=C/Cl)Cl,Active
3822,363898905,24726,C(/C=C/Cl)Cl,Inactive
3823,363898905,24726,C(/C=C/Cl)Cl,Inactive
3824,363898909,7411,C1=CC=C(C=C1)C(Cl)Cl,Inactive
3825,363898909,7411,C1=CC=C(C=C1)C(Cl)Cl,Inactive
3826,363898922,3034752,CC1=CC2=C(CCC2=O)C3=C1C4=CC=CC=C4C=C3,Active
3827,363898929,,,Inactive
3828,363898929,,,Inactive
3829,363898930,5755,C[C@]12C[C@@H]([C@H]3[C@H]([C@@H]1CC[C@@]2(C(=O)CO)O)CCC4=CC(=O)C=C[C@]34C)O,Active
3830,363898930,5755,C[C@]12C[C@@H]([C@H]3[C@H]([C@@H]1CC[C@@]2(C(=O)CO)O)CCC4=CC(=O)C=C[C@]34C)O,Inactive
3831,363898942,156317,CC1=C2C=CC3=C(C2=C(C4=CC=CC=C14)C)C=C[C@@H]([C@H]3O)O,Active
3832,363898942,156317,CC1=C2C=CC3=C(C2=C(C4=CC=CC=C14)C)C=C[C@@H]([C@H]3O)O,Active
3833,363898948,62311,COC1=C(C=CC(=C1)C2=CC(=C(C=C2)N)OC)N.Cl.Cl,Active
3834,363898948,62311,COC1=C(C=CC(=C1)C2=CC(=C(C=C2)N)OC)N.Cl.Cl,Active
3835,363898948,62311,COC1=C(C=CC(=C1)C2=CC(=C(C=C2)N)OC)N.Cl.Cl,Inactive
3836,363898948,62311,COC1=C(C=CC(=C1)C2=CC(=C(C=C2)N)OC)N.Cl.Cl,Inactive
3837,363898948,62311,COC1=C(C=CC(=C1)C2=CC(=C(C=C2)N)OC)N.Cl.Cl,Active
3838,363898948,62311,COC1=C(C=CC(=C1)C2=CC(=C(C=C2)N)OC)N.Cl.Cl,Active
3839,363898952,10555,CC(=CCl)C,Active
3840,363898952,10555,CC(=CCl)C,Active
3841,363898952,10555,CC(=CCl)C,Active
3842,363898952,10555,CC(=CCl)C,Active
3843,363898957,252237,CCCCCN(CCCCC)N=O,Active
3844,363898957,252237,CCCCCN(CCCCC)N=O,Active
3845,363898960,7577,C1=CC(=CC=C1CC2=CC=C(C=C2)N)N,Active
3846,363898960,7577,C1=CC(=CC=C1CC2=CC=C(C=C2)N)N,Active
3847,363898960,7577,C1=CC(=CC=C1CC2=CC=C(C=C2)N)N,Active
3848,363898960,7577,C1=CC(=CC=C1CC2=CC=C(C=C2)N)N,Active
3849,363898961,3118,CCOP(=S)(OCC)SCCSCC,Inactive
3850,363898961,3118,CCOP(=S)(OCC)SCCSCC,Inactive
3851,363898961,3118,CCOP(=S)(OCC)SCCSCC,Inactive
3852,363898961,3118,CCOP(=S)(OCC)SCCSCC,Inactive
3853,363898962,3120,CN(C)C(=O)NC1=CC(=C(C=C1)Cl)Cl,Active
3854,363898962,3120,CN(C)C(=O)NC1=CC(=C(C=C1)Cl)Cl,Active
3855,363898962,3120,CN(C)C(=O)NC1=CC(=C(C=C1)Cl)Cl,Inactive
3856,363898962,3120,CN(C)C(=O)NC1=CC(=C(C=C1)Cl)Cl,Active
3857,363898962,3120,CN(C)C(=O)NC1=CC(=C(C=C1)Cl)Cl,Inactive
3858,363898965,7834,CCC1CO1,Active
3859,363898965,7834,CCC1CO1,Inactive
3860,363898965,7834,CCC1CO1,Inactive
3861,363898965,7834,CCC1CO1,Unspecified
3862,363898971,1489,C1=CC(=C(C=C1Cl)Cl)OCCCC(=O)O,Inactive
3863,363898971,1489,C1=CC(=C(C=C1Cl)Cl)OCCCC(=O)O,Inactive
3864,363898971,1489,C1=CC(=C(C=C1Cl)Cl)OCCCC(=O)O,Inactive
3865,363898971,1489,C1=CC(=C(C=C1Cl)Cl)OCCCC(=O)O,Inactive
3866,363898972,7204,CC1=C(C=CC(=C1)Cl)OCC(=O)O,Inactive
3867,363898972,7204,CC1=C(C=CC(=C1)Cl)OCC(=O)O,Inactive
3868,363898972,7204,CC1=C(C=CC(=C1)Cl)OCC(=O)O,Inactive
3869,363898972,7204,CC1=C(C=CC(=C1)Cl)OCC(=O)O,Inactive
3870,363898972,7204,CC1=C(C=CC(=C1)Cl)OCC(=O)O,Inactive
3871,363898974,25742,CCN(CCO)N=O,Active
3872,363898974,25742,CCN(CCO)N=O,Active
3873,363898974,25742,CCN(CCO)N=O,Active
3874,363898974,25742,CCN(CCO)N=O,Inactive
3875,363898974,25742,CCN(CCO)N=O,Active
3876,363898974,25742,CCN(CCO)N=O,Active
3877,363898974,25742,CCN(CCO)N=O,Inactive
3878,363898974,25742,CCN(CCO)N=O,Active
3879,363898974,25742,CCN(CCO)N=O,Active
3880,363898975,2256,CCNC1=NC(=NC(=N1)Cl)NC(C)C,Active
3881,363898975,2256,CCNC1=NC(=NC(=N1)Cl)NC(C)C,Active
3882,363898975,2256,CCNC1=NC(=NC(=N1)Cl)NC(C)C,Inactive
3883,363898975,2256,CCNC1=NC(=NC(=N1)Cl)NC(C)C,Inactive
3884,363898977,2179,COC1=C(C=CC(=C1)NS(=O)(=O)C)NC2=C3C=CC=CC3=NC4=CC=CC=C42,Inactive
3885,363898977,2179,COC1=C(C=CC(=C1)NS(=O)(=O)C)NC2=C3C=CC=CC3=NC4=CC=CC=C42,Active
3886,363898977,2179,COC1=C(C=CC(=C1)NS(=O)(=O)C)NC2=C3C=CC=CC3=NC4=CC=CC=C42,Active
3887,363898982,23683747,CC1=CC(=NS(=O)(=O)O1)[O-].[K+],Inactive
3888,363898982,23683747,CC1=CC(=NS(=O)(=O)O1)[O-].[K+],Inactive
3889,363898982,23683747,CC1=CC(=NS(=O)(=O)O1)[O-].[K+],Inactive
3890,363898982,23683747,CC1=CC(=NS(=O)(=O)O1)[O-].[K+],Inactive
3891,363898984,9154,C1=CC=C2C(=C1)C3=CC=CC4=C3C2=CC=C4,Active
3892,363898984,9154,C1=CC=C2C(=C1)C3=CC=CC4=C3C2=CC=C4,Active
3893,363898984,9154,C1=CC=C2C(=C1)C3=CC=CC4=C3C2=CC=C4,Active
3894,363898984,9154,C1=CC=C2C(=C1)C3=CC=CC4=C3C2=CC=C4,Active
3895,363898984,9154,C1=CC=C2C(=C1)C3=CC=CC4=C3C2=CC=C4,Active
3896,363898984,9154,C1=CC=C2C(=C1)C3=CC=CC4=C3C2=CC=C4,Active
3897,363898984,9154,C1=CC=C2C(=C1)C3=CC=CC4=C3C2=CC=C4,Active
3898,363898984,9154,C1=CC=C2C(=C1)C3=CC=CC4=C3C2=CC=C4,Active
3899,363898984,9154,C1=CC=C2C(=C1)C3=CC=CC4=C3C2=CC=C4,Inactive
3900,363898986,8607,C1=CC=C2C(=C1)C(=O)N(C2=O)SC(Cl)(Cl)Cl,Inactive
3901,363898986,8607,C1=CC=C2C(=C1)C(=O)N(C2=O)SC(Cl)(Cl)Cl,Inactive
3902,363898986,8607,C1=CC=C2C(=C1)C(=O)N(C2=O)SC(Cl)(Cl)Cl,Active
3903,363898986,8607,C1=CC=C2C(=C1)C(=O)N(C2=O)SC(Cl)(Cl)Cl,Active
3904,363898986,8607,C1=CC=C2C(=C1)C(=O)N(C2=O)SC(Cl)(Cl)Cl,Active
3905,363898986,8607,C1=CC=C2C(=C1)C(=O)N(C2=O)SC(Cl)(Cl)Cl,Active
3906,363898993,638011,CC(=CCC/C(=C/C=O)/C)C,Inactive
3907,363898993,638011,CC(=CCC/C(=C/C=O)/C)C,Unspecified
3908,363898993,638011,CC(=CCC/C(=C/C=O)/C)C,Inactive
3909,363898993,638011,CC(=CCC/C(=C/C=O)/C)C,Inactive
3910,363898994,7362,C1=COC(=C1)C=O,Active
3911,363898994,7362,C1=COC(=C1)C=O,Inactive
3912,363898994,7362,C1=COC(=C1)C=O,Active
3913,363898994,7362,C1=COC(=C1)C=O,Active
3914,363898994,7362,C1=COC(=C1)C=O,Inactive
3915,363899002,11164,C1C(O1)CO,Active
3916,363899002,11164,C1C(O1)CO,Active
3917,363899002,11164,C1C(O1)CO,Active
3918,363899002,11164,C1C(O1)CO,Active
3919,363899010,784,OO,Active
3920,363899011,20527,CC(=O)N(C1=CC=C(C=C1)C2=CC=CC=C2)O,Inactive
3921,363899029,30544,C1=CC=C2C(=C1)C3=C4C(=C2CO)C=CC5=CC=CC(=C54)C=C3,Active
3922,363899029,30544,C1=CC=C2C(=C1)C3=C4C(=C2CO)C=CC5=CC=CC(=C54)C=C3,Active
3923,363899030,18759,CC1=C2CC(C3=C2C(=CC4=C3C=CC5=CC=CC=C54)C=C1)O,Active
3924,363899032,11285,CC1=C2C(=C(C3=CC=CC=C13)CO)C=CC4=CC=CC=C42,Inactive
3925,363899032,11285,CC1=C2C(=C(C3=CC=CC=C13)CO)C=CC4=CC=CC=C42,Inactive
3926,363899032,11285,CC1=C2C(=C(C3=CC=CC=C13)CO)C=CC4=CC=CC=C42,Active
3927,363899032,11285,CC1=C2C(=C(C3=CC=CC=C13)CO)C=CC4=CC=CC=C42,Active
3928,363899032,11285,CC1=C2C(=C(C3=CC=CC=C13)CO)C=CC4=CC=CC=C42,Active
3929,363899032,11285,CC1=C2C(=C(C3=CC=CC=C13)CO)C=CC4=CC=CC=C42,Active
3930,363899032,11285,CC1=C2C(=C(C3=CC=CC=C13)CO)C=CC4=CC=CC=C42,Active
3931,363899032,11285,CC1=C2C(=C(C3=CC=CC=C13)CO)C=CC4=CC=CC=C42,Active
3932,363899032,11285,CC1=C2C(=C(C3=CC=CC=C13)CO)C=CC4=CC=CC=C42,Active
3933,363899045,42373,CCN(CC)C(=O)NC1=CC(=C(C=C1)OCC(CNC(C)(C)C)O)C(=O)C.Cl,Inactive
3934,363899045,42373,CCN(CC)C(=O)NC1=CC(=C(C=C1)OCC(CNC(C)(C)C)O)C(=O)C.Cl,Inactive
3935,363899045,42373,CCN(CC)C(=O)NC1=CC(=C(C=C1)OCC(CNC(C)(C)C)O)C(=O)C.Cl,Inactive
3936,363899045,42373,CCN(CC)C(=O)NC1=CC(=C(C=C1)OCC(CNC(C)(C)C)O)C(=O)C.Cl,Inactive
3937,363899049,10958,CC(C)CON=O,Active
3938,363899049,10958,CC(C)CON=O,Active
3939,363899049,10958,CC(C)CON=O,Active
3940,363899049,10958,CC(C)CON=O,Active
3941,363899051,6561,CC(C)C=O,Inactive
3942,363899051,6561,CC(C)C=O,Inactive
3943,363899051,6561,CC(C)C=O,Inactive
3944,363899051,6561,CC(C)C=O,Inactive
3945,363899053,13551,CC(C)OS(=O)(=O)C,Active
3946,363899057,,,Inactive
3947,363899057,,,Inactive
3948,363899057,,,Active
3949,363899057,,,Active
3950,363899063,6433205,C/[N+](=N/CO)/[O-],Active
3951,363899063,6433205,C/[N+](=N/CO)/[O-],Active
3952,363899063,6433205,C/[N+](=N/CO)/[O-],Active
3953,363899063,6433205,C/[N+](=N/CO)/[O-],Active
3954,363899063,6433205,C/[N+](=N/CO)/[O-],Active
3955,363899063,6433205,C/[N+](=N/CO)/[O-],Active
3956,363899063,6433205,C/[N+](=N/CO)/[O-],Active
3957,363899064,53665,C1(C(=C(C(=O)O1)Cl)C(Cl)Cl)O,Active
3958,363899064,53665,C1(C(=C(C(=O)O1)Cl)C(Cl)Cl)O,Active
3959,363899070,13643,CN(CC1=CC=CC=C1)N=O,Active
3960,363899070,13643,CN(CC1=CC=CC=C1)N=O,Active
3961,363899072,23471,CCCCN(C)N=O,Active
3962,363899072,23471,CCCCN(C)N=O,Active
3963,363899072,23471,CCCCN(C)N=O,Active
3964,363899082,41320,CCCCCCCCCCCCN(C)N=O,Active
3965,363899100,47289,CN(CCCC(=O)C1=CN=CC=C1)N=O,Inactive
3966,363899100,47289,CN(CCCC(=O)C1=CN=CC=C1)N=O,Active
3967,363899100,47289,CN(CCCC(=O)C1=CN=CC=C1)N=O,Active
3968,363899100,47289,CN(CCCC(=O)C1=CN=CC=C1)N=O,Inactive
3969,363899100,47289,CN(CCCC(=O)C1=CN=CC=C1)N=O,Inactive
3970,363899100,47289,CN(CCCC(=O)C1=CN=CC=C1)N=O,Inactive
3971,363899100,47289,CN(CCCC(=O)C1=CN=CC=C1)N=O,Active
3972,363899100,47289,CN(CCCC(=O)C1=CN=CC=C1)N=O,Active
3973,363899100,47289,CN(CCCC(=O)C1=CN=CC=C1)N=O,Active
3974,363899100,47289,CN(CCCC(=O)C1=CN=CC=C1)N=O,Active
3975,363899100,47289,CN(CCCC(=O)C1=CN=CC=C1)N=O,Active
3976,363899100,47289,CN(CCCC(=O)C1=CN=CC=C1)N=O,Active
3977,363899100,47289,CN(CCCC(=O)C1=CN=CC=C1)N=O,Active
3978,363899100,47289,CN(CCCC(=O)C1=CN=CC=C1)N=O,Active
3979,363899100,47289,CN(CCCC(=O)C1=CN=CC=C1)N=O,Active
3980,363899100,47289,CN(CCCC(=O)C1=CN=CC=C1)N=O,Active
3981,363899100,47289,CN(CCCC(=O)C1=CN=CC=C1)N=O,Active
3982,363899100,47289,CN(CCCC(=O)C1=CN=CC=C1)N=O,Active
3983,363899100,47289,CN(CCCC(=O)C1=CN=CC=C1)N=O,Active
3984,363899100,47289,CN(CCCC(=O)C1=CN=CC=C1)N=O,Active
3985,363899100,47289,CN(CCCC(=O)C1=CN=CC=C1)N=O,Active
3986,363899100,47289,CN(CCCC(=O)C1=CN=CC=C1)N=O,Active
3987,363899100,47289,CN(CCCC(=O)C1=CN=CC=C1)N=O,Active
3988,363899100,47289,CN(CCCC(=O)C1=CN=CC=C1)N=O,Active
3989,363899100,47289,CN(CCCC(=O)C1=CN=CC=C1)N=O,Active
3990,363899101,27826,CN1CCN(CC1)N=O,Active
3991,363899113,14802,O=[Mo](=O)=O,Inactive
3992,363899113,14802,O=[Mo](=O)=O,Active
3993,363899113,14802,O=[Mo](=O)=O,Active
3994,363899113,14802,O=[Mo](=O)=O,Unspecified
3995,363899132,12962,CN(C=O)N,Active
3996,363899132,12962,CN(C=O)N,Active
3997,363899134,7475,C1=CC(=CC=C1N)[N+](=O)[O-],Inactive
3998,363899134,7475,C1=CC(=CC=C1N)[N+](=O)[O-],Inactive
3999,363899134,7475,C1=CC(=CC=C1N)[N+](=O)[O-],Unspecified
4000,363899135,6108,C1=CC(=CC=C1C(=O)O)[N+](=O)[O-],Inactive
4001,363899135,6108,C1=CC(=CC=C1C(=O)O)[N+](=O)[O-],Active
4002,363899135,6108,C1=CC(=CC=C1C(=O)O)[N+](=O)[O-],Inactive
4003,363899135,6108,C1=CC(=CC=C1C(=O)O)[N+](=O)[O-],Inactive
4004,363899139,11831,C1C2=CC=CC=C2C3=C1C=C(C=C3)[N+](=O)[O-],Active
4005,363899142,6604200,C1C(=O)NC(=O)N1/N=C/C2=CC=C(O2)[N+](=O)[O-],Active
4006,363899142,6604200,C1C(=O)NC(=O)N1/N=C/C2=CC=C(O2)[N+](=O)[O-],Inactive
4007,363899142,6604200,C1C(=O)NC(=O)N1/N=C/C2=CC=C(O2)[N+](=O)[O-],Inactive
4008,363899142,6604200,C1C(=O)NC(=O)N1/N=C/C2=CC=C(O2)[N+](=O)[O-],Active
4009,363899142,6604200,C1C(=O)NC(=O)N1/N=C/C2=CC=C(O2)[N+](=O)[O-],Inactive
4010,363899142,6604200,C1C(=O)NC(=O)N1/N=C/C2=CC=C(O2)[N+](=O)[O-],Inactive
4011,363899142,6604200,C1C(=O)NC(=O)N1/N=C/C2=CC=C(O2)[N+](=O)[O-],Inactive
4012,363899142,6604200,C1C(=O)NC(=O)N1/N=C/C2=CC=C(O2)[N+](=O)[O-],Inactive
4013,363899142,6604200,C1C(=O)NC(=O)N1/N=C/C2=CC=C(O2)[N+](=O)[O-],Inactive
4014,363899142,6604200,C1C(=O)NC(=O)N1/N=C/C2=CC=C(O2)[N+](=O)[O-],Inactive
4015,363899142,6604200,C1C(=O)NC(=O)N1/N=C/C2=CC=C(O2)[N+](=O)[O-],Inactive
4016,363899142,6604200,C1C(=O)NC(=O)N1/N=C/C2=CC=C(O2)[N+](=O)[O-],Active
4017,363899142,6604200,C1C(=O)NC(=O)N1/N=C/C2=CC=C(O2)[N+](=O)[O-],Inactive
4018,363899142,6604200,C1C(=O)NC(=O)N1/N=C/C2=CC=C(O2)[N+](=O)[O-],Active
4019,363899142,6604200,C1C(=O)NC(=O)N1/N=C/C2=CC=C(O2)[N+](=O)[O-],Inactive
4020,363899142,6604200,C1C(=O)NC(=O)N1/N=C/C2=CC=C(O2)[N+](=O)[O-],Inactive
4021,363899142,6604200,C1C(=O)NC(=O)N1/N=C/C2=CC=C(O2)[N+](=O)[O-],Active
4022,363899145,5447130,C1=C(OC(=C1)[N+](=O)[O-])/C=N/NC(=O)N,Inactive
4023,363899145,5447130,C1=C(OC(=C1)[N+](=O)[O-])/C=N/NC(=O)N,Active
4024,363899145,5447130,C1=C(OC(=C1)[N+](=O)[O-])/C=N/NC(=O)N,Active
4025,363899145,5447130,C1=C(OC(=C1)[N+](=O)[O-])/C=N/NC(=O)N,Active
4026,363899145,5447130,C1=C(OC(=C1)[N+](=O)[O-])/C=N/NC(=O)N,Inactive
4027,363899145,5447130,C1=C(OC(=C1)[N+](=O)[O-])/C=N/NC(=O)N,Active
4028,363899145,5447130,C1=C(OC(=C1)[N+](=O)[O-])/C=N/NC(=O)N,Active
4029,363899145,5447130,C1=C(OC(=C1)[N+](=O)[O-])/C=N/NC(=O)N,Inactive
4030,363899145,5447130,C1=C(OC(=C1)[N+](=O)[O-])/C=N/NC(=O)N,Unspecified
4031,363899151,107987,C1=C(OC(=C1)[N+](=O)[O-])C2=CSC=N2,Active
4032,363899154,25113282,CC1=C2C(=CC(=C1C(=O)O)O)C(=O)C3=C(C2=O)C(=C(C(=C3O)O)[C@H]4[C@@H]([C@@H]([C@H]([C@@H](O4)CO)O)O)O)O,Inactive
4033,363899154,25113282,CC1=C2C(=CC(=C1C(=O)O)O)C(=O)C3=C(C2=O)C(=C(C(=C3O)O)[C@H]4[C@@H]([C@@H]([C@H]([C@@H](O4)CO)O)O)O)O,Inactive
4034,363899155,6375,C[N+](=O)[O-],Inactive
4035,363899155,6375,C[N+](=O)[O-],Inactive
4036,363899155,6375,C[N+](=O)[O-],Inactive
4037,363899155,6375,C[N+](=O)[O-],Active
4038,363899155,6375,C[N+](=O)[O-],Active
4039,363899155,6375,C[N+](=O)[O-],Active
4040,363899155,6375,C[N+](=O)[O-],Inactive
4041,363899155,6375,C[N+](=O)[O-],Inactive
4042,363899155,6375,C[N+](=O)[O-],Inactive
4043,363899167,23493,CN(C(=O)OC1=CC=CC2=CC=CC=C21)N=O,Active
4044,363899168,12613538,C1C[C@H](N(C1)N=O)C2=CN=CC=C2,Active
4045,363899168,12613538,C1C[C@H](N(C1)N=O)C2=CN=CC=C2,Active
4046,363899168,12613538,C1C[C@H](N(C1)N=O)C2=CN=CC=C2,Active
4047,363899168,12613538,C1C[C@H](N(C1)N=O)C2=CN=CC=C2,Inactive
4048,363899168,12613538,C1C[C@H](N(C1)N=O)C2=CN=CC=C2,Active
4049,363899168,12613538,C1C[C@H](N(C1)N=O)C2=CN=CC=C2,Active
4050,363899168,12613538,C1C[C@H](N(C1)N=O)C2=CN=CC=C2,Active
4051,363899168,12613538,C1C[C@H](N(C1)N=O)C2=CN=CC=C2,Active
4052,363899169,11294,CN(C)C1=CC=C(C=C1)C(=C2C=CC(=[N+](C)C)C=C2)C3=CC=CC=C3.[Cl-],Unspecified
4053,363899169,11294,CN(C)C1=CC=C(C=C1)C(=C2C=CC(=[N+](C)C)C=C2)C3=CC=CC=C3.[Cl-],Inactive
4054,363899174,6944,CC1=CC=CC=C1[N+](=O)[O-],Active
4055,363899174,6944,CC1=CC=CC=C1[N+](=O)[O-],Active
4056,363899174,6944,CC1=CC=CC=C1[N+](=O)[O-],Active
4057,363899174,6944,CC1=CC=CC=C1[N+](=O)[O-],Active
4058,363899174,6944,CC1=CC=CC=C1[N+](=O)[O-],Active
4059,363899183,995,C1=CC=C2C(=C1)C=CC3=CC=CC=C32,Inactive
4060,363899184,9189,C1=CC=C2C(=C1)C=NC3=CC=CC=C23,Inactive
4061,363899184,9189,C1=CC=C2C(=C1)C=NC3=CC=CC=C23,Inactive
4062,363899186,7935,C1=CC(=CC(=C1)N)N,Inactive
4063,363899186,7935,C1=CC(=CC(=C1)N)N,Inactive
4064,363899206,31423,C1=CC2=C3C(=C1)C=CC4=CC=CC(=C43)C=C2,Inactive
4065,363899206,31423,C1=CC2=C3C(=C1)C=CC4=CC=CC(=C43)C=C2,Inactive
4066,363899206,31423,C1=CC2=C3C(=C1)C=CC4=CC=CC(=C43)C=C2,Inactive
4067,363899211,33557,[N-]=[N+]=[N-].[Na+],Inactive
4068,363899211,33557,[N-]=[N+]=[N-].[Na+],Inactive
4069,363899217,75230,CC(C)NC(=O)C1=CC=C(C=C1)CN=NC,Active
4070,363899218,7276,C1C(O1)C2=CC=CC=C2,Active
4071,363899218,7276,C1C(O1)C2=CC=CC=C2,Active
4072,363899218,7276,C1C(O1)C2=CC=CC=C2,Active
4073,363899218,7276,C1C(O1)C2=CC=CC=C2,Active
4074,363899218,7276,C1C(O1)C2=CC=CC=C2,Active
4075,363899218,7276,C1C(O1)C2=CC=CC=C2,Active
4076,363899218,7276,C1C(O1)C2=CC=CC=C2,Inactive
4077,363899218,7276,C1C(O1)C2=CC=CC=C2,Active
4078,363899218,7276,C1C(O1)C2=CC=CC=C2,Active
4079,363899218,7276,C1C(O1)C2=CC=CC=C2,Inactive
4080,363899218,7276,C1C(O1)C2=CC=CC=C2,Inactive
4081,363899231,9058,C1CCC2=C(C1)C=CC3=CC4=C(C=CC5=CC=CC=C54)C=C23,Active
4082,363899232,5455,CN(C)C(=S)SSC(=S)N(C)C,Inactive
4083,363899232,5455,CN(C)C(=S)SSC(=S)N(C)C,Inactive
4084,363899232,5455,CN(C)C(=S)SSC(=S)N(C)C,Inactive
4085,363899232,5455,CN(C)C(=S)SSC(=S)N(C)C,Inactive
4086,363899232,5455,CN(C)C(=S)SSC(=S)N(C)C,Inactive
4087,363899232,5455,CN(C)C(=S)SSC(=S)N(C)C,Inactive
4088,363899232,5455,CN(C)C(=S)SSC(=S)N(C)C,Inactive
4089,363899232,5455,CN(C)C(=S)SSC(=S)N(C)C,Inactive
4090,363899234,,,Unspecified
4091,363899234,,,Unspecified
4092,363899235,9056,C1CCC2=C(C1)C=CC3=CC4=C(CCC5=CC=CC=C54)C=C23,Active
4093,363899237,11955,C1=CC=C(C=C1)C(=O)NN,Active
4094,363899237,11955,C1=CC=C(C=C1)C(=O)NN,Active
4095,363899240,6278,CC(Cl)(Cl)Cl,Inactive
4096,363899240,6278,CC(Cl)(Cl)Cl,Inactive
4097,363899240,6278,CC(Cl)(Cl)Cl,Inactive
4098,363899240,6278,CC(Cl)(Cl)Cl,Inactive
4099,363899241,93308,CCCCNN.Cl,Active
4100,363899241,93308,CCCCNN.Cl,Active
4101,363899242,7367,C1=CC=C(C=C1)C(Cl)(Cl)Cl,Active
4102,363899252,8295,C(CCl)OP(=O)(OCCCl)OCCCl,Active
4103,363899252,8295,C(CCl)OP(=O)(OCCCl)OCCCl,Active
4104,363899252,8295,C(CCl)OP(=O)(OCCCl)OCCCl,Active
4105,363899252,8295,C(CCl)OP(=O)(OCCCl)OCCCl,Active
4106,363899252,8295,C(CCl)OP(=O)(OCCCl)OCCCl,Inactive
4107,363899252,8295,C(CCl)OP(=O)(OCCCl)OCCCl,Unspecified
4108,363899252,8295,C(CCl)OP(=O)(OCCCl)OCCCl,Unspecified
4109,363899253,42006,CCCN[NH3+].[Cl-],Active
4110,363899253,42006,CCCN[NH3+].[Cl-],Active
4111,363899256,7904,CC(=O)OC=C,Inactive
4112,363899256,7904,CC(=O)OC=C,Active
4113,363899256,7904,CC(=O)OC=C,Active
4114,363899256,7904,CC(=O)OC=C,Inactive
4115,363899256,7904,CC(=O)OC=C,Inactive
4116,363899256,7904,CC(=O)OC=C,Inactive
4117,363899256,7904,CC(=O)OC=C,Inactive
4118,363899256,7904,CC(=O)OC=C,Inactive
4119,363899256,7904,CC(=O)OC=C,Inactive
4120,363899256,7904,CC(=O)OC=C,Active
4121,363899256,7904,CC(=O)OC=C,Active
4122,363899256,7904,CC(=O)OC=C,Active
4123,363899262,91560,C1=CC=C(C(=C1)C(C2=CC=C(C=C2)Cl)C(Cl)(Cl)Cl)Cl.C1=CC(=CC=C1C(C2=CC=C(C=C2)Cl)C(Cl)(Cl)Cl)Cl,Active
4124,363899262,91560,C1=CC=C(C(=C1)C(C2=CC=C(C=C2)Cl)C(Cl)(Cl)Cl)Cl.C1=CC(=CC=C1C(C2=CC=C(C=C2)Cl)C(Cl)(Cl)Cl)Cl,Active
4125,363899262,91560,C1=CC=C(C(=C1)C(C2=CC=C(C=C2)Cl)C(Cl)(Cl)Cl)Cl.C1=CC(=CC=C1C(C2=CC=C(C=C2)Cl)C(Cl)(Cl)Cl)Cl,Active
4126,363899263,518753,[Be+2].[OH-].[OH-],Active
4127,363899264,2519,CN1C=NC2=C1C(=O)N(C(=O)N2C)C,Inactive
4128,363899264,2519,CN1C=NC2=C1C(=O)N(C(=O)N2C)C,Inactive
4129,363899264,2519,CN1C=NC2=C1C(=O)N(C(=O)N2C)C,Inactive
4130,363899265,26089,[O-][Cr](=O)(=O)[O-].[Zn+2],Active
4131,363899266,77098495,CC[C@@H]1C(=O)N[C@H](C(=O)N[C@H](CC(=O)N[C@@H](C(=O)N2C[C@H]([C@H]([C@H]2C(=O)N1)Cl)Cl)CO)C3=CC=CC=C3)CO,Active
4132,363899267,8815,COC1=CC=C(C=C1)CC=C,Active
4133,363899267,8815,COC1=CC=C(C=C1)CC=C,Active
4134,363899267,8815,COC1=CC=C(C=C1)CC=C,Active
4135,363899267,8815,COC1=CC=C(C=C1)CC=C,Active
4136,363899267,8815,COC1=CC=C(C=C1)CC=C,Active
4137,363899267,8815,COC1=CC=C(C=C1)CC=C,Active
4138,363899267,8815,COC1=CC=C(C=C1)CC=C,Active
4139,363899280,5284451,CN(C)CCN(CC1=CC=C(C=C1)OC)C2=CC=CC=N2.C(=C\C(=O)O)\C(=O)O,Inactive
4140,363899280,5284451,CN(C)CCN(CC1=CC=C(C=C1)OC)C2=CC=CC=N2.C(=C\C(=O)O)\C(=O)O,Inactive
4141,363899280,5284451,CN(C)CCN(CC1=CC=C(C=C1)OC)C2=CC=CC=N2.C(=C\C(=O)O)\C(=O)O,Inactive
4142,363899280,5284451,CN(C)CCN(CC1=CC=C(C=C1)OC)C2=CC=CC=N2.C(=C\C(=O)O)\C(=O)O,Inactive
4143,363899280,5284451,CN(C)CCN(CC1=CC=C(C=C1)OC)C2=CC=CC=N2.C(=C\C(=O)O)\C(=O)O,Inactive
4144,363899280,5284451,CN(C)CCN(CC1=CC=C(C=C1)OC)C2=CC=CC=N2.C(=C\C(=O)O)\C(=O)O,Inactive
4145,363899280,5284451,CN(C)CCN(CC1=CC=C(C=C1)OC)C2=CC=CC=N2.C(=C\C(=O)O)\C(=O)O,Inactive
4146,363899280,5284451,CN(C)CCN(CC1=CC=C(C=C1)OC)C2=CC=CC=N2.C(=C\C(=O)O)\C(=O)O,Inactive
4147,363899300,11292,C1=CC(=N)C=CC1=C(C2=CC=C(C=C2)N)C3=CC=C(C=C3)N.Cl,Active
4148,363899300,11292,C1=CC(=N)C=CC1=C(C2=CC=C(C=C2)N)C3=CC=C(C=C3)N.Cl,Active
4149,363899300,11292,C1=CC(=N)C=CC1=C(C2=CC=C(C=C2)N)C3=CC=C(C=C3)N.Cl,Active
4150,363899300,11292,C1=CC(=N)C=CC1=C(C2=CC=C(C=C2)N)C3=CC=C(C=C3)N.Cl,Active
4151,363899300,11292,C1=CC(=N)C=CC1=C(C2=CC=C(C=C2)N)C3=CC=C(C=C3)N.Cl,Inactive
4152,363899300,11292,C1=CC(=N)C=CC1=C(C2=CC=C(C=C2)N)C3=CC=C(C=C3)N.Cl,Inactive
4153,363899301,5359318,C[C@@H]([C@@H](C1=CC=CC=C1)O)NC.C[C@@H]([C@@H](C1=CC=CC=C1)O)NC.OS(=O)(=O)O,Inactive
4154,363899301,5359318,C[C@@H]([C@@H](C1=CC=CC=C1)O)NC.C[C@@H]([C@@H](C1=CC=CC=C1)O)NC.OS(=O)(=O)O,Inactive
4155,363899301,5359318,C[C@@H]([C@@H](C1=CC=CC=C1)O)NC.C[C@@H]([C@@H](C1=CC=CC=C1)O)NC.OS(=O)(=O)O,Inactive
4156,363899301,5359318,C[C@@H]([C@@H](C1=CC=CC=C1)O)NC.C[C@@H]([C@@H](C1=CC=CC=C1)O)NC.OS(=O)(=O)O,Inactive
4157,363899302,11698,COP(=O)(N1CCOCC1)OC,Active
4158,363899302,11698,COP(=O)(N1CCOCC1)OC,Active
4159,363899302,11698,COP(=O)(N1CCOCC1)OC,Inactive
4160,363899302,11698,COP(=O)(N1CCOCC1)OC,Inactive
4161,363899303,6544,CC1=CC(=O)CC(C1)(C)C,Inactive
4162,363899303,6544,CC1=CC(=O)CC(C1)(C)C,Active
4163,363899303,6544,CC1=CC(=O)CC(C1)(C)C,Inactive
4164,363899303,6544,CC1=CC(=O)CC(C1)(C)C,Unspecified
4165,363899304,6327114,CO[P+](=O)OC,Active
4166,363899304,6327114,CO[P+](=O)OC,Inactive
4167,363899304,6327114,CO[P+](=O)OC,Inactive
4168,363899304,6327114,CO[P+](=O)OC,Unspecified
4169,363899306,8252,CC=C,Inactive
4170,363899306,8252,CC=C,Inactive
4171,363899306,8252,CC=C,Inactive
4172,363899306,8252,CC=C,Inactive
4173,363899306,8252,CC=C,Inactive
4174,363899306,8252,CC=C,Inactive
4175,363899306,8252,CC=C,Inactive
4176,363899306,8252,CC=C,Inactive
4177,363899306,8252,CC=C,Inactive
4178,363899306,8252,CC=C,Inactive
4179,363899307,7964,C1=CC=C(C=C1)Cl,Inactive
4180,363899307,7964,C1=CC=C(C=C1)Cl,Inactive
4181,363899307,7964,C1=CC=C(C=C1)Cl,Inactive
4182,363899307,7964,C1=CC=C(C=C1)Cl,Unspecified
4183,363899308,36383,C1=CC(=C(C=C1N(CCO)CCO)[N+](=O)[O-])NCCO,Inactive
4184,363899308,36383,C1=CC(=C(C=C1N(CCO)CCO)[N+](=O)[O-])NCCO,Inactive
4185,363899308,36383,C1=CC(=C(C=C1N(CCO)CCO)[N+](=O)[O-])NCCO,Inactive
4186,363899308,36383,C1=CC(=C(C=C1N(CCO)CCO)[N+](=O)[O-])NCCO,Inactive
4187,363899309,,,Inactive
4188,363899309,,,Inactive
4189,363899309,,,Inactive
4190,363899309,,,Inactive
4191,363899309,,,Inactive
4192,363899309,,,Inactive
4193,363899309,,,Inactive
4194,363899309,,,Inactive
4195,363899309,,,Inactive
4196,363899309,,,Inactive
4197,363899309,,,Inactive
4198,363899309,,,Inactive
4199,363899309,,,Inactive
4200,363899309,,,Inactive
4201,363899309,,,Inactive
4202,363899309,,,Inactive
4203,363899309,,,Inactive
4204,363899309,,,Inactive
4205,363899309,,,Active
4206,363899309,,,Inactive
4207,363899309,,,Inactive
4208,363899310,7239,C1=CC=C(C(=C1)Cl)Cl,Inactive
4209,363899310,7239,C1=CC=C(C(=C1)Cl)Cl,Inactive
4210,363899310,7239,C1=CC=C(C(=C1)Cl)Cl,Inactive
4211,363899310,7239,C1=CC=C(C(=C1)Cl)Cl,Inactive
4212,363899311,8560,C=CCOC(=O)C1=CC=CC=C1C(=O)OCC=C,Inactive
4213,363899311,8560,C=CCOC(=O)C1=CC=CC=C1C(=O)OCC=C,Unspecified
4214,363899311,8560,C=CCOC(=O)C1=CC=CC=C1C(=O)OCC=C,Unspecified
4215,363899311,8560,C=CCOC(=O)C1=CC=CC=C1C(=O)OCC=C,Unspecified
4216,363899312,17734,CNC1=C(C=C(C=C1)N(CCO)CCO)[N+](=O)[O-],Active
4217,363899312,17734,CNC1=C(C=C(C=C1)N(CCO)CCO)[N+](=O)[O-],Active
4218,363899312,17734,CNC1=C(C=C(C=C1)N(CCO)CCO)[N+](=O)[O-],Active
4219,363899312,17734,CNC1=C(C=C(C=C1)N(CCO)CCO)[N+](=O)[O-],Unspecified
4220,363899313,3465817,C1=CC(=C(C=C1N)[N+](=O)[O-])NCCO,Inactive
4221,363899313,3465817,C1=CC(=C(C=C1N)[N+](=O)[O-])NCCO,Inactive
4222,363899313,3465817,C1=CC(=C(C=C1N)[N+](=O)[O-])NCCO,Unspecified
4223,363899314,6658,CC(=C)C(=O)OC,Inactive
4224,363899314,6658,CC(=C)C(=O)OC,Inactive
4225,363899314,6658,CC(=C)C(=O)OC,Inactive
4226,363899314,6658,CC(=C)C(=O)OC,Inactive
4227,363899314,6658,CC(=C)C(=O)OC,Inactive
4228,363899314,6658,CC(=C)C(=O)OC,Inactive
4229,363899314,6658,CC(=C)C(=O)OC,Inactive
4230,363899314,6658,CC(=C)C(=O)OC,Inactive
4231,363899315,115083,CCCCCCCCCCCCCCN(C)N=O,Active
4232,363899316,53394,CCCCCCCCCCN(C)N=O,Active
4233,363899317,53393,CCCCCCCCCN(C)N=O,Active
4234,363899318,36828,CCCCCCCCN(C)N=O,Active
4235,363899318,36828,CCCCCCCCN(C)N=O,Active
4236,363899318,36828,CCCCCCCCN(C)N=O,Active
4237,363899319,2206,CC1=CC(=O)N(N1C)C2=CC=CC=C2,Active
4238,363899320,149740,CC1CN(CC(N1C(=O)C2=CC=CC=C2)C)N=O,Active
4239,363899321,135652,CC1CN(CC(N1C(=O)C)C)N=O,Active
4240,363899322,92376,CC1CN(CC(N1)C)N=O,Active
4241,363899323,150692,CC1CN(CC(N1C)C)N=O,Active
4242,363899324,11112,C1=CC(=CN=C1)C(=O)NN,Active
4243,363899324,11112,C1=CC(=CN=C1)C(=O)NN,Active
4244,363899325,46335,CCCCCN(C(=O)OCC)N=O,Active
4245,363899326,11977,CCN(C(=O)OCC)N=O,Active
4246,363899326,11977,CCN(C(=O)OCC)N=O,Active
4247,363899326,11977,CCN(C(=O)OCC)N=O,Active
4248,363899326,11977,CCN(C(=O)OCC)N=O,Active
4249,363899326,11977,CCN(C(=O)OCC)N=O,Active
4250,363899327,55145,C=CSCCC(C(=O)O)N,Active
4251,363899327,55145,C=CSCCC(C(=O)O)N,Active
4252,363899332,5324276,CC/C(=N\O)/C,Active
4253,363899332,5324276,CC/C(=N\O)/C,Inactive
4254,363899332,5324276,CC/C(=N\O)/C,Active
4255,363899332,5324276,CC/C(=N\O)/C,Inactive
4256,363899336,68289,C1OC2=C(O1)C=C(C=C2)O,Active
4257,363899336,68289,C1OC2=C(O1)C=C(C=C2)O,Active
4258,363899336,68289,C1OC2=C(O1)C=C(C=C2)O,Active
4259,363899336,68289,C1OC2=C(O1)C=C(C=C2)O,Active
4260,363899336,68289,C1OC2=C(O1)C=C(C=C2)O,Active
4261,363899336,68289,C1OC2=C(O1)C=C(C=C2)O,Inactive
4262,363899336,68289,C1OC2=C(O1)C=C(C=C2)O,Active
4263,363899336,68289,C1OC2=C(O1)C=C(C=C2)O,Inactive
4264,363899336,68289,C1OC2=C(O1)C=C(C=C2)O,Active
4265,363899336,68289,C1OC2=C(O1)C=C(C=C2)O,Active
4266,363899336,68289,C1OC2=C(O1)C=C(C=C2)O,Active
4267,363899336,68289,C1OC2=C(O1)C=C(C=C2)O,Active
4268,363899336,68289,C1OC2=C(O1)C=C(C=C2)O,Inactive
4269,363899338,7017,C1=CC=C(C=C1)C2=CC=CC=C2O,Inactive
4270,363899338,7017,C1=CC=C(C=C1)C2=CC=CC=C2O,Inactive
4271,363899338,7017,C1=CC=C(C=C1)C2=CC=CC=C2O,Active
4272,363899339,8005,CCCCCl,Inactive
4273,363899339,8005,CCCCCl,Inactive
4274,363899339,8005,CCCCCl,Inactive
4275,363899339,8005,CCCCCl,Inactive
4276,363899342,4944,CC(C)OC1=CC=CC=C1OC(=O)NC,Inactive
4277,363899342,4944,CC(C)OC1=CC=CC=C1OC(=O)NC,Inactive
4278,363899346,177,CC=O,Active
4279,363899346,177,CC=O,Active
4280,363899353,12192,CCOC(=O)C=[N+]=[N-],Active
4281,363899353,12192,CCOC(=O)C=[N+]=[N-],Active
4282,363899353,12192,CCOC(=O)C=[N+]=[N-],Active
4283,363899353,12192,CCOC(=O)C=[N+]=[N-],Active
4284,363899353,12192,CCOC(=O)C=[N+]=[N-],Active
4285,363899353,12192,CCOC(=O)C=[N+]=[N-],Inactive
4286,363899353,12192,CCOC(=O)C=[N+]=[N-],Inactive
4287,363899353,12192,CCOC(=O)C=[N+]=[N-],Inactive
4288,363899353,12192,CCOC(=O)C=[N+]=[N-],Inactive
4289,363899353,12192,CCOC(=O)C=[N+]=[N-],Active
4290,363899354,21152,C(C(=O)[O-])N(CC(=O)[O-])CC(=O)[O-].[Na+].[Na+].[Na+],Active
4291,363899355,5284417,CN1C=C(C(=O)C2=C1N=C(C=C2)/C=C/C3=CC=C(O3)[N+](=O)[O-])C(=O)[O-].[K+],Active
4292,363899356,73456703,[H+].[H+].[O-][Si](=O)[O-].[O-][Si](=O)[O-].[O-][Si](=O)[O-].[O-][Si](=O)[O-].[O-][Si](=O)[O-].[O-][Si](=O)[O-].[O-][Si](=O)[O-].[O-][Si](=O)[O-].[Ca+2].[Ca+2].[Fe+2].[Fe+2].[Fe+2].[Fe+2].[Fe+2],Active
4293,363899357,51665,CC1=C(C(=CC=C1)OCC(CNC(C)(C)C)O)[N+](=O)[O-],Active
4294,363899358,5284475,CC1=C2C3=CC=CC=C3NC2=CC(=N1)N.CC(=O)O,Active
4295,363899359,5284473,CC1=C2C(=C(N=C1N)C)C3=CC=CC=C3N2.CC(=O)O,Active
4296,363899360,,,Active
4297,363899360,,,Active
4298,363899360,,,Active
4299,363899360,,,Active
4300,363899361,51366,CC(=O)NC1=CC=C(C=C1)C2=CC=C(C=C2)N(C(=O)C)O,Active
4301,363899362,10754,C1=CC(=CC=C1C2=CC=C(C=C2)N)N.Cl.Cl,Active
4302,363899363,32154,CC(C)(C#C)NC(=O)C1=CC(=CC(=C1)Cl)Cl,Active
4303,363899364,5284474,CC1=C2C(=C(N=C1N)C)C3=CC=CC=C3N2,Active
4304,363899364,5284474,CC1=C2C(=C(N=C1N)C)C3=CC=CC=C3N2,Active
4305,363899364,5284474,CC1=C2C(=C(N=C1N)C)C3=CC=CC=C3N2,Active
4306,363899365,5284476,CC1=C2C3=CC=CC=C3NC2=CC(=N1)N,Active
4307,363899365,5284476,CC1=C2C3=CC=CC=C3NC2=CC(=N1)N,Active
4308,363899365,5284476,CC1=C2C3=CC=CC=C3NC2=CC(=N1)N,Active
4309,363899366,2723789,C(=S)(N)NN,Inactive
4310,363899366,2723789,C(=S)(N)NN,Inactive
4311,363899367,6182,CC(CNN)C1=CC=CC=C1.Cl,Inactive
4312,363899367,6182,CC(CNN)C1=CC=CC=C1.Cl,Inactive
4313,363899368,5281068,CN(C)CCC(C1=CC=C(C=C1)Cl)C2=CC=CC=N2.C(=C\C(=O)O)\C(=O)O,Inactive
4314,363899368,5281068,CN(C)CCC(C1=CC=C(C=C1)Cl)C2=CC=CC=N2.C(=C\C(=O)O)\C(=O)O,Inactive
4315,363899368,5281068,CN(C)CCC(C1=CC=C(C=C1)Cl)C2=CC=CC=N2.C(=C\C(=O)O)\C(=O)O,Inactive
4316,363899368,5281068,CN(C)CCC(C1=CC=C(C=C1)Cl)C2=CC=CC=N2.C(=C\C(=O)O)\C(=O)O,Inactive
4317,363899368,5281068,CN(C)CCC(C1=CC=C(C=C1)Cl)C2=CC=CC=N2.C(=C\C(=O)O)\C(=O)O,Inactive
4318,363899368,5281068,CN(C)CCC(C1=CC=C(C=C1)Cl)C2=CC=CC=N2.C(=C\C(=O)O)\C(=O)O,Inactive
4319,363899369,17190,C1=CC(=C2C(=C1N)C(=O)C3=C(C=CC(=C3C2=O)N)N)N,Active
4320,363899369,17190,C1=CC(=C2C(=C1N)C(=O)C3=C(C=CC(=C3C2=O)N)N)N,Active
4321,363899369,17190,C1=CC(=C2C(=C1N)C(=O)C3=C(C=CC(=C3C2=O)N)N)N,Inactive
4322,363899369,17190,C1=CC(=C2C(=C1N)C(=O)C3=C(C=CC(=C3C2=O)N)N)N,Unspecified
4323,363899370,22833489,CCC(C(C(CC(C(C(C)Cl)Cl)Cl)Cl)Cl)Cl,Active
4324,363899370,22833489,CCC(C(C(CC(C(C(C)Cl)Cl)Cl)Cl)Cl)Cl,Active
4325,363899370,22833489,CCC(C(C(CC(C(C(C)Cl)Cl)Cl)Cl)Cl)Cl,Active
4326,363899370,22833489,CCC(C(C(CC(C(C(C)Cl)Cl)Cl)Cl)Cl)Cl,Active
4327,363899371,14410,C1(=C(C(=C(C(=C1Br)Br)Br)Br)Br)OC2=C(C(=C(C(=C2Br)Br)Br)Br)Br,Active
4328,363899371,14410,C1(=C(C(=C(C(=C1Br)Br)Br)Br)Br)OC2=C(C(=C(C(=C2Br)Br)Br)Br)Br,Active
4329,363899371,14410,C1(=C(C(=C(C(=C1Br)Br)Br)Br)Br)OC2=C(C(=C(C(=C2Br)Br)Br)Br)Br,Inactive
4330,363899371,14410,C1(=C(C(=C(C(=C1Br)Br)Br)Br)Br)OC2=C(C(=C(C(=C2Br)Br)Br)Br)Br,Unspecified
4331,363899372,7499,C=CC1CCC=CC1,Active
4332,363899373,8785,CC(=O)OCC1=CC=CC=C1,Inactive
4333,363899373,8785,CC(=O)OCC1=CC=CC=C1,Active
4334,363899373,8785,CC(=O)OCC1=CC=CC=C1,Active
4335,363899373,8785,CC(=O)OCC1=CC=CC=C1,Active
4336,363899373,8785,CC(=O)OCC1=CC=CC=C1,Inactive
4337,363899373,8785,CC(=O)OCC1=CC=CC=C1,Inactive
4338,363899373,8785,CC(=O)OCC1=CC=CC=C1,Inactive
4339,363899373,8785,CC(=O)OCC1=CC=CC=C1,Inactive
4340,363899373,8785,CC(=O)OCC1=CC=CC=C1,Unspecified
4341,363899374,7586,C1C(O1)COC2=CC(=CC=C2)OCC3CO3,Active
4342,363899374,7586,C1C(O1)COC2=CC(=CC=C2)OCC3CO3,Active
4343,363899374,7586,C1C(O1)COC2=CC(=CC=C2)OCC3CO3,Active
4344,363899374,7586,C1C(O1)COC2=CC(=CC=C2)OCC3CO3,Active
4345,363899374,7586,C1C(O1)COC2=CC(=CC=C2)OCC3CO3,Active
4346,363899374,7586,C1C(O1)COC2=CC(=CC=C2)OCC3CO3,Active
4347,363899374,7586,C1C(O1)COC2=CC(=CC=C2)OCC3CO3,Active
4348,363899374,7586,C1C(O1)COC2=CC(=CC=C2)OCC3CO3,Active
4349,363899376,23668197,[O-]Cl=O.[Na+],Inactive
4350,363899376,23668197,[O-]Cl=O.[Na+],Inactive
4351,363899397,16043,CC(C)(C)C1=C(C=CC(=C1)O)O,Inactive
4352,363899397,16043,CC(C)(C)C1=C(C=CC(=C1)O)O,Inactive
4353,363899397,16043,CC(C)(C)C1=C(C=CC(=C1)O)O,Inactive
4354,363899397,16043,CC(C)(C)C1=C(C=CC(=C1)O)O,Inactive
4355,363899397,16043,CC(C)(C)C1=C(C=CC(=C1)O)O,Inactive
4356,363899397,16043,CC(C)(C)C1=C(C=CC(=C1)O)O,Inactive
4357,363899397,16043,CC(C)(C)C1=C(C=CC(=C1)O)O,Inactive
4358,363899397,16043,CC(C)(C)C1=C(C=CC(=C1)O)O,Inactive
4359,363899397,16043,CC(C)(C)C1=C(C=CC(=C1)O)O,Inactive
4360,363899397,16043,CC(C)(C)C1=C(C=CC(=C1)O)O,Inactive
4361,363899398,6731,C1=CC=C2C(=C1)C=CC(=N2)C3C(=O)C4=CC=CC=C4C3=O,Active
4362,363899398,6731,C1=CC=C2C(=C1)C=CC(=N2)C3C(=O)C4=CC=CC=C4C3=O,Active
4363,363899399,727,C1(C(C(C(C(C1Cl)Cl)Cl)Cl)Cl)Cl,Active
4364,363899400,6414792,C1=C(OC(=C1)[N+](=O)[O-])/C=C/C2=CN=C(N=N2)N(CO)CO,Active
4365,363899420,3031,C1=CC(=C(C(=C1)Cl)C#N)Cl,Active
4366,363899420,3031,C1=CC(=C(C(=C1)Cl)C#N)Cl,Active
4367,363899453,23712862,[CH-](C=O)C=O.[Na+],Active
4368,363899453,23712862,[CH-](C=O)C=O.[Na+],Active
4369,363899453,23712862,[CH-](C=O)C=O.[Na+],Inactive
4370,363899453,23712862,[CH-](C=O)C=O.[Na+],Inactive
4371,363899454,12559,CCCCCCCCCCCCCCCCCC(=O)O.CC[C@@H]1[C@@]([C@@H]([C@H](C(=O)[C@@H](C[C@@]([C@@H]([C@H]([C@@H]([C@H](C(=O)O1)C)O[C@H]2C[C@@]([C@H]([C@@H](O2)C)O)(C)OC)C)O[C@H]3[C@@H]([C@H](C[C@H](O3)C)N(C)C)O)(C)O)C)C)O)(C)O,Inactive
4372,363899454,12559,CCCCCCCCCCCCCCCCCC(=O)O.CC[C@@H]1[C@@]([C@@H]([C@H](C(=O)[C@@H](C[C@@]([C@@H]([C@H]([C@@H]([C@H](C(=O)O1)C)O[C@H]2C[C@@]([C@H]([C@@H](O2)C)O)(C)OC)C)O[C@H]3[C@@H]([C@H](C[C@H](O3)C)N(C)C)O)(C)O)C)C)O)(C)O,Inactive
4373,363899454,12559,CCCCCCCCCCCCCCCCCC(=O)O.CC[C@@H]1[C@@]([C@@H]([C@H](C(=O)[C@@H](C[C@@]([C@@H]([C@H]([C@@H]([C@H](C(=O)O1)C)O[C@H]2C[C@@]([C@H]([C@@H](O2)C)O)(C)OC)C)O[C@H]3[C@@H]([C@H](C[C@H](O3)C)N(C)C)O)(C)O)C)C)O)(C)O,Inactive
4374,363899454,12559,CCCCCCCCCCCCCCCCCC(=O)O.CC[C@@H]1[C@@]([C@@H]([C@H](C(=O)[C@@H](C[C@@]([C@@H]([C@H]([C@@H]([C@H](C(=O)O1)C)O[C@H]2C[C@@]([C@H]([C@@H](O2)C)O)(C)OC)C)O[C@H]3[C@@H]([C@H](C[C@H](O3)C)N(C)C)O)(C)O)C)C)O)(C)O,Inactive
4375,363899455,5284435,C1=CC=C(C=C1)NC2=C(C=C(C=C2)NC3=C(C=C(C=C3)[N+](=O)[O-])[N+](=O)[O-])S(=O)(=O)[O-].[Na+],Inactive
4376,363899455,5284435,C1=CC=C(C=C1)NC2=C(C=C(C=C2)NC3=C(C=C(C=C3)[N+](=O)[O-])[N+](=O)[O-])S(=O)(=O)[O-].[Na+],Active
4377,363899455,5284435,C1=CC=C(C=C1)NC2=C(C=C(C=C2)NC3=C(C=C(C=C3)[N+](=O)[O-])[N+](=O)[O-])S(=O)(=O)[O-].[Na+],Inactive
4378,363899455,5284435,C1=CC=C(C=C1)NC2=C(C=C(C=C2)NC3=C(C=C(C=C3)[N+](=O)[O-])[N+](=O)[O-])S(=O)(=O)[O-].[Na+],Inactive
4379,363899478,114893,C1=CC=C2C(=C1)C3=CC=CC4=C3C5=C(C=C4)C=CC(=C25)[N+](=O)[O-],Inactive
4380,363899494,2236,COC1=CC=CC2=C3C(=C(C=C21)[N+](=O)[O-])C(=CC4=C3OCO4)C(=O)O,Active
4381,363899502,36324,CC1=CC(=C(C=C1)N=CN(C)C=NC2=C(C=C(C=C2)C)C)C,Inactive
4382,363899502,36324,CC1=CC(=C(C=C1)N=CN(C)C=NC2=C(C=C(C=C2)C)C)C,Inactive
4383,363899502,36324,CC1=CC(=C(C=C1)N=CN(C)C=NC2=C(C=C(C=C2)C)C)C,Inactive
4384,363899502,36324,CC1=CC(=C(C=C1)N=CN(C)C=NC2=C(C=C(C=C2)C)C)C,Active
4385,363899503,25429,COC(=O)NC1=NC2=CC=CC=C2N1,Inactive
4386,363899503,25429,COC(=O)NC1=NC2=CC=CC=C2N1,Active
4387,363899512,29061,CCNN.Cl,Active
4388,363899512,29061,CCNN.Cl,Active
4389,363899513,85598,C1CN(C(=O)NC1=O)N=O,Active
4390,363899513,85598,C1CN(C(=O)NC1=O)N=O,Active
4391,363899514,36618,CN(C#N)N=O,Active
4392,363899515,6511,CC[Pb](CC)(CC)CC,Active
4393,363899515,6511,CC[Pb](CC)(CC)CC,Inactive
4394,363899516,13296,CCS(=O)(=O)C1=CC=C(C2=CC=CC=C21)S(=O)(=O)N,Active
4395,363899516,13296,CCS(=O)(=O)C1=CC=C(C2=CC=CC=C21)S(=O)(=O)N,Active
4396,363899519,9462,C1=CC(=CC=C1C2=CC=C(C=C2)F)N,Active
4397,363899519,9462,C1=CC(=CC=C1C2=CC=C(C=C2)F)N,Active
4398,363899520,,,Active
4399,363899520,,,Active
4400,363899521,198077,CC1=CC2=C(C=C1)N=C3C4=CC=CC=C4N=C5N3C2=NC6=CC=CC=C65,Active
4401,363899522,4021704,C1=C(OC(=C1)[N+](=O)[O-])C2=CSC(=N2)NN,Active
4402,363899523,5235,[F-].[Na+],Inactive
4403,363899523,5235,[F-].[Na+],Inactive
4404,363899523,5235,[F-].[Na+],Inactive
4405,363899523,5235,[F-].[Na+],Inactive
4406,363899523,5235,[F-].[Na+],Inactive
4407,363899523,5235,[F-].[Na+],Unspecified
4408,363899537,3496,C(C(=O)O)NCP(=O)(O)O,Inactive
4409,363899537,3496,C(C(=O)O)NCP(=O)(O)O,Inactive
4410,363899540,5284373,CC[C@H]1C(=O)N(CC(=O)N([C@H](C(=O)N[C@H](C(=O)N([C@H](C(=O)N[C@H](C(=O)N[C@@H](C(=O)N([C@H](C(=O)N([C@H](C(=O)N([C@H](C(=O)N([C@H](C(=O)N1)[C@@H]([C@H](C)C/C=C/C)O)C)C(C)C)C)CC(C)C)C)CC(C)C)C)C)C)CC(C)C)C)C(C)C)CC(C)C)C)C,Inactive
4411,363899540,5284373,CC[C@H]1C(=O)N(CC(=O)N([C@H](C(=O)N[C@H](C(=O)N([C@H](C(=O)N[C@H](C(=O)N[C@@H](C(=O)N([C@H](C(=O)N([C@H](C(=O)N([C@H](C(=O)N([C@H](C(=O)N1)[C@@H]([C@H](C)C/C=C/C)O)C)C(C)C)C)CC(C)C)C)CC(C)C)C)C)C)CC(C)C)C)C(C)C)CC(C)C)C)C,Inactive
4412,363899540,5284373,CC[C@H]1C(=O)N(CC(=O)N([C@H](C(=O)N[C@H](C(=O)N([C@H](C(=O)N[C@H](C(=O)N[C@@H](C(=O)N([C@H](C(=O)N([C@H](C(=O)N([C@H](C(=O)N([C@H](C(=O)N1)[C@@H]([C@H](C)C/C=C/C)O)C)C(C)C)C)CC(C)C)C)CC(C)C)C)C)C)CC(C)C)C)C(C)C)CC(C)C)C)C,Inactive
4413,363899540,5284373,CC[C@H]1C(=O)N(CC(=O)N([C@H](C(=O)N[C@H](C(=O)N([C@H](C(=O)N[C@H](C(=O)N[C@@H](C(=O)N([C@H](C(=O)N([C@H](C(=O)N([C@H](C(=O)N([C@H](C(=O)N1)[C@@H]([C@H](C)C/C=C/C)O)C)C(C)C)C)CC(C)C)C)CC(C)C)C)C)C)CC(C)C)C)C(C)C)CC(C)C)C)C,Inactive
4414,363899540,5284373,CC[C@H]1C(=O)N(CC(=O)N([C@H](C(=O)N[C@H](C(=O)N([C@H](C(=O)N[C@H](C(=O)N[C@@H](C(=O)N([C@H](C(=O)N([C@H](C(=O)N([C@H](C(=O)N([C@H](C(=O)N1)[C@@H]([C@H](C)C/C=C/C)O)C)C(C)C)C)CC(C)C)C)CC(C)C)C)C)C)CC(C)C)C)C(C)C)CC(C)C)C)C,Inactive
4415,363899540,5284373,CC[C@H]1C(=O)N(CC(=O)N([C@H](C(=O)N[C@H](C(=O)N([C@H](C(=O)N[C@H](C(=O)N[C@@H](C(=O)N([C@H](C(=O)N([C@H](C(=O)N([C@H](C(=O)N([C@H](C(=O)N1)[C@@H]([C@H](C)C/C=C/C)O)C)C(C)C)C)CC(C)C)C)CC(C)C)C)C)C)CC(C)C)C)C(C)C)CC(C)C)C)C,Inactive
4416,363899541,13962857,C[C@@H]1C[C@]2(C=C(C3(CC3)[C@@]([C@H]2C1=O)(C)O)C)O[C@H]4[C@@H]([C@H]([C@@H]([C@H](O4)CO)O)O)O,Active
4417,363899541,13962857,C[C@@H]1C[C@]2(C=C(C3(CC3)[C@@]([C@H]2C1=O)(C)O)C)O[C@H]4[C@@H]([C@H]([C@@H]([C@H](O4)CO)O)O)O,Active
4418,363899546,636822,C/C=C/C1=CC(=C(C=C1OC)OC)OC,Inactive
4419,363899546,636822,C/C=C/C1=CC(=C(C=C1OC)OC)OC,Active
4420,363899578,6342,CC#N,Inactive
4421,363899578,6342,CC#N,Inactive
4422,363899578,6342,CC#N,Inactive
4423,363899578,6342,CC#N,Unspecified
4424,363899583,13387,CN1CCCC1=O,Inactive
4425,363899583,13387,CN1CCCC1=O,Inactive
4426,363899583,13387,CN1CCCC1=O,Inactive
4427,363899583,13387,CN1CCCC1=O,Inactive
4428,363899583,13387,CN1CCCC1=O,Active
4429,363899583,13387,CN1CCCC1=O,Active
4430,363899586,9215,C1=CC=C2C(=C1)C=C3C=CC=CC3=N2,Inactive
4431,363899587,89594,CN1CCC[C@H]1C2=CN=CC=C2,Inactive
4432,363899588,6228,CN(C)C=O,Inactive
4433,363899588,6228,CN(C)C=O,Inactive
4434,363899588,6228,CN(C)C=O,Inactive
4435,363899588,6228,CN(C)C=O,Inactive
4436,363899589,5280343,C1=CC(=C(C=C1C2=C(C(=O)C3=C(C=C(C=C3O2)O)O)O)O)O,Inactive
4437,363899589,5280343,C1=CC(=C(C=C1C2=C(C(=O)C3=C(C=C(C=C3O2)O)O)O)O)O,Inactive
4438,363899589,5280343,C1=CC(=C(C=C1C2=C(C(=O)C3=C(C=C(C=C3O2)O)O)O)O)O,Active
4439,363899589,5280343,C1=CC(=C(C=C1C2=C(C(=O)C3=C(C=C(C=C3O2)O)O)O)O)O,Inactive
4440,363899589,5280343,C1=CC(=C(C=C1C2=C(C(=O)C3=C(C=C(C=C3O2)O)O)O)O)O,Inactive
4441,363899589,5280343,C1=CC(=C(C=C1C2=C(C(=O)C3=C(C=C(C=C3O2)O)O)O)O)O,Inactive
4442,363899611,5104,C1=CC(=C(C=C1[As](=O)(O)O)[N+](=O)[O-])O,Inactive
4443,363899611,5104,C1=CC(=C(C=C1[As](=O)(O)O)[N+](=O)[O-])O,Inactive
4444,363899611,5104,C1=CC(=C(C=C1[As](=O)(O)O)[N+](=O)[O-])O,Inactive
4445,363899611,5104,C1=CC(=C(C=C1[As](=O)(O)O)[N+](=O)[O-])O,Unspecified
4446,363899612,38852,C[C@](CC1=CC(=C(C=C1)O)O)(C(=O)O)N.C[C@](CC1=CC(=C(C=C1)O)O)(C(=O)O)N.O.O.O,Inactive
4447,363899612,38852,C[C@](CC1=CC(=C(C=C1)O)O)(C(=O)O)N.C[C@](CC1=CC(=C(C=C1)O)O)(C(=O)O)N.O.O.O,Inactive
4448,363899612,38852,C[C@](CC1=CC(=C(C=C1)O)O)(C(=O)O)N.C[C@](CC1=CC(=C(C=C1)O)O)(C(=O)O)N.O.O.O,Inactive
4449,363899612,38852,C[C@](CC1=CC(=C(C=C1)O)O)(C(=O)O)N.C[C@](CC1=CC(=C(C=C1)O)O)(C(=O)O)N.O.O.O,Unspecified
4450,363899613,992,C1(=C(C(=C(C(=C1Cl)Cl)Cl)Cl)Cl)O,Active
4451,363899613,992,C1(=C(C(=C(C(=C1Cl)Cl)Cl)Cl)Cl)O,Active
4452,363899613,992,C1(=C(C(=C(C(=C1Cl)Cl)Cl)Cl)Cl)O,Active
4453,363899613,992,C1(=C(C(=C(C(=C1Cl)Cl)Cl)Cl)Cl)O,Active
4454,363899613,992,C1(=C(C(=C(C(=C1Cl)Cl)Cl)Cl)Cl)O,Inactive
4455,363899613,992,C1(=C(C(=C(C(=C1Cl)Cl)Cl)Cl)Cl)O,Active
4456,363899613,992,C1(=C(C(=C(C(=C1Cl)Cl)Cl)Cl)Cl)O,Inactive
4457,363899613,992,C1(=C(C(=C(C(=C1Cl)Cl)Cl)Cl)Cl)O,Inactive
4458,363899613,992,C1(=C(C(=C(C(=C1Cl)Cl)Cl)Cl)Cl)O,Inactive
4459,363899644,14046,CC(C)COC(=O)C(=C)C#N,Active
4460,363899644,14046,CC(C)COC(=O)C(=C)C#N,Active
4461,363899691,880,CC(=O)C=O,Inactive
4462,363899693,55786,CC1=CC2=C(C3=CC=CC=C13)C4=C(N2)C=C(C5=CC=CC=C54)C,Active
4463,363899717,53462,CN1C2=C(C3=C(C=C2)N=CC=C3)N=C1N,Inactive
4464,363899717,53462,CN1C2=C(C3=C(C=C2)N=CC=C3)N=C1N,Active
4465,363899717,53462,CN1C2=C(C3=C(C=C2)N=CC=C3)N=C1N,Active
4466,363899717,53462,CN1C2=C(C3=C(C=C2)N=CC=C3)N=C1N,Active
4467,363899717,53462,CN1C2=C(C3=C(C=C2)N=CC=C3)N=C1N,Active
4468,363899717,53462,CN1C2=C(C3=C(C=C2)N=CC=C3)N=C1N,Active
4469,363899717,53462,CN1C2=C(C3=C(C=C2)N=CC=C3)N=C1N,Active
4470,363899717,53462,CN1C2=C(C3=C(C=C2)N=CC=C3)N=C1N,Active
4471,363899717,53462,CN1C2=C(C3=C(C=C2)N=CC=C3)N=C1N,Active
4472,363899717,53462,CN1C2=C(C3=C(C=C2)N=CC=C3)N=C1N,Active
4473,363899717,53462,CN1C2=C(C3=C(C=C2)N=CC=C3)N=C1N,Active
4474,363899717,53462,CN1C2=C(C3=C(C=C2)N=CC=C3)N=C1N,Active
4475,363899717,53462,CN1C2=C(C3=C(C=C2)N=CC=C3)N=C1N,Inactive
4476,363899717,53462,CN1C2=C(C3=C(C=C2)N=CC=C3)N=C1N,Inactive
4477,363899717,53462,CN1C2=C(C3=C(C=C2)N=CC=C3)N=C1N,Inactive
4478,363899717,53462,CN1C2=C(C3=C(C=C2)N=CC=C3)N=C1N,Inactive
4479,363899717,53462,CN1C2=C(C3=C(C=C2)N=CC=C3)N=C1N,Inactive
4480,363899717,53462,CN1C2=C(C3=C(C=C2)N=CC=C3)N=C1N,Inactive
4481,363899717,53462,CN1C2=C(C3=C(C=C2)N=CC=C3)N=C1N,Inactive
4482,363899717,53462,CN1C2=C(C3=C(C=C2)N=CC=C3)N=C1N,Inactive
4483,363899717,53462,CN1C2=C(C3=C(C=C2)N=CC=C3)N=C1N,Active
4484,363899717,53462,CN1C2=C(C3=C(C=C2)N=CC=C3)N=C1N,Inactive
4485,363899717,53462,CN1C2=C(C3=C(C=C2)N=CC=C3)N=C1N,Inactive
4486,363899717,53462,CN1C2=C(C3=C(C=C2)N=CC=C3)N=C1N,Active
4487,363899717,53462,CN1C2=C(C3=C(C=C2)N=CC=C3)N=C1N,Active
4488,363899718,62274,CC1=CC2=C(C=CC=N2)C3=C1N(C(=N3)N)C,Active
4489,363899718,62274,CC1=CC2=C(C=CC=N2)C3=C1N(C(=N3)N)C,Active
4490,363899718,62274,CC1=CC2=C(C=CC=N2)C3=C1N(C(=N3)N)C,Active
4491,363899718,62274,CC1=CC2=C(C=CC=N2)C3=C1N(C(=N3)N)C,Active
4492,363899718,62274,CC1=CC2=C(C=CC=N2)C3=C1N(C(=N3)N)C,Active
4493,363899718,62274,CC1=CC2=C(C=CC=N2)C3=C1N(C(=N3)N)C,Active
4494,363899731,5283344,CCCCCC(/C=C/C=O)O,Inactive
4495,363899731,5283344,CCCCCC(/C=C/C=O)O,Inactive
4496,363899731,5283344,CCCCCC(/C=C/C=O)O,Inactive
4497,363899731,5283344,CCCCCC(/C=C/C=O)O,Inactive
4498,363899737,60025,CC1=C(C2=CC=CC=C2C3=C1C4=CC=CC=C4C=C3)[N+](=O)[O-],Active
4499,363899737,60025,CC1=C(C2=CC=CC=C2C3=C1C4=CC=CC=C4C=C3)[N+](=O)[O-],Inactive
4500,363899788,931,C1=CC=C2C=CC=CC2=C1,Inactive
4501,363899788,931,C1=CC=C2C=CC=CC2=C1,Inactive
4502,363899788,931,C1=CC=C2C=CC=CC2=C1,Inactive
4503,363899788,931,C1=CC=C2C=CC=CC2=C1,Active
4504,363899788,931,C1=CC=C2C=CC=CC2=C1,Active
4505,363899788,931,C1=CC=C2C=CC=CC2=C1,Active
4506,363899789,7294,COC(=O)C=C,Inactive
4507,363899789,7294,COC(=O)C=C,Inactive
4508,363899797,82746,CCCCCN(C(=O)N)N=O,Active
4509,363899797,82746,CCCCCN(C(=O)N)N=O,Active
4510,363899797,82746,CCCCCN(C(=O)N)N=O,Active
4511,363899797,82746,CCCCCN(C(=O)N)N=O,Active
4512,363899798,135419,C(CF)N(C(=O)N)N=O,Inactive
4513,363899798,135419,C(CF)N(C(=O)N)N=O,Active
4514,363899800,83695,C(CO)N(C(=O)N)N=O,Active
4515,363899800,83695,C(CO)N(C(=O)N)N=O,Active
4516,363899800,83695,C(CO)N(C(=O)N)N=O,Active
4517,363899801,123019,C(CN(C(=O)N)N=O)CO,Inactive
4518,363899801,123019,C(CN(C(=O)N)N=O)CO,Active
4519,363899801,123019,C(CN(C(=O)N)N=O)CO,Inactive
4520,363899801,123019,C(CN(C(=O)N)N=O)CO,Inactive
4521,363899801,123019,C(CN(C(=O)N)N=O)CO,Active
4522,363899801,123019,C(CN(C(=O)N)N=O)CO,Active
4523,363899801,123019,C(CN(C(=O)N)N=O)CO,Active
4524,363899801,123019,C(CN(C(=O)N)N=O)CO,Active
4525,363899803,114735,CC(CN(C(=O)N)N=O)O,Active
4526,363899803,114735,CC(CN(C(=O)N)N=O)O,Active
4527,363899803,114735,CC(CN(C(=O)N)N=O)O,Active
4528,363899803,114735,CC(CN(C(=O)N)N=O)O,Active
4529,363899803,114735,CC(CN(C(=O)N)N=O)O,Active
4530,363899803,114735,CC(CN(C(=O)N)N=O)O,Active
4531,363899804,130063,COCCN(C(=O)N)N=O,Active
4532,363899812,105037,C1CN2C=CC(=C2[C@@H]1O)CO,Active
4533,363899812,105037,C1CN2C=CC(=C2[C@@H]1O)CO,Active
4534,363899812,105037,C1CN2C=CC(=C2[C@@H]1O)CO,Active
4535,363899813,12342,C(=O)NNC=O,Active
4536,363899813,12342,C(=O)NNC=O,Active
4537,363899814,77082,CN1C2=C(C=C(C=C2)N(CCCl)CCCl)N=C1CCCC(=O)O.Cl,Active
4538,363899814,77082,CN1C2=C(C=C(C=C2)N(CCCl)CCCl)N=C1CCCC(=O)O.Cl,Active
4539,363899815,2723854,C1=CC2=C(C=C1S(=O)(=O)[O-])C(=C(N2)C3=NC4=C(C3=O)C=C(C=C4)S(=O)(=O)[O-])O.[Na+].[Na+],Inactive
4540,363899815,2723854,C1=CC2=C(C=C1S(=O)(=O)[O-])C(=C(N2)C3=NC4=C(C3=O)C=C(C=C4)S(=O)(=O)[O-])O.[Na+].[Na+],Active
4541,363899815,2723854,C1=CC2=C(C=C1S(=O)(=O)[O-])C(=C(N2)C3=NC4=C(C3=O)C=C(C=C4)S(=O)(=O)[O-])O.[Na+].[Na+],Inactive
4542,363899815,2723854,C1=CC2=C(C=C1S(=O)(=O)[O-])C(=C(N2)C3=NC4=C(C3=O)C=C(C=C4)S(=O)(=O)[O-])O.[Na+].[Na+],Inactive
4543,363899815,2723854,C1=CC2=C(C=C1S(=O)(=O)[O-])C(=C(N2)C3=NC4=C(C3=O)C=C(C=C4)S(=O)(=O)[O-])O.[Na+].[Na+],Inactive
4544,363899815,2723854,C1=CC2=C(C=C1S(=O)(=O)[O-])C(=C(N2)C3=NC4=C(C3=O)C=C(C=C4)S(=O)(=O)[O-])O.[Na+].[Na+],Inactive
4545,363899815,2723854,C1=CC2=C(C=C1S(=O)(=O)[O-])C(=C(N2)C3=NC4=C(C3=O)C=C(C=C4)S(=O)(=O)[O-])O.[Na+].[Na+],Inactive
4546,363899815,2723854,C1=CC2=C(C=C1S(=O)(=O)[O-])C(=C(N2)C3=NC4=C(C3=O)C=C(C=C4)S(=O)(=O)[O-])O.[Na+].[Na+],Inactive
4547,363899816,20376,C1=CC=C(C=C1)C2=CC(=C(C=C2)N)O,Active
4548,363899816,20376,C1=CC=C(C=C1)C2=CC(=C(C=C2)N)O,Inactive
4549,363899817,16887,CCN(CC1=CC(=CC=C1)S(=O)(=O)[O-])C2=CC=C(C=C2)C(=C3C=CC(=[N+](CC)CC4=CC(=CC=C4)S(=O)(=O)[O-])C=C3)C5=C(C=C(C=C5)O)S(=O)(=O)[O-].[Na+].[Na+],Active
4550,363899817,16887,CCN(CC1=CC(=CC=C1)S(=O)(=O)[O-])C2=CC=C(C=C2)C(=C3C=CC(=[N+](CC)CC4=CC(=CC=C4)S(=O)(=O)[O-])C=C3)C5=C(C=C(C=C5)O)S(=O)(=O)[O-].[Na+].[Na+],Active
4551,363899817,16887,CCN(CC1=CC(=CC=C1)S(=O)(=O)[O-])C2=CC=C(C=C2)C(=C3C=CC(=[N+](CC)CC4=CC(=CC=C4)S(=O)(=O)[O-])C=C3)C5=C(C=C(C=C5)O)S(=O)(=O)[O-].[Na+].[Na+],Inactive
4552,363899817,16887,CCN(CC1=CC(=CC=C1)S(=O)(=O)[O-])C2=CC=C(C=C2)C(=C3C=CC(=[N+](CC)CC4=CC(=CC=C4)S(=O)(=O)[O-])C=C3)C5=C(C=C(C=C5)O)S(=O)(=O)[O-].[Na+].[Na+],Inactive
4553,363899818,6913060,[2H]C1=C(C(=C2C(=C1[2H])C(=C(C3=C(C4=C(C(=C(C(=C4C(=C32)C([2H])([2H])[2H])[2H])[2H])[2H])[2H])C([2H])([2H])[2H])[2H])[2H])[2H])[2H],Active
4554,363899818,6913060,[2H]C1=C(C(=C2C(=C1[2H])C(=C(C3=C(C4=C(C(=C(C(=C4C(=C32)C([2H])([2H])[2H])[2H])[2H])[2H])[2H])C([2H])([2H])[2H])[2H])[2H])[2H])[2H],Active
4555,363899819,62123,C1=CC(=CC=C1COCCl)COCCl,Active
4556,363899819,62123,C1=CC(=CC=C1COCCl)COCCl,Active
4557,363899820,61632,C(COCCl)OCCl,Active
4558,363899820,61632,C(COCCl)OCCl,Active
4559,363899820,61632,C(COCCl)OCCl,Active
4560,363899821,786655,CC(=O)NC1=CC=C(C=C1)/C=C/C2=CC=CC=C2,Active
4561,363899822,1272788,C1=CC=C(C=C1)/C=C/C2=CC=C(C=C2)N,Active
4562,363899822,1272788,C1=CC=C(C=C1)/C=C/C2=CC=C(C=C2)N,Active
4563,363899823,40003,COC1=CC=C(C=C1)C(C=C)O,Active
4564,363899824,88617,CC1=CC(N(C2=CC=CC=C12)N=O)(C)C,Active
4565,363899825,22830,COC1=CC(=C(C=C1)OC)N=NC2=C(C=CC3=CC=CC=C32)O,Active
4566,363899826,33012,CC1=C2C=CC3=CC=CC=C3C2=C(C4=C1CCCC4)C,Active
4567,363899827,9176,C1=CC=C2C(=C1)C=CC3=CC4=C(C=C32)C5=CC=CC=C5C=C4,Active
4568,363899828,27810,C1CCC2=C(C1)C=CC3=C2C=C4C(=C3)C=CC5=CC=CC=C54,Active
4569,363899829,21954,C1=CC(=O)NNC1=O,Active
4570,363899829,21954,C1=CC(=O)NNC1=O,Inactive
4571,363899829,21954,C1=CC(=O)NNC1=O,Inactive
4572,363899842,9178,C1=CC=C2C(=C1)C=CC3=C2N=C4C(=C3)C=CC5=CC=CC=C54,Active
4573,363899842,9178,C1=CC=C2C(=C1)C=CC3=C2N=C4C(=C3)C=CC5=CC=CC=C54,Active
4574,363899849,644160,C([C@H]([C@@H]([C@H](C=O)O)O)O)O,Inactive
4575,363899857,638034,CC1=C(C(CCC1)(C)C)/C=C/C(=C/C=C/C(=C/COC(=O)C)/C)/C,Active
4576,363899857,638034,CC1=C(C(CCC1)(C)C)/C=C/C(=C/C=C/C(=C/COC(=O)C)/C)/C,Active
4577,363899858,91525,CN(C)C1=CC=C(C=C1)C(=C2C=CC(=[N+](C)C)C=C2)C3=C4C=CC(=CC4=CC(=C3O)S(=O)(=O)[O-])S(=O)(=O)[O-].[Na+],Inactive
4578,363899858,91525,CN(C)C1=CC=C(C=C1)C(=C2C=CC(=[N+](C)C)C=C2)C3=C4C=CC(=CC4=CC(=C3O)S(=O)(=O)[O-])S(=O)(=O)[O-].[Na+],Inactive
4579,363899901,3440,C1=COC(=C1)CNC2=CC(=C(C=C2C(=O)O)S(=O)(=O)N)Cl,Inactive
4580,363899901,3440,C1=COC(=C1)CNC2=CC(=C(C=C2C(=O)O)S(=O)(=O)N)Cl,Active
4581,363899901,3440,C1=COC(=C1)CNC2=CC(=C(C=C2C(=O)O)S(=O)(=O)N)Cl,Inactive
4582,363899901,3440,C1=COC(=C1)CNC2=CC(=C(C=C2C(=O)O)S(=O)(=O)N)Cl,Unspecified
4583,363899902,52445,CC1=C(N=CN1)CSCCN=C(NC#N)N(C)N=O,Inactive
4584,363899902,52445,CC1=C(N=CN1)CSCCN=C(NC#N)N(C)N=O,Inactive
4585,363899902,52445,CC1=C(N=CN1)CSCCN=C(NC#N)N(C)N=O,Inactive
4586,363899902,52445,CC1=C(N=CN1)CSCCN=C(NC#N)N(C)N=O,Inactive
4587,363899902,52445,CC1=C(N=CN1)CSCCN=C(NC#N)N(C)N=O,Inactive
4588,363899902,52445,CC1=C(N=CN1)CSCCN=C(NC#N)N(C)N=O,Inactive
4589,363899902,52445,CC1=C(N=CN1)CSCCN=C(NC#N)N(C)N=O,Inactive
4590,363899903,135398513,C1=NC2=C(N1COCCO)N=C(NC2=O)N,Inactive
4591,363899903,135398513,C1=NC2=C(N1COCCO)N=C(NC2=O)N,Inactive
4592,363899903,135398513,C1=NC2=C(N1COCCO)N=C(NC2=O)N,Inactive
4593,363899903,135398513,C1=NC2=C(N1COCCO)N=C(NC2=O)N,Inactive
4594,363899904,5391,CN1C2=C(C=C(C=C2)Cl)C(=NC(C1=O)O)C3=CC=CC=C3,Inactive
4595,363899904,5391,CN1C2=C(C=C(C=C2)Cl)C(=NC(C1=O)O)C3=CC=CC=C3,Inactive
4596,363899904,5391,CN1C2=C(C=C(C=C2)Cl)C(=NC(C1=O)O)C3=CC=CC=C3,Inactive
4597,363899904,5391,CN1C2=C(C=C(C=C2)Cl)C(=NC(C1=O)O)C3=CC=CC=C3,Inactive
4598,363899905,3261,C1C2=NN=CN2C3=C(C=C(C=C3)Cl)C(=N1)C4=CC=CC=C4,Inactive
4599,363899905,3261,C1C2=NN=CN2C3=C(C=C(C=C3)Cl)C(=N1)C4=CC=CC=C4,Inactive
4600,363899905,3261,C1C2=NN=CN2C3=C(C=C(C=C3)Cl)C(=N1)C4=CC=CC=C4,Inactive
4601,363899905,3261,C1C2=NN=CN2C3=C(C=C(C=C3)Cl)C(=N1)C4=CC=CC=C4,Inactive
4602,363899905,3261,C1C2=NN=CN2C3=C(C=C(C=C3)Cl)C(=N1)C4=CC=CC=C4,Inactive
4603,363899905,3261,C1C2=NN=CN2C3=C(C=C(C=C3)Cl)C(=N1)C4=CC=CC=C4,Inactive
4604,363899905,3261,C1C2=NN=CN2C3=C(C=C(C=C3)Cl)C(=N1)C4=CC=CC=C4,Inactive
4605,363899905,3261,C1C2=NN=CN2C3=C(C=C(C=C3)Cl)C(=N1)C4=CC=CC=C4,Inactive
4606,363899906,76958463,C[C@H]1[C@@H]([C@H]([C@H]([C@@H](O1)OC[C@@H]2[C@H]([C@@H]([C@H]([C@@H](O2)OC3=C(OC4=C(C3=O)C(=CC(=C4)OS(=O)(=O)[O-])OS(=O)(=O)[O-])C5=CC(=C(C=C5)O)O)O)O)O)O)O)O.[Na+].[Na+],Inactive
4607,363899906,76958463,C[C@H]1[C@@H]([C@H]([C@H]([C@@H](O1)OC[C@@H]2[C@H]([C@@H]([C@H]([C@@H](O2)OC3=C(OC4=C(C3=O)C(=CC(=C4)OS(=O)(=O)[O-])OS(=O)(=O)[O-])C5=CC(=C(C=C5)O)O)O)O)O)O)O)O.[Na+].[Na+],Inactive
4608,363899907,124937,CC1CN(C(=O)NC1=O)N=O,Inactive
4609,363899907,124937,CC1CN(C(=O)NC1=O)N=O,Inactive
4610,363899908,204,C1(C(=O)NC(=O)N1)NC(=O)N,Inactive
4611,363899908,204,C1(C(=O)NC(=O)N1)NC(=O)N,Inactive
4612,363899909,3100,CN(C)CCOC(C1=CC=CC=C1)C2=CC=CC=C2,Inactive
4613,363899909,3100,CN(C)CCOC(C1=CC=CC=C1)C2=CC=CC=C2,Inactive
4614,363899910,29231,C[C@H]1[C@@H]([C@H]([C@H]([C@@H](O1)OC[C@@H]2[C@H]([C@@H]([C@H]([C@@H](O2)OC3=CC4=C(C=C(C=C4[O+]=C3C5=CC(=C(C=C5)O)O)O)O)O)O)O)O)O)O.[Cl-],Inactive
4615,363899910,29231,C[C@H]1[C@@H]([C@H]([C@H]([C@@H](O1)OC[C@@H]2[C@H]([C@@H]([C@H]([C@@H](O2)OC3=CC4=C(C=C(C=C4[O+]=C3C5=CC(=C(C=C5)O)O)O)O)O)O)O)O)O)O.[Cl-],Inactive
4616,363899912,4873,[Cl-].[K+],Inactive
4617,363899913,31657,CNC(=O)ON=C(C(=O)N(C)C)SC,Inactive
4618,363899913,31657,CNC(=O)ON=C(C(=O)N(C)C)SC,Inactive
4619,363899913,31657,CNC(=O)ON=C(C(=O)N(C)C)SC,Inactive
4620,363899913,31657,CNC(=O)ON=C(C(=O)N(C)C)SC,Inactive
4621,363899914,23665730,CCCCCCCC/C=C\CCCCCCCC(=O)[O-].[Na+],Inactive
4622,363899914,23665730,CCCCCCCC/C=C\CCCCCCCC(=O)[O-].[Na+],Inactive
4623,363899915,2286,CC(C)(C1=CC=C(C=C1)OCC2CO2)C3=CC=C(C=C3)OCC4CO4,Inactive
4624,363899915,2286,CC(C)(C1=CC=C(C=C1)OCC2CO2)C3=CC=C(C=C3)OCC4CO4,Inactive
4625,363899915,2286,CC(C)(C1=CC=C(C=C1)OCC2CO2)C3=CC=C(C=C3)OCC4CO4,Inactive
4626,363899915,2286,CC(C)(C1=CC=C(C=C1)OCC2CO2)C3=CC=C(C=C3)OCC4CO4,Inactive
4627,363899916,118984432,C[C@]12CC[C@](C[C@H]1C3=CC(=O)[C@@H]4[C@]5(CC[C@@H](C([C@@H]5CC[C@]4([C@@]3(CC2)C)C)(C)C)O[C@@H]6[C@@H]([C@H]([C@@H]([C@H](O6)C(=O)[O-])O)O)O[C@H]7[C@@H]([C@H]([C@@H]([C@H](O7)C(=O)[O-])O)O)O)C)(C)C(=O)[O-].[Na+].[Na+],Inactive
4628,363899916,118984432,C[C@]12CC[C@](C[C@H]1C3=CC(=O)[C@@H]4[C@]5(CC[C@@H](C([C@@H]5CC[C@]4([C@@]3(CC2)C)C)(C)C)O[C@@H]6[C@@H]([C@H]([C@@H]([C@H](O6)C(=O)[O-])O)O)O[C@H]7[C@@H]([C@H]([C@@H]([C@H](O7)C(=O)[O-])O)O)O)C)(C)C(=O)[O-].[Na+].[Na+],Inactive
4629,363899917,13734,C[NH+](C)CCN(CC1=CSC=C1)C2=CC=CC=N2.[Cl-],Inactive
4630,363899917,13734,C[NH+](C)CCN(CC1=CSC=C1)C2=CC=CC=N2.[Cl-],Inactive
4631,363899918,80139,CN(C)CCN(CC1=CC=C(C=C1)OC)C2=CC=CC=N2.Cl,Inactive
4632,363899918,80139,CN(C)CCN(CC1=CC=C(C=C1)OC)C2=CC=CC=N2.Cl,Inactive
4633,363899919,9066,CN(C)CCN(CC1=CC=CC=C1)C2=CC=CC=N2.Cl,Inactive
4634,363899919,9066,CN(C)CCN(CC1=CC=CC=C1)C2=CC=CC=N2.Cl,Inactive
4635,363899948,107781,C1=CC=C2C3=C4C(=CC=CC4=CC2=C1)C=C3,Active
4636,363899948,107781,C1=CC=C2C3=C4C(=CC=CC4=CC2=C1)C=C3,Active
4637,363899948,107781,C1=CC=C2C3=C4C(=CC=CC4=CC2=C1)C=C3,Active
4638,363899948,107781,C1=CC=C2C3=C4C(=CC=CC4=CC2=C1)C=C3,Active
4639,363899949,9143,C1=CC=C2C(=C1)C=C3C=CC4=C3C2=CC=C4,Active
4640,363899949,9143,C1=CC=C2C(=C1)C=C3C=CC4=C3C2=CC=C4,Inactive
4641,363899949,9143,C1=CC=C2C(=C1)C=C3C=CC4=C3C2=CC=C4,Active
4642,363899949,9143,C1=CC=C2C(=C1)C=C3C=CC4=C3C2=CC=C4,Inactive
4643,363899963,43677,CC(CN(CC(=O)C)N=O)O,Active
4644,363899963,43677,CC(CN(CC(=O)C)N=O)O,Active
4645,363899965,107719,CC(CN(C)N=O)O,Active
4646,363899965,107719,CC(CN(C)N=O)O,Active
4647,363899965,107719,CC(CN(C)N=O)O,Active
4648,363899965,107719,CC(CN(C)N=O)O,Active
4649,363899965,107719,CC(CN(C)N=O)O,Active
4650,363899966,104910,CC(=O)CN(C)N=O,Active
4651,363899966,104910,CC(=O)CN(C)N=O,Active
4652,363899966,104910,CC(=O)CN(C)N=O,Active
4653,363899966,104910,CC(=O)CN(C)N=O,Active
4654,363899966,104910,CC(=O)CN(C)N=O,Active
4655,363899968,128823,CN(CC(CO)O)N=O,Active
4656,363899983,51545,C1=CC=C2C(=C1)C=CC3=C2C=CC4=C3[C@@H]5[C@@H](O5)[C@H]([C@@H]4O)O,Active
4657,363899983,51545,C1=CC=C2C(=C1)C=CC3=C2C=CC4=C3[C@@H]5[C@@H](O5)[C@H]([C@@H]4O)O,Active
4658,363899983,51545,C1=CC=C2C(=C1)C=CC3=C2C=CC4=C3[C@@H]5[C@@H](O5)[C@H]([C@@H]4O)O,Inactive
4659,363899983,51545,C1=CC=C2C(=C1)C=CC3=C2C=CC4=C3[C@@H]5[C@@H](O5)[C@H]([C@@H]4O)O,Inactive
4660,363900002,7909,CC(C)CC(=O)C,Active
4661,363900002,7909,CC(C)CC(=O)C,Unspecified
4662,363900002,7909,CC(C)CC(=O)C,Active
4663,363900002,7909,CC(C)CC(=O)C,Unspecified
4664,363900004,13462,C1=CC=C2C(=C1)C3=C4C2=CC=CC4=C(C=C3)[N+](=O)[O-],Active
4665,363900004,13462,C1=CC=C2C(=C1)C3=C4C2=CC=CC4=C(C=C3)[N+](=O)[O-],Active
4666,363900004,13462,C1=CC=C2C(=C1)C3=C4C2=CC=CC4=C(C=C3)[N+](=O)[O-],Inactive
4667,363900004,13462,C1=CC=C2C(=C1)C3=C4C2=CC=CC4=C(C=C3)[N+](=O)[O-],Inactive
4668,363900004,13462,C1=CC=C2C(=C1)C3=C4C2=CC=CC4=C(C=C3)[N+](=O)[O-],Inactive
4669,363900004,13462,C1=CC=C2C(=C1)C3=C4C2=CC=CC4=C(C=C3)[N+](=O)[O-],Active
4670,363900006,60018,C1=CC2=C(C=CC3=C2C(=C1)C4=C3C=CC=C4[N+](=O)[O-])[N+](=O)[O-],Active
4671,363900006,60018,C1=CC2=C(C=CC3=C2C(=C1)C4=C3C=CC=C4[N+](=O)[O-])[N+](=O)[O-],Active
4672,363900006,60018,C1=CC2=C(C=CC3=C2C(=C1)C4=C3C=CC=C4[N+](=O)[O-])[N+](=O)[O-],Active
4673,363900007,31186,C1=CC2=C(C=CC3=C2C(=C1)C4=C3C=C(C=C4)[N+](=O)[O-])[N+](=O)[O-],Active
4674,363900007,31186,C1=CC2=C(C=CC3=C2C(=C1)C4=C3C=C(C=C4)[N+](=O)[O-])[N+](=O)[O-],Active
4675,363900007,31186,C1=CC2=C(C=CC3=C2C(=C1)C4=C3C=C(C=C4)[N+](=O)[O-])[N+](=O)[O-],Active
4676,363900009,23605,CN(C)N=NC1=CC=C(C=C1)Cl,Inactive
4677,363900013,81652,CN(C)N=NC1=CC=C(C=C1)Br,Inactive
4678,363900031,244,C1=CC=C(C=C1)CO,Inactive
4679,363900031,244,C1=CC=C(C=C1)CO,Inactive
4680,363900031,244,C1=CC=C(C=C1)CO,Inactive
4681,363900031,244,C1=CC=C(C=C1)CO,Inactive
4682,363900032,3639,C1NC2=CC(=C(C=C2S(=O)(=O)N1)S(=O)(=O)N)Cl,Inactive
4683,363900032,3639,C1NC2=CC(=C(C=C2S(=O)(=O)N1)S(=O)(=O)N)Cl,Inactive
4684,363900032,3639,C1NC2=CC(=C(C=C2S(=O)(=O)N1)S(=O)(=O)N)Cl,Inactive
4685,363900032,3639,C1NC2=CC(=C(C=C2S(=O)(=O)N1)S(=O)(=O)N)Cl,Inactive
4686,363900032,3639,C1NC2=CC(=C(C=C2S(=O)(=O)N1)S(=O)(=O)N)Cl,Inactive
4687,363900032,3639,C1NC2=CC(=C(C=C2S(=O)(=O)N1)S(=O)(=O)N)Cl,Unspecified
4688,363900033,4114,COC1=C2C(=CC3=C1OC=C3)C=CC(=O)O2,Active
4689,363900033,4114,COC1=C2C(=CC3=C1OC=C3)C=CC(=O)O2,Inactive
4690,363900034,5284363,C1=CC(=CC=C1N)Cl.Cl,Active
4691,363900034,5284363,C1=CC(=CC=C1N)Cl.Cl,Active
4692,363900034,5284363,C1=CC(=CC=C1N)Cl.Cl,Inactive
4693,363900034,5284363,C1=CC(=CC=C1N)Cl.Cl,Unspecified
4694,363900035,57175,CC1=CC2=CC=CC=C2C3=C1C4=C(C=C3)[C@@H]([C@@H]([C@H]5[C@@H]4O5)O)O,Active
4695,363900035,57175,CC1=CC2=CC=CC=C2C3=C1C4=C(C=C3)[C@@H]([C@@H]([C@H]5[C@@H]4O5)O)O,Active
4696,363900036,57139,CC1=CC2=CC=CC=C2C3=C1C4=C(C=C3)[C@@H]([C@H]([C@@H]5[C@H]4O5)O)O,Active
4697,363900036,57139,CC1=CC2=CC=CC=C2C3=C1C4=C(C=C3)[C@@H]([C@H]([C@@H]5[C@H]4O5)O)O,Active
4698,363900036,57139,CC1=CC2=CC=CC=C2C3=C1C4=C(C=C3)[C@@H]([C@H]([C@@H]5[C@H]4O5)O)O,Active
4699,363900036,57139,CC1=CC2=CC=CC=C2C3=C1C4=C(C=C3)[C@@H]([C@H]([C@@H]5[C@H]4O5)O)O,Active
4700,363900036,57139,CC1=CC2=CC=CC=C2C3=C1C4=C(C=C3)[C@@H]([C@H]([C@@H]5[C@H]4O5)O)O,Active
4701,363900036,57139,CC1=CC2=CC=CC=C2C3=C1C4=C(C=C3)[C@@H]([C@H]([C@@H]5[C@H]4O5)O)O,Active
4702,363900067,300,C(C(=O)O)Cl,Inactive
4703,363900067,300,C(C(=O)O)Cl,Inactive
4704,363900067,300,C(C(=O)O)Cl,Inactive
4705,363900067,300,C(C(=O)O)Cl,Inactive
4706,363900067,300,C(C(=O)O)Cl,Inactive
4707,363900068,8715,C1=CC(=C(C=C1N)N)O.Cl.Cl,Inactive
4708,363900068,8715,C1=CC(=C(C=C1N)N)O.Cl.Cl,Inactive
4709,363900068,8715,C1=CC(=C(C=C1N)N)O.Cl.Cl,Inactive
4710,363900069,15767,COC1=C(C(=C(C(=C1Cl)Cl)Cl)Cl)Cl,Active
4711,363900069,15767,COC1=C(C(=C(C(=C1Cl)Cl)Cl)Cl)Cl,Active
4712,363900069,15767,COC1=C(C(=C(C(=C1Cl)Cl)Cl)Cl)Cl,Inactive
4713,363900069,15767,COC1=C(C(=C(C(=C1Cl)Cl)Cl)Cl)Cl,Unspecified
4714,363900076,121492632,C1=CC2=C3C(=C1)[C@H]4[C@H](O4)C5=C3C(=C(C=C5)[N+](=O)[O-])C=C2,Inactive
4715,363900076,121492632,C1=CC2=C3C(=C1)[C@H]4[C@H](O4)C5=C3C(=C(C=C5)[N+](=O)[O-])C=C2,Inactive
4716,363900077,107809,C1=CC2=C3C(=C1)C4C(O4)C5=C(C=CC(=C53)C=C2)[N+](=O)[O-],Inactive
4717,363900077,107809,C1=CC2=C3C(=C1)C4C(O4)C5=C(C=CC(=C53)C=C2)[N+](=O)[O-],Inactive
4718,363900111,50958,C1=CC=C2C3=C4C(=CC2=C1)C=CC5=C4C(=C(C=C5)[N+](=O)[O-])C=C3,Inactive
4719,363900111,50958,C1=CC=C2C3=C4C(=CC2=C1)C=CC5=C4C(=C(C=C5)[N+](=O)[O-])C=C3,Inactive
4720,363900124,9939943,CC1=CNC2=C1[C@@]34C[C@@H]3CN(C4=CC2=O)C(=O)C5=CC6=C7CCN(C7=C(C(=C6N5)OC)O)C(=O)C8=CC9=C1CCN(C1=C(C(=C9N8)OC)O)C(=O)N,Active
4721,363900132,157895,C1=CC=C2C(=C1)C3=C4[C@@]25[C@@H](O5)C(C(C4=CC=C3)O)O,Active
4722,363900132,157895,C1=CC=C2C(=C1)C3=C4[C@@]25[C@@H](O5)C(C(C4=CC=C3)O)O,Active
4723,363900132,157895,C1=CC=C2C(=C1)C3=C4[C@@]25[C@@H](O5)C(C(C4=CC=C3)O)O,Active
4724,363900143,8117,C(COCCO)O,Inactive
4725,363900143,8117,C(COCCO)O,Inactive
4726,363900150,31593,C1=CC=C(C=C1)CNC(=O)CN2C=CN=C2[N+](=O)[O-],Active
4727,363900150,31593,C1=CC=C(C=C1)CNC(=O)CN2C=CN=C2[N+](=O)[O-],Active
4728,363900151,6842999,CC1CS(=O)(=O)CCN1/N=C/C2=CC=C(O2)[N+](=O)[O-],Active
4729,363900151,6842999,CC1CS(=O)(=O)CCN1/N=C/C2=CC=C(O2)[N+](=O)[O-],Active
4730,363900162,39184,C1=CC2=C(C=CC3=C2C4=C1C=CC(=C4C=C3)[N+](=O)[O-])[N+](=O)[O-],Active
4731,363900162,39184,C1=CC2=C(C=CC3=C2C4=C1C=CC(=C4C=C3)[N+](=O)[O-])[N+](=O)[O-],Active
4732,363900162,39184,C1=CC2=C(C=CC3=C2C4=C1C=CC(=C4C=C3)[N+](=O)[O-])[N+](=O)[O-],Active
4733,363900162,39184,C1=CC2=C(C=CC3=C2C4=C1C=CC(=C4C=C3)[N+](=O)[O-])[N+](=O)[O-],Active
4734,363900162,39184,C1=CC2=C(C=CC3=C2C4=C1C=CC(=C4C=C3)[N+](=O)[O-])[N+](=O)[O-],Active
4735,363900162,39184,C1=CC2=C(C=CC3=C2C4=C1C=CC(=C4C=C3)[N+](=O)[O-])[N+](=O)[O-],Active
4736,363900162,39184,C1=CC2=C(C=CC3=C2C4=C1C=CC(=C4C=C3)[N+](=O)[O-])[N+](=O)[O-],Active
4737,363900162,39184,C1=CC2=C(C=CC3=C2C4=C1C=CC(=C4C=C3)[N+](=O)[O-])[N+](=O)[O-],Active
4738,363900230,24526,ClCl,Inactive
4739,363900230,24526,ClCl,Inactive
4740,363900230,24526,ClCl,Inactive
4741,363900230,24526,ClCl,Inactive
4742,363900230,24526,ClCl,Inactive
4743,363900230,24526,ClCl,Inactive
4744,363900230,24526,ClCl,Inactive
4745,363900231,8255,CC(=C)C,Inactive
4746,363900231,8255,CC(=C)C,Inactive
4747,363900231,8255,CC(=C)C,Unspecified
4748,363900231,8255,CC(=C)C,Inactive
4749,363900241,31237,CCCCCCCCCCCCC1=CC=CC=C1,Active
4750,363900242,7720,CCCCC(CC)CO,Inactive
4751,363900242,7720,CCCCC(CC)CO,Inactive
4752,363900242,7720,CCCCC(CC)CO,Inactive
4753,363900242,7720,CCCCC(CC)CO,Inactive
4754,363900249,24380,Cl[Fe](Cl)Cl,Inactive
4755,363900249,24380,Cl[Fe](Cl)Cl,Inactive
4756,363900258,3776,CC(C)O,Inactive
4757,363900258,3776,CC(C)O,Inactive
4758,363900258,3776,CC(C)O,Inactive
4759,363900258,3776,CC(C)O,Inactive
4760,363900263,7473,CC1=CC=C(C=C1)[N+](=O)[O-],Unspecified
4761,363900263,7473,CC1=CC=C(C=C1)[N+](=O)[O-],Active
4762,363900263,7473,CC1=CC=C(C=C1)[N+](=O)[O-],Unspecified
4763,363900263,7473,CC1=CC=C(C=C1)[N+](=O)[O-],Inactive
4764,363900266,980,C1=CC(=CC=C1[N+](=O)[O-])O,Inactive
4765,363900266,980,C1=CC(=CC=C1[N+](=O)[O-])O,Inactive
4766,363900269,7048,COC1=CC=CC=C1[N+](=O)[O-],Inactive
4767,363900269,7048,COC1=CC=CC=C1[N+](=O)[O-],Inactive
4768,363900269,7048,COC1=CC=CC=C1[N+](=O)[O-],Active
4769,363900269,7048,COC1=CC=CC=C1[N+](=O)[O-],Active
4770,363900269,7048,COC1=CC=CC=C1[N+](=O)[O-],Active
4771,363900301,54704426,C[C@@]1([C@H]2C[C@H]3[C@@H](C(=O)C(=C([C@]3(C(=O)C2=C(C4=C1C=CC=C4O)O)O)O)C(=O)N)N(C)C)O.Cl,Inactive
4772,363900301,54704426,C[C@@]1([C@H]2C[C@H]3[C@@H](C(=O)C(=C([C@]3(C(=O)C2=C(C4=C1C=CC=C4O)O)O)O)C(=O)N)N(C)C)O.Cl,Inactive
4773,363900301,54704426,C[C@@]1([C@H]2C[C@H]3[C@@H](C(=O)C(=C([C@]3(C(=O)C2=C(C4=C1C=CC=C4O)O)O)O)C(=O)N)N(C)C)O.Cl,Inactive
4774,363900301,54704426,C[C@@]1([C@H]2C[C@H]3[C@@H](C(=O)C(=C([C@]3(C(=O)C2=C(C4=C1C=CC=C4O)O)O)O)C(=O)N)N(C)C)O.Cl,Inactive
4775,363900301,54704426,C[C@@]1([C@H]2C[C@H]3[C@@H](C(=O)C(=C([C@]3(C(=O)C2=C(C4=C1C=CC=C4O)O)O)O)C(=O)N)N(C)C)O.Cl,Inactive
4776,363900301,54704426,C[C@@]1([C@H]2C[C@H]3[C@@H](C(=O)C(=C([C@]3(C(=O)C2=C(C4=C1C=CC=C4O)O)O)O)C(=O)N)N(C)C)O.Cl,Inactive
4777,363900301,54704426,C[C@@]1([C@H]2C[C@H]3[C@@H](C(=O)C(=C([C@]3(C(=O)C2=C(C4=C1C=CC=C4O)O)O)O)C(=O)N)N(C)C)O.Cl,Inactive
4778,363900301,54704426,C[C@@]1([C@H]2C[C@H]3[C@@H](C(=O)C(=C([C@]3(C(=O)C2=C(C4=C1C=CC=C4O)O)O)O)C(=O)N)N(C)C)O.Cl,Inactive
4779,363900303,151977,C1=CC=C2C(=C1)C=CC3=CC4=C(C5=C(C=C4)[C@H]([C@@H]([C@H]6[C@@H]5O6)O)O)N=C32,Active
4780,363900303,151977,C1=CC=C2C(=C1)C=CC3=CC4=C(C5=C(C=C4)[C@H]([C@@H]([C@H]6[C@@H]5O6)O)O)N=C32,Active
4781,363900303,151977,C1=CC=C2C(=C1)C=CC3=CC4=C(C5=C(C=C4)[C@H]([C@@H]([C@H]6[C@@H]5O6)O)O)N=C32,Active
4782,363900303,151977,C1=CC=C2C(=C1)C=CC3=CC4=C(C5=C(C=C4)[C@H]([C@@H]([C@H]6[C@@H]5O6)O)O)N=C32,Active
4783,363900304,151984,C1=CC=C2C(=C1)C=CC3=CC4=C(C5=C(C=C4)[C@@H]([C@H]([C@H]6[C@@H]5O6)O)O)N=C32,Active
4784,363900304,151984,C1=CC=C2C(=C1)C=CC3=CC4=C(C5=C(C=C4)[C@@H]([C@H]([C@H]6[C@@H]5O6)O)O)N=C32,Active
4785,363900305,151982,C1=CC=C2C(=C1)C=CC3=CC4=C(C5=C(C=C4)[C@H]([C@@H]([C@@H]6[C@H]5O6)O)O)N=C32,Active
4786,363900305,151982,C1=CC=C2C(=C1)C=CC3=CC4=C(C5=C(C=C4)[C@H]([C@@H]([C@@H]6[C@H]5O6)O)O)N=C32,Active
4787,363900306,151979,C1=CC=C2C(=C1)C=CC3=CC4=C(C5=C(C=C4)[C@@H]([C@H]([C@@H]6[C@H]5O6)O)O)N=C32,Inactive
4788,363900306,151979,C1=CC=C2C(=C1)C=CC3=CC4=C(C5=C(C=C4)[C@@H]([C@H]([C@@H]6[C@H]5O6)O)O)N=C32,Inactive
4789,363900306,151979,C1=CC=C2C(=C1)C=CC3=CC4=C(C5=C(C=C4)[C@@H]([C@H]([C@@H]6[C@H]5O6)O)O)N=C32,Inactive
4790,363900306,151979,C1=CC=C2C(=C1)C=CC3=CC4=C(C5=C(C=C4)[C@@H]([C@H]([C@@H]6[C@H]5O6)O)O)N=C32,Inactive
4791,363900310,6054491,CC(=O)N(C1=CC=C(C=C1)/C=C/C2=CC=CC=C2)O,Active
4792,363900310,6054491,CC(=O)N(C1=CC=C(C=C1)/C=C/C2=CC=CC=C2)O,Active
4793,363900311,85290,C1=CC=C2C(=C1)C=CC3=C(C4=CC=CC=C4C=C32)CO,Active
4794,363900312,137372,C1=CC=C2C(=C1)C=CC3=C(C4=CC=CC=C4C=C32)COS(=O)(=O)O,Active
4795,363900315,4421,CCN1C=C(C(=O)C2=C1N=C(C=C2)C)C(=O)O,Active
4796,363900315,4421,CCN1C=C(C(=O)C2=C1N=C(C=C2)C)C(=O)O,Active
4797,363900315,4421,CCN1C=C(C(=O)C2=C1N=C(C=C2)C)C(=O)O,Inactive
4798,363900315,4421,CCN1C=C(C(=O)C2=C1N=C(C=C2)C)C(=O)O,Unspecified
4799,363900316,1140,CC1=CC=CC=C1,Inactive
4800,363900316,1140,CC1=CC=CC=C1,Inactive
4801,363900316,1140,CC1=CC=CC=C1,Inactive
4802,363900316,1140,CC1=CC=CC=C1,Inactive
4803,363900316,1140,CC1=CC=CC=C1,Inactive
4804,363900317,7409,CC(C1=CC=CC=C1)O,Active
4805,363900317,7409,CC(C1=CC=CC=C1)O,Inactive
4806,363900317,7409,CC(C1=CC=CC=C1)O,Inactive
4807,363900317,7409,CC(C1=CC=CC=C1)O,Inactive
4808,363900319,,,Inactive
4809,363900319,,,Inactive
4810,363900319,,,Inactive
4811,363900319,,,Inactive
4812,363900320,10757,C1=CC=C(C=C1)C(=O)CCl,Inactive
4813,363900320,10757,C1=CC=C(C=C1)C(=O)CCl,Inactive
4814,363900320,10757,C1=CC=C(C=C1)C(=O)CCl,Inactive
4815,363900320,10757,C1=CC=C(C=C1)C(=O)CCl,Unspecified
4816,363900321,10509,C([N+](=O)[O-])([N+](=O)[O-])([N+](=O)[O-])[N+](=O)[O-],Active
4817,363900321,10509,C([N+](=O)[O-])([N+](=O)[O-])([N+](=O)[O-])[N+](=O)[O-],Active
4818,363900321,10509,C([N+](=O)[O-])([N+](=O)[O-])([N+](=O)[O-])[N+](=O)[O-],Active
4819,363900321,10509,C([N+](=O)[O-])([N+](=O)[O-])([N+](=O)[O-])[N+](=O)[O-],Active
4820,363900322,,,Inactive
4821,363900322,,,Inactive
4822,363900322,,,Active
4823,363900322,,,Active
4824,363900323,6896,CC1=C(C(=CC=C1)C)N,Active
4825,363900323,6896,CC1=C(C(=CC=C1)C)N,Active
4826,363900324,4781,CCCCC1C(=O)N(N(C1=O)C2=CC=CC=C2)C3=CC=CC=C3,Active
4827,363900324,4781,CCCCC1C(=O)N(N(C1=O)C2=CC=CC=C2)C3=CC=CC=C3,Active
4828,363900324,4781,CCCCC1C(=O)N(N(C1=O)C2=CC=CC=C2)C3=CC=CC=C3,Inactive
4829,363900324,4781,CCCCC1C(=O)N(N(C1=O)C2=CC=CC=C2)C3=CC=CC=C3,Unspecified
4830,363900325,7838,C=CCOCC1CO1,Inactive
4831,363900325,7838,C=CCOCC1CO1,Active
4832,363900325,7838,C=CCOCC1CO1,Unspecified
4833,363900325,7838,C=CCOCC1CO1,Unspecified
4834,363900326,240,C1=CC=C(C=C1)C=O,Inactive
4835,363900326,240,C1=CC=C(C=C1)C=O,Inactive
4836,363900326,240,C1=CC=C(C=C1)C=O,Active
4837,363900326,240,C1=CC=C(C=C1)C=O,Active
4838,363900327,17604,C1=CC=C(C(=C1)C=C(C#N)C#N)Cl,Inactive
4839,363900327,17604,C1=CC=C(C(=C1)C=C(C#N)C#N)Cl,Inactive
4840,363900327,17604,C1=CC=C(C(=C1)C=C(C#N)C#N)Cl,Inactive
4841,363900327,17604,C1=CC=C(C(=C1)C=C(C#N)C#N)Cl,Inactive
4842,363900328,21852,CC(C1OCC(O1)CO)I,Active
4843,363900328,21852,CC(C1OCC(O1)CO)I,Inactive
4844,363900328,21852,CC(C1OCC(O1)CO)I,Inactive
4845,363900328,21852,CC(C1OCC(O1)CO)I,Active
4846,363900330,13543,C=CC(=O)NCO,Inactive
4847,363900330,13543,C=CC(=O)NCO,Inactive
4848,363900330,13543,C=CC(=O)NCO,Active
4849,363900330,13543,C=CC(=O)NCO,Active
4850,363900331,949,CN(C)C1=CC=CC=C1,Active
4851,363900331,949,CN(C)C1=CC=CC=C1,Inactive
4852,363900331,949,CN(C)C1=CC=CC=C1,Inactive
4853,363900331,949,CN(C)C1=CC=CC=C1,Unspecified
4854,363900332,9344,C[C@@H]1CC2=C(C=C(C(=C2C(=O)O1)O)C(=O)NC(CC3=CC=CC=C3)C(=O)O)Cl,Active
4855,363900332,9344,C[C@@H]1CC2=C(C=C(C(=C2C(=O)O1)O)C(=O)NC(CC3=CC=CC=C3)C(=O)O)Cl,Active
4856,363900332,9344,C[C@@H]1CC2=C(C=C(C(=C2C(=O)O1)O)C(=O)NC(CC3=CC=CC=C3)C(=O)O)Cl,Active
4857,363900332,9344,C[C@@H]1CC2=C(C=C(C(=C2C(=O)O1)O)C(=O)NC(CC3=CC=CC=C3)C(=O)O)Cl,Active
4858,363900332,9344,C[C@@H]1CC2=C(C=C(C(=C2C(=O)O1)O)C(=O)NC(CC3=CC=CC=C3)C(=O)O)Cl,Active
4859,363900332,9344,C[C@@H]1CC2=C(C=C(C(=C2C(=O)O1)O)C(=O)NC(CC3=CC=CC=C3)C(=O)O)Cl,Active
4860,363900332,9344,C[C@@H]1CC2=C(C=C(C(=C2C(=O)O1)O)C(=O)NC(CC3=CC=CC=C3)C(=O)O)Cl,Active
4861,363900332,9344,C[C@@H]1CC2=C(C=C(C(=C2C(=O)O1)O)C(=O)NC(CC3=CC=CC=C3)C(=O)O)Cl,Inactive
4862,363900332,9344,C[C@@H]1CC2=C(C=C(C(=C2C(=O)O1)O)C(=O)NC(CC3=CC=CC=C3)C(=O)O)Cl,Active
4863,363900332,9344,C[C@@H]1CC2=C(C=C(C(=C2C(=O)O1)O)C(=O)NC(CC3=CC=CC=C3)C(=O)O)Cl,Active
4864,363900332,9344,C[C@@H]1CC2=C(C=C(C(=C2C(=O)O1)O)C(=O)NC(CC3=CC=CC=C3)C(=O)O)Cl,Inactive
4865,363900332,9344,C[C@@H]1CC2=C(C=C(C(=C2C(=O)O1)O)C(=O)NC(CC3=CC=CC=C3)C(=O)O)Cl,Inactive
4866,363900333,8980,CN(C)CCOC(C1=CC=CC=C1)C2=CC=CC=C2.Cl,Inactive
4867,363900333,8980,CN(C)CCOC(C1=CC=CC=C1)C2=CC=CC=C2.Cl,Inactive
4868,363900333,8980,CN(C)CCOC(C1=CC=CC=C1)C2=CC=CC=C2.Cl,Unspecified
4869,363900333,8980,CN(C)CCOC(C1=CC=CC=C1)C2=CC=CC=C2.Cl,Unspecified
4870,363900334,9223,C1=CC=C2C(=C1)C=CO2,Inactive
4871,363900334,9223,C1=CC=C2C(=C1)C=CO2,Active
4872,363900334,9223,C1=CC=C2C(=C1)C=CO2,Active
4873,363900334,9223,C1=CC=C2C(=C1)C=CO2,Active
4874,363900335,16724,CC1=CC[C@@H](CC1=O)C(=C)C,Inactive
4875,363900335,16724,CC1=CC[C@@H](CC1=O)C(=C)C,Inactive
4876,363900336,7922,C1CC(=O)OC1=O,Inactive
4877,363900336,7922,C1CC(=O)OC1=O,Inactive
4878,363900336,7922,C1CC(=O)OC1=O,Inactive
4879,363900336,7922,C1CC(=O)OC1=O,Inactive
4880,363900337,6518,C(C(CO[N+](=O)[O-])(CO[N+](=O)[O-])CO[N+](=O)[O-])O[N+](=O)[O-],Inactive
4881,363900337,6518,C(C(CO[N+](=O)[O-])(CO[N+](=O)[O-])CO[N+](=O)[O-])O[N+](=O)[O-],Inactive
4882,363900337,6518,C(C(CO[N+](=O)[O-])(CO[N+](=O)[O-])CO[N+](=O)[O-])O[N+](=O)[O-],Unspecified
4883,363900337,6518,C(C(CO[N+](=O)[O-])(CO[N+](=O)[O-])CO[N+](=O)[O-])O[N+](=O)[O-],Unspecified
4884,363900338,13806,CCNC1=CC2=C(C=C1C)C(=C3C=C(C(=[NH+]CC)C=C3O2)C)C4=CC=CC=C4C(=O)OCC.[Cl-],Inactive
4885,363900338,13806,CCNC1=CC2=C(C=C1C)C(=C3C=C(C(=[NH+]CC)C=C3O2)C)C4=CC=CC=C4C(=O)OCC.[Cl-],Inactive
4886,363900338,13806,CCNC1=CC2=C(C=C1C)C(=C3C=C(C(=[NH+]CC)C=C3O2)C)C4=CC=CC=C4C(=O)OCC.[Cl-],Unspecified
4887,363900338,13806,CCNC1=CC2=C(C=C1C)C(=C3C=C(C(=[NH+]CC)C=C3O2)C)C4=CC=CC=C4C(=O)OCC.[Cl-],Unspecified
4888,363900341,62329,CC1=C(C(=C(C(=C1[N+](=O)[O-])C(C)(C)C)[N+](=O)[O-])C)[N+](=O)[O-],Active
4889,363900341,62329,CC1=C(C(=C(C(=C1[N+](=O)[O-])C(C)(C)C)[N+](=O)[O-])C)[N+](=O)[O-],Active
4890,363900369,6321380,COC1=C(C=CC(=C1)C2=CC(=C(C=C2)N/N=C\3/C(=O)C4=C(C=C3S(=O)(=O)[O-])C=C(C=C4N)S(=O)(=O)[O-])OC)N/N=C\5/C(=O)C6=C(C=C5S(=O)(=O)[O-])C=C(C=C6N)S(=O)(=O)[O-].[Na+].[Na+].[Na+].[Na+],Active
4891,363900369,6321380,COC1=C(C=CC(=C1)C2=CC(=C(C=C2)N/N=C\3/C(=O)C4=C(C=C3S(=O)(=O)[O-])C=C(C=C4N)S(=O)(=O)[O-])OC)N/N=C\5/C(=O)C6=C(C=C5S(=O)(=O)[O-])C=C(C=C6N)S(=O)(=O)[O-].[Na+].[Na+].[Na+].[Na+],Active
4892,363900373,22960,CC1=CC=C(C=C1)S(=O)(=O)OC2=CC=C(C=C2)N=NC3=C(C=C(C=C3)C4=CC(=C(C=C4)N=NC5=C(C=CC6=CC(=CC(=C65)S(=O)(=O)[O-])S(=O)(=O)[O-])O)C)C.[Na+].[Na+],Active
4893,363900373,22960,CC1=CC=C(C=C1)S(=O)(=O)OC2=CC=C(C=C2)N=NC3=C(C=C(C=C3)C4=CC(=C(C=C4)N=NC5=C(C=CC6=CC(=CC(=C65)S(=O)(=O)[O-])S(=O)(=O)[O-])O)C)C.[Na+].[Na+],Active
4894,363900377,135442941,C1=CC=C2C(=C1)C=CC(=C2N=NC3=CC=C(C=C3)S(=O)(=O)[O-])O.[Na+],Inactive
4895,363900377,135442941,C1=CC=C2C(=C1)C=CC(=C2N=NC3=CC=C(C=C3)S(=O)(=O)[O-])O.[Na+],Inactive
4896,363900378,135487615,C1=CC=C2C(=C1)C=CC(=C2N=NC3=C(C4=CC=CC=C4C=C3)S(=O)(=O)[O-])O.[Na+],Inactive
4897,363900378,135487615,C1=CC=C2C(=C1)C=CC(=C2N=NC3=C(C4=CC=CC=C4C=C3)S(=O)(=O)[O-])O.[Na+],Inactive
4898,363900383,50961,C1=CC=C2C3=C4C(=CC2=C1)C=CC5=C(C=CC(=C54)C=C3)[N+](=O)[O-],Inactive
4899,363900383,50961,C1=CC=C2C3=C4C(=CC2=C1)C=CC5=C(C=CC(=C54)C=C3)[N+](=O)[O-],Inactive
4900,363900384,44374,C1=CC=C2C(=C1)C3=C4C(=C2[N+](=O)[O-])C=CC5=CC=CC(=C54)C=C3,Inactive
4901,363900384,44374,C1=CC=C2C(=C1)C3=C4C(=C2[N+](=O)[O-])C=CC5=CC=CC(=C54)C=C3,Inactive
4902,363900396,9916275,CCN(CC)C1=CC2=C(C=C1)C(=C3C=CC(=[N+](CC)CC)C=C3O2)C4=C(C=C(C=C4)S(=O)(=O)[O-])S(=O)(=O)[O-].[Na+],Inactive
4903,363900396,9916275,CCN(CC)C1=CC2=C(C=C1)C(=C3C=CC(=[N+](CC)CC)C=C3O2)C4=C(C=C(C=C4)S(=O)(=O)[O-])S(=O)(=O)[O-].[Na+],Inactive
4904,363900397,15531,C1=C(C=C(C(=C1Br)O)Br)C#N,Active
4905,363900397,15531,C1=C(C=C(C(=C1Br)O)Br)C#N,Active
4906,363900409,12749,CC1=NC=CN1,Inactive
4907,363900409,12749,CC1=NC=CN1,Active
4908,363900409,12749,CC1=NC=CN1,Active
4909,363900409,12749,CC1=NC=CN1,Active
4910,363900411,23662383,CCCCC(CC)COS(=O)(=O)[O-].[Na+],Inactive
4911,363900411,23662383,CCCCC(CC)COS(=O)(=O)[O-].[Na+],Active
4912,363900411,23662383,CCCCC(CC)COS(=O)(=O)[O-].[Na+],Inactive
4913,363900411,23662383,CCCCC(CC)COS(=O)(=O)[O-].[Na+],Inactive
4914,363900412,7184,CCCCOC(=O)C1=CC=C(C=C1)O,Inactive
4915,363900412,7184,CCCCOC(=O)C1=CC=C(C=C1)O,Inactive
4916,363900413,20240,CC(C)COC(=O)C1=CC=C(C=C1)O,Inactive
4917,363900413,20240,CC(C)COC(=O)C1=CC=C(C=C1)O,Inactive
4918,363900414,11057,CN(C)C1=CC=C(C=C1)C(=C2C=CC(=[N+](C)C)C=C2)C3=CC=C(C=C3)N(C)C.[Cl-],Active
4919,363900414,11057,CN(C)C1=CC=C(C=C1)C(=C2C=CC(=[N+](C)C)C=C2)C3=CC=C(C=C3)N(C)C.[Cl-],Active
4920,363900414,11057,CN(C)C1=CC=C(C=C1)C(=C2C=CC(=[N+](C)C)C=C2)C3=CC=C(C=C3)N(C)C.[Cl-],Active
4921,363900414,11057,CN(C)C1=CC=C(C=C1)C(=C2C=CC(=[N+](C)C)C=C2)C3=CC=C(C=C3)N(C)C.[Cl-],Active
4922,363900415,9181,C1=CC=C2C(=C1)C=CC3=CC4=CC=CC=C4N=C32,Inactive
4923,363900415,9181,C1=CC=C2C(=C1)C=CC3=CC4=CC=CC=C4N=C32,Active
4924,363900415,9181,C1=CC=C2C(=C1)C=CC3=CC4=CC=CC=C4N=C32,Active
4925,363900416,9180,C1=CC=C2C(=C1)C=CC3=NC4=CC=CC=C4C=C32,Inactive
4926,363900417,79373,CNC1=CC=C(C=C1)N.Cl.Cl,Inactive
4927,363900419,4125253,C(C1C(C(C(C(O1)OCC2C(C(C(C(O2)OCC(C(C(C(C=O)O)O)O)O)O)O)O)O)O)O)O,Inactive
4928,363900419,4125253,C(C1C(C(C(C(O1)OCC2C(C(C(C(O2)OCC(C(C(C(C=O)O)O)O)O)O)O)O)O)O)O)O,Inactive
4929,363900420,72466,CC1=C(N=C(N=C1N)C(CC(=O)N)NCC(C(=O)N)N)C(=O)NC(C(C2=CN=CN2)O[C@H]3[C@H]([C@H]([C@@H]([C@@H](O3)CO)O)O)O[C@@H]4[C@H]([C@H]([C@@H]([C@H](O4)CO)O)OC(=O)N)O)C(=O)NC(C)C(C(C)C(=O)NC(C(C)O)C(=O)NCCC5=NC(=CS5)C6=NC(=CS6)C(=O)NCCC[S+](C)C)O.OS(=O)(=O)[O-],Active
4930,363900420,72466,CC1=C(N=C(N=C1N)C(CC(=O)N)NCC(C(=O)N)N)C(=O)NC(C(C2=CN=CN2)O[C@H]3[C@H]([C@H]([C@@H]([C@@H](O3)CO)O)O)O[C@@H]4[C@H]([C@H]([C@@H]([C@H](O4)CO)O)OC(=O)N)O)C(=O)NC(C)C(C(C)C(=O)NC(C(C)O)C(=O)NCCC5=NC(=CS5)C6=NC(=CS6)C(=O)NCCC[S+](C)C)O.OS(=O)(=O)[O-],Active
4931,363900421,6321297,CC1=C(N=C(N=C1N)[C@H](CC(=O)N)NC[C@@H](C(=O)N)N)C(=O)N[C@@H]([C@H](C2=CN=CN2)O[C@H]3[C@H]([C@H]([C@@H]([C@@H](O3)CO)O)O)O[C@@H]4[C@H]([C@H]([C@@H]([C@H](O4)CO)O)OC(=O)N)O)C(=O)N[C@H](C)[C@H]([C@H](C)C(=O)N[C@@H]([C@@H](C)O)C(=O)NCCC5=NC(=CS5)C6=NC(=CS6)C(=O)NCCCN[C@@H](C)C7=CC=CC=C7)O.OS(=O)(=O)O,Active
4932,363900421,6321297,CC1=C(N=C(N=C1N)[C@H](CC(=O)N)NC[C@@H](C(=O)N)N)C(=O)N[C@@H]([C@H](C2=CN=CN2)O[C@H]3[C@H]([C@H]([C@@H]([C@@H](O3)CO)O)O)O[C@@H]4[C@H]([C@H]([C@@H]([C@H](O4)CO)O)OC(=O)N)O)C(=O)N[C@H](C)[C@H]([C@H](C)C(=O)N[C@@H]([C@@H](C)O)C(=O)NCCC5=NC(=CS5)C6=NC(=CS6)C(=O)NCCCN[C@@H](C)C7=CC=CC=C7)O.OS(=O)(=O)O,Active
4933,363900422,149027,CN=NNC1=C(C=C(C=C1Cl)Cl)Cl,Inactive
4934,363900423,99637,CN(C)N=NC1=C(C=C(C=C1Br)Br)Br,Inactive
4935,363900424,126355,C1CC(=O)C2=C1C3=C4C(=C2)CC5=CC=CC(=C54)C=C3,Active
4936,363900425,24261,O=[Si]=O,Active
4937,363900425,24261,O=[Si]=O,Active
4938,363900425,24261,O=[Si]=O,Active
4939,363900425,24261,O=[Si]=O,Active
4940,363900426,9571066,C1=CC=C2C(=C1)/C(=N/O)/C=CN2O.Cl,Active
4941,363900426,9571066,C1=CC=C2C(=C1)/C(=N/O)/C=CN2O.Cl,Active
4942,363900427,146310,C1=NC2=C(N1[O-])C(=O)NC(=O)[NH2+]2,Active
4943,363900427,146310,C1=NC2=C(N1[O-])C(=O)NC(=O)[NH2+]2,Active
4944,363900428,9323,CN[NH3+].OS(=O)(=O)[O-],Active
4945,363900428,9323,CN[NH3+].OS(=O)(=O)[O-],Active
4946,363900429,18761,CC1=C2C=CC3=C2C(=CC4=C3C=CC5=CC=CC=C54)C=C1,Active
4947,363900431,637563,C/C=C/C1=CC=C(C=C1)OC,Inactive
4948,363900431,637563,C/C=C/C1=CC=C(C=C1)OC,Active
4949,363900431,637563,C/C=C/C1=CC=C(C=C1)OC,Inactive
4950,363900431,637563,C/C=C/C1=CC=C(C=C1)OC,Inactive
4951,363900432,8083,C1COCCN1,Inactive
4952,363900432,8083,C1COCCN1,Inactive
4953,363900445,,,Inactive
4954,363900445,,,Inactive
4955,363900445,,,Inactive
4956,363900445,,,Inactive
4957,363900445,,,Inactive
4958,363900445,,,Inactive
4959,363900445,,,Active
4960,363900445,,,Active
4961,363900450,5284484,C(CNC(=S)[S-])NC(=S)[S-].[Zn+2],Inactive
4962,363900450,5284484,C(CNC(=S)[S-])NC(=S)[S-].[Zn+2],Inactive
4963,363900450,5284484,C(CNC(=S)[S-])NC(=S)[S-].[Zn+2],Inactive
4964,363900450,5284484,C(CNC(=S)[S-])NC(=S)[S-].[Zn+2],Inactive
4965,363900450,5284484,C(CNC(=S)[S-])NC(=S)[S-].[Zn+2],Inactive
4966,363900454,6332,CCBr,Active
4967,363900454,6332,CCBr,Active
4968,363900454,6332,CCBr,Unspecified
4969,363900454,6332,CCBr,Unspecified
4970,363900467,23683938,C([C@H]([C@@H]1C(=C(C(=O)O1)O)[O-])O)O.[Na+],Inactive
4971,363900467,23683938,C([C@H]([C@@H]1C(=C(C(=O)O1)O)[O-])O)O.[Na+],Inactive
4972,363900467,23683938,C([C@H]([C@@H]1C(=C(C(=O)O1)O)[O-])O)O.[Na+],Inactive
4973,363900467,23683938,C([C@H]([C@@H]1C(=C(C(=O)O1)O)[O-])O)O.[Na+],Inactive
4974,363900486,62275,CC1=CN=C2C=CC3=C(C2=N1)N=C(N3C)N,Inactive
4975,363900486,62275,CC1=CN=C2C=CC3=C(C2=N1)N=C(N3C)N,Inactive
4976,363900486,62275,CC1=CN=C2C=CC3=C(C2=N1)N=C(N3C)N,Active
4977,363900486,62275,CC1=CN=C2C=CC3=C(C2=N1)N=C(N3C)N,Active
4978,363900486,62275,CC1=CN=C2C=CC3=C(C2=N1)N=C(N3C)N,Active
4979,363900486,62275,CC1=CN=C2C=CC3=C(C2=N1)N=C(N3C)N,Active
4980,363900486,62275,CC1=CN=C2C=CC3=C(C2=N1)N=C(N3C)N,Active
4981,363900486,62275,CC1=CN=C2C=CC3=C(C2=N1)N=C(N3C)N,Active
4982,363900486,62275,CC1=CN=C2C=CC3=C(C2=N1)N=C(N3C)N,Active
4983,363900486,62275,CC1=CN=C2C=CC3=C(C2=N1)N=C(N3C)N,Active
4984,363900486,62275,CC1=CN=C2C=CC3=C(C2=N1)N=C(N3C)N,Inactive
4985,363900486,62275,CC1=CN=C2C=CC3=C(C2=N1)N=C(N3C)N,Inactive
4986,363900486,62275,CC1=CN=C2C=CC3=C(C2=N1)N=C(N3C)N,Inactive
4987,363900486,62275,CC1=CN=C2C=CC3=C(C2=N1)N=C(N3C)N,Active
4988,363900486,62275,CC1=CN=C2C=CC3=C(C2=N1)N=C(N3C)N,Inactive
4989,363900532,3385,C1=C(C(=O)NC(=O)N1)F,Active
4990,363900532,3385,C1=C(C(=O)NC(=O)N1)F,Active
4991,363900532,3385,C1=C(C(=O)NC(=O)N1)F,Inactive
4992,363900532,3385,C1=C(C(=O)NC(=O)N1)F,Inactive
4993,363900532,3385,C1=C(C(=O)NC(=O)N1)F,Inactive
4994,363900532,3385,C1=C(C(=O)NC(=O)N1)F,Inactive
4995,363900535,39185,C1=CC2=C3C(=C(C=C2)[N+](=O)[O-])C=CC4=C(C=CC1=C43)[N+](=O)[O-],Active
4996,363900535,39185,C1=CC2=C3C(=C(C=C2)[N+](=O)[O-])C=CC4=C(C=CC1=C43)[N+](=O)[O-],Active
4997,363900535,39185,C1=CC2=C3C(=C(C=C2)[N+](=O)[O-])C=CC4=C(C=CC1=C43)[N+](=O)[O-],Active
4998,363900535,39185,C1=CC2=C3C(=C(C=C2)[N+](=O)[O-])C=CC4=C(C=CC1=C43)[N+](=O)[O-],Active
4999,363900535,39185,C1=CC2=C3C(=C(C=C2)[N+](=O)[O-])C=CC4=C(C=CC1=C43)[N+](=O)[O-],Active
5000,363900535,39185,C1=CC2=C3C(=C(C=C2)[N+](=O)[O-])C=CC4=C(C=CC1=C43)[N+](=O)[O-],Active
5001,363900596,5865,C[C@]12CC(=O)[C@H]3[C@H]([C@@H]1CC[C@@]2(C(=O)CO)O)CCC4=CC(=O)C=C[C@]34C,Inactive
5002,363900596,5865,C[C@]12CC(=O)[C@H]3[C@H]([C@@H]1CC[C@@]2(C(=O)CO)O)CCC4=CC(=O)C=C[C@]34C,Inactive
5003,363900602,17466,C1=CC=C2C(=C1)C(=CC=C2S(=O)(=O)[O-])N=NC3=C(C=CC4=CC(=CC(=C43)S(=O)(=O)[O-])S(=O)(=O)[O-])O.[Na+].[Na+].[Na+],Inactive
5004,363900602,17466,C1=CC=C2C(=C1)C(=CC=C2S(=O)(=O)[O-])N=NC3=C(C=CC4=CC(=CC(=C43)S(=O)(=O)[O-])S(=O)(=O)[O-])O.[Na+].[Na+].[Na+],Inactive
5005,363900603,13506,C1=CC=C2C(=C1)C(=CC=C2S(=O)(=O)[O-])N=NC3=C4C=CC(=CC4=CC(=C3O)S(=O)(=O)[O-])S(=O)(=O)[O-].[Na+].[Na+].[Na+],Inactive
5006,363900603,13506,C1=CC=C2C(=C1)C(=CC=C2S(=O)(=O)[O-])N=NC3=C4C=CC(=CC4=CC(=C3O)S(=O)(=O)[O-])S(=O)(=O)[O-].[Na+].[Na+].[Na+],Inactive
5007,363900603,13506,C1=CC=C2C(=C1)C(=CC=C2S(=O)(=O)[O-])N=NC3=C4C=CC(=CC4=CC(=C3O)S(=O)(=O)[O-])S(=O)(=O)[O-].[Na+].[Na+].[Na+],Inactive
5008,363900603,13506,C1=CC=C2C(=C1)C(=CC=C2S(=O)(=O)[O-])N=NC3=C4C=CC(=CC4=CC(=C3O)S(=O)(=O)[O-])S(=O)(=O)[O-].[Na+].[Na+].[Na+],Inactive
5009,363900604,14130,CCOC1=CC=C(C=C1)NC(=O)CC(C)O,Active
5010,363900604,14130,CCOC1=CC=C(C=C1)NC(=O)CC(C)O,Inactive
5011,363900605,52195,CC(C)NCCCC1(C2=CC=CC=C2C3=CC=CC=C31)C(=O)N,Inactive
5012,363900605,52195,CC(C)NCCCC1(C2=CC=CC=C2C3=CC=CC=C31)C(=O)N,Inactive
5013,363900605,52195,CC(C)NCCCC1(C2=CC=CC=C2C3=CC=CC=C31)C(=O)N,Inactive
5014,363900605,52195,CC(C)NCCCC1(C2=CC=CC=C2C3=CC=CC=C31)C(=O)N,Inactive
5015,363900606,164825,C1=CC(=CC=C1N=NC2C(=NN(C2=O)C3=CC=C(C=C3)S(=O)(=O)[O-])C(=O)[O-])S(=O)(=O)[O-].[Na+].[Na+].[Na+],Inactive
5016,363900606,164825,C1=CC(=CC=C1N=NC2C(=NN(C2=O)C3=CC=C(C=C3)S(=O)(=O)[O-])C(=O)[O-])S(=O)(=O)[O-].[Na+].[Na+].[Na+],Inactive
5017,363900606,164825,C1=CC(=CC=C1N=NC2C(=NN(C2=O)C3=CC=C(C=C3)S(=O)(=O)[O-])C(=O)[O-])S(=O)(=O)[O-].[Na+].[Na+].[Na+],Inactive
5018,363900606,164825,C1=CC(=CC=C1N=NC2C(=NN(C2=O)C3=CC=C(C=C3)S(=O)(=O)[O-])C(=O)[O-])S(=O)(=O)[O-].[Na+].[Na+].[Na+],Inactive
5019,363900607,50225,CCNC(=O)[C@@H]1CCCN1C(=O)[C@H](CCCN=C(N)N)NC(=O)[C@H](CC(C)C)NC(=O)[C@@H](COC(C)(C)C)NC(=O)[C@H](CC2=CC=C(C=C2)O)NC(=O)[C@H](CO)NC(=O)[C@H](CC3=CNC4=CC=CC=C43)NC(=O)[C@H](CC5=CN=CN5)NC(=O)[C@@H]6CCC(=O)N6,Inactive
5020,363900607,50225,CCNC(=O)[C@@H]1CCCN1C(=O)[C@H](CCCN=C(N)N)NC(=O)[C@H](CC(C)C)NC(=O)[C@@H](COC(C)(C)C)NC(=O)[C@H](CC2=CC=C(C=C2)O)NC(=O)[C@H](CO)NC(=O)[C@H](CC3=CNC4=CC=CC=C43)NC(=O)[C@H](CC5=CN=CN5)NC(=O)[C@@H]6CCC(=O)N6,Inactive
5021,363900608,20838052,CCCCCCCC/C=C\CCCCCCCC(=O)O.C1COCCN1,Inactive
5022,363900608,20838052,CCCCCCCC/C=C\CCCCCCCC(=O)O.C1COCCN1,Inactive
5023,363900623,18617,C(#N)C(Br)Br,Active
5024,363900623,18617,C(#N)C(Br)Br,Active
5025,363900623,18617,C(#N)C(Br)Br,Active
5026,363900623,18617,C(#N)C(Br)Br,Active
5027,363900625,6781,CCOC(=O)C1=CC=CC=C1C(=O)OCC,Inactive
5028,363900625,6781,CCOC(=O)C1=CC=CC=C1C(=O)OCC,Inactive
5029,363900625,6781,CCOC(=O)C1=CC=CC=C1C(=O)OCC,Unspecified
5030,363900625,6781,CCOC(=O)C1=CC=CC=C1C(=O)OCC,Unspecified
5031,363900712,5386,C1CC(OC1)N2C=C(C(=O)NC2=O)F,Inactive
5032,363900712,5386,C1CC(OC1)N2C=C(C(=O)NC2=O)F,Inactive
5033,363900712,5386,C1CC(OC1)N2C=C(C(=O)NC2=O)F,Inactive
5034,363900712,5386,C1CC(OC1)N2C=C(C(=O)NC2=O)F,Inactive
5035,363900739,39363,CC(=O)OCC1=C2C=CC3=CC=CC4=C3C2=C(C=C4)C5=CC=CC=C51,Active
5036,363900785,108109,C[C@H](CCCC(C)C)[C@H]1CC[C@@H]2[C@@]1(CC[C@H]3[C@H]2C[C@@H]4[C@]5([C@@]3(CC[C@@H](C5)O)C)O4)C,Inactive
5037,363900791,7416,C1=CC=C(C=C1)[N+](=O)[O-],Active
5038,363900791,7416,C1=CC=C(C=C1)[N+](=O)[O-],Active
5039,363900791,7416,C1=CC=C(C=C1)[N+](=O)[O-],Active
5040,363900791,7416,C1=CC=C(C=C1)[N+](=O)[O-],Active
5041,363900791,7416,C1=CC=C(C=C1)[N+](=O)[O-],Active
5042,363900792,147468,CCC1=CC2=CC=CC=C2C3=C1C4=C(C=C3)[C@@H]([C@H]([C@@H]5[C@H]4O5)O)O,Inactive
5043,363900792,147468,CCC1=CC2=CC=CC=C2C3=C1C4=C(C=C3)[C@@H]([C@H]([C@@H]5[C@H]4O5)O)O,Inactive
5044,363900793,147448,CCCC1=CC2=CC=CC=C2C3=C1C4=C(C=C3)C(C(C5C4O5)O)O,Inactive
5045,363900793,147448,CCCC1=CC2=CC=CC=C2C3=C1C4=C(C=C3)C(C(C5C4O5)O)O,Inactive
5046,363900819,149804,C1=CC=C2C(=C1)C3=C4C(=C(C=C3)[N+](=O)[O-])C=CC5=C4C2=CC=C5,Inactive
5047,363900840,115243,C1=CC2=C(C=CC=N2)C(=C1)F,Inactive
5048,363900840,115243,C1=CC2=C(C=CC=N2)C(=C1)F,Active
5049,363900844,10285,CC1=CC=NC2=CC=CC=C12,Active
5050,363900844,10285,CC1=CC=NC2=CC=CC=C12,Inactive
5051,363900844,10285,CC1=CC=NC2=CC=CC=C12,Inactive
5052,363900844,10285,CC1=CC=NC2=CC=CC=C12,Inactive
5053,363900847,119042,C=COC1=CC=C(C=C1)[N+](=O)[O-],Active
5054,363900857,6009,CC1=C(C(=O)N(N1C)C2=CC=CC=C2)N(C)C,Inactive
5055,363900857,6009,CC1=C(C(=O)N(N1C)C2=CC=CC=C2)N(C)C,Inactive
5056,363900859,21502,C1C2=C(C=CC(=C2)[N+](=O)[O-])C3=C1C=C(C=C3)[N+](=O)[O-],Inactive
5057,363900859,21502,C1C2=C(C=CC(=C2)[N+](=O)[O-])C3=C1C=C(C=C3)[N+](=O)[O-],Active
5058,363900863,115222,CN1C2=C(C3=C(C=C2)NC(=O)C=C3)N=C1N,Inactive
5059,363900863,115222,CN1C2=C(C3=C(C=C2)NC(=O)C=C3)N=C1N,Inactive
5060,363900863,115222,CN1C2=C(C3=C(C=C2)NC(=O)C=C3)N=C1N,Active
5061,363900864,107887,C1COC(CN1N=O)O,Active
5062,363900864,107887,C1COC(CN1N=O)O,Inactive
5063,363900864,107887,C1COC(CN1N=O)O,Active
5064,363900872,7361,C1=COC(=C1)CO,Active
5065,363900872,7361,C1=COC(=C1)CO,Active
5066,363900872,7361,C1=COC(=C1)CO,Inactive
5067,363900872,7361,C1=COC(=C1)CO,Unspecified
5068,363900874,7302,C1CC(=O)OC1,Inactive
5069,363900874,7302,C1CC(=O)OC1,Inactive
5070,363900874,7302,C1CC(=O)OC1,Inactive
5071,363900874,7302,C1CC(=O)OC1,Unspecified
5072,363900876,1049,C1=CC=NC=C1,Active
5073,363900876,1049,C1=CC=NC=C1,Active
5074,363900876,1049,C1=CC=NC=C1,Active
5075,363900876,1049,C1=CC=NC=C1,Unspecified
5076,363900876,1049,C1=CC=NC=C1,Unspecified
5077,363900904,1530,CN1C2=C(N=CC(=C2)C3=CC=CC=C3)N=C1N,Active
5078,363900904,1530,CN1C2=C(N=CC(=C2)C3=CC=CC=C3)N=C1N,Active
5079,363900904,1530,CN1C2=C(N=CC(=C2)C3=CC=CC=C3)N=C1N,Active
5080,363900904,1530,CN1C2=C(N=CC(=C2)C3=CC=CC=C3)N=C1N,Active
5081,363900904,1530,CN1C2=C(N=CC(=C2)C3=CC=CC=C3)N=C1N,Inactive
5082,363900904,1530,CN1C2=C(N=CC(=C2)C3=CC=CC=C3)N=C1N,Active
5083,363900904,1530,CN1C2=C(N=CC(=C2)C3=CC=CC=C3)N=C1N,Active
5084,363900904,1530,CN1C2=C(N=CC(=C2)C3=CC=CC=C3)N=C1N,Active
5085,363900904,1530,CN1C2=C(N=CC(=C2)C3=CC=CC=C3)N=C1N,Active
5086,363900904,1530,CN1C2=C(N=CC(=C2)C3=CC=CC=C3)N=C1N,Active
5087,363900904,1530,CN1C2=C(N=CC(=C2)C3=CC=CC=C3)N=C1N,Active
5088,363900904,1530,CN1C2=C(N=CC(=C2)C3=CC=CC=C3)N=C1N,Inactive
5089,363900904,1530,CN1C2=C(N=CC(=C2)C3=CC=CC=C3)N=C1N,Active
5090,363900904,1530,CN1C2=C(N=CC(=C2)C3=CC=CC=C3)N=C1N,Inactive
5091,363900904,1530,CN1C2=C(N=CC(=C2)C3=CC=CC=C3)N=C1N,Active
5092,363900904,1530,CN1C2=C(N=CC(=C2)C3=CC=CC=C3)N=C1N,Active
5093,363900904,1530,CN1C2=C(N=CC(=C2)C3=CC=CC=C3)N=C1N,Active
5094,363900904,1530,CN1C2=C(N=CC(=C2)C3=CC=CC=C3)N=C1N,Inactive
5095,363900904,1530,CN1C2=C(N=CC(=C2)C3=CC=CC=C3)N=C1N,Active
5096,363900904,1530,CN1C2=C(N=CC(=C2)C3=CC=CC=C3)N=C1N,Inactive
5097,363900904,1530,CN1C2=C(N=CC(=C2)C3=CC=CC=C3)N=C1N,Inactive
5098,363900904,1530,CN1C2=C(N=CC(=C2)C3=CC=CC=C3)N=C1N,Active
5099,363900904,1530,CN1C2=C(N=CC(=C2)C3=CC=CC=C3)N=C1N,Inactive
5100,363900904,1530,CN1C2=C(N=CC(=C2)C3=CC=CC=C3)N=C1N,Inactive
5101,363900904,1530,CN1C2=C(N=CC(=C2)C3=CC=CC=C3)N=C1N,Inactive
5102,363900904,1530,CN1C2=C(N=CC(=C2)C3=CC=CC=C3)N=C1N,Inactive
5103,363900904,1530,CN1C2=C(N=CC(=C2)C3=CC=CC=C3)N=C1N,Active
5104,363900904,1530,CN1C2=C(N=CC(=C2)C3=CC=CC=C3)N=C1N,Active
5105,363900904,1530,CN1C2=C(N=CC(=C2)C3=CC=CC=C3)N=C1N,Inactive
5106,363900904,1530,CN1C2=C(N=CC(=C2)C3=CC=CC=C3)N=C1N,Inactive
5107,363900904,1530,CN1C2=C(N=CC(=C2)C3=CC=CC=C3)N=C1N,Active
5108,363900904,1530,CN1C2=C(N=CC(=C2)C3=CC=CC=C3)N=C1N,Active
5109,363900904,1530,CN1C2=C(N=CC(=C2)C3=CC=CC=C3)N=C1N,Active
5110,363900904,1530,CN1C2=C(N=CC(=C2)C3=CC=CC=C3)N=C1N,Active
5111,363900904,1530,CN1C2=C(N=CC(=C2)C3=CC=CC=C3)N=C1N,Inactive
5112,363900904,1530,CN1C2=C(N=CC(=C2)C3=CC=CC=C3)N=C1N,Inactive
5113,363900909,163926,C1=CC2=C(C=CC3=C2C=C[C@@H]([C@H]3O)O)N=C1,Inactive
5114,363900909,163926,C1=CC2=C(C=CC3=C2C=C[C@@H]([C@H]3O)O)N=C1,Inactive
5115,363900910,,,Inactive
5116,363900910,,,Inactive
5117,363900911,150583,C1=CC2=C(C3=C(C=C2)[C@@H]([C@H](C=C3)O)O)N=C1,Inactive
5118,363900911,150583,C1=CC2=C(C3=C(C=C2)[C@@H]([C@H](C=C3)O)O)N=C1,Inactive
5119,363900924,,,Inactive
5120,363900924,,,Inactive
5121,363900925,24121,C1=CC=C2C(=C1)C=CC3=C2C=C(C4=CC=CC=C34)[N+](=O)[O-],Active
5122,363900925,24121,C1=CC=C2C(=C1)C=CC3=C2C=C(C4=CC=CC=C34)[N+](=O)[O-],Active
5123,363900925,24121,C1=CC=C2C(=C1)C=CC3=C2C=C(C4=CC=CC=C34)[N+](=O)[O-],Active
5124,363900925,24121,C1=CC=C2C(=C1)C=CC3=C2C=C(C4=CC=CC=C34)[N+](=O)[O-],Active
5125,363900925,24121,C1=CC=C2C(=C1)C=CC3=C2C=C(C4=CC=CC=C34)[N+](=O)[O-],Active
5126,363900925,24121,C1=CC=C2C(=C1)C=CC3=C2C=C(C4=CC=CC=C34)[N+](=O)[O-],Active
5127,363900925,24121,C1=CC=C2C(=C1)C=CC3=C2C=C(C4=CC=CC=C34)[N+](=O)[O-],Active
5128,363900925,24121,C1=CC=C2C(=C1)C=CC3=C2C=C(C4=CC=CC=C34)[N+](=O)[O-],Active
5129,363900925,24121,C1=CC=C2C(=C1)C=CC3=C2C=C(C4=CC=CC=C34)[N+](=O)[O-],Active
5130,363900925,24121,C1=CC=C2C(=C1)C=CC3=C2C=C(C4=CC=CC=C34)[N+](=O)[O-],Active
5131,363900925,24121,C1=CC=C2C(=C1)C=CC3=C2C=C(C4=CC=CC=C34)[N+](=O)[O-],Active
5132,363900925,24121,C1=CC=C2C(=C1)C=CC3=C2C=C(C4=CC=CC=C34)[N+](=O)[O-],Active
5133,363900925,24121,C1=CC=C2C(=C1)C=CC3=C2C=C(C4=CC=CC=C34)[N+](=O)[O-],Active
5134,363900925,24121,C1=CC=C2C(=C1)C=CC3=C2C=C(C4=CC=CC=C34)[N+](=O)[O-],Active
5135,363900925,24121,C1=CC=C2C(=C1)C=CC3=C2C=C(C4=CC=CC=C34)[N+](=O)[O-],Active
5136,363900925,24121,C1=CC=C2C(=C1)C=CC3=C2C=C(C4=CC=CC=C34)[N+](=O)[O-],Active
5137,363900925,24121,C1=CC=C2C(=C1)C=CC3=C2C=C(C4=CC=CC=C34)[N+](=O)[O-],Active
5138,363900925,24121,C1=CC=C2C(=C1)C=CC3=C2C=C(C4=CC=CC=C34)[N+](=O)[O-],Active
5139,363900925,24121,C1=CC=C2C(=C1)C=CC3=C2C=C(C4=CC=CC=C34)[N+](=O)[O-],Active
5140,363900926,149858,C1=CC=C2C(=C1)C3=C(C=CC=N3)C4=C2O4,Inactive
5141,363900926,149858,C1=CC=C2C(=C1)C3=C(C=CC=N3)C4=C2O4,Inactive
5142,363900927,3028003,C1=CC=C2C(=C1)C=CC3=C2C=C(C4=CC=CC=C34)N=O,Active
5143,363900927,3028003,C1=CC=C2C(=C1)C=CC3=C2C=C(C4=CC=CC=C34)N=O,Active
5144,363900928,1853,C1=CC=C2C(=C1)C3=CC=CC=C3NC2=O,Inactive
5145,363900928,1853,C1=CC=C2C(=C1)C3=CC=CC=C3NC2=O,Inactive
5146,363900929,104944,C1=CC2C(O2)C=C1,Inactive
5147,363900929,104944,C1=CC2C(O2)C=C1,Inactive
5148,363900932,149186,C1=C[C@H]([C@@H](C=C1)O)O,Inactive
5149,363900932,149186,C1=C[C@H]([C@@H](C=C1)O)O,Inactive
5150,363900934,152006,C1=C[C@@H]2[C@@H](O2)[C@@H]([C@H]1O)O,Inactive
5151,363900934,152006,C1=C[C@@H]2[C@@H](O2)[C@@H]([C@H]1O)O,Inactive
5152,363900935,147504,C1=C[C@H]2[C@H](O2)[C@@H]([C@H]1O)O,Active
5153,363900935,147504,C1=C[C@H]2[C@H](O2)[C@@H]([C@H]1O)O,Active
5154,363900936,147652,C1=C[C@@H]2[C@@H](O2)[C@H]([C@@H]1O)O,Active
5155,363900936,147652,C1=C[C@@H]2[C@@H](O2)[C@H]([C@@H]1O)O,Active
5156,363900952,135511839,COC(=O)N/N=C/C1=[N+](C2=CC=CC=C2[N+](=C1)[O-])[O-],Active
5157,363900952,135511839,COC(=O)N/N=C/C1=[N+](C2=CC=CC=C2[N+](=C1)[O-])[O-],Active
5158,363900954,115211,C1=CC=C2C(=C1)C3=C(C=C2[N+](=O)[O-])C4=C(C=C3)[C@@H]([C@H](C=C4)O)O,Active
5159,363900954,115211,C1=CC=C2C(=C1)C3=C(C=C2[N+](=O)[O-])C4=C(C=C3)[C@@H]([C@H](C=C4)O)O,Active
5160,363900992,107900,C1=CC=C2C(=C1)C3=C(C=C2N)C4=C(C=C3)[C@@H]([C@H](C=C4)O)O,Active
5161,363900992,107900,C1=CC=C2C(=C1)C3=C(C=C2N)C4=C(C=C3)[C@@H]([C@H](C=C4)O)O,Active
5162,363900993,3763,C(C(F)(F)F)(OC(F)F)Cl,Inactive
5163,363900993,3763,C(C(F)(F)F)(OC(F)F)Cl,Inactive
5164,363900994,17317,CO[Si](CCCOCC1CO1)(OC)OC,Inactive
5165,363900995,154915,CCO[Si](CCC1CCC2C(C1)O2)(OCC)OCC,Inactive
5166,363900996,102856,CCO[Si](CCCOCC1CO1)(OCC)OCC,Inactive
5167,363900997,18819,CO[Si](CCC1CCC2C(C1)O2)(OC)OC,Active
5168,363900999,104856,CN(CCCC(C1=CN=CC=C1)O)N=O,Active
5169,363900999,104856,CN(CCCC(C1=CN=CC=C1)O)N=O,Active
5170,363901000,62103,COC(=O)C1=CCCN(C1)N=O,Active
5171,363901002,154203,COC1=C2C(=C3CCCC3=C1)C=CC4=CC=CC=C42,Active
5172,363901003,154202,C1CC2=CC(=C3C(=C2C1)C=CC4=CC=CC=C43)O,Active
5173,363901004,154201,CCCCCCOC1=C2C(=C3CCC(=O)C3=C1)C=CC4=CC=CC=C42,Inactive
5174,363901005,59909,C1=CC2=C3C(=C1)C=C(OC3=CC=C2)[N+](=O)[O-],Active
5175,363901006,59910,COC1=C2C=CC=C3C2=C(C=C1)C=C(O3)[N+](=O)[O-],Active
5176,363901008,25418,CCN(C)N=O,Active
5177,363901008,25418,CCN(C)N=O,Active
5178,363901008,25418,CCN(C)N=O,Active
5179,363901008,25418,CCN(C)N=O,Active
5180,363901009,25805,CCCCCN(C)N=O,Active
5181,363901009,25805,CCCCCN(C)N=O,Active
5182,363901009,25805,CCCCCN(C)N=O,Inactive
5183,363901009,25805,CCCCCN(C)N=O,Active
5184,363901009,25805,CCCCCN(C)N=O,Inactive
5185,363901009,25805,CCCCCN(C)N=O,Inactive
5186,363901009,25805,CCCCCN(C)N=O,Active
5187,363901009,25805,CCCCCN(C)N=O,Active
5188,363901009,25805,CCCCCN(C)N=O,Active
5189,363901009,25805,CCCCCN(C)N=O,Active
5190,363901009,25805,CCCCCN(C)N=O,Active
5191,363901009,25805,CCCCCN(C)N=O,Active
5192,363901009,25805,CCCCCN(C)N=O,Inactive
5193,363901009,25805,CCCCCN(C)N=O,Inactive
5194,363901009,25805,CCCCCN(C)N=O,Active
5195,363901009,25805,CCCCCN(C)N=O,Inactive
5196,363901009,25805,CCCCCN(C)N=O,Inactive
5197,363901009,25805,CCCCCN(C)N=O,Active
5198,363901009,25805,CCCCCN(C)N=O,Active
5199,363901009,25805,CCCCCN(C)N=O,Active
5200,363901010,34273,CCCCCCN(C)N=O,Active
5201,363901010,34273,CCCCCCN(C)N=O,Active
5202,363901010,34273,CCCCCCN(C)N=O,Active
5203,363901011,27822,CCCCCCCN(C)N=O,Active
5204,363901011,27822,CCCCCCCN(C)N=O,Active
5205,363901012,21567,CN(C1CCCCC1)N=O,Active
5206,363901012,21567,CN(C1CCCCC1)N=O,Inactive
5207,363901016,6440822,CCC/C=C/C=C/C=C/C1C2C1C3C(C2/C=C\C=C)/C=C/CC(=O)O[C@@]45C[C@H]([C@]6([C@H]([C@@H]4[C@]5(COC3=O)C)C=C(C[C@]7(C6C=C(C7=O)C)O)CO)O)C,Inactive
5208,363901027,1174,C1=CNC(=O)NC1=O,Active
5209,363901027,1174,C1=CNC(=O)NC1=O,Active
5210,363901027,1174,C1=CNC(=O)NC1=O,Inactive
5211,363901027,1174,C1=CNC(=O)NC1=O,Active
5212,363901030,174174,CN1[C@@H]2CC[C@H]1CC(C2)OC(=O)C(CO)C3=CC=CC=C3,Inactive
5213,363901039,12302,CCCC[N+](=O)[O-],Inactive
5214,363901040,11749,CCC(C)[N+](=O)[O-],Active
5215,363901043,7434,C1=C(C=C(C=C1[N+](=O)[O-])[N+](=O)[O-])[N+](=O)[O-],Inactive
5216,363901043,7434,C1=C(C=C(C=C1[N+](=O)[O-])[N+](=O)[O-])[N+](=O)[O-],Inactive
5217,363901096,16741,C1=CC=C(C=C1)CCN=C=S,Active
5218,363901096,16741,C1=CC=C(C=C1)CCN=C=S,Active
5219,363901096,16741,C1=CC=C(C=C1)CCN=C=S,Inactive
5220,363901096,16741,C1=CC=C(C=C1)CCN=C=S,Inactive
5221,363901096,16741,C1=CC=C(C=C1)CCN=C=S,Inactive
5222,363901109,8029,C1=COC=C1,Active
5223,363901109,8029,C1=COC=C1,Active
5224,363901109,8029,C1=COC=C1,Active
5225,363901109,8029,C1=COC=C1,Active
5226,363901109,8029,C1=COC=C1,Inactive
5227,363901109,8029,C1=COC=C1,Active
5228,363901110,237332,C1=C(OC(=C1)C=O)CO,Inactive
5229,363901110,237332,C1=C(OC(=C1)C=O)CO,Inactive
5230,363901110,237332,C1=C(OC(=C1)C=O)CO,Inactive
5231,363901110,237332,C1=C(OC(=C1)C=O)CO,Inactive
5232,363901110,237332,C1=C(OC(=C1)C=O)CO,Inactive
5233,363901110,237332,C1=C(OC(=C1)C=O)CO,Inactive
5234,363901138,62542,CC1=CC(=C(C=C1N=NC2=C(C3=CC=CC=C3C(=C2)S(=O)(=O)[O-])O)S(=O)(=O)[O-])C.[Na+].[Na+],Inactive
5235,363901138,62542,CC1=CC(=C(C=C1N=NC2=C(C3=CC=CC=C3C(=C2)S(=O)(=O)[O-])O)S(=O)(=O)[O-])C.[Na+].[Na+],Inactive
5236,363901139,637511,C1=CC=C(C=C1)/C=C/C=O,Inactive
5237,363901139,637511,C1=CC=C(C=C1)/C=C/C=O,Inactive
5238,363901156,14814,O=[V](=O)O[V](=O)=O,Active
5239,363901156,14814,O=[V](=O)O[V](=O)=O,Active
5240,363901156,14814,O=[V](=O)O[V](=O)=O,Inactive
5241,363901156,14814,O=[V](=O)O[V](=O)=O,Unspecified
5242,363901156,14814,O=[V](=O)O[V](=O)=O,Unspecified
5243,363901156,14814,O=[V](=O)O[V](=O)=O,Unspecified
5244,363901156,14814,O=[V](=O)O[V](=O)=O,Active
5245,363901156,14814,O=[V](=O)O[V](=O)=O,Active
5246,363901197,2756,CC1=C(N=CN1)CSCCNC(=NC)NC#N,Inactive
5247,363901197,2756,CC1=C(N=CN1)CSCCNC(=NC)NC#N,Inactive
5248,363901197,2756,CC1=C(N=CN1)CSCCNC(=NC)NC#N,Inactive
5249,363901197,2756,CC1=C(N=CN1)CSCCNC(=NC)NC#N,Inactive
5250,363901197,2756,CC1=C(N=CN1)CSCCNC(=NC)NC#N,Inactive
5251,363901225,2733526,CC/C(=C(\C1=CC=CC=C1)/C2=CC=C(C=C2)OCCN(C)C)/C3=CC=CC=C3,Active
5252,363901225,2733526,CC/C(=C(\C1=CC=CC=C1)/C2=CC=C(C=C2)OCCN(C)C)/C3=CC=CC=C3,Active
5253,363901225,2733526,CC/C(=C(\C1=CC=CC=C1)/C2=CC=C(C=C2)OCCN(C)C)/C3=CC=CC=C3,Active
5254,363901225,2733526,CC/C(=C(\C1=CC=CC=C1)/C2=CC=C(C=C2)OCCN(C)C)/C3=CC=CC=C3,Active
5255,363901225,2733526,CC/C(=C(\C1=CC=CC=C1)/C2=CC=C(C=C2)OCCN(C)C)/C3=CC=CC=C3,Active
5256,363901225,2733526,CC/C(=C(\C1=CC=CC=C1)/C2=CC=C(C=C2)OCCN(C)C)/C3=CC=CC=C3,Inactive
5257,363901225,2733526,CC/C(=C(\C1=CC=CC=C1)/C2=CC=C(C=C2)OCCN(C)C)/C3=CC=CC=C3,Active
5258,363901227,5881,C[C@]12CC[C@H]3[C@H]([C@@H]1CCC2=O)CC=C4[C@@]3(CC[C@@H](C4)O)C,Active
5259,363901227,5881,C[C@]12CC[C@H]3[C@H]([C@@H]1CCC2=O)CC=C4[C@@]3(CC[C@@H](C4)O)C,Active
5260,363901227,5881,C[C@]12CC[C@H]3[C@H]([C@@H]1CCC2=O)CC=C4[C@@]3(CC[C@@H](C4)O)C,Active
5261,363901227,5881,C[C@]12CC[C@H]3[C@H]([C@@H]1CCC2=O)CC=C4[C@@]3(CC[C@@H](C4)O)C,Active
5262,363901228,7847,C=CC=O,Inactive
5263,363901228,7847,C=CC=O,Inactive
5264,363901228,7847,C=CC=O,Inactive
5265,363901228,7847,C=CC=O,Inactive
5266,363901228,7847,C=CC=O,Inactive
5267,363901228,7847,C=CC=O,Inactive
5268,363901228,7847,C=CC=O,Inactive
5269,363901228,7847,C=CC=O,Inactive
5270,363901228,7847,C=CC=O,Inactive
5271,363901228,7847,C=CC=O,Inactive
5272,363901228,7847,C=CC=O,Inactive
5273,363901241,23667548,C([C@@H]([C@@H]1C(=C(C(=O)O1)O)[O-])O)O.[Na+],Inactive
5274,363901241,23667548,C([C@@H]([C@@H]1C(=C(C(=O)O1)O)[O-])O)O.[Na+],Inactive
5275,363901270,14184,CCC(=O)C(CC(C)N(C)C)(C1=CC=CC=C1)C2=CC=CC=C2.Cl,Inactive
5276,363901270,14184,CCC(=O)C(CC(C)N(C)C)(C1=CC=CC=C1)C2=CC=CC=C2.Cl,Inactive
5277,363901270,14184,CCC(=O)C(CC(C)N(C)C)(C1=CC=CC=C1)C2=CC=CC=C2.Cl,Inactive
5278,363901270,14184,CCC(=O)C(CC(C)N(C)C)(C1=CC=CC=C1)C2=CC=CC=C2.Cl,Inactive
5279,363901271,39371,CC[C@@H](C(C[C@H](C)N(C)C)(C1=CC=CC=C1)C2=CC=CC=C2)OC(=O)C.Cl,Inactive
5280,363901271,39371,CC[C@@H](C(C[C@H](C)N(C)C)(C1=CC=CC=C1)C2=CC=CC=C2)OC(=O)C.Cl,Inactive
5281,363901271,39371,CC[C@@H](C(C[C@H](C)N(C)C)(C1=CC=CC=C1)C2=CC=CC=C2)OC(=O)C.Cl,Active
5282,363901271,39371,CC[C@@H](C(C[C@H](C)N(C)C)(C1=CC=CC=C1)C2=CC=CC=C2)OC(=O)C.Cl,Active
5283,363901283,9958,CC1=CC(=C(C=C1)O)O,Active
5284,363901283,9958,CC1=CC(=C(C=C1)O)O,Active
5285,363901285,5984,C([C@H]([C@H]([C@@H](C(=O)CO)O)O)O)O,Inactive
5286,363901299,6337,CCCl,Active
5287,363901299,6337,CCCl,Unspecified
5288,363901299,6337,CCCl,Unspecified
5289,363901299,6337,CCCl,Inactive
5290,363901299,6337,CCCl,Inactive
5291,363901299,6337,CCCl,Inactive
5292,363901299,6337,CCCl,Active
5293,363901306,6439953,C1=CC=C(C=C1)/C=C/C2=CC=C(C=C2)N(C=O)O,Active
5294,363901306,6439953,C1=CC=C(C=C1)/C=C/C2=CC=C(C=C2)N(C=O)O,Active
5295,363901307,54159,C1=CC=C(C=C1)C2=CC=C(C=C2)NC(=O)O,Inactive
5296,363901310,6366991,CCC(=O)N(C1=CC=C(C=C1)/C=C/C2=CC=CC=C2)O,Active
5297,363901310,6366991,CCC(=O)N(C1=CC=C(C=C1)/C=C/C2=CC=CC=C2)O,Active
5298,363901311,149799,CCC(=O)N(C1=CC=C(C=C1)C2=CC=CC=C2)O,Inactive
5299,363901313,115104,CC1=CN=C2C=CC3=C(C2=N1)N=C(N3C)NO,Active
5300,363901324,13090,C1=CC2=C3C(=C1)C=CC4=C3C(=CC(=C4)[N+](=O)[O-])C=C2,Active
5301,363901324,13090,C1=CC2=C3C(=C1)C=CC4=C3C(=CC(=C4)[N+](=O)[O-])C=C2,Inactive
5302,363901324,13090,C1=CC2=C3C(=C1)C=CC4=C3C(=CC(=C4)[N+](=O)[O-])C=C2,Active
5303,363901324,13090,C1=CC2=C3C(=C1)C=CC4=C3C(=CC(=C4)[N+](=O)[O-])C=C2,Inactive
5304,363901331,53230,C1=CC2=C3C(=C1)C=CC4=C(C=C(C(=C43)C=C2)[N+](=O)[O-])[N+](=O)[O-],Active
5305,363901331,53230,C1=CC2=C3C(=C1)C=CC4=C(C=C(C(=C43)C=C2)[N+](=O)[O-])[N+](=O)[O-],Active
5306,363901331,53230,C1=CC2=C3C(=C1)C=CC4=C(C=C(C(=C43)C=C2)[N+](=O)[O-])[N+](=O)[O-],Active
5307,363901351,8846,CCCCOC(=O)C=C,Inactive
5308,363901351,8846,CCCCOC(=O)C=C,Inactive
5309,363901351,8846,CCCCOC(=O)C=C,Inactive
5310,363901360,7044,C1CCC2CCCCC2C1,Active
5311,363901360,7044,C1CCC2CCCCC2C1,Inactive
5312,363901360,7044,C1CCC2CCCCC2C1,Inactive
5313,363901360,7044,C1CCC2CCCCC2C1,Active
5314,363901360,7044,C1CCC2CCCCC2C1,Inactive
5315,363901360,7044,C1CCC2CCCCC2C1,Unspecified
5316,363901360,7044,C1CCC2CCCCC2C1,Active
5317,363901363,12734,CC(C)N=C=NC(C)C,Inactive
5318,363901363,12734,CC(C)N=C=NC(C)C,Inactive
5319,363901363,12734,CC(C)N=C=NC(C)C,Inactive
5320,363901363,12734,CC(C)N=C=NC(C)C,Inactive
5321,363901369,27880,C(C(=O)[O-])N(CC(=O)[O-])CC(=O)[O-].[Fe+3],Active
5322,363901372,5983,C[C@@]12CCN([C@@H]1N(C3=C2C=C(C=C3)OC(=O)NC)C)C,Active
5323,363901380,7636,CCCCC(CC)COC(=O)C=C,Inactive
5324,363901402,104936,C1=CC2=C3C(=C1)C=CC4=C(C=C(C(=C43)C=C2)[N+](=O)[O-])O,Inactive
5325,363901403,104988,C1=CC2=C(C=CC3=C2C4=C1C=CC(=C4C=C3)O)[N+](=O)[O-],Inactive
5326,363901403,104988,C1=CC2=C(C=CC3=C2C4=C1C=CC(=C4C=C3)O)[N+](=O)[O-],Inactive
5327,363901405,61870,CNNC.CN(C)N,Active
5328,363901428,10005,C(#N)N=C(N)N,Inactive
5329,363901428,10005,C(#N)N=C(N)N,Inactive
5330,363901434,,,Inactive
5331,363901434,,,Inactive
5332,363901434,,,Inactive
5333,363901434,,,Inactive
5334,363901438,12161,CC1=CC=C(C=C1)C=C,Inactive
5335,363901438,12161,CC1=CC=C(C=C1)C=C,Inactive
5336,363901438,12161,CC1=CC=C(C=C1)C=C,Inactive
5337,363901438,12161,CC1=CC=C(C=C1)C=C,Inactive
5338,363901439,96277,COC(=O)COC1=CC=C(C=C1)Cl,Inactive
5339,363901440,44155,CC(C)(C)[NH2+]CC(COC1=CN(C(=O)C2=CC=CC=C21)C)O.[Cl-],Inactive
5340,363901440,44155,CC(C)(C)[NH2+]CC(COC1=CN(C(=O)C2=CC=CC=C21)C)O.[Cl-],Inactive
5341,363901441,44073,C1=CC(=C(C=C1C(F)(F)F)Cl)OC2=CC(=C(C=C2)[N+](=O)[O-])C(=O)O,Active
5342,363901441,44073,C1=CC(=C(C=C1C(F)(F)F)Cl)OC2=CC(=C(C=C2)[N+](=O)[O-])C(=O)O,Active
5343,363901441,44073,C1=CC(=C(C=C1C(F)(F)F)Cl)OC2=CC(=C(C=C2)[N+](=O)[O-])C(=O)O,Inactive
5344,363901441,44073,C1=CC(=C(C=C1C(F)(F)F)Cl)OC2=CC(=C(C=C2)[N+](=O)[O-])C(=O)O,Active
5345,363901441,44073,C1=CC(=C(C=C1C(F)(F)F)Cl)OC2=CC(=C(C=C2)[N+](=O)[O-])C(=O)O,Active
5346,363901442,42128,C1=C2C3=CC(=C(C(=C3OC2=CC(=C1Cl)Cl)Cl)Cl)Cl,Active
5347,363901442,42128,C1=C2C3=CC(=C(C(=C3OC2=CC(=C1Cl)Cl)Cl)Cl)Cl,Active
5348,363901442,42128,C1=C2C3=CC(=C(C(=C3OC2=CC(=C1Cl)Cl)Cl)Cl)Cl,Active
5349,363901442,42128,C1=C2C3=CC(=C(C(=C3OC2=CC(=C1Cl)Cl)Cl)Cl)Cl,Active
5350,363901442,42128,C1=C2C3=CC(=C(C(=C3OC2=CC(=C1Cl)Cl)Cl)Cl)Cl,Inactive
5351,363901442,42128,C1=C2C3=CC(=C(C(=C3OC2=CC(=C1Cl)Cl)Cl)Cl)Cl,Active
5352,363901442,42128,C1=C2C3=CC(=C(C(=C3OC2=CC(=C1Cl)Cl)Cl)Cl)Cl,Active
5353,363901443,33258,CC1=CC(=C(C=C1S(=O)(=O)[O-])OC)N=NC2=C(C=CC3=C2C=CC(=C3)S(=O)(=O)[O-])O.[Na+].[Na+],Inactive
5354,363901443,33258,CC1=CC(=C(C=C1S(=O)(=O)[O-])OC)N=NC2=C(C=CC3=C2C=CC(=C3)S(=O)(=O)[O-])O.[Na+].[Na+],Inactive
5355,363901443,33258,CC1=CC(=C(C=C1S(=O)(=O)[O-])OC)N=NC2=C(C=CC3=C2C=CC(=C3)S(=O)(=O)[O-])O.[Na+].[Na+],Inactive
5356,363901443,33258,CC1=CC(=C(C=C1S(=O)(=O)[O-])OC)N=NC2=C(C=CC3=C2C=CC(=C3)S(=O)(=O)[O-])O.[Na+].[Na+],Inactive
5357,363901443,33258,CC1=CC(=C(C=C1S(=O)(=O)[O-])OC)N=NC2=C(C=CC3=C2C=CC(=C3)S(=O)(=O)[O-])O.[Na+].[Na+],Inactive
5358,363901443,33258,CC1=CC(=C(C=C1S(=O)(=O)[O-])OC)N=NC2=C(C=CC3=C2C=CC(=C3)S(=O)(=O)[O-])O.[Na+].[Na+],Inactive
5359,363901444,24644,O.O.O.O.O.O.[Mg+2].[Cl-].[Cl-],Inactive
5360,363901444,24644,O.O.O.O.O.O.[Mg+2].[Cl-].[Cl-],Inactive
5361,363901445,11932,CC1=C(C=CC(=C1)C2=CC(=C(C=C2)[NH3+])C)[NH3+].[Cl-].[Cl-],Active
5362,363901445,11932,CC1=C(C=CC(=C1)C2=CC(=C(C=C2)[NH3+])C)[NH3+].[Cl-].[Cl-],Inactive
5363,363901445,11932,CC1=C(C=CC(=C1)C2=CC(=C(C=C2)[NH3+])C)[NH3+].[Cl-].[Cl-],Active
5364,363901445,11932,CC1=C(C=CC(=C1)C2=CC(=C(C=C2)[NH3+])C)[NH3+].[Cl-].[Cl-],Active
5365,363901446,62477,CCOC(C=C)OCC,Inactive
5366,363901446,62477,CCOC(C=C)OCC,Inactive
5367,363901446,62477,CCOC(C=C)OCC,Inactive
5368,363901447,9577004,C=C/C=N/O,Inactive
5369,363901447,9577004,C=C/C=N/O,Inactive
5370,363901447,9577004,C=C/C=N/O,Inactive
5371,363901447,9577004,C=C/C=N/O,Inactive
5372,363901447,9577004,C=C/C=N/O,Inactive
5373,363901448,61148,C(N)[N+](=O)[O-],Active
5374,363901448,61148,C(N)[N+](=O)[O-],Active
5375,363901449,20120,CN(C)[N+](=O)[O-],Active
5376,363901449,20120,CN(C)[N+](=O)[O-],Active
5377,363901450,6319,C1=CC=C(C=C1)NC2=CC=C(C=C2)NC3=CC=CC=C3,Inactive
5378,363901450,6319,C1=CC=C(C=C1)NC2=CC=C(C=C2)NC3=CC=CC=C3,Inactive
5379,363901451,6391,C(F)(F)(Cl)Cl,Inactive
5380,363901451,6391,C(F)(F)(Cl)Cl,Inactive
5381,363901451,6391,C(F)(F)(Cl)Cl,Inactive
5382,363901451,6391,C(F)(F)(Cl)Cl,Inactive
5383,363901451,6391,C(F)(F)(Cl)Cl,Inactive
5384,363901451,6391,C(F)(F)(Cl)Cl,Inactive
5385,363901466,39562,C1=CC=C2C(=C1)C(=NN2CC3=C(C=C(C=C3)Cl)Cl)C(=O)O,Inactive
5386,363901466,39562,C1=CC=C2C(=C1)C(=NN2CC3=C(C=C(C=C3)Cl)Cl)C(=O)O,Inactive
5387,363901471,5382,C1=CC(=CC=C1OC2=C(C=C(C=N2)Cl)Cl)OC3=C(C=C(C=N3)Cl)Cl,Active
5388,363901471,5382,C1=CC(=CC=C1OC2=C(C=C(C=N2)Cl)Cl)OC3=C(C=C(C=N3)Cl)Cl,Active
5389,363901471,5382,C1=CC(=CC=C1OC2=C(C=C(C=N2)Cl)Cl)OC3=C(C=C(C=N3)Cl)Cl,Active
5390,363901471,5382,C1=CC(=CC=C1OC2=C(C=C(C=N2)Cl)Cl)OC3=C(C=C(C=N3)Cl)Cl,Active
5391,363901471,5382,C1=CC(=CC=C1OC2=C(C=C(C=N2)Cl)Cl)OC3=C(C=C(C=N3)Cl)Cl,Inactive
5392,363901471,5382,C1=CC(=CC=C1OC2=C(C=C(C=N2)Cl)Cl)OC3=C(C=C(C=N3)Cl)Cl,Inactive
5393,363901477,6683,C1=CC=C2C(=C1)C(=O)C3=C(C2=O)C(=C(C=C3O)O)O,Active
5394,363901478,3220,CC1=CC2=C(C(=C1)O)C(=O)C3=C(C2=O)C=C(C=C3O)O,Inactive
5395,363901478,3220,CC1=CC2=C(C(=C1)O)C(=O)C3=C(C2=O)C=C(C=C3O)O,Inactive
5396,363901478,3220,CC1=CC2=C(C(=C1)O)C(=O)C3=C(C2=O)C=C(C=C3O)O,Unspecified
5397,363901478,3220,CC1=CC2=C(C(=C1)O)C(=O)C3=C(C2=O)C=C(C=C3O)O,Unspecified
5398,363901479,2950,C1=CC2=C(C(=C1)O)C(=O)C3=C(C2=O)C=CC=C3O,Active
5399,363901479,2950,C1=CC2=C(C(=C1)O)C(=O)C3=C(C2=O)C=CC=C3O,Active
5400,363901510,147799,CC1=CC2=CC=CC=C2C3=C1C4=CC=CC=C4C(=C3)[N+](=O)[O-],Active
5401,363901510,147799,CC1=CC2=CC=CC=C2C3=C1C4=CC=CC=C4C(=C3)[N+](=O)[O-],Active
5402,363901515,,,Inactive
5403,363901515,,,Inactive
5404,363901515,,,Inactive
5405,363901515,,,Inactive
5406,363901515,,,Inactive
5407,363901515,,,Inactive
5408,363901563,60960,C([C@@H](C(=O)O)N)S.Cl,Inactive
5409,363901563,60960,C([C@@H](C(=O)O)N)S.Cl,Inactive
5410,363901575,23672308,C(CC(=O)O)[C@@H](C(=O)[O-])N.[Na+],Inactive
5411,363901575,23672308,C(CC(=O)O)[C@@H](C(=O)[O-])N.[Na+],Inactive
5412,363901593,4911,CCCN(CCC)S(=O)(=O)C1=CC=C(C=C1)C(=O)O,Inactive
5413,363901593,4911,CCCN(CCC)S(=O)(=O)C1=CC=C(C=C1)C(=O)O,Inactive
5414,363901593,4911,CCCN(CCC)S(=O)(=O)C1=CC=C(C=C1)C(=O)O,Inactive
5415,363901593,4911,CCCN(CCC)S(=O)(=O)C1=CC=C(C=C1)C(=O)O,Active
5416,363901594,6055,CC(CC1=CC=CC=C1)N.CC(CC1=CC=CC=C1)N.OS(=O)(=O)O,Inactive
5417,363901594,6055,CC(CC1=CC=CC=C1)N.CC(CC1=CC=CC=C1)N.OS(=O)(=O)O,Inactive
5418,363901594,6055,CC(CC1=CC=CC=C1)N.CC(CC1=CC=CC=C1)N.OS(=O)(=O)O,Inactive
5419,363901594,6055,CC(CC1=CC=CC=C1)N.CC(CC1=CC=CC=C1)N.OS(=O)(=O)O,Inactive
5420,363901606,26924,O[Si](=O)[O-].O[Si](=O)[O-].[O-][Si](=O)[O-].[O-][Si](=O)[O-].[Mg+2].[Mg+2].[Mg+2],Active
5421,363901606,26924,O[Si](=O)[O-].O[Si](=O)[O-].[O-][Si](=O)[O-].[O-][Si](=O)[O-].[Mg+2].[Mg+2].[Mg+2],Active
5422,363901606,26924,O[Si](=O)[O-].O[Si](=O)[O-].[O-][Si](=O)[O-].[O-][Si](=O)[O-].[Mg+2].[Mg+2].[Mg+2],Inactive
5423,363901606,26924,O[Si](=O)[O-].O[Si](=O)[O-].[O-][Si](=O)[O-].[O-][Si](=O)[O-].[Mg+2].[Mg+2].[Mg+2],Inactive
5424,363901619,13144,CC(C(=O)[O-])O.CC(C(=O)[O-])O.[Ca+2],Inactive
5425,363901619,13144,CC(C(=O)[O-])O.CC(C(=O)[O-])O.[Ca+2],Inactive
5426,363901631,62790,CC(C)(C1=CC=C(C=C1)O)C2=CC=C(C=C2)O.C1C(O1)CCl,Inactive
5427,363901631,62790,CC(C)(C1=CC=C(C=C1)O)C2=CC=C(C=C2)O.C1C(O1)CCl,Inactive
5428,363901631,62790,CC(C)(C1=CC=C(C=C1)O)C2=CC=C(C=C2)O.C1C(O1)CCl,Inactive
5429,363901631,62790,CC(C)(C1=CC=C(C=C1)O)C2=CC=C(C=C2)O.C1C(O1)CCl,Active
5430,363901633,115108,CN(C(CCC(=O)O)C1=CN=CC=C1)N=O,Inactive
5431,363901633,115108,CN(C(CCC(=O)O)C1=CN=CC=C1)N=O,Inactive
5432,363901633,115108,CN(C(CCC(=O)O)C1=CN=CC=C1)N=O,Inactive
5433,363901643,,,Inactive
5434,363901643,,,Inactive
5435,363901643,,,Inactive
5436,363901643,,,Inactive
5437,363901643,,,Inactive
5438,363901643,,,Inactive
5439,363901644,8512,C1=CC=C2C(=C1)C(=O)C3=C(C2=O)C(=CC=C3)O,Active
5440,363901645,24849109,[C@H]([C@@H]([C@H](C(=O)[O-])O)O)([C@@H](C(=O)O)O)O.[C@H]([C@@H]([C@H](C(=O)[O-])O)O)([C@@H](C(=O)O)O)O.[C@H]([C@@H]([C@H](C(=O)[O-])O)O)([C@@H](C(=O)O)O)O.[Fe+3],Active
5441,363901647,16682746,CCCC[Sn](CCCC)(CCCC)O[Sn](CCCC)(CCCC)CCCC,Active
5442,363901647,16682746,CCCC[Sn](CCCC)(CCCC)O[Sn](CCCC)(CCCC)CCCC,Active
5443,363901648,88735,C([C@@H]1[C@H]([C@@H]([C@H]([C@H](O1)OC[C@H]([C@H]([C@@H]([C@@H](CO)O)O)O)O)O)O)O)O,Inactive
5444,363901648,88735,C([C@@H]1[C@H]([C@@H]([C@H]([C@H](O1)OC[C@H]([C@H]([C@@H]([C@@H](CO)O)O)O)O)O)O)O)O,Inactive
5445,363901648,88735,C([C@@H]1[C@H]([C@@H]([C@H]([C@H](O1)OC[C@H]([C@H]([C@@H]([C@@H](CO)O)O)O)O)O)O)O)O,Inactive
5446,363901648,88735,C([C@@H]1[C@H]([C@@H]([C@H]([C@H](O1)OC[C@H]([C@H]([C@@H]([C@@H](CO)O)O)O)O)O)O)O)O,Inactive
5447,363901649,24261,O=[Si]=O,Inactive
5448,363901649,24261,O=[Si]=O,Active
5449,363901649,24261,O=[Si]=O,Inactive
5450,363901649,24261,O=[Si]=O,Active
5451,363901649,24261,O=[Si]=O,Active
5452,363901650,9020,C(CC(=O)[O-])C(=O)[O-].[Na+].[Na+],Inactive
5453,363901650,9020,C(CC(=O)[O-])C(=O)[O-].[Na+].[Na+],Inactive
5454,363901651,5327,CC1=CC(=NC(=N1)NS(=O)(=O)C2=CC=C(C=C2)N)C,Active
5455,363901651,5327,CC1=CC(=NC(=N1)NS(=O)(=O)C2=CC=C(C=C2)N)C,Active
5456,363901652,43172,C1COCCN1C(C(Cl)(Cl)Cl)NC=O,Inactive
5457,363901652,43172,C1COCCN1C(C(Cl)(Cl)Cl)NC=O,Inactive
5458,363901653,,,Inactive
5459,363901653,,,Inactive
5460,363901653,,,Inactive
5461,363901653,,,Inactive
5462,363901654,40585,CC1([C@H]([C@H]1C(=O)O[C@H](C#N)C2=CC(=CC=C2)OC3=CC=CC=C3)C=C(Br)Br)C,Inactive
5463,363901654,40585,CC1([C@H]([C@H]1C(=O)O[C@H](C#N)C2=CC(=CC=C2)OC3=CC=CC=C3)C=C(Br)Br)C,Inactive
5464,363901654,40585,CC1([C@H]([C@H]1C(=O)O[C@H](C#N)C2=CC(=CC=C2)OC3=CC=CC=C3)C=C(Br)Br)C,Active
5465,363901654,40585,CC1([C@H]([C@H]1C(=O)O[C@H](C#N)C2=CC(=CC=C2)OC3=CC=CC=C3)C=C(Br)Br)C,Active
5466,363901654,40585,CC1([C@H]([C@H]1C(=O)O[C@H](C#N)C2=CC(=CC=C2)OC3=CC=CC=C3)C=C(Br)Br)C,Inactive
5467,363901654,40585,CC1([C@H]([C@H]1C(=O)O[C@H](C#N)C2=CC(=CC=C2)OC3=CC=CC=C3)C=C(Br)Br)C,Inactive
5468,363901654,40585,CC1([C@H]([C@H]1C(=O)O[C@H](C#N)C2=CC(=CC=C2)OC3=CC=CC=C3)C=C(Br)Br)C,Inactive
5469,363901654,40585,CC1([C@H]([C@H]1C(=O)O[C@H](C#N)C2=CC(=CC=C2)OC3=CC=CC=C3)C=C(Br)Br)C,Inactive
5470,363901654,40585,CC1([C@H]([C@H]1C(=O)O[C@H](C#N)C2=CC(=CC=C2)OC3=CC=CC=C3)C=C(Br)Br)C,Inactive
5471,363901655,38668,C1=CC=C(C(=C1)C2=NC(C(=O)N(C3=C2C=C(C=C3)Cl)CCO)O)F,Inactive
5472,363901655,38668,C1=CC=C(C(=C1)C2=NC(C(=O)N(C3=C2C=C(C=C3)Cl)CCO)O)F,Inactive
5473,363901675,31253,CC(=CCCC(=C)C=C)C,Active
5474,363901675,31253,CC(=CCCC(=C)C=C)C,Inactive
5475,363901675,31253,CC(=CCCC(=C)C=C)C,Active
5476,363901675,31253,CC(=CCCC(=C)C=C)C,Inactive
5477,363901682,24586,[O-]S(=O)(=O)[O-].[Ni+2],Inactive
5478,363901682,24586,[O-]S(=O)(=O)[O-].[Ni+2],Inactive
5479,363901682,24586,[O-]S(=O)(=O)[O-].[Ni+2],Inactive
5480,363901682,24586,[O-]S(=O)(=O)[O-].[Ni+2],Inactive
5481,363901682,24586,[O-]S(=O)(=O)[O-].[Ni+2],Inactive
5482,363901682,24586,[O-]S(=O)(=O)[O-].[Ni+2],Inactive
5483,363901682,24586,[O-]S(=O)(=O)[O-].[Ni+2],Inactive
5484,363901683,28094,S=[Ni],Active
5485,363901694,174,C(CO)O,Inactive
5486,363901694,174,C(CO)O,Inactive
5487,363901696,8456,CC(C)(C)C1=C(C=CC(=C1)OC)O,Active
5488,363901727,2018,CC(=O)NC1=CC=C(C=C1)CC(=O)O,Inactive
5489,363901727,2018,CC(=O)NC1=CC=C(C=C1)CC(=O)O,Inactive
5490,363901727,2018,CC(=O)NC1=CC=C(C=C1)CC(=O)O,Inactive
5491,363901727,2018,CC(=O)NC1=CC=C(C=C1)CC(=O)O,Inactive
5492,363901750,3485,C(CC=O)CC=O,Inactive
5493,363901750,3485,C(CC=O)CC=O,Active
5494,363901750,3485,C(CC=O)CC=O,Inactive
5495,363901750,3485,C(CC=O)CC=O,Inactive
5496,363901750,3485,C(CC=O)CC=O,Inactive
5497,363901750,3485,C(CC=O)CC=O,Inactive
5498,363901750,3485,C(CC=O)CC=O,Inactive
5499,363901750,3485,C(CC=O)CC=O,Inactive
5500,363901750,3485,C(CC=O)CC=O,Inactive
5501,363901750,3485,C(CC=O)CC=O,Inactive
5502,363901828,88446,C1=CC=C2C(=C1)C=CC3=C(C4=CC=CC=C4C=C32)Cl,Active
5503,363901832,72849,C1=CC=C2C(=C1)C=CC3=C(C4=CC=CC=C4C=C32)Br,Active
5504,363901866,146461,CCCCCCN(C(=O)N)N=O,Active
5505,363901866,146461,CCCCCCN(C(=O)N)N=O,Active
5506,363901866,146461,CCCCCCN(C(=O)N)N=O,Active
5507,363901866,146461,CCCCCCN(C(=O)N)N=O,Active
5508,363901867,96019,C=CCN(C(=O)N)N=O,Active
5509,363901867,96019,C=CCN(C(=O)N)N=O,Active
5510,363901867,96019,C=CCN(C(=O)N)N=O,Active
5511,363901867,96019,C=CCN(C(=O)N)N=O,Active
5512,363901868,96395,C1=CC=C(C=C1)CCN(C(=O)N)N=O,Active
5513,363901868,96395,C1=CC=C(C=C1)CCN(C(=O)N)N=O,Active
5514,363901868,96395,C1=CC=C(C=C1)CCN(C(=O)N)N=O,Active
5515,363901868,96395,C1=CC=C(C=C1)CCN(C(=O)N)N=O,Active
5516,363901870,151519,CN(CCC(=O)O)N=O,Active
5517,363901873,3308,CCC1=C2C(=CC=C1)C3=C(N2)C(OCC3)(CC)CC(=O)O,Inactive
5518,363901873,3308,CCC1=C2C(=CC=C1)C3=C(N2)C(OCC3)(CC)CC(=O)O,Inactive
5519,363901873,3308,CCC1=C2C(=CC=C1)C3=C(N2)C(OCC3)(CC)CC(=O)O,Inactive
5520,363901873,3308,CCC1=C2C(=CC=C1)C3=C(N2)C(OCC3)(CC)CC(=O)O,Inactive
5521,363901874,5369403,C1=CC=C(C=C1)/C=C(/C=O)\Br,Inactive
5522,363901901,656671,[O-]S(=O)S(=O)(=O)[O-].[Na+].[Na+],Inactive
5523,363901901,656671,[O-]S(=O)S(=O)(=O)[O-].[Na+].[Na+],Inactive
5524,363901901,656671,[O-]S(=O)S(=O)(=O)[O-].[Na+].[Na+],Inactive
5525,363901901,656671,[O-]S(=O)S(=O)(=O)[O-].[Na+].[Na+],Inactive
5526,363901914,9162,C1=CC=C2C(=C1)C=CC3=C2C=CC4=C3C=CC5=CC=CC=C54,Active
5527,363901914,9162,C1=CC=C2C(=C1)C=CC3=C2C=CC4=C3C=CC5=CC=CC=C54,Active
5528,363901914,9162,C1=CC=C2C(=C1)C=CC3=C2C=CC4=C3C=CC5=CC=CC=C54,Active
5529,363901915,161732,CC1=CC=C(C=C1)[N+]#N.[O-]S(=O)(=O)[O-],Active
5530,363901915,161732,CC1=CC=C(C=C1)[N+]#N.[O-]S(=O)(=O)[O-],Active
5531,363901916,24849108,C1=CC(=CC=C1[N+]#N)O.OS(=O)(=O)[O-],Inactive
5532,363901916,24849108,C1=CC(=CC=C1[N+]#N)O.OS(=O)(=O)[O-],Inactive
5533,363901916,24849108,C1=CC(=CC=C1[N+]#N)O.OS(=O)(=O)[O-],Active
5534,363901916,24849108,C1=CC(=CC=C1[N+]#N)O.OS(=O)(=O)[O-],Active
5535,363901917,516871,C(#N)[S-].[Na+],Inactive
5536,363901917,516871,C(#N)[S-].[Na+],Inactive
5537,363901918,409301,C[Hg]Cl,Active
5538,363901918,409301,C[Hg]Cl,Inactive
5539,363901918,409301,C[Hg]Cl,Active
5540,363901918,409301,C[Hg]Cl,Inactive
5541,363901918,409301,C[Hg]Cl,Inactive
5542,363901918,409301,C[Hg]Cl,Inactive
5543,363901918,409301,C[Hg]Cl,Inactive
5544,363901918,409301,C[Hg]Cl,Inactive
5545,363901918,409301,C[Hg]Cl,Active
5546,363901918,409301,C[Hg]Cl,Inactive
5547,363901918,409301,C[Hg]Cl,Active
5548,363901918,409301,C[Hg]Cl,Inactive
5549,363901935,6694,CCN(CC)C1=CC2=C(C=C1)C(=C3C=CC(=[N+](CC)CC)C=C3O2)C4=CC=CC=C4C(=O)O.[Cl-],Inactive
5550,363901935,6694,CCN(CC)C1=CC2=C(C=C1)C(=C3C=CC(=[N+](CC)CC)C=C3O2)C4=CC=CC=C4C(=O)O.[Cl-],Inactive
5551,363901960,25760,C1=CC=C2C(=C1)C3=CC=CC4=CC(=CC2=C43)[N+](=O)[O-],Inactive
5552,363901961,108032,C1C(O1)OC(=O)N,Active
5553,363901961,108032,C1C(O1)OC(=O)N,Active
5554,363901961,108032,C1C(O1)OC(=O)N,Active
5555,363901961,108032,C1C(O1)OC(=O)N,Active
5556,363901962,9198,C1=CC=C2C(=C1)C=CC3=C2SC4=CC=CC=C34,Active
5557,363901963,17047,CC1=CC(=C(C=C1)N=NC2=C(C=CC3=CC=CC=C32)O)[N+](=O)[O-],Active
5558,363901963,17047,CC1=CC(=C(C=C1)N=NC2=C(C=CC3=CC=CC=C32)O)[N+](=O)[O-],Active
5559,363901963,17047,CC1=CC(=C(C=C1)N=NC2=C(C=CC3=CC=CC=C32)O)[N+](=O)[O-],Active
5560,363901963,17047,CC1=CC(=C(C=C1)N=NC2=C(C=CC3=CC=CC=C32)O)[N+](=O)[O-],Inactive
5561,363901964,44144565,C(C(CBr)Br)OP(=O)(O)OCC(CBr)Br.[Mg],Active
5562,363901964,44144565,C(C(CBr)Br)OP(=O)(O)OCC(CBr)Br.[Mg],Active
5563,363901965,6421,C(=O)(C(Cl)(Cl)Cl)O,Active
5564,363901965,6421,C(=O)(C(Cl)(Cl)Cl)O,Active
5565,363901965,6421,C(=O)(C(Cl)(Cl)Cl)O,Active
5566,363901965,6421,C(=O)(C(Cl)(Cl)Cl)O,Active
5567,363901965,6421,C(=O)(C(Cl)(Cl)Cl)O,Inactive
5568,363901965,6421,C(=O)(C(Cl)(Cl)Cl)O,Inactive
5569,363901965,6421,C(=O)(C(Cl)(Cl)Cl)O,Inactive
5570,363901965,6421,C(=O)(C(Cl)(Cl)Cl)O,Inactive
5571,363901965,6421,C(=O)(C(Cl)(Cl)Cl)O,Inactive
5572,363901966,6597,C(C(=O)O)(Cl)Cl,Active
5573,363901966,6597,C(C(=O)O)(Cl)Cl,Active
5574,363901966,6597,C(C(=O)O)(Cl)Cl,Inactive
5575,363901966,6597,C(C(=O)O)(Cl)Cl,Active
5576,363901966,6597,C(C(=O)O)(Cl)Cl,Active
5577,363901966,6597,C(C(=O)O)(Cl)Cl,Active
5578,363901966,6597,C(C(=O)O)(Cl)Cl,Active
5579,363901966,6597,C(C(=O)O)(Cl)Cl,Active
5580,363901966,6597,C(C(=O)O)(Cl)Cl,Inactive
5581,363901966,6597,C(C(=O)O)(Cl)Cl,Inactive
5582,363901966,6597,C(C(=O)O)(Cl)Cl,Active
5583,363901966,6597,C(C(=O)O)(Cl)Cl,Active
5584,363901966,6597,C(C(=O)O)(Cl)Cl,Inactive
5585,363901966,6597,C(C(=O)O)(Cl)Cl,Active
5586,363901966,6597,C(C(=O)O)(Cl)Cl,Active
5587,363901966,6597,C(C(=O)O)(Cl)Cl,Active
5588,363901967,2566,CC1(CC2=C(O1)C(=CC=C2)OC(=O)NC)C,Inactive
5589,363901967,2566,CC1(CC2=C(O1)C(=CC=C2)OC(=O)NC)C,Inactive
5590,363901967,2566,CC1(CC2=C(O1)C(=CC=C2)OC(=O)NC)C,Inactive
5591,363901967,2566,CC1(CC2=C(O1)C(=CC=C2)OC(=O)NC)C,Inactive
5592,363901967,2566,CC1(CC2=C(O1)C(=CC=C2)OC(=O)NC)C,Inactive
5593,363901967,2566,CC1(CC2=C(O1)C(=CC=C2)OC(=O)NC)C,Inactive
5594,363901968,158605,[O-2].[O-2].[O-2].[Ga+3].[Ga+3],Inactive
5595,363901968,158605,[O-2].[O-2].[O-2].[Ga+3].[Ga+3],Inactive
5596,363901968,158605,[O-2].[O-2].[O-2].[Ga+3].[Ga+3],Inactive
5597,363901968,158605,[O-2].[O-2].[O-2].[Ga+3].[Ga+3],Inactive
5598,363901969,82901,P#[Ga],Inactive
5599,363901969,82901,P#[Ga],Inactive
5600,363901970,14770,[Ga]#[As],Inactive
5601,363901970,14770,[Ga]#[As],Inactive
5602,363901970,14770,[Ga]#[As],Inactive
5603,363901970,14770,[Ga]#[As],Active
5604,363901970,14770,[Ga]#[As],Inactive
5605,363901970,14770,[Ga]#[As],Inactive
5606,363901971,134734,C(CCCCC(=O)[O-])CCCC(=O)[O-].[Na+].[Na+],Inactive
5607,363901971,134734,C(CCCCC(=O)[O-])CCCC(=O)[O-].[Na+].[Na+],Inactive
5608,363901971,134734,C(CCCCC(=O)[O-])CCCC(=O)[O-].[Na+].[Na+],Inactive
5609,363901971,134734,C(CCCCC(=O)[O-])CCCC(=O)[O-].[Na+].[Na+],Inactive
5610,363901972,25423,NCl,Inactive
5611,363901972,25423,NCl,Inactive
5612,363901972,25423,NCl,Inactive
5613,363901974,,,Inactive
5614,363901974,,,Inactive
5615,363902002,5054,C1=CC(=CC(=C1)O)O,Inactive
5616,363902002,5054,C1=CC(=CC(=C1)O)O,Inactive
5617,363902002,5054,C1=CC(=CC(=C1)O)O,Inactive
5618,363902002,5054,C1=CC(=CC(=C1)O)O,Inactive
5619,363902015,119170,CC1=C(C(C(=C(N1)C)P2(=O)OCC(CO2)(C)C)C3=CC(=CC=C3)[N+](=O)[O-])C(=O)OCCN(CC4=CC=CC=C4)C5=CC=CC=C5.Cl,Inactive
5620,363902015,119170,CC1=C(C(C(=C(N1)C)P2(=O)OCC(CO2)(C)C)C3=CC(=CC=C3)[N+](=O)[O-])C(=O)OCCN(CC4=CC=CC=C4)C5=CC=CC=C5.Cl,Inactive
5621,363902015,119170,CC1=C(C(C(=C(N1)C)P2(=O)OCC(CO2)(C)C)C3=CC(=CC=C3)[N+](=O)[O-])C(=O)OCCN(CC4=CC=CC=C4)C5=CC=CC=C5.Cl,Inactive
5622,363902015,119170,CC1=C(C(C(=C(N1)C)P2(=O)OCC(CO2)(C)C)C3=CC(=CC=C3)[N+](=O)[O-])C(=O)OCCN(CC4=CC=CC=C4)C5=CC=CC=C5.Cl,Inactive
5623,363902051,86386,C1=CC=C2C(=C1)C3=C4C(=C2[N+](=O)[O-])C=CC5=C4C(=C(C=C5)[N+](=O)[O-])C=C3,Inactive
5624,363902051,86386,C1=CC=C2C(=C1)C3=C4C(=C2[N+](=O)[O-])C=CC5=C4C(=C(C=C5)[N+](=O)[O-])C=C3,Inactive
5625,363902052,86387,C1=CC=C2C(=C1)C3=C4C(=C2[N+](=O)[O-])C=CC5=C(C=CC(=C54)C=C3)[N+](=O)[O-],Active
5626,363902052,86387,C1=CC=C2C(=C1)C3=C4C(=C2[N+](=O)[O-])C=CC5=C(C=CC(=C54)C=C3)[N+](=O)[O-],Active
5627,363902054,91827184,CC1=C(C2=C(C=CC3=C2[C@@H]4[C@@H](O4)[C@H]([C@@H]3O)O)C5=CC=CC=C15)C,Active
5628,363902054,91827184,CC1=C(C2=C(C=CC3=C2[C@@H]4[C@@H](O4)[C@H]([C@@H]3O)O)C5=CC=CC=C15)C,Active
5629,363902055,132251,CC1=C2C=C(C3=C(C2=CC=C1)C=CC4=C3C5C(O5)C(C4O)O)C,Active
5630,363902055,132251,CC1=C2C=C(C3=C(C2=CC=C1)C=CC4=C3C5C(O5)C(C4O)O)C,Active
5631,363902057,104954,CN1C2=C(N=CC(=C2)C3=CC=CC=C3)N=C1NO,Inactive
5632,363902064,4891,C1CCC(CC1)C(=O)N2CC3C4=CC=CC=C4CCN3C(=O)C2,Inactive
5633,363902081,3840,C1=C(OC=C(C1=O)O)CO,Active
5634,363902081,3840,C1=C(OC=C(C1=O)O)CO,Active
5635,363902081,3840,C1=C(OC=C(C1=O)O)CO,Inactive
5636,363902091,5284433,CC1=C[C@@H]2[C@]([C@@H](C1=O)O)([C@]3([C@@H]([C@H]([C@H]([C@@]34CO4)O2)O)O)C)CO,Inactive
5637,363902092,2707,C(C(Cl)(Cl)Cl)(O)O,Active
5638,363902092,2707,C(C(Cl)(Cl)Cl)(O)O,Inactive
5639,363902092,2707,C(C(Cl)(Cl)Cl)(O)O,Inactive
5640,363902092,2707,C(C(Cl)(Cl)Cl)(O)O,Inactive
5641,363902092,2707,C(C(Cl)(Cl)Cl)(O)O,Active
5642,363902092,2707,C(C(Cl)(Cl)Cl)(O)O,Inactive
5643,363902092,2707,C(C(Cl)(Cl)Cl)(O)O,Inactive
5644,363902092,2707,C(C(Cl)(Cl)Cl)(O)O,Inactive
5645,363902092,2707,C(C(Cl)(Cl)Cl)(O)O,Unspecified
5646,363902092,2707,C(C(Cl)(Cl)Cl)(O)O,Unspecified
5647,363902092,2707,C(C(Cl)(Cl)Cl)(O)O,Unspecified
5648,363902092,2707,C(C(Cl)(Cl)Cl)(O)O,Unspecified
5649,363902092,2707,C(C(Cl)(Cl)Cl)(O)O,Inactive
5650,363902092,2707,C(C(Cl)(Cl)Cl)(O)O,Inactive
5651,363902092,2707,C(C(Cl)(Cl)Cl)(O)O,Inactive
5652,363902092,2707,C(C(Cl)(Cl)Cl)(O)O,Inactive
5653,363902092,2707,C(C(Cl)(Cl)Cl)(O)O,Active
5654,363902092,2707,C(C(Cl)(Cl)Cl)(O)O,Active
5655,363902139,154430,C1=CC=C2C(=C1)C=CC3=C4C=CC5=C(C4=C6C(=C32)O6)C(=C(C=C5)O)O,Active
5656,363902139,154430,C1=CC=C2C(=C1)C=CC3=C4C=CC5=C(C4=C6C(=C32)O6)C(=C(C=C5)O)O,Active
5657,363902139,154430,C1=CC=C2C(=C1)C=CC3=C4C=CC5=C(C4=C6C(=C32)O6)C(=C(C=C5)O)O,Active
5658,363902139,154430,C1=CC=C2C(=C1)C=CC3=C4C=CC5=C(C4=C6C(=C32)O6)C(=C(C=C5)O)O,Active
5659,363902139,154430,C1=CC=C2C(=C1)C=CC3=C4C=CC5=C(C4=C6C(=C32)O6)C(=C(C=C5)O)O,Active
5660,363902139,154430,C1=CC=C2C(=C1)C=CC3=C4C=CC5=C(C4=C6C(=C32)O6)C(=C(C=C5)O)O,Active
5661,363902141,,,Active
5662,363902141,,,Active
5663,363902141,,,Active
5664,363902141,,,Active
5665,363902145,,,Active
5666,363902145,,,Active
5667,363902145,,,Active
5668,363902179,14786,O=[Co],Active
5669,363902179,14786,O=[Co],Inactive
5670,363902179,14786,O=[Co],Active
5671,363902179,14786,O=[Co],Active
5672,363902179,14786,O=[Co],Active
5673,363902180,6595,CC(=C)C(=O)N,Active
5674,363902180,6595,CC(=C)C(=O)N,Active
5675,363902181,62134,C1=CC2=C3C(=C1)C=C(C4=CC=CC(=C43)C=C2)[N+](=O)[O-],Active
5676,363902181,62134,C1=CC2=C3C(=C1)C=C(C4=CC=CC(=C43)C=C2)[N+](=O)[O-],Active
5677,363902181,62134,C1=CC2=C3C(=C1)C=C(C4=CC=CC(=C43)C=C2)[N+](=O)[O-],Active
5678,363902181,62134,C1=CC2=C3C(=C1)C=C(C4=CC=CC(=C43)C=C2)[N+](=O)[O-],Active
5679,363902181,62134,C1=CC2=C3C(=C1)C=C(C4=CC=CC(=C43)C=C2)[N+](=O)[O-],Active
5680,363902182,56886,CC(=O)N(C1=C2C=CC3=CC=CC4=C3C2=C(C=C4)C=C1)O,Inactive
5681,363902182,56886,CC(=O)N(C1=C2C=CC3=CC=CC4=C3C2=C(C=C4)C=C1)O,Inactive
5682,363902183,,,Inactive
5683,363902183,,,Inactive
5684,363902183,,,Inactive
5685,363902183,,,Inactive
5686,363902183,,,Inactive
5687,363902183,,,Inactive
5688,363902184,,,Active
5689,363902184,,,Active
5690,363902184,,,Active
5691,363902187,126308,C1C2=CC=CC=C2C3=C1C=C(C=C3)N[C@H]4[C@@H]([C@H]([C@@H]([C@H](O4)C(=O)O)O)O)O,Inactive
5692,363902188,92183,CC(=O)N(C1=CC2=C(C=C1)C3=CC=CC=C3C2)O[C@H]4[C@@H]([C@H]([C@@H]([C@H](O4)C(=O)O)O)O)O,Inactive
5693,363902188,92183,CC(=O)N(C1=CC2=C(C=C1)C3=CC=CC=C3C2)O[C@H]4[C@@H]([C@H]([C@@H]([C@H](O4)C(=O)O)O)O)O,Inactive
5694,363902189,,,Active
5695,363902190,23688094,CC1=C2C(=C(C3=CC=CC=C13)COS(=O)(=O)[O-])C=CC4=CC=CC=C42.[Na+],Inactive
5696,363902190,23688094,CC1=C2C(=C(C3=CC=CC=C13)COS(=O)(=O)[O-])C=CC4=CC=CC=C42.[Na+],Inactive
5697,363902190,23688094,CC1=C2C(=C(C3=CC=CC=C13)COS(=O)(=O)[O-])C=CC4=CC=CC=C42.[Na+],Inactive
5698,363902190,23688094,CC1=C2C(=C(C3=CC=CC=C13)COS(=O)(=O)[O-])C=CC4=CC=CC=C42.[Na+],Active
5699,363902190,23688094,CC1=C2C(=C(C3=CC=CC=C13)COS(=O)(=O)[O-])C=CC4=CC=CC=C42.[Na+],Active
5700,363902190,23688094,CC1=C2C(=C(C3=CC=CC=C13)COS(=O)(=O)[O-])C=CC4=CC=CC=C42.[Na+],Active
5701,363902190,23688094,CC1=C2C(=C(C3=CC=CC=C13)COS(=O)(=O)[O-])C=CC4=CC=CC=C42.[Na+],Active
5702,363902191,124535,CCN(C(=O)NCCO)N=O,Active
5703,363902191,124535,CCN(C(=O)NCCO)N=O,Active
5704,363902191,124535,CCN(C(=O)NCCO)N=O,Active
5705,363902191,124535,CCN(C(=O)NCCO)N=O,Active
5706,363902192,124536,CCNC(=O)N(CCO)N=O,Active
5707,363902192,124536,CCNC(=O)N(CCO)N=O,Active
5708,363902192,124536,CCNC(=O)N(CCO)N=O,Active
5709,363902192,124536,CCNC(=O)N(CCO)N=O,Active
5710,363902193,124537,C(CCl)NC(=O)N(CCO)N=O,Active
5711,363902193,124537,C(CCl)NC(=O)N(CCO)N=O,Active
5712,363902194,124538,CC(CN(C(=O)NCCCl)N=O)O,Inactive
5713,363902194,124538,CC(CN(C(=O)NCCCl)N=O)O,Active
5714,363902194,124538,CC(CN(C(=O)NCCCl)N=O)O,Active
5715,363902195,129381,CC(CNC(=O)N(CCCl)N=O)O,Active
5716,363902195,129381,CC(CNC(=O)N(CCCl)N=O)O,Inactive
5717,363902196,135720,CC(=O)CN(C(=O)NCCCl)N=O,Active
5718,363902196,135720,CC(=O)CN(C(=O)NCCCl)N=O,Inactive
5719,363902196,135720,CC(=O)CN(C(=O)NCCCl)N=O,Active
5720,363902196,135720,CC(=O)CN(C(=O)NCCCl)N=O,Active
5721,363902197,154041,CCN(C(=O)NCC(=O)C)N=O,Active
5722,363902197,154041,CCN(C(=O)NCC(=O)C)N=O,Active
5723,363902197,154041,CCN(C(=O)NCC(=O)C)N=O,Active
5724,363902197,154041,CCN(C(=O)NCC(=O)C)N=O,Active
5725,363902201,5282164,C[C@H](CCC=C(C)C)[C@H]1CC[C@@]2([C@@]1(CC[C@]34[C@H]2CC[C@@H]5[C@]3(C4)CC[C@@H](C5(C)C)OC(=O)/C=C/C6=CC(=C(C=C6)O)OC)C)C,Inactive
5726,363902201,5282164,C[C@H](CCC=C(C)C)[C@H]1CC[C@@]2([C@@]1(CC[C@]34[C@H]2CC[C@@H]5[C@]3(C4)CC[C@@H](C5(C)C)OC(=O)/C=C/C6=CC(=C(C=C6)O)OC)C)C,Inactive
5727,363902201,5282164,C[C@H](CCC=C(C)C)[C@H]1CC[C@@]2([C@@]1(CC[C@]34[C@H]2CC[C@@H]5[C@]3(C4)CC[C@@H](C5(C)C)OC(=O)/C=C/C6=CC(=C(C=C6)O)OC)C)C,Inactive
5728,363902201,5282164,C[C@H](CCC=C(C)C)[C@H]1CC[C@@]2([C@@]1(CC[C@]34[C@H]2CC[C@@H]5[C@]3(C4)CC[C@@H](C5(C)C)OC(=O)/C=C/C6=CC(=C(C=C6)O)OC)C)C,Inactive
5729,363902208,62158,C1=CC(=C(C=C1[N+](=O)[O-])OCCO)NCCO,Inactive
5730,363902208,62158,C1=CC(=C(C=C1[N+](=O)[O-])OCCO)NCCO,Inactive
5731,363902208,62158,C1=CC(=C(C=C1[N+](=O)[O-])OCCO)NCCO,Inactive
5732,363902208,62158,C1=CC(=C(C=C1[N+](=O)[O-])OCCO)NCCO,Unspecified
5733,363902220,119557,CC(=O)CN(C(=O)N)N=O,Active
5734,363902220,119557,CC(=O)CN(C(=O)N)N=O,Active
5735,363902221,9556443,CCCCC/C=N/N(C)C=O,Active
5736,363902221,9556443,CCCCC/C=N/N(C)C=O,Active
5737,363902222,114839,C([C@@H]([C@@H](CO)O)O)C(=O)C=O,Inactive
5738,363902223,2724705,C1[C@@H]2[C@H]([C@@H]([C@H]([C@H](O1)O2)O)O)O,Inactive
5739,363902224,699486,C1[C@@H]2C=CC(=O)[C@H](O1)O2,Inactive
5740,363902225,10444,C1CSCN1,Inactive
5741,363902226,10658,C1=CC2=C(C=CO2)C3=C1C=CC(=O)O3,Inactive
5742,363902227,107731,CC1=CC2=C(C3=C1OC=C3C)OC(=O)C=C2C,Inactive
5743,363902228,5284419,C[C@H]1[C@@H]([C@H]([C@H]([C@@H](O1)OC[C@@H]2[C@H]([C@@H]([C@H]([C@@H](O2)OC3=CC(=C4C(=O)C[C@H](OC4=C3)C5=CC(=C(C=C5)OC)OC)O)O)O)O)O)O)O,Inactive
5744,363902228,5284419,C[C@H]1[C@@H]([C@H]([C@H]([C@@H](O1)OC[C@@H]2[C@H]([C@@H]([C@H]([C@@H](O2)OC3=CC(=C4C(=O)C[C@H](OC4=C3)C5=CC(=C(C=C5)OC)OC)O)O)O)O)O)O)O,Inactive
5745,363902229,14116,C1=CC=C(C=C1)C2=C(C=CC(=C2)O)O,Inactive
5746,363902229,14116,C1=CC=C(C=C1)C2=C(C=CC(=C2)O)O,Inactive
5747,363902230,9688,C1=CC=C(C=C1)C2=CC(=O)C=CC2=O,Inactive
5748,363902230,9688,C1=CC=C(C=C1)C2=CC(=O)C=CC2=O,Inactive
5749,363902257,255653,CC(=O)NC1=C2C=CC3=CC=CC4=C3C2=C(C=C4)C=C1,Inactive
5750,363902257,255653,CC(=O)NC1=C2C=CC3=CC=CC4=C3C2=C(C=C4)C=C1,Inactive
5751,363902258,128980,C1C2=CC=CC=C2C3=C1C=C(C=C3)N([C@H]4[C@@H]([C@H]([C@@H]([C@H](O4)C(=O)O)O)O)O)O,Active
5752,363902302,165746,CC(C)CCCCCOC(=O)C=C,Inactive
5753,363902303,111811,CCC(=O)OCCCCCC(C)C,Inactive
5754,363902324,,,Active
5755,363902325,39468,CC(C)(C)NC[C@@H](COC1=CC=CC2=C1CCCC2=O)O,Inactive
5756,363902325,39468,CC(C)(C)NC[C@@H](COC1=CC=CC2=C1CCCC2=O)O,Unspecified
5757,363902325,39468,CC(C)(C)NC[C@@H](COC1=CC=CC2=C1CCCC2=O)O,Inactive
5758,363902325,39468,CC(C)(C)NC[C@@H](COC1=CC=CC2=C1CCCC2=O)O,Inactive
5759,363902325,39468,CC(C)(C)NC[C@@H](COC1=CC=CC2=C1CCCC2=O)O,Inactive
5760,363902325,39468,CC(C)(C)NC[C@@H](COC1=CC=CC2=C1CCCC2=O)O,Active
5761,363902326,14789,O[Fe]=O.O[Fe]=O.[Fe],Inactive
5762,363902326,14789,O[Fe]=O.O[Fe]=O.[Fe],Inactive
5763,363902326,14789,O[Fe]=O.O[Fe]=O.[Fe],Inactive
5764,363902326,14789,O[Fe]=O.O[Fe]=O.[Fe],Inactive
5765,363902326,14789,O[Fe]=O.O[Fe]=O.[Fe],Inactive
5766,363902326,14789,O[Fe]=O.O[Fe]=O.[Fe],Inactive
5767,363902326,14789,O[Fe]=O.O[Fe]=O.[Fe],Inactive
5768,363902326,14789,O[Fe]=O.O[Fe]=O.[Fe],Inactive
5769,363902326,14789,O[Fe]=O.O[Fe]=O.[Fe],Inactive
5770,363902326,14789,O[Fe]=O.O[Fe]=O.[Fe],Inactive
5771,363902326,14789,O[Fe]=O.O[Fe]=O.[Fe],Inactive
5772,363902326,14789,O[Fe]=O.O[Fe]=O.[Fe],Inactive
5773,363902327,14833,[O-2].[O-2].[O-2].[Fe+3].[Fe+3],Inactive
5774,363902327,14833,[O-2].[O-2].[O-2].[Fe+3].[Fe+3],Inactive
5775,363902327,14833,[O-2].[O-2].[O-2].[Fe+3].[Fe+3],Inactive
5776,363902327,14833,[O-2].[O-2].[O-2].[Fe+3].[Fe+3],Inactive
5777,363902327,14833,[O-2].[O-2].[O-2].[Fe+3].[Fe+3],Inactive
5778,363902327,14833,[O-2].[O-2].[O-2].[Fe+3].[Fe+3],Inactive
5779,363902327,14833,[O-2].[O-2].[O-2].[Fe+3].[Fe+3],Inactive
5780,363902327,14833,[O-2].[O-2].[O-2].[Fe+3].[Fe+3],Inactive
5781,363902327,14833,[O-2].[O-2].[O-2].[Fe+3].[Fe+3],Inactive
5782,363902327,14833,[O-2].[O-2].[O-2].[Fe+3].[Fe+3],Inactive
5783,363902327,14833,[O-2].[O-2].[O-2].[Fe+3].[Fe+3],Inactive
5784,363902327,14833,[O-2].[O-2].[O-2].[Fe+3].[Fe+3],Inactive
5785,363902328,,,Inactive
5786,363902328,,,Inactive
5787,363902328,,,Inactive
5788,363902328,,,Inactive
5789,363902332,146842,CN(C)CCN(C)N=O,Active
5790,363902332,146842,CN(C)CCN(C)N=O,Active
5791,363902332,146842,CN(C)CCN(C)N=O,Active
5792,363902332,146842,CN(C)CCN(C)N=O,Active
5793,363902332,146842,CN(C)CCN(C)N=O,Active
5794,363902332,146842,CN(C)CCN(C)N=O,Active
5795,363902332,146842,CN(C)CCN(C)N=O,Active
5796,363902332,146842,CN(C)CCN(C)N=O,Active
5797,363902333,42725,C1=CC=C(C(=C1)N)NC(=O)C2=CC=C(C=C2)N,Active
5798,363902333,42725,C1=CC=C(C(=C1)N)NC(=O)C2=CC=C(C=C2)N,Active
5799,363902334,98533,CN(CCC=O)N=O,Active
5800,363902335,9880,CC(=O)[C@]1(CC[C@@H]2[C@@]1(CC[C@H]3[C@H]2C=C(C4=CC(=O)[C@@H]5C[C@@H]5[C@]34C)Cl)C)OC(=O)C,Inactive
5801,363902335,9880,CC(=O)[C@]1(CC[C@@H]2[C@@]1(CC[C@H]3[C@H]2C=C(C4=CC(=O)[C@@H]5C[C@@H]5[C@]34C)Cl)C)OC(=O)C,Active
5802,363902335,9880,CC(=O)[C@]1(CC[C@@H]2[C@@]1(CC[C@H]3[C@H]2C=C(C4=CC(=O)[C@@H]5C[C@@H]5[C@]34C)Cl)C)OC(=O)C,Active
5803,363902380,6433499,C1=CC(=C(C=C1/C=C/C2=C(C=C(C=C2)N)S(=O)(=O)[O-])S(=O)(=O)[O-])N.[Na+].[Na+],Inactive
5804,363902380,6433499,C1=CC(=C(C=C1/C=C/C2=C(C=C(C=C2)N)S(=O)(=O)[O-])S(=O)(=O)[O-])N.[Na+].[Na+],Inactive
5805,363902380,6433499,C1=CC(=C(C=C1/C=C/C2=C(C=C(C=C2)N)S(=O)(=O)[O-])S(=O)(=O)[O-])N.[Na+].[Na+],Inactive
5806,363902380,6433499,C1=CC(=C(C=C1/C=C/C2=C(C=C(C=C2)N)S(=O)(=O)[O-])S(=O)(=O)[O-])N.[Na+].[Na+],Inactive
5807,363902383,2733487,CCCC[C@@H](C)[C@H]([C@H](C[C@@H](C)C[C@@H](CCCC[C@H](C[C@@H]([C@H](C)N)O)O)O)OC(=O)C[C@@H](CC(=O)O)C(=O)O)OC(=O)C[C@@H](CC(=O)O)C(=O)O,Active
5808,363902383,2733487,CCCC[C@@H](C)[C@H]([C@H](C[C@@H](C)C[C@@H](CCCC[C@H](C[C@@H]([C@H](C)N)O)O)O)OC(=O)C[C@@H](CC(=O)O)C(=O)O)OC(=O)C[C@@H](CC(=O)O)C(=O)O,Inactive
5809,363902383,2733487,CCCC[C@@H](C)[C@H]([C@H](C[C@@H](C)C[C@@H](CCCC[C@H](C[C@@H]([C@H](C)N)O)O)O)OC(=O)C[C@@H](CC(=O)O)C(=O)O)OC(=O)C[C@@H](CC(=O)O)C(=O)O,Inactive
5810,363902383,2733487,CCCC[C@@H](C)[C@H]([C@H](C[C@@H](C)C[C@@H](CCCC[C@H](C[C@@H]([C@H](C)N)O)O)O)OC(=O)C[C@@H](CC(=O)O)C(=O)O)OC(=O)C[C@@H](CC(=O)O)C(=O)O,Inactive
5811,363902383,2733487,CCCC[C@@H](C)[C@H]([C@H](C[C@@H](C)C[C@@H](CCCC[C@H](C[C@@H]([C@H](C)N)O)O)O)OC(=O)C[C@@H](CC(=O)O)C(=O)O)OC(=O)C[C@@H](CC(=O)O)C(=O)O,Active
5812,363902383,2733487,CCCC[C@@H](C)[C@H]([C@H](C[C@@H](C)C[C@@H](CCCC[C@H](C[C@@H]([C@H](C)N)O)O)O)OC(=O)C[C@@H](CC(=O)O)C(=O)O)OC(=O)C[C@@H](CC(=O)O)C(=O)O,Active
5813,363902383,2733487,CCCC[C@@H](C)[C@H]([C@H](C[C@@H](C)C[C@@H](CCCC[C@H](C[C@@H]([C@H](C)N)O)O)O)OC(=O)C[C@@H](CC(=O)O)C(=O)O)OC(=O)C[C@@H](CC(=O)O)C(=O)O,Inactive
5814,363902393,522325,CC1=C(C(=O)N(N1C)C2=CC=CC=C2)N(C)CS(=O)(=O)[O-].[Na+],Inactive
5815,363902393,522325,CC1=C(C(=O)N(N1C)C2=CC=CC=C2)N(C)CS(=O)(=O)[O-].[Na+],Unspecified
5816,363902434,131320,C1=CC2=C3C(=C1)C=CC4=C(C=CC(=C43)C=C2)COS(=O)(=O)O,Active
5817,363902445,14794,[O-2].[O-2].[O-2].[Sb+3].[Sb+3],Inactive
5818,363902445,14794,[O-2].[O-2].[O-2].[Sb+3].[Sb+3],Inactive
5819,363902445,14794,[O-2].[O-2].[O-2].[Sb+3].[Sb+3],Active
5820,363902445,14794,[O-2].[O-2].[O-2].[Sb+3].[Sb+3],Inactive
5821,363902453,24823,[O-][O+]=O,Inactive
5822,363902453,24823,[O-][O+]=O,Inactive
5823,363902453,24823,[O-][O+]=O,Inactive
5824,363902453,24823,[O-][O+]=O,Inactive
5825,363902453,24823,[O-][O+]=O,Active
5826,363902453,24823,[O-][O+]=O,Active
5827,363902453,24823,[O-][O+]=O,Inactive
5828,363902453,24823,[O-][O+]=O,Inactive
5829,363902453,24823,[O-][O+]=O,Unspecified
5830,363902453,24823,[O-][O+]=O,Unspecified
5831,363902456,14986,CC1=C(C=C2CCC(OC2=C1C)(C)CCCC(C)CCCC(C)CCCC(C)C)O,Active
5832,363902460,5430,C1=CC=C2C(=C1)NC(=N2)C3=CSC=N3,Inactive
5833,363902460,5430,C1=CC=C2C(=C1)NC(=N2)C3=CSC=N3,Inactive
5834,363902460,5430,C1=CC=C2C(=C1)NC(=N2)C3=CSC=N3,Inactive
5835,363902460,5430,C1=CC=C2C(=C1)NC(=N2)C3=CSC=N3,Inactive
5836,363902460,5430,C1=CC=C2C(=C1)NC(=N2)C3=CSC=N3,Inactive
5837,363902461,,,Inactive
5838,363902461,,,Inactive
5839,363902461,,,Inactive
5840,363902461,,,Inactive
5841,363902462,55784,CCOCCC1=C(N=C(N2C1=NC=N2)N)C3=CC=CC=C3,Active
5842,363902462,55784,CCOCCC1=C(N=C(N2C1=NC=N2)N)C3=CC=CC=C3,Active
5843,363902490,5677,C1C(C(C(C(C1(CO)O)O)O)O)NC(CO)CO,Inactive
5844,363902490,5677,C1C(C(C(C(C1(CO)O)O)O)O)NC(CO)CO,Inactive
5845,363902490,5677,C1C(C(C(C(C1(CO)O)O)O)O)NC(CO)CO,Inactive
5846,363902490,5677,C1C(C(C(C(C1(CO)O)O)O)O)NC(CO)CO,Inactive
5847,363902494,84482,C1=CC=C(C=C1)C[N+]2=NOC(=C2CC(=O)N)[O-],Inactive
5848,363902494,84482,C1=CC=C(C=C1)C[N+]2=NOC(=C2CC(=O)N)[O-],Active
5849,363902494,84482,C1=CC=C(C=C1)C[N+]2=NOC(=C2CC(=O)N)[O-],Active
5850,363902494,84482,C1=CC=C(C=C1)C[N+]2=NOC(=C2CC(=O)N)[O-],Active
5851,363902494,84482,C1=CC=C(C=C1)C[N+]2=NOC(=C2CC(=O)N)[O-],Inactive
5852,363902494,84482,C1=CC=C(C=C1)C[N+]2=NOC(=C2CC(=O)N)[O-],Active
5853,363902529,7265,C1=CC(=C(C=C1Cl)N)O,Active
5854,363902529,7265,C1=CC(=C(C=C1Cl)N)O,Active
5855,363902551,75492608,CNC.C1=CC(=C(C=C1Cl)Cl)OCC(=O)O.C(=O)(C(Cl)(Cl)Cl)C(Cl)(Cl)Cl,Active
5856,363902551,75492608,CNC.C1=CC(=C(C=C1Cl)Cl)OCC(=O)O.C(=O)(C(Cl)(Cl)Cl)C(Cl)(Cl)Cl,Active
5857,363902551,75492608,CNC.C1=CC(=C(C=C1Cl)Cl)OCC(=O)O.C(=O)(C(Cl)(Cl)Cl)C(Cl)(Cl)Cl,Inactive
5858,363902551,75492608,CNC.C1=CC(=C(C=C1Cl)Cl)OCC(=O)O.C(=O)(C(Cl)(Cl)Cl)C(Cl)(Cl)Cl,Unspecified
5859,363902557,7290,C(C(CCl)O)O,Active
5860,363902557,7290,C(C(CCl)O)O,Active
5861,363902573,31374,CC(=O)N(C)C,Inactive
5862,363902573,31374,CC(=O)N(C)C,Inactive
5863,363902573,31374,CC(=O)N(C)C,Inactive
5864,363902573,31374,CC(=O)N(C)C,Inactive
5865,363902612,8430,CCCCCCCCCCCC(=O)N(CCO)CCO,Inactive
5866,363902612,8430,CCCCCCCCCCCC(=O)N(CCO)CCO,Inactive
5867,363902612,8430,CCCCCCCCCCCC(=O)N(CCO)CCO,Inactive
5868,363902612,8430,CCCCCCCCCCCC(=O)N(CCO)CCO,Unspecified
5869,363902644,31070,CCOP(=O)(NC(C)C)OC1=CC(=C(C=C1)SC)C,Inactive
5870,363902644,31070,CCOP(=O)(NC(C)C)OC1=CC(=C(C=C1)SC)C,Inactive
5871,363902644,31070,CCOP(=O)(NC(C)C)OC1=CC(=C(C=C1)SC)C,Inactive
5872,363902644,31070,CCOP(=O)(NC(C)C)OC1=CC(=C(C=C1)SC)C,Inactive
5873,363902662,5281744,C/C=C\1/CC(=C)[C@@](C(=O)OCC2=CCN3[C@H]2[C@@H](CC3)OC1=O)(CO)O,Active
5874,363902662,5281744,C/C=C\1/CC(=C)[C@@](C(=O)OCC2=CCN3[C@H]2[C@@H](CC3)OC1=O)(CO)O,Inactive
5875,363902662,5281744,C/C=C\1/CC(=C)[C@@](C(=O)OCC2=CCN3[C@H]2[C@@H](CC3)OC1=O)(CO)O,Active
5876,363902662,5281744,C/C=C\1/CC(=C)[C@@](C(=O)OCC2=CCN3[C@H]2[C@@H](CC3)OC1=O)(CO)O,Active
5877,363902662,5281744,C/C=C\1/CC(=C)[C@@](C(=O)OCC2=CCN3[C@H]2[C@@H](CC3)OC1=O)(CO)O,Active
5878,363902663,5339,C1=CC=NC(=C1)NS(=O)(=O)C2=CC=C(C=C2)N=NC3=CC(=C(C=C3)O)C(=O)O,Active
5879,363902663,5339,C1=CC=NC(=C1)NS(=O)(=O)C2=CC=C(C=C2)N=NC3=CC(=C(C=C3)O)C(=O)O,Active
5880,363902663,5339,C1=CC=NC(=C1)NS(=O)(=O)C2=CC=C(C=C2)N=NC3=CC(=C(C=C3)O)C(=O)O,Active
5881,363902663,5339,C1=CC=NC(=C1)NS(=O)(=O)C2=CC=C(C=C2)N=NC3=CC(=C(C=C3)O)C(=O)O,Inactive
5882,363902663,5339,C1=CC=NC(=C1)NS(=O)(=O)C2=CC=C(C=C2)N=NC3=CC(=C(C=C3)O)C(=O)O,Inactive
5883,363902663,5339,C1=CC=NC(=C1)NS(=O)(=O)C2=CC=C(C=C2)N=NC3=CC(=C(C=C3)O)C(=O)O,Active
5884,363902663,5339,C1=CC=NC(=C1)NS(=O)(=O)C2=CC=C(C=C2)N=NC3=CC(=C(C=C3)O)C(=O)O,Active
5885,363902663,5339,C1=CC=NC(=C1)NS(=O)(=O)C2=CC=C(C=C2)N=NC3=CC(=C(C=C3)O)C(=O)O,Inactive
5886,363902663,5339,C1=CC=NC(=C1)NS(=O)(=O)C2=CC=C(C=C2)N=NC3=CC(=C(C=C3)O)C(=O)O,Inactive
5887,363902663,5339,C1=CC=NC(=C1)NS(=O)(=O)C2=CC=C(C=C2)N=NC3=CC(=C(C=C3)O)C(=O)O,Active
5888,363902663,5339,C1=CC=NC(=C1)NS(=O)(=O)C2=CC=C(C=C2)N=NC3=CC(=C(C=C3)O)C(=O)O,Active
5889,363902676,16078,CCCCCC1=CC(=C2[C@@H]3C=C(CC[C@H]3C(OC2=C1)(C)C)C)O,Inactive
5890,363902676,16078,CCCCCC1=CC(=C2[C@@H]3C=C(CC[C@H]3C(OC2=C1)(C)C)C)O,Inactive
5891,363902676,16078,CCCCCC1=CC(=C2[C@@H]3C=C(CC[C@H]3C(OC2=C1)(C)C)C)O,Unspecified
5892,363902676,16078,CCCCCC1=CC(=C2[C@@H]3C=C(CC[C@H]3C(OC2=C1)(C)C)C)O,Unspecified
5893,363902679,2153,CN1C2=C(C(=O)N(C1=O)C)NC=N2,Inactive
5894,363902679,2153,CN1C2=C(C(=O)N(C1=O)C)NC=N2,Inactive
5895,363902679,2153,CN1C2=C(C(=O)N(C1=O)C)NC=N2,Inactive
5896,363902679,2153,CN1C2=C(C(=O)N(C1=O)C)NC=N2,Inactive
5897,363902698,8478,CC(C)(C)CC(C)(C)C1=CC=C(C=C1)OCCOCC[N+](C)(C)CC2=CC=CC=C2.[Cl-],Inactive
5898,363902698,8478,CC(C)(C)CC(C)(C)C1=CC=C(C=C1)OCCOCC[N+](C)(C)CC2=CC=CC=C2.[Cl-],Inactive
5899,363902698,8478,CC(C)(C)CC(C)(C)C1=CC=C(C=C1)OCCOCC[N+](C)(C)CC2=CC=CC=C2.[Cl-],Inactive
5900,363902698,8478,CC(C)(C)CC(C)(C)C1=CC=C(C=C1)OCCOCC[N+](C)(C)CC2=CC=CC=C2.[Cl-],Inactive
5901,363902705,6386,CC(C)(C)O,Active
5902,363902705,6386,CC(C)(C)O,Inactive
5903,363902705,6386,CC(C)(C)O,Active
5904,363902705,6386,CC(C)(C)O,Unspecified
5905,363902716,31370,CC(CCl)O,Inactive
5906,363902716,31370,CC(CCl)O,Inactive
5907,363902716,31370,CC(CCl)O,Inactive
5908,363902716,31370,CC(CCl)O,Inactive
5909,363902745,8981,CC1=CC(NC2=CC=CC=C12)(C)C,Active
5910,363902745,8981,CC1=CC(NC2=CC=CC=C12)(C)C,Inactive
5911,363902745,8981,CC1=CC(NC2=CC=CC=C12)(C)C,Inactive
5912,363902745,8981,CC1=CC(NC2=CC=CC=C12)(C)C,Inactive
5913,363902759,,,Unspecified
5914,363902759,,,Inactive
5915,363902759,,,Inactive
5916,363902759,,,Unspecified
5917,363902761,11224,CC(C1=CC=CC=C1)(C2=CC=CC=N2)OCCN(C)C.C(CC(=O)O)C(=O)O,Active
5918,363902761,11224,CC(C1=CC=CC=C1)(C2=CC=CC=N2)OCCN(C)C.C(CC(=O)O)C(=O)O,Active
5919,363902761,11224,CC(C1=CC=CC=C1)(C2=CC=CC=N2)OCCN(C)C.C(CC(=O)O)C(=O)O,Inactive
5920,363902770,6466,C[C@@]12[C@H](C=C[C@@]3([C@@H]1[C@@H]([C@]45[C@H]3CC[C@](C4)(C(=C)C5)O)C(=O)O)OC2=O)O,Active
5921,363902770,6466,C[C@@]12[C@H](C=C[C@@]3([C@@H]1[C@@H]([C@]45[C@H]3CC[C@](C4)(C(=C)C5)O)C(=O)O)OC2=O)O,Active
5922,363902788,24085,Cl[Hg]Cl,Active
5923,363902788,24085,Cl[Hg]Cl,Inactive
5924,363902788,24085,Cl[Hg]Cl,Inactive
5925,363902788,24085,Cl[Hg]Cl,Inactive
5926,363902788,24085,Cl[Hg]Cl,Unspecified
5927,363902788,24085,Cl[Hg]Cl,Unspecified
5928,363902791,31368,CC(=C)C#N,Inactive
5929,363902791,31368,CC(=C)C#N,Inactive
5930,363902791,31368,CC(=C)C#N,Inactive
5931,363902791,31368,CC(=C)C#N,Inactive
5932,363902843,23668192,CC1=C(C=C(C=C1)S(=O)(=O)[O-])C.[Na+],Inactive
5933,363902843,23668192,CC1=C(C=C(C=C1)S(=O)(=O)[O-])C.[Na+],Inactive
5934,363902843,23668192,CC1=C(C=C(C=C1)S(=O)(=O)[O-])C.[Na+],Inactive
5935,363902843,23668192,CC1=C(C=C(C=C1)S(=O)(=O)[O-])C.[Na+],Inactive
5936,363902846,22979,COC1=C(C=C(C=C1)[N+](=O)[O-])N=NC2=C(C(=CC3=CC=CC=C32)C(=O)NC4=CC(=CC=C4)[N+](=O)[O-])O,Inactive
5937,363902846,22979,COC1=C(C=C(C=C1)[N+](=O)[O-])N=NC2=C(C(=CC3=CC=CC=C32)C(=O)NC4=CC(=CC=C4)[N+](=O)[O-])O,Inactive
5938,363902846,22979,COC1=C(C=C(C=C1)[N+](=O)[O-])N=NC2=C(C(=CC3=CC=CC=C32)C(=O)NC4=CC(=CC=C4)[N+](=O)[O-])O,Inactive
5939,363902846,22979,COC1=C(C=C(C=C1)[N+](=O)[O-])N=NC2=C(C(=CC3=CC=CC=C32)C(=O)NC4=CC(=CC=C4)[N+](=O)[O-])O,Unspecified
5940,363902848,,,Active
5941,363902848,,,Active
5942,363902849,670,C(C(=O)CO)O,Inactive
5943,363902849,670,C(C(=O)CO)O,Inactive
5944,363902850,11689,C1=CC=C2C(=C1)C(=O)OC23C4=C(C(=C(C=C4)O)Br)OC5=C3C=CC(=C5Br)O,Inactive
5945,363902850,11689,C1=CC=C2C(=C1)C(=O)OC23C4=C(C(=C(C=C4)O)Br)OC5=C3C=CC(=C5Br)O,Inactive
5946,363902851,92311,C1=CC=C2C(=C1)C(=O)OC23C4=C(C(=C(C=C4)O)I)OC5=C3C=CC(=C5I)O,Inactive
5947,363902851,92311,C1=CC=C2C(=C1)C(=O)OC23C4=C(C(=C(C=C4)O)I)OC5=C3C=CC(=C5I)O,Inactive
5948,363902852,18981,C1=CC=C2C(=C1)C=CC(=C2N=NC3=C(C=C(C=C3)[N+](=O)[O-])[N+](=O)[O-])O,Inactive
5949,363902852,18981,C1=CC=C2C(=C1)C=CC(=C2N=NC3=C(C=C(C=C3)[N+](=O)[O-])[N+](=O)[O-])O,Inactive
5950,363902853,135423095,CC1=CC(=C(C=C1)N=NC2=C(C(=CC3=CC=CC=C32)C(=O)O)[O-])S(=O)(=O)[O-].[Ca+2],Inactive
5951,363902853,135423095,CC1=CC(=C(C=C1)N=NC2=C(C(=CC3=CC=CC=C32)C(=O)O)[O-])S(=O)(=O)[O-].[Ca+2],Inactive
5952,363902854,27020,C1=CC=C2C(=C1)C(=O)OC23C4=CC(=C(C(=C4OC5=C(C(=C(C=C35)Br)O)Br)Br)O)Br,Inactive
5953,363902854,27020,C1=CC=C2C(=C1)C(=O)OC23C4=CC(=C(C(=C4OC5=C(C(=C(C=C35)Br)O)Br)Br)O)Br,Inactive
5954,363902855,83511,C1=C2C(=C(C(=C1Br)O)Br)OC3=C(C(=C(C=C3C24C5=C(C(=C(C(=C5Cl)Cl)Cl)Cl)C(=O)O4)Br)O)Br,Inactive
5955,363902855,83511,C1=C2C(=C(C(=C1Br)O)Br)OC3=C(C(=C(C=C3C24C5=C(C(=C(C(=C5Cl)Cl)Cl)Cl)C(=O)O4)Br)O)Br,Inactive
5956,363902856,135565537,C1=CC=C(C=C1)N=NC2=C(C(=CC3=CC=CC=C32)C(=O)O)[O-].C1=CC=C(C=C1)N=NC2=C(C(=CC3=CC=CC=C32)C(=O)O)[O-].[Ca+2],Inactive
5957,363902856,135565537,C1=CC=C(C=C1)N=NC2=C(C(=CC3=CC=CC=C32)C(=O)O)[O-].C1=CC=C(C=C1)N=NC2=C(C(=CC3=CC=CC=C32)C(=O)O)[O-].[Ca+2],Inactive
5958,363902857,17778,C1=CC=C2C(=C1)C=CC(=C2N=NC3=C(C=C(C=C3)[N+](=O)[O-])Cl)O,Inactive
5959,363902857,17778,C1=CC=C2C(=C1)C=CC(=C2N=NC3=C(C=C(C=C3)[N+](=O)[O-])Cl)O,Inactive
5960,363902867,7308,CC1=CC(=C(C=C1SC2=CC(=C(C=C2C)O)C(C)(C)C)C(C)(C)C)O,Inactive
5961,363902867,7308,CC1=CC(=C(C=C1SC2=CC(=C(C=C2C)O)C(C)(C)C)C(C)(C)C)O,Inactive
5962,363902867,7308,CC1=CC(=C(C=C1SC2=CC(=C(C=C2C)O)C(C)(C)C)C(C)(C)C)O,Inactive
5963,363902867,7308,CC1=CC(=C(C=C1SC2=CC(=C(C=C2C)O)C(C)(C)C)C(C)(C)C)O,Inactive
5964,363902872,304599,CC1=C[C@@H]2[C@]([C@@H](C1=O)O)([C@]3([C@@H]([C@H]([C@H]([C@@]34CO4)O2)O)OC(=O)C)C)CO,Inactive
5965,363902872,304599,CC1=C[C@@H]2[C@]([C@@H](C1=O)O)([C@]3([C@@H]([C@H]([C@H]([C@@]34CO4)O2)O)OC(=O)C)C)CO,Inactive
5966,363902873,11050,C1=CC2=C3C(=C1)C=CC(=O)C3=CC=C2,Inactive
5967,363902873,11050,C1=CC2=C3C(=C1)C=CC(=O)C3=CC=C2,Active
5968,363902899,62535,C1=CC=C2C(=C1)C=CC3=C2C=CC4=C3C=CC(=C4)[N+](=O)[O-],Inactive
5969,363902899,62535,C1=CC=C2C(=C1)C=CC3=C2C=CC4=C3C=CC(=C4)[N+](=O)[O-],Inactive
5970,363902903,154510,C1=CC=C2C3=C4C(=CC2=C1)C=CC5=CC(=CC(=C54)C=C3)[N+](=O)[O-],Active
5971,363903005,12333,CCC(CC)[N+](=O)[O-],Active
5972,363903074,637564,C/C=C/C=C/C=O,Active
5973,363903074,637564,C/C=C/C=C/C=O,Active
5974,363903074,637564,C/C=C/C=C/C=O,Active
5975,363903074,637564,C/C=C/C=C/C=O,Active
5976,363903118,10964,C(C=O)C=O,Inactive
5977,363903118,10964,C(C=O)C=O,Inactive
5978,363903118,10964,C(C=O)C=O,Inactive
5979,363903118,10964,C(C=O)C=O,Inactive
5980,363903167,21307,CC1=C(SCCO1)C(=O)NC2=CC=CC=C2,Inactive
5981,363903167,21307,CC1=C(SCCO1)C(=O)NC2=CC=CC=C2,Inactive
5982,363903167,21307,CC1=C(SCCO1)C(=O)NC2=CC=CC=C2,Inactive
5983,363903167,21307,CC1=C(SCCO1)C(=O)NC2=CC=CC=C2,Active
5984,363903168,2374,CC(C)(C)C1=CC(=C(C=C1O)C(C)(C)C)O,Active
5985,363903169,10269,CC(C)(C)C1=CC(=CC(=C1O)C(C)(C)C)OC,Inactive
5986,363903170,74812,CC(C)(C)C1=CC(=C(C=C1OC)C(C)(C)C)O,Inactive
5987,363903171,93376,CCC(C)OC(C(=O)C1=CC=CC=C1)OC(C)CC,Inactive
5988,363903172,22555,CCOC(C(=O)C1=CC=CC=C1)OCC,Inactive
5989,363903172,22555,CCOC(C(=O)C1=CC=CC=C1)OCC,Inactive
5990,363903173,6107,CN1CCC=C(C1)C(=O)OC.Cl,Active
5991,363903173,6107,CN1CCC=C(C1)C(=O)OC.Cl,Inactive
5992,363903174,3301,C(CN)N,Inactive
5993,363903180,5281004,CCCC1O[C@@H]2C[C@H]3[C@@H]4CCC5=CC(=O)C=C[C@@]5([C@H]4[C@H](C[C@@]3([C@@]2(O1)C(=O)CO)C)O)C,Active
5994,363903181,6436,C[C@]12C[C@@H]([C@]3([C@H]([C@@H]1C[C@@H]4[C@]2(OC(O4)(C)C)C(=O)CO)CCC5=CC(=O)C=C[C@@]53C)F)O,Active
5995,363903184,76962233,C[C@@H]1CCC[C@@H](N1CCC[C@@](C2=CC=CC=C2)(C3=CC=CC=N3)O)C.Cl,Inactive
5996,363903184,76962233,C[C@@H]1CCC[C@@H](N1CCC[C@@](C2=CC=CC=C2)(C3=CC=CC=N3)O)C.Cl,Inactive
5997,363903184,76962233,C[C@@H]1CCC[C@@H](N1CCC[C@@](C2=CC=CC=C2)(C3=CC=CC=N3)O)C.Cl,Inactive
5998,363903184,76962233,C[C@@H]1CCC[C@@H](N1CCC[C@@](C2=CC=CC=C2)(C3=CC=CC=N3)O)C.Cl,Inactive
5999,363903188,7521,C=CC1=CC=CC=N1,Inactive
6000,363903189,14272,C=CC1=CN=CC=C1,Inactive
6001,363903190,7502,C=CC1=CC=NC=C1,Inactive
6002,363903221,16166309,[O-]P(=O)=O.[O-]P(=O)=O.[O-]P(=O)=O.[Na+].[Ca+2],Inactive
6003,363903221,16166309,[O-]P(=O)=O.[O-]P(=O)=O.[O-]P(=O)=O.[Na+].[Ca+2],Inactive
6004,363903222,50026,C1=CC=C2C(=C1)C3=C4C(=C2COS(=O)(=O)O)C=CC5=CC=CC(=C54)C=C3,Active
6005,363903222,50026,C1=CC=C2C(=C1)C3=C4C(=C2COS(=O)(=O)O)C=CC5=CC=CC(=C54)C=C3,Active
6006,363903223,39965,CN1C(=NC(=O)N(C1=O)C2CCCCC2)N(C)C,Inactive
6007,363903223,39965,CN1C(=NC(=O)N(C1=O)C2CCCCC2)N(C)C,Inactive
6008,363903223,39965,CN1C(=NC(=O)N(C1=O)C2CCCCC2)N(C)C,Inactive
6009,363903223,39965,CN1C(=NC(=O)N(C1=O)C2CCCCC2)N(C)C,Inactive
6010,363903223,39965,CN1C(=NC(=O)N(C1=O)C2CCCCC2)N(C)C,Inactive
6011,363903223,39965,CN1C(=NC(=O)N(C1=O)C2CCCCC2)N(C)C,Inactive
6012,363903224,83273,CNC(=O)N(C)N=O,Active
6013,363903224,83273,CNC(=O)N(C)N=O,Active
6014,363903224,83273,CNC(=O)N(C)N=O,Active
6015,363903224,83273,CNC(=O)N(C)N=O,Active
6016,363903224,83273,CNC(=O)N(C)N=O,Active
6017,363903225,96620,CCNC(=O)N(CC)N=O,Active
6018,363903225,96620,CCNC(=O)N(CC)N=O,Active
6019,363903225,96620,CCNC(=O)N(CC)N=O,Active
6020,363903225,96620,CCNC(=O)N(CC)N=O,Active
6021,363903225,96620,CCNC(=O)N(CC)N=O,Active
6022,363903226,148247,C1COC(=O)N1N=O,Active
6023,363903226,148247,C1COC(=O)N1N=O,Active
6024,363903279,9556442,CC(C)C/C=N/N(C)C=O,Active
6025,363903279,9556442,CC(C)C/C=N/N(C)C=O,Active
6026,363903279,9556442,CC(C)C/C=N/N(C)C=O,Active
6027,363903279,9556442,CC(C)C/C=N/N(C)C=O,Active
6028,363903359,152287,C1=C[C@@H]([C@H](C=C1)O)O,Inactive
6029,363903359,152287,C1=C[C@@H]([C@H](C=C1)O)O,Inactive
6030,363903360,147652,C1=C[C@@H]2[C@@H](O2)[C@H]([C@@H]1O)O,Active
6031,363903360,147652,C1=C[C@@H]2[C@@H](O2)[C@H]([C@@H]1O)O,Active
6032,363903361,24227,C(#CCl)Cl,Active
6033,363903361,24227,C(#CCl)Cl,Active
6034,363903361,24227,C(#CCl)Cl,Active
6035,363903361,24227,C(#CCl)Cl,Active
6036,363903361,24227,C(#CCl)Cl,Active
6037,363903361,24227,C(#CCl)Cl,Active
6038,363903361,24227,C(#CCl)Cl,Active
6039,363903361,24227,C(#CCl)Cl,Active
6040,363903362,56841464,C1=CC=C2C(=C1)C=C3C=CC4=C(C3=N2)[C@@H]([C@H](C=C4)O)O,Inactive
6041,363903362,56841464,C1=CC=C2C(=C1)C=C3C=CC4=C(C3=N2)[C@@H]([C@H](C=C4)O)O,Inactive
6042,363903363,53653,C1=CC=C2C(=C1)C=C3C=CC4=C(C3=N2)C=C[C@H]([C@@H]4O)O,Active
6043,363903363,53653,C1=CC=C2C(=C1)C=C3C=CC4=C(C3=N2)C=C[C@H]([C@@H]4O)O,Active
6044,363903364,150735,C1=CC=C2C(=C1)C=C3[C@H]([C@@H](C4=CC=CC=C4C3=N2)O)O,Inactive
6045,363903364,150735,C1=CC=C2C(=C1)C=C3[C@H]([C@@H](C4=CC=CC=C4C3=N2)O)O,Inactive
6046,363903365,56842958,C1=CC=C2C(=C1)C=CC3=CC4=C(C=C[C@@H]([C@H]4O)O)N=C32,Active
6047,363903365,56842958,C1=CC=C2C(=C1)C=CC3=CC4=C(C=C[C@@H]([C@H]4O)O)N=C32,Active
6048,363903366,56842959,C1=CC=C2C(=C1)C=CC3=CC4=C([C@@H]([C@H](C=C4)O)O)N=C32,Active
6049,363903366,56842959,C1=CC=C2C(=C1)C=CC3=CC4=C([C@@H]([C@H](C=C4)O)O)N=C32,Active
6050,363903367,163488,C1=CC=C2C(=C1)C=C3C=CC4=C(C3=N2)C5C(O5)C(C4O)O,Active
6051,363903367,163488,C1=CC=C2C(=C1)C=C3C=CC4=C(C3=N2)C5C(O5)C(C4O)O,Active
6052,363903368,150767,C1=CC=C2C(=C1)C=C3C4=C(O4)C5=CC=CC=C5C3=N2,Active
6053,363903368,150767,C1=CC=C2C(=C1)C=C3C4=C(O4)C5=CC=CC=C5C3=N2,Inactive
6054,363903369,163488,C1=CC=C2C(=C1)C=C3C=CC4=C(C3=N2)C5C(O5)C(C4O)O,Active
6055,363903369,163488,C1=CC=C2C(=C1)C=C3C=CC4=C(C3=N2)C5C(O5)C(C4O)O,Active
6056,363903370,163485,C1=CC=C2C(=C1)C=CC3=CC4=C(C5C(O5)C(C4O)O)N=C32,Inactive
6057,363903370,163485,C1=CC=C2C(=C1)C=CC3=CC4=C(C5C(O5)C(C4O)O)N=C32,Inactive
6058,363903371,163486,C1=CC=C2C(=C1)C=CC3=CC4=C(C(C(C5C4O5)O)O)N=C32,Inactive
6059,363903371,163486,C1=CC=C2C(=C1)C=CC3=CC4=C(C(C(C5C4O5)O)O)N=C32,Inactive
6060,363903386,152014,CCN=[N+](C)[O-],Active
6061,363903387,152160,CC[N+](=NC)[O-],Active
6062,363903388,44146708,CC[NH2+]C(=O)N(CCN(C)C)C=O.N(=O)[O-],Active
6063,363903388,44146708,CC[NH2+]C(=O)N(CCN(C)C)C=O.N(=O)[O-],Inactive
6064,363903390,5284340,C1=C(OC(=C1)[N+](=O)[O-])/C=C/C2=NOC(=N2)N,Active
6065,363903390,5284340,C1=C(OC(=C1)[N+](=O)[O-])/C=C/C2=NOC(=N2)N,Active
6066,363903390,5284340,C1=C(OC(=C1)[N+](=O)[O-])/C=C/C2=NOC(=N2)N,Active
6067,363903390,5284340,C1=C(OC(=C1)[N+](=O)[O-])/C=C/C2=NOC(=N2)N,Active
6068,363903390,5284340,C1=C(OC(=C1)[N+](=O)[O-])/C=C/C2=NOC(=N2)N,Active
6069,363903390,5284340,C1=C(OC(=C1)[N+](=O)[O-])/C=C/C2=NOC(=N2)N,Active
6070,363903405,14888,[O-2].[O-2].[O-2].[As+3].[As+3],Active
6071,363903406,134601,COC(=O)[C@H](CC1=CC=CC=C1)NC(=O)[C@H](CC(=O)O)N,Inactive
6072,363903406,134601,COC(=O)[C@H](CC1=CC=CC=C1)NC(=O)[C@H](CC(=O)O)N,Inactive
6073,363903407,111054,C1=CC=C(C=C1)C[C@H]2C(=O)N[C@H](C(=O)N2)CC(=O)O,Inactive
6074,363903407,111054,C1=CC=C(C=C1)C[C@H]2C(=O)N[C@H](C(=O)N2)CC(=O)O,Inactive
6075,363903408,30717,C1C2=CC=CC=C2C(=O)N3N1C(=O)C4=CC=CC=C4C3,Active
6076,363903408,30717,C1C2=CC=CC=C2C(=O)N3N1C(=O)C4=CC=CC=C4C3,Active
6077,363903409,439517,C1=CC(=CC=C1CO)NNC(=O)CC[C@@H](C(=O)O)N,Inactive
6078,363903409,439517,C1=CC(=CC=C1CO)NNC(=O)CC[C@@H](C(=O)O)N,Inactive
6079,363903409,439517,C1=CC(=CC=C1CO)NNC(=O)CC[C@@H](C(=O)O)N,Inactive
6080,363903409,439517,C1=CC(=CC=C1CO)NNC(=O)CC[C@@H](C(=O)O)N,Inactive
6081,363903410,133796,CC(=O)OCN(C1=CC=CC=C1)N=O,Inactive
6082,363903410,133796,CC(=O)OCN(C1=CC=CC=C1)N=O,Inactive
6083,363903410,133796,CC(=O)OCN(C1=CC=CC=C1)N=O,Inactive
6084,363903410,133796,CC(=O)OCN(C1=CC=CC=C1)N=O,Active
6085,363903411,,,Inactive
6086,363903411,,,Inactive
6087,363903411,,,Inactive
6088,363903411,,,Inactive
6089,363903411,,,Inactive
6090,363903411,,,Inactive
6091,363903481,9015,COC1=CC=C(C=C1)O,Active
6092,363903481,9015,COC1=CC=C(C=C1)O,Active
6093,363903481,9015,COC1=CC=C(C=C1)O,Inactive
6094,363903504,443495,[O-][As]=O.[Na+],Inactive
6095,363903504,443495,[O-][As]=O.[Na+],Inactive
6096,363903504,443495,[O-][As]=O.[Na+],Inactive
6097,363903504,443495,[O-][As]=O.[Na+],Inactive
6098,363903504,443495,[O-][As]=O.[Na+],Inactive
6099,363903504,443495,[O-][As]=O.[Na+],Active
6100,363903504,443495,[O-][As]=O.[Na+],Inactive
6101,363903504,443495,[O-][As]=O.[Na+],Inactive
6102,363903504,443495,[O-][As]=O.[Na+],Active
6103,363903504,443495,[O-][As]=O.[Na+],Active
6104,363903510,177577,O.[O-]S(=O)(=O)[O-].[Mn+2],Inactive
6105,363903510,177577,O.[O-]S(=O)(=O)[O-].[Mn+2],Inactive
6106,363903510,177577,O.[O-]S(=O)(=O)[O-].[Mn+2],Unspecified
6107,363903510,177577,O.[O-]S(=O)(=O)[O-].[Mn+2],Unspecified
6108,363903521,13791,CCCCC(=O)O[C@H]1CC[C@@H]2[C@@]1(CC[C@H]3[C@H]2CCC4=C3C=CC(=C4)O)C,Active
6109,363903532,91827143,C1=CC(=CC=C1CO)[N+]#N.OS(=O)[O-],Active
6110,363903532,91827143,C1=CC(=CC=C1CO)[N+]#N.OS(=O)[O-],Active
6111,363903534,1135,CC1=CNC(=O)NC1=O,Active
6112,363903535,39589,CCN(CC)C(=O)N(C)N=O,Active
6113,363903535,39589,CCN(CC)C(=O)N(C)N=O,Active
6114,363903535,39589,CCN(CC)C(=O)N(C)N=O,Active
6115,363903536,27135,C1CN(C1)N=O,Active
6116,363903537,21116826,CC1CN(CCO1)N=O,Active
6117,363903538,123017,CC1CN(CCC1=O)N=O,Active
6118,363903539,41469,C1CN(CCC1=O)N=O,Active
6119,363903540,151883,C(CNCCO)C(=O)N=O,Active
6120,363903541,151884,CC(=O)CNCC(C(N=O)O)O,Active
6121,363903714,,,Active
6122,363903753,660,C1CC(=O)OC2=CC=CC=C21,Active
6123,363903753,660,C1CC(=O)OC2=CC=CC=C21,Inactive
6124,363903753,660,C1CC(=O)OC2=CC=CC=C21,Inactive
6125,363903753,660,C1CC(=O)OC2=CC=CC=C21,Active
6126,363903754,969516,COC1=C(C=CC(=C1)/C=C/C(=O)CC(=O)/C=C/C2=CC(=C(C=C2)O)OC)O,Inactive
6127,363903754,969516,COC1=C(C=CC(=C1)/C=C/C(=O)CC(=O)/C=C/C2=CC(=C(C=C2)O)OC)O,Unspecified
6128,363903754,969516,COC1=C(C=CC(=C1)/C=C/C(=O)CC(=O)/C=C/C2=CC(=C(C=C2)O)OC)O,Unspecified
6129,363903754,969516,COC1=C(C=CC(=C1)/C=C/C(=O)CC(=O)/C=C/C2=CC(=C(C=C2)O)OC)O,Unspecified
6130,363903821,16307,C1=CC(=CC(=C1)Cl)C2=CC(=CC=C2)Cl,Inactive
6131,363903822,5546,C1=CC=C(C=C1)C2=NC3=C(N=C(N=C3N=C2N)N)N,Inactive
6132,363903822,5546,C1=CC=C(C=C1)C2=NC3=C(N=C(N=C3N=C2N)N)N,Active
6133,363903822,5546,C1=CC=C(C=C1)C2=NC3=C(N=C(N=C3N=C2N)N)N,Active
6134,363903822,5546,C1=CC=C(C=C1)C2=NC3=C(N=C(N=C3N=C2N)N)N,Active
6135,363903822,5546,C1=CC=C(C=C1)C2=NC3=C(N=C(N=C3N=C2N)N)N,Active
6136,363903822,5546,C1=CC=C(C=C1)C2=NC3=C(N=C(N=C3N=C2N)N)N,Unspecified
6137,363903823,6014,CC(CN1C2=CC=CC=C2SC3=CC=CC=C31)N(C)C.Cl,Inactive
6138,363903823,6014,CC(CN1C2=CC=CC=C2SC3=CC=CC=C31)N(C)C.Cl,Inactive
6139,363903823,6014,CC(CN1C2=CC=CC=C2SC3=CC=CC=C31)N(C)C.Cl,Inactive
6140,363903823,6014,CC(CN1C2=CC=CC=C2SC3=CC=CC=C31)N(C)C.Cl,Inactive
6141,363903824,7285,C(C(CCl)Cl)Cl,Active
6142,363903824,7285,C(C(CCl)Cl)Cl,Active
6143,363903824,7285,C(C(CCl)Cl)Cl,Active
6144,363903824,7285,C(C(CCl)Cl)Cl,Active
6145,363903824,7285,C(C(CCl)Cl)Cl,Active
6146,363903824,7285,C(C(CCl)Cl)Cl,Active
6147,363903824,7285,C(C(CCl)Cl)Cl,Active
6148,363903824,7285,C(C(CCl)Cl)Cl,Active
6149,363903824,7285,C(C(CCl)Cl)Cl,Active
6150,363903824,7285,C(C(CCl)Cl)Cl,Active
6151,363903824,7285,C(C(CCl)Cl)Cl,Active
6152,363903824,7285,C(C(CCl)Cl)Cl,Active
6153,363903834,6681,C1=CC=C2C(=C1)C(=O)C3=C(C2=O)C(=C(C=C3Br)Br)N,Active
6154,363903834,6681,C1=CC=C2C(=C1)C(=O)C3=C(C2=O)C(=C(C=C3Br)Br)N,Active
6155,363903834,6681,C1=CC=C2C(=C1)C(=O)C3=C(C2=O)C(=C(C=C3Br)Br)N,Active
6156,363903834,6681,C1=CC=C2C(=C1)C(=O)C3=C(C2=O)C(=C(C=C3Br)Br)N,Active
6157,363903835,22487,CCN1C2=C(C=C(C=C2)[NH3+])C3=CC=CC=C31.[Cl-],Active
6158,363903835,22487,CCN1C2=C(C=C(C=C2)[NH3+])C3=CC=CC=C31.[Cl-],Active
6159,363903835,22487,CCN1C2=C(C=C(C=C2)[NH3+])C3=CC=CC=C31.[Cl-],Active
6160,363903835,22487,CCN1C2=C(C=C(C=C2)[NH3+])C3=CC=CC=C31.[Cl-],Active
6161,363903843,2513,C[As](=O)(C)O,Inactive
6162,363903843,2513,C[As](=O)(C)O,Active
6163,363903843,2513,C[As](=O)(C)O,Active
6164,363903843,2513,C[As](=O)(C)O,Active
6165,363903843,2513,C[As](=O)(C)O,Active
6166,363903843,2513,C[As](=O)(C)O,Active
6167,363903843,2513,C[As](=O)(C)O,Active
6168,363903843,2513,C[As](=O)(C)O,Active
6169,363903843,2513,C[As](=O)(C)O,Active
6170,363903856,8113,C(CO)NCCO,Inactive
6171,363903856,8113,C(CO)NCCO,Inactive
6172,363903856,8113,C(CO)NCCO,Active
6173,363903856,8113,C(CO)NCCO,Active
6174,363903865,750,C(C(=O)O)N,Inactive
6175,363903865,750,C(C(=O)O)N,Inactive
6176,363903869,6478,C1(=C(C(C(=C1Cl)Cl)(Cl)Cl)Cl)Cl,Inactive
6177,363903869,6478,C1(=C(C(C(=C1Cl)Cl)(Cl)Cl)Cl)Cl,Inactive
6178,363903869,6478,C1(=C(C(C(=C1Cl)Cl)(Cl)Cl)Cl)Cl,Inactive
6179,363903869,6478,C1(=C(C(C(=C1Cl)Cl)(Cl)Cl)Cl)Cl,Inactive
6180,363903897,,,Inactive
6181,363903897,,,Inactive
6182,363903897,,,Inactive
6183,363903897,,,Inactive
6184,363903916,25157,O.O.[Cl-].[Cl-].[Ba+2],Inactive
6185,363903916,25157,O.O.[Cl-].[Cl-].[Ba+2],Inactive
6186,363903916,25157,O.O.[Cl-].[Cl-].[Ba+2],Inactive
6187,363903916,25157,O.O.[Cl-].[Cl-].[Ba+2],Inactive
6188,363903922,18692,C(C(CO)(CBr)CBr)O,Active
6189,363903922,18692,C(C(CO)(CBr)CBr)O,Active
6190,363903922,18692,C(C(CO)(CBr)CBr)O,Active
6191,363903922,18692,C(C(CO)(CBr)CBr)O,Active
6192,363903922,18692,C(C(CO)(CBr)CBr)O,Active
6193,363903922,18692,C(C(CO)(CBr)CBr)O,Active
6194,363903922,18692,C(C(CO)(CBr)CBr)O,Active
6195,363903922,18692,C(C(CO)(CBr)CBr)O,Active
6196,363903922,18692,C(C(CO)(CBr)CBr)O,Active
6197,363903922,18692,C(C(CO)(CBr)CBr)O,Inactive
6198,363903935,8133,CCCCOCCO,Inactive
6199,363903935,8133,CCCCOCCO,Active
6200,363903935,8133,CCCCOCCO,Active
6201,363903935,8133,CCCCOCCO,Unspecified
6202,363903952,76960584,O.O.O.O.O.O.O.OS(=O)(=O)O.[Co+2],Active
6203,363903952,76960584,O.O.O.O.O.O.O.OS(=O)(=O)O.[Co+2],Active
6204,363903952,76960584,O.O.O.O.O.O.O.OS(=O)(=O)O.[Co+2],Active
6205,363903952,76960584,O.O.O.O.O.O.O.OS(=O)(=O)O.[Co+2],Active
6206,363903954,460,COC1=CC=CC=C1O,Inactive
6207,363903954,460,COC1=CC=CC=C1O,Inactive
6208,363903956,,,Inactive
6209,363903956,,,Active
6210,363903968,4284,CCN(CC)C(=O)C1=CC=CC(=C1)C,Inactive
6211,363903968,4284,CCN(CC)C(=O)C1=CC=CC(=C1)C,Inactive
6212,363903968,4284,CCN(CC)C(=O)C1=CC=CC(=C1)C,Inactive
6213,363903968,4284,CCN(CC)C(=O)C1=CC=CC(=C1)C,Inactive
6214,363903968,4284,CCN(CC)C(=O)C1=CC=CC(=C1)C,Inactive
6215,363903968,4284,CCN(CC)C(=O)C1=CC=CC(=C1)C,Inactive
6216,363903968,4284,CCN(CC)C(=O)C1=CC=CC(=C1)C,Inactive
6217,363903968,4284,CCN(CC)C(=O)C1=CC=CC(=C1)C,Inactive
6218,363903968,4284,CCN(CC)C(=O)C1=CC=CC(=C1)C,Inactive
6219,363903968,4284,CCN(CC)C(=O)C1=CC=CC(=C1)C,Inactive
6220,363903985,12968,CCCN(CCC)C(=O)SCC,Inactive
6221,363903985,12968,CCCN(CCC)C(=O)SCC,Inactive
6222,363903985,12968,CCCN(CCC)C(=O)SCC,Inactive
6223,363903985,12968,CCCN(CCC)C(=O)SCC,Inactive
6224,363904017,7407,CC(=C)C1=CC=CC=C1,Inactive
6225,363904017,7407,CC(=C)C1=CC=CC=C1,Inactive
6226,363904017,7407,CC(=C)C1=CC=CC=C1,Active
6227,363904017,7407,CC(=C)C1=CC=CC=C1,Active
6228,363904049,20055509,CN1[C@@H]2CC(C[C@H]1[C@H]3[C@@H]2O3)OC(=O)[C@H](CO)C4=CC=CC=C4.O.O.O.Br,Inactive
6229,363904049,20055509,CN1[C@@H]2CC(C[C@H]1[C@H]3[C@@H]2O3)OC(=O)[C@H](CO)C4=CC=CC=C4.O.O.O.Br,Inactive
6230,363904049,20055509,CN1[C@@H]2CC(C[C@H]1[C@H]3[C@@H]2O3)OC(=O)[C@H](CO)C4=CC=CC=C4.O.O.O.Br,Inactive
6231,363904049,20055509,CN1[C@@H]2CC(C[C@H]1[C@H]3[C@@H]2O3)OC(=O)[C@H](CO)C4=CC=CC=C4.O.O.O.Br,Inactive
6232,363904049,20055509,CN1[C@@H]2CC(C[C@H]1[C@H]3[C@@H]2O3)OC(=O)[C@H](CO)C4=CC=CC=C4.O.O.O.Br,Inactive
6233,363904049,20055509,CN1[C@@H]2CC(C[C@H]1[C@H]3[C@@H]2O3)OC(=O)[C@H](CO)C4=CC=CC=C4.O.O.O.Br,Inactive
6234,363904049,20055509,CN1[C@@H]2CC(C[C@H]1[C@H]3[C@@H]2O3)OC(=O)[C@H](CO)C4=CC=CC=C4.O.O.O.Br,Inactive
6235,363904049,20055509,CN1[C@@H]2CC(C[C@H]1[C@H]3[C@@H]2O3)OC(=O)[C@H](CO)C4=CC=CC=C4.O.O.O.Br,Inactive
6236,363904049,20055509,CN1[C@@H]2CC(C[C@H]1[C@H]3[C@@H]2O3)OC(=O)[C@H](CO)C4=CC=CC=C4.O.O.O.Br,Inactive
6237,363904049,20055509,CN1[C@@H]2CC(C[C@H]1[C@H]3[C@@H]2O3)OC(=O)[C@H](CO)C4=CC=CC=C4.O.O.O.Br,Inactive
6238,363904049,20055509,CN1[C@@H]2CC(C[C@H]1[C@H]3[C@@H]2O3)OC(=O)[C@H](CO)C4=CC=CC=C4.O.O.O.Br,Inactive
6239,363904049,20055509,CN1[C@@H]2CC(C[C@H]1[C@H]3[C@@H]2O3)OC(=O)[C@H](CO)C4=CC=CC=C4.O.O.O.Br,Inactive
6240,363904056,31357,CCCCOP(=O)(OCCCC)OCCCC,Active
6241,363904056,31357,CCCCOP(=O)(OCCCC)OCCCC,Active
6242,363904056,31357,CCCCOP(=O)(OCCCC)OCCCC,Active
6243,363904056,31357,CCCCOP(=O)(OCCCC)OCCCC,Inactive
6244,363904066,442089,C[C@@]12CCC[C@@]([C@H]1CC[C@]34[C@H]2CC[C@](C3)(C(=C)C4)O[C@H]5[C@@H]([C@H]([C@@H]([C@H](O5)CO)O)O)O[C@H]6[C@@H]([C@H]([C@@H]([C@H](O6)CO)O)O)O)(C)C(=O)O[C@H]7[C@@H]([C@H]([C@@H]([C@H](O7)CO)O)O)O,Inactive
6245,363904066,442089,C[C@@]12CCC[C@@]([C@H]1CC[C@]34[C@H]2CC[C@](C3)(C(=C)C4)O[C@H]5[C@@H]([C@H]([C@@H]([C@H](O5)CO)O)O)O[C@H]6[C@@H]([C@H]([C@@H]([C@H](O6)CO)O)O)O)(C)C(=O)O[C@H]7[C@@H]([C@H]([C@@H]([C@H](O7)CO)O)O)O,Inactive
6246,363904066,442089,C[C@@]12CCC[C@@]([C@H]1CC[C@]34[C@H]2CC[C@](C3)(C(=C)C4)O[C@H]5[C@@H]([C@H]([C@@H]([C@H](O5)CO)O)O)O[C@H]6[C@@H]([C@H]([C@@H]([C@H](O6)CO)O)O)O)(C)C(=O)O[C@H]7[C@@H]([C@H]([C@@H]([C@H](O7)CO)O)O)O,Inactive
6247,363904066,442089,C[C@@]12CCC[C@@]([C@H]1CC[C@]34[C@H]2CC[C@](C3)(C(=C)C4)O[C@H]5[C@@H]([C@H]([C@@H]([C@H](O5)CO)O)O)O[C@H]6[C@@H]([C@H]([C@@H]([C@H](O6)CO)O)O)O)(C)C(=O)O[C@H]7[C@@H]([C@H]([C@@H]([C@H](O7)CO)O)O)O,Inactive
6248,363904092,9570455,C1=CC(=C(C=C1C2=CC(=C(C=C2)N/N=C/3\C(=O)C4=C(C=C3S(=O)(=O)[O-])C=C(C=C4N)S(=O)(=O)[O-])O)O)N/N=C/5\C(=O)C6=C(C=C5S(=O)(=O)[O-])C=C(C=C6N)S(=O)(=O)[O-].[Na+].[Na+].[Na+].[Na+].[Cu].[Cu],Active
6249,363904092,9570455,C1=CC(=C(C=C1C2=CC(=C(C=C2)N/N=C/3\C(=O)C4=C(C=C3S(=O)(=O)[O-])C=C(C=C4N)S(=O)(=O)[O-])O)O)N/N=C/5\C(=O)C6=C(C=C5S(=O)(=O)[O-])C=C(C=C6N)S(=O)(=O)[O-].[Na+].[Na+].[Na+].[Na+].[Cu].[Cu],Inactive
6250,363904092,9570455,C1=CC(=C(C=C1C2=CC(=C(C=C2)N/N=C/3\C(=O)C4=C(C=C3S(=O)(=O)[O-])C=C(C=C4N)S(=O)(=O)[O-])O)O)N/N=C/5\C(=O)C6=C(C=C5S(=O)(=O)[O-])C=C(C=C6N)S(=O)(=O)[O-].[Na+].[Na+].[Na+].[Na+].[Cu].[Cu],Active
6251,363904092,9570455,C1=CC(=C(C=C1C2=CC(=C(C=C2)N/N=C/3\C(=O)C4=C(C=C3S(=O)(=O)[O-])C=C(C=C4N)S(=O)(=O)[O-])O)O)N/N=C/5\C(=O)C6=C(C=C5S(=O)(=O)[O-])C=C(C=C6N)S(=O)(=O)[O-].[Na+].[Na+].[Na+].[Na+].[Cu].[Cu],Active
6252,363904096,149482,CCNC(=O)N(C)N=O,Active
6253,363904096,149482,CCNC(=O)N(C)N=O,Active
6254,363904096,149482,CCNC(=O)N(C)N=O,Active
6255,363904096,149482,CCNC(=O)N(C)N=O,Active
6256,363904097,126434,CCN(C(=O)NC)N=O,Active
6257,363904097,126434,CCN(C(=O)NC)N=O,Active
6258,363904097,126434,CCN(C(=O)NC)N=O,Active
6259,363904097,126434,CCN(C(=O)NC)N=O,Active
6260,363904098,44334,C1=CC=C2C(=C1)C=CC3=C2C=CC4=C3C=CC=C4[N+](=O)[O-],Inactive
6261,363904098,44334,C1=CC=C2C(=C1)C=CC3=C2C=CC4=C3C=CC=C4[N+](=O)[O-],Inactive
6262,363904099,151998,C1=CC=C2C(=C1)C=CC3=C2C=CC4=C3C=C(C=C4)[N+](=O)[O-],Inactive
6263,363904099,151998,C1=CC=C2C(=C1)C=CC3=C2C=CC4=C3C=C(C=C4)[N+](=O)[O-],Inactive
6264,363904100,62857,CNCCC(C1=CC=CC=C1)OC2=CC=C(C=C2)C(F)(F)F.Cl,Inactive
6265,363904100,62857,CNCCC(C1=CC=CC=C1)OC2=CC=C(C=C2)C(F)(F)F.Cl,Inactive
6266,363904100,62857,CNCCC(C1=CC=CC=C1)OC2=CC=C(C=C2)C(F)(F)F.Cl,Inactive
6267,363904100,62857,CNCCC(C1=CC=CC=C1)OC2=CC=C(C=C2)C(F)(F)F.Cl,Inactive
6268,363904101,7002,CC1=CC=CC2=CC=CC=C12,Inactive
6269,363904101,7002,CC1=CC=CC2=CC=CC=C12,Active
6270,363904102,24978551,O.O.O.O.O.[Cl-].[Cl-].[Cl-].[Cl-].[Cd+2].[Cd+2],Active
6271,363904102,24978551,O.O.O.O.O.[Cl-].[Cl-].[Cl-].[Cl-].[Cd+2].[Cd+2],Active
6272,363904102,24978551,O.O.O.O.O.[Cl-].[Cl-].[Cl-].[Cl-].[Cd+2].[Cd+2],Inactive
6273,363904102,24978551,O.O.O.O.O.[Cl-].[Cl-].[Cl-].[Cl-].[Cd+2].[Cd+2],Inactive
6274,363904102,24978551,O.O.O.O.O.[Cl-].[Cl-].[Cl-].[Cl-].[Cd+2].[Cd+2],Inactive
6275,363904102,24978551,O.O.O.O.O.[Cl-].[Cl-].[Cl-].[Cl-].[Cd+2].[Cd+2],Active
6276,363904102,24978551,O.O.O.O.O.[Cl-].[Cl-].[Cl-].[Cl-].[Cd+2].[Cd+2],Active
6277,363904102,24978551,O.O.O.O.O.[Cl-].[Cl-].[Cl-].[Cl-].[Cd+2].[Cd+2],Active
6278,363904102,24978551,O.O.O.O.O.[Cl-].[Cl-].[Cl-].[Cl-].[Cd+2].[Cd+2],Active
6279,363904102,24978551,O.O.O.O.O.[Cl-].[Cl-].[Cl-].[Cl-].[Cd+2].[Cd+2],Inactive
6280,363904103,27821,C=CCN(CC=C)N=O,Active
6281,363904103,27821,C=CCN(CC=C)N=O,Active
6282,363904104,51291,C1C=CCN([C@@H]1C2=CN=CC=C2)N=O,Inactive
6283,363904104,51291,C1C=CCN([C@@H]1C2=CN=CC=C2)N=O,Inactive
6284,363904105,37248,C1=CC(=C(C=C1Cl)C2=C(C=CC(=C2)Cl)Cl)Cl,Inactive
6285,363904105,37248,C1=CC(=C(C=C1Cl)C2=C(C=CC(=C2)Cl)Cl)Cl,Inactive
6286,363904106,121489661,C1=CC(=C(C=C1Cl)C2=C([C@@H]3[C@@H](O3)C(=C2)Cl)Cl)Cl,Inactive
6287,363904106,121489661,C1=CC(=C(C=C1Cl)C2=C([C@@H]3[C@@H](O3)C(=C2)Cl)Cl)Cl,Inactive
6288,363904107,25199586,CC(CCC(=O)N(CC(=O)O)N=O)C1CCC2C1([C@H](CC3C2C(CC4C3(CC[C@H](C4)O)C)O)O)C,Active
6289,363904108,23694677,C[C@H](CCC(=O)N(CCS(=O)(=O)[O-])N=O)[C@H]1CCC2[C@@]1([C@H](CC3C2[C@@H](C[C@H]4[C@@]3(CC[C@H](C4)O)C)O)O)C.[Na+],Active
6290,363904109,14791,[OH-].[OH-].[Mg+2],Active
6291,363904109,14791,[OH-].[OH-].[Mg+2],Active
6292,363904110,133239,CC1CN(C(=O)O1)N=O,Active
6293,363904111,39587,CCN(CC)C(=O)N(CC)N=O,Active
6294,363904112,57136,CC1=CC2=CC=CC=C2C3=C1C4=C(C=C3)[C@H]([C@@H](C=C4)O)O,Active
6295,363904112,57136,CC1=CC2=CC=CC=C2C3=C1C4=C(C=C3)[C@H]([C@@H](C=C4)O)O,Active
6296,363904113,57137,CC1=CC2=C(C=C[C@H]([C@@H]2O)O)C3=C1C4=CC=CC=C4C=C3,Active
6297,363904113,57137,CC1=CC2=C(C=C[C@H]([C@@H]2O)O)C3=C1C4=CC=CC=C4C=C3,Active
6298,363904115,119140,CC1=CC2=C([C@H]3[C@H](O3)[C@@H]([C@H]2O)O)C4=C1C5=CC=CC=C5C=C4,Inactive
6299,363904115,119140,CC1=CC2=C([C@H]3[C@H](O3)[C@@H]([C@H]2O)O)C4=C1C5=CC=CC=C5C=C4,Active
6300,363904155,8425,C1=CC=C(C=C1)CC2=C(C=CC(=C2)Cl)O,Inactive
6301,363904155,8425,C1=CC=C(C=C1)CC2=C(C=CC(=C2)Cl)O,Active
6302,363904155,8425,C1=CC=C(C=C1)CC2=C(C=CC(=C2)Cl)O,Inactive
6303,363904155,8425,C1=CC=C(C=C1)CC2=C(C=CC(=C2)Cl)O,Inactive
6304,363904155,8425,C1=CC=C(C=C1)CC2=C(C=CC(=C2)Cl)O,Inactive
6305,363904155,8425,C1=CC=C(C=C1)CC2=C(C=CC(=C2)Cl)O,Unspecified
6306,363904156,9756,CC(=O)[O-].CC(=O)[O-].[Ni+2],Active
6307,363904156,9756,CC(=O)[O-].CC(=O)[O-].[Ni+2],Active
6308,363904156,9756,CC(=O)[O-].CC(=O)[O-].[Ni+2],Active
6309,363904156,9756,CC(=O)[O-].CC(=O)[O-].[Ni+2],Active
6310,363904156,9756,CC(=O)[O-].CC(=O)[O-].[Ni+2],Active
6311,363904156,9756,CC(=O)[O-].CC(=O)[O-].[Ni+2],Inactive
6312,363904156,9756,CC(=O)[O-].CC(=O)[O-].[Ni+2],Inactive
6313,363904190,713,C(=O)N,Inactive
6314,363904190,713,C(=O)N,Inactive
6315,363904190,713,C(=O)N,Active
6316,363904190,713,C(=O)N,Active
6317,363904203,6557,CC(=C)C=C,Active
6318,363904203,6557,CC(=C)C=C,Active
6319,363904203,6557,CC(=C)C=C,Active
6320,363904203,6557,CC(=C)C=C,Active
6321,363904203,6557,CC(=C)C=C,Active
6322,363904203,6557,CC(=C)C=C,Active
6323,363904203,6557,CC(=C)C=C,Active
6324,363904203,6557,CC(=C)C=C,Active
6325,363904208,9280,COC(=O)C(C1CCCCN1)C2=CC=CC=C2.Cl,Inactive
6326,363904208,9280,COC(=O)C(C1CCCCN1)C2=CC=CC=C2.Cl,Inactive
6327,363904208,9280,COC(=O)C(C1CCCCN1)C2=CC=CC=C2.Cl,Active
6328,363904208,9280,COC(=O)C(C1CCCCN1)C2=CC=CC=C2.Cl,Active
6329,363904216,4764,C1=CC=C2C(=C1)C(=O)OC2(C3=CC=C(C=C3)O)C4=CC=C(C=C4)O,Active
6330,363904216,4764,C1=CC=C2C(=C1)C(=O)OC2(C3=CC=C(C=C3)O)C4=CC=C(C=C4)O,Active
6331,363904216,4764,C1=CC=C2C(=C1)C(=O)OC2(C3=CC=C(C=C3)O)C4=CC=C(C=C4)O,Active
6332,363904216,4764,C1=CC=C2C(=C1)C(=O)OC2(C3=CC=C(C=C3)O)C4=CC=C(C=C4)O,Active
6333,363904226,8028,C1CCOC1,Active
6334,363904226,8028,C1CCOC1,Active
6335,363904226,8028,C1CCOC1,Inactive
6336,363904226,8028,C1CCOC1,Inactive
6337,363904226,8028,C1CCOC1,Active
6338,363904234,26177,C(C(CCl)OP(=O)(OC(CCl)CCl)OC(CCl)CCl)Cl,Active
6339,363904234,26177,C(C(CCl)OP(=O)(OC(CCl)CCl)OC(CCl)CCl)Cl,Active
6340,363904251,4628,CCN1C=C(C(=O)C2=CC3=C(C=C21)OCO3)C(=O)O,Active
6341,363904251,4628,CCN1C=C(C(=O)C2=CC3=C(C=C21)OCO3)C(=O)O,Inactive
6342,363904251,4628,CCN1C=C(C(=O)C2=CC3=C(C=C21)OCO3)C(=O)O,Inactive
6343,363904251,4628,CCN1C=C(C(=O)C2=CC3=C(C=C21)OCO3)C(=O)O,Inactive
6344,363904252,4539,CCN1C=C(C(=O)C2=CC(=C(C=C21)N3CCNCC3)F)C(=O)O,Inactive
6345,363904263,108211,CC1=CC=CC=C1C2=CC(=C(C=C2)NO)C,Active
6346,363904263,108211,CC1=CC=CC=C1C2=CC(=C(C=C2)NO)C,Active
6347,363904264,,,Inactive
6348,363904264,,,Inactive
6349,363904265,157354,C([C@@H]1[C@@H]([C@@H]([C@H]([C@@H](O1)O[C@H]([C@@H](CO)O)[C@@H]([C@H](CO)O)O)O)O)O)O.O.O,Inactive
6350,363904265,157354,C([C@@H]1[C@@H]([C@@H]([C@H]([C@@H](O1)O[C@H]([C@@H](CO)O)[C@@H]([C@H](CO)O)O)O)O)O)O.O.O,Inactive
6351,363904281,114983,C1=CC=C2C(=C1)C3=CC=CC4=C3C5=C2C6=C(C=C5C=C4)C(C(C=C6)O)O,Active
6352,363904282,125404,C1=CC=C2C(=C1)C=C3C(C(C4=CC=CC5=C4C3=C2C6=CC=CC=C56)O)O,Inactive
6353,363904285,96148,CN(C=O)N=O,Active
6354,363904285,96148,CN(C=O)N=O,Active
6355,363904285,96148,CN(C=O)N=O,Active
6356,363904285,96148,CN(C=O)N=O,Inactive
6357,363904294,108005,O.O.[O-][Cr](=O)(=O)O[Cr](=O)(=O)[O-].[Na+].[Na+],Active
6358,363904294,108005,O.O.[O-][Cr](=O)(=O)O[Cr](=O)(=O)[O-].[Na+].[Na+],Active
6359,363904294,108005,O.O.[O-][Cr](=O)(=O)O[Cr](=O)(=O)[O-].[Na+].[Na+],Active
6360,363904294,108005,O.O.[O-][Cr](=O)(=O)O[Cr](=O)(=O)[O-].[Na+].[Na+],Active
6361,363904378,28094,S=[Ni],Active
6362,363904381,38078,CC(C)N.C(C(=O)O)NCP(=O)(O)O,Inactive
6363,363904381,38078,CC(C)N.C(C(=O)O)NCP(=O)(O)O,Active
6364,363904460,104977,C1=CC2=C3C(=C1)C=CC4=C(C=CC(=C43)C=C2)CO,Inactive
6365,363904492,27492,C=COC(=O)N,Active
6366,363904492,27492,C=COC(=O)N,Active
6367,363904492,27492,C=COC(=O)N,Active
6368,363904492,27492,C=COC(=O)N,Inactive
6369,363904549,5461123,[Si],Active
6370,363904550,,,Inactive
6371,363904551,62395,O=[Zr]=O,Active
6372,363904551,62395,O=[Zr]=O,Active
6373,363904552,27488,C=C(C#N)C(=O)O,Active
6374,363904553,6335834,O.O[Si](O)(O)O.O[Si](O)(O)O.[Mg].[Mg].[Mg],Inactive
6375,363904554,9942228,O=[Al]O[Al]=O.O=[Si]=O,Active
6376,363904555,9989226,[O-2].[O-2].[O-2].[Al+3].[Al+3],Active
6377,363904555,9989226,[O-2].[O-2].[O-2].[Al+3].[Al+3],Active
6378,363904560,126865,CNC(=O)C1=C(N=CN1C)N(C)N=O,Active
6379,363904561,126866,CN1C=NC(=C1C(=O)N(C)N=O)N(C)N=O,Active
6380,363904601,7069270,C1CCN([C@@H](C1)C2=CN=CC=C2)N=O,Active
6381,363904602,105067,CN(C(CCCO)C1=CN=CC=C1)N=O,Inactive
6382,363904664,338,C1=CC=C(C(=C1)C(=O)O)O,Inactive
6383,363904664,338,C1=CC=C(C(=C1)C(=O)O)O,Inactive
6384,363904668,2733525,CC/C(=C(\C1=CC=CC=C1)/C2=CC=C(C=C2)OCCN(C)C)/C3=CC=CC=C3.C(C(=O)O)C(CC(=O)O)(C(=O)O)O,Active
6385,363904668,2733525,CC/C(=C(\C1=CC=CC=C1)/C2=CC=C(C=C2)OCCN(C)C)/C3=CC=CC=C3.C(C(=O)O)C(CC(=O)O)(C(=O)O)O,Inactive
6386,363904668,2733525,CC/C(=C(\C1=CC=CC=C1)/C2=CC=C(C=C2)OCCN(C)C)/C3=CC=CC=C3.C(C(=O)O)C(CC(=O)O)(C(=O)O)O,Inactive
6387,363904669,3005572,CN(C)CCOC1=CC=C(C=C1)/C(=C(/CCCl)\C2=CC=CC=C2)/C3=CC=CC=C3.C(C(=O)O)C(CC(=O)O)(C(=O)O)O,Inactive
6388,363904669,3005572,CN(C)CCOC1=CC=C(C=C1)/C(=C(/CCCl)\C2=CC=CC=C2)/C3=CC=CC=C3.C(C(=O)O)C(CC(=O)O)(C(=O)O)O,Inactive
6389,363904669,3005572,CN(C)CCOC1=CC=C(C=C1)/C(=C(/CCCl)\C2=CC=CC=C2)/C3=CC=CC=C3.C(C(=O)O)C(CC(=O)O)(C(=O)O)O,Inactive
6390,363904679,71157,CC1=C(C(=CC=C1)C)NC(=O)CN2CCCC2=O,Inactive
6391,363904679,71157,CC1=C(C(=CC=C1)C)NC(=O)CN2CCCC2=O,Inactive
6392,363904679,71157,CC1=C(C(=CC=C1)C)NC(=O)CN2CCCC2=O,Inactive
6393,363904679,71157,CC1=C(C(=CC=C1)C)NC(=O)CN2CCCC2=O,Inactive
6394,363904691,34457,C[C@]12C[C@@H]([C@H]3[C@H]([C@@H]1CC[C@@]2(C(=O)COC(=O)CCCC4=CC=C(C=C4)N(CCCl)CCCl)O)CCC5=CC(=O)C=C[C@]35C)O,Active
6395,363904692,65114,C1=NN(C(=O)N=C1N)[C@H]2[C@@H]([C@@H]([C@H](O2)CO)O)O,Inactive
6396,363904693,99681,C1N=C(NC(=O)N1[C@H]2[C@@H]([C@@H]([C@H](O2)CO)O)O)N,Inactive
6397,363904694,6369,C=C(F)F,Inactive
6398,363904694,6369,C=C(F)F,Inactive
6399,363904713,8259,C(C(Cl)(Cl)Cl)O,Inactive
6400,363904713,8259,C(C(Cl)(Cl)Cl)O,Inactive
6401,363904713,8259,C(C(Cl)(Cl)Cl)O,Inactive
6402,363904713,8259,C(C(Cl)(Cl)Cl)O,Inactive
6403,363904731,7859,C#CCO,Inactive
6404,363904731,7859,C#CCO,Inactive
6405,363904731,7859,C#CCO,Active
6406,363904731,7859,C#CCO,Active
6407,363904757,6433718,C1=C2C(=C(C(=C1Br)[O-])Br)OC3=C(C(=C(C=C3C24C5=C(C(=C(C(=C5Cl)Cl)Cl)Cl)C(=O)O4)Br)[O-])Br.[Na+].[Na+],Inactive
6408,363904757,6433718,C1=C2C(=C(C(=C1Br)[O-])Br)OC3=C(C(=C(C=C3C24C5=C(C(=C(C(=C5Cl)Cl)Cl)Cl)C(=O)O4)Br)[O-])Br.[Na+].[Na+],Inactive
6409,363904773,30773,CCNC1=NC(=NC(=N1)Cl)NC(C)(C)C#N,Inactive
6410,363904773,30773,CCNC1=NC(=NC(=N1)Cl)NC(C)(C)C#N,Inactive
6411,363904773,30773,CCNC1=NC(=NC(=N1)Cl)NC(C)(C)C#N,Inactive
6412,363904774,6327054,C1CCC(CC1)[Sn](C2CCCCC2)C3CCCCC3.O,Inactive
6413,363904774,6327054,C1CCC(CC1)[Sn](C2CCCCC2)C3CCCCC3.O,Inactive
6414,363904791,119263,CN1C(=CN=C1C2=NOC3C2CCCC3)[N+](=O)[O-],Active
6415,363904792,24856,[O-]S(=O)(=O)[O-].[O-]S(=O)(=O)[O-].[Al+3].[K+],Inactive
6416,363904792,24856,[O-]S(=O)(=O)[O-].[O-]S(=O)(=O)[O-].[Al+3].[K+],Inactive
6417,363904792,24856,[O-]S(=O)(=O)[O-].[O-]S(=O)(=O)[O-].[Al+3].[K+],Inactive
6418,363904792,24856,[O-]S(=O)(=O)[O-].[O-]S(=O)(=O)[O-].[Al+3].[K+],Inactive
6419,363904793,61300,C(C(=O)[O-])C(CC(=O)[O-])(C(=O)[O-])O.[Fe+3],Inactive
6420,363904793,61300,C(C(=O)[O-])C(CC(=O)[O-])(C(=O)[O-])O.[Fe+3],Inactive
6421,363904794,93038,CC1CC(CC(C1)(OOC(C)(C)C)OOC(C)(C)C)(C)C,Inactive
6422,363904794,93038,CC1CC(CC(C1)(OOC(C)(C)C)OOC(C)(C)C)(C)C,Inactive
6423,363904795,21492,C(COC(=O)N)O,Active
6424,363904796,15142,CN1C2=CC=CC=C2C3=CC=CC=C31,Inactive
6425,363904796,15142,CN1C2=CC=CC=C2C3=CC=CC=C31,Inactive
6426,363904797,6836,CCN1C2=CC=CC=C2C3=CC=CC=C31,Inactive
6427,363904797,6836,CCN1C2=CC=CC=C2C3=CC=CC=C31,Inactive
6428,363904798,23679527,CC(C)N1C2=CC=CC=C2C(=C1/C=C/[C@@H](C[C@@H](CC(=O)[O-])O)O)C3=CC=C(C=C3)F.[Na+],Active
6429,363904798,23679527,CC(C)N1C2=CC=CC=C2C(=C1/C=C/[C@@H](C[C@@H](CC(=O)[O-])O)O)C3=CC=C(C=C3)F.[Na+],Inactive
6430,363904798,23679527,CC(C)N1C2=CC=CC=C2C(=C1/C=C/[C@@H](C[C@@H](CC(=O)[O-])O)O)C3=CC=C(C=C3)F.[Na+],Inactive
6431,363904798,23679527,CC(C)N1C2=CC=CC=C2C(=C1/C=C/[C@@H](C[C@@H](CC(=O)[O-])O)O)C3=CC=C(C=C3)F.[Na+],Inactive
6432,363904798,23679527,CC(C)N1C2=CC=CC=C2C(=C1/C=C/[C@@H](C[C@@H](CC(=O)[O-])O)O)C3=CC=C(C=C3)F.[Na+],Inactive
6433,363904798,23679527,CC(C)N1C2=CC=CC=C2C(=C1/C=C/[C@@H](C[C@@H](CC(=O)[O-])O)O)C3=CC=C(C=C3)F.[Na+],Inactive
6434,363904798,23679527,CC(C)N1C2=CC=CC=C2C(=C1/C=C/[C@@H](C[C@@H](CC(=O)[O-])O)O)C3=CC=C(C=C3)F.[Na+],Inactive
6435,363904798,23679527,CC(C)N1C2=CC=CC=C2C(=C1/C=C/[C@@H](C[C@@H](CC(=O)[O-])O)O)C3=CC=C(C=C3)F.[Na+],Inactive
6436,363904798,23679527,CC(C)N1C2=CC=CC=C2C(=C1/C=C/[C@@H](C[C@@H](CC(=O)[O-])O)O)C3=CC=C(C=C3)F.[Na+],Active
6437,363904798,23679527,CC(C)N1C2=CC=CC=C2C(=C1/C=C/[C@@H](C[C@@H](CC(=O)[O-])O)O)C3=CC=C(C=C3)F.[Na+],Inactive
6438,363904798,23679527,CC(C)N1C2=CC=CC=C2C(=C1/C=C/[C@@H](C[C@@H](CC(=O)[O-])O)O)C3=CC=C(C=C3)F.[Na+],Inactive
6439,363904798,23679527,CC(C)N1C2=CC=CC=C2C(=C1/C=C/[C@@H](C[C@@H](CC(=O)[O-])O)O)C3=CC=C(C=C3)F.[Na+],Inactive
6440,363904798,23679527,CC(C)N1C2=CC=CC=C2C(=C1/C=C/[C@@H](C[C@@H](CC(=O)[O-])O)O)C3=CC=C(C=C3)F.[Na+],Inactive
6441,363904798,23679527,CC(C)N1C2=CC=CC=C2C(=C1/C=C/[C@@H](C[C@@H](CC(=O)[O-])O)O)C3=CC=C(C=C3)F.[Na+],Inactive
6442,363904798,23679527,CC(C)N1C2=CC=CC=C2C(=C1/C=C/[C@@H](C[C@@H](CC(=O)[O-])O)O)C3=CC=C(C=C3)F.[Na+],Active
6443,363904798,23679527,CC(C)N1C2=CC=CC=C2C(=C1/C=C/[C@@H](C[C@@H](CC(=O)[O-])O)O)C3=CC=C(C=C3)F.[Na+],Inactive
6444,363904805,9064,C1[C@@H]([C@H](OC2=CC(=CC(=C21)O)O)C3=CC(=C(C=C3)O)O)O,Active
6445,363904805,9064,C1[C@@H]([C@H](OC2=CC(=CC(=C21)O)O)C3=CC(=C(C=C3)O)O)O,Active
6446,363904834,24500,O[As](=O)([O-])[O-].[Na+].[Na+],Inactive
6447,363904834,24500,O[As](=O)([O-])[O-].[Na+].[Na+],Inactive
6448,363904877,5283344,CCCCCC(/C=C/C=O)O,Inactive
6449,363904877,5283344,CCCCCC(/C=C/C=O)O,Inactive
6450,363904878,21845,C1CN(CCN1)N=O,Active
6451,363904879,8819,C1CN(CCN1N=O)N=O,Active
6452,363904880,33743,C1=CC2=C3C(=C1)C=C4C=CC5=C4C3=C(C=C2)C=C5,Active
6453,363904880,33743,C1=CC2=C3C(=C1)C=C4C=CC5=C4C3=C(C=C2)C=C5,Active
6454,363904880,33743,C1=CC2=C3C(=C1)C=C4C=CC5=C4C3=C(C=C2)C=C5,Active
6455,363904881,19212,C[C@@H]([C@H]1CC[C@@]2([C@@]1(CC[C@H]3C2=CC(=O)[C@H]4[C@@]3(C[C@@H]([C@@H](C4)O)O)C)C)O)[C@@H](CCC(C)(C)O)O,Active
6456,363904881,19212,C[C@@H]([C@H]1CC[C@@]2([C@@]1(CC[C@H]3C2=CC(=O)[C@H]4[C@@]3(C[C@@H]([C@@H](C4)O)O)C)C)O)[C@@H](CCC(C)(C)O)O,Active
6457,363904882,35702,CC1=CC2=C3C(=CC=C2)C4=CC=CC=C4C3=C1,Active
6458,363904882,35702,CC1=CC2=C3C(=CC=C2)C4=CC=CC=C4C3=C1,Active
6459,363904883,15565,CC1=C2C=CC=C3C2=C(C=C1)C4=CC=CC=C43,Inactive
6460,363904883,15565,CC1=C2C=CC=C3C2=C(C=C1)C4=CC=CC=C43,Active
6461,363904927,2328,CC(C)N1C(=O)C2=CC=CC=C2NS1(=O)=O,Inactive
6462,363904927,2328,CC(C)N1C(=O)C2=CC=CC=C2NS1(=O)=O,Inactive
6463,363904927,2328,CC(C)N1C(=O)C2=CC=CC=C2NS1(=O)=O,Active
6464,363904927,2328,CC(C)N1C(=O)C2=CC=CC=C2NS1(=O)=O,Inactive
6465,363905002,22932,CCCCC(CC)COC(=O)C1=CC=C(C=C1)C(=O)OCC(CC)CCCC,Inactive
6466,363905002,22932,CCCCC(CC)COC(=O)C1=CC=C(C=C1)C(=O)OCC(CC)CCCC,Inactive
6467,363905022,2724063,C1=CC2=C(C=C1S(=O)(=O)[O-])C(=C(C=C2[N+](=O)[O-])[N+](=O)[O-])[O-].[Na+].[Na+],Inactive
6468,363905022,2724063,C1=CC2=C(C=C1S(=O)(=O)[O-])C(=C(C=C2[N+](=O)[O-])[N+](=O)[O-])[O-].[Na+].[Na+],Inactive
6469,363905023,6680,CC1=CC=C(C=C1)NC2=C3C(=C(C=C2)O)C(=O)C4=CC=CC=C4C3=O,Inactive
6470,363905023,6680,CC1=CC=C(C=C1)NC2=C3C(=C(C=C2)O)C(=O)C4=CC=CC=C4C3=O,Inactive
6471,363905024,62331,C1=CC=C(C=C1)N=NC2=CC=C(C=C2)N=NC3=C(C=CC4=CC=CC=C43)O,Inactive
6472,363905024,62331,C1=CC=C(C=C1)N=NC2=CC=C(C=C2)N=NC3=C(C=CC4=CC=CC=C43)O,Inactive
6473,363905025,135487685,C1=CC=C2C(=C1)C=CC(=C2S(=O)(=O)[O-])N=NC3=C(C(=CC4=CC=CC=C43)C(=O)O)[O-].[Ca+2],Inactive
6474,363905025,135487685,C1=CC=C2C(=C1)C=CC(=C2S(=O)(=O)[O-])N=NC3=C(C(=CC4=CC=CC=C43)C(=O)O)[O-].[Ca+2],Inactive
6475,363905026,16850,C1=CC=C2C(=C1)C(=O)OC23C4=C(C=C(C=C4)O)OC5=C3C=CC(=C5)O,Inactive
6476,363905026,16850,C1=CC=C2C(=C1)C(=O)OC23C4=C(C=C(C=C4)O)OC5=C3C=CC(=C5)O,Inactive
6477,363905027,157355,C([C@@H]1[C@@H]([C@@H]([C@H]([C@@H](O1)O[C@H]([C@@H](CO)O)[C@@H]([C@H](CO)O)O)O)O)O)O,Active
6478,363905027,157355,C([C@@H]1[C@@H]([C@@H]([C@H]([C@@H](O1)O[C@H]([C@@H](CO)O)[C@@H]([C@H](CO)O)O)O)O)O)O,Inactive
6479,363905028,3037558,C([C@@H]1[C@@H]([C@@H]([C@H]([C@@H](O1)O[C@H]([C@@H](CO)O)[C@@H]([C@H](C=O)O)O)O)O)O)O,Active
6480,363905028,3037558,C([C@@H]1[C@@H]([C@@H]([C@H]([C@@H](O1)O[C@H]([C@@H](CO)O)[C@@H]([C@H](C=O)O)O)O)O)O)O,Inactive
6481,363905029,147300,CC(C)(C)C1=C(C(=CC(=C1)[N+](=O)[O-])[N+](=O)[O-])OS(=O)(=O)C,Inactive
6482,363905029,147300,CC(C)(C)C1=C(C(=CC(=C1)[N+](=O)[O-])[N+](=O)[O-])OS(=O)(=O)C,Inactive
6483,363905030,5284403,CCN(CC)CCCNC(=O)CN1C(=C(C=N1)C2=CC=CC=C2)C3=CC=CC=C3.C(=C/C(=O)O)\C(=O)O,Inactive
6484,363905030,5284403,CCN(CC)CCCNC(=O)CN1C(=C(C=N1)C2=CC=CC=C2)C3=CC=CC=C3.C(=C/C(=O)O)\C(=O)O,Inactive
6485,363905031,,,Inactive
6486,363905031,,,Inactive
6487,363905032,9416,CCCCCCC(=O)O[C@H]1CC[C@@H]2[C@@]1(CC[C@H]3[C@H]2CCC4=CC(=O)CC[C@]34C)C,Active
6488,363905032,9416,CCCCCCC(=O)O[C@H]1CC[C@@H]2[C@@]1(CC[C@H]3[C@H]2CCC4=CC(=O)CC[C@]34C)C,Inactive
6489,363905033,3476,CCC1=C(CN(C1=O)C(=O)NCCC2=CC=C(C=C2)S(=O)(=O)NC(=O)NC3CCC(CC3)C)C,Inactive
6490,363905033,3476,CCC1=C(CN(C1=O)C(=O)NCCC2=CC=C(C=C2)S(=O)(=O)NC(=O)NC3CCC(CC3)C)C,Inactive
6491,363905033,3476,CCC1=C(CN(C1=O)C(=O)NCCC2=CC=C(C=C2)S(=O)(=O)NC(=O)NC3CCC(CC3)C)C,Inactive
6492,363905033,3476,CCC1=C(CN(C1=O)C(=O)NCCC2=CC=C(C=C2)S(=O)(=O)NC(=O)NC3CCC(CC3)C)C,Inactive
6493,363905034,20056604,CC(=O)NC1=C(C(=C(C(=C1I)C(=O)N[C@@H](C=O)[C@H]([C@@H]([C@@H](CO)O)O)O)I)N(C)C(=O)C)I,Active
6494,363905035,13709,COC1=NN(C(=O)S1)CSP(=S)(OC)OC,Inactive
6495,363905035,13709,COC1=NN(C(=O)S1)CSP(=S)(OC)OC,Inactive
6496,363905043,5484006,C1=CC(=C(C=C1C2=C(C(=O)C3=C(C=C(C=C3O2)O)O)O[C@H]4[C@@H]([C@H]([C@H](O4)[C@@H](CO)O)O)O)O)O,Inactive
6497,363905043,5484006,C1=CC(=C(C=C1C2=C(C(=O)C3=C(C=C(C=C3O2)O)O)O[C@H]4[C@@H]([C@H]([C@H](O4)[C@@H](CO)O)O)O)O)O,Inactive
6498,363905094,2730,CCOP(=S)(OCC)OC1=NC(=C(C=C1Cl)Cl)Cl,Inactive
6499,363905094,2730,CCOP(=S)(OCC)OC1=NC(=C(C=C1Cl)Cl)Cl,Inactive
6500,363905094,2730,CCOP(=S)(OCC)OC1=NC(=C(C=C1Cl)Cl)Cl,Inactive
6501,363905094,2730,CCOP(=S)(OCC)OC1=NC(=C(C=C1Cl)Cl)Cl,Inactive
6502,363905108,39230,COC(=O)C1=C(C=CC(=C1)OC2=C(C=C(C=C2)Cl)Cl)[N+](=O)[O-],Inactive
6503,363905108,39230,COC(=O)C1=C(C=CC(=C1)OC2=C(C=C(C=C2)Cl)Cl)[N+](=O)[O-],Inactive
6504,363905108,39230,COC(=O)C1=C(C=CC(=C1)OC2=C(C=C(C=C2)Cl)Cl)[N+](=O)[O-],Inactive
6505,363905108,39230,COC(=O)C1=C(C=CC(=C1)OC2=C(C=C(C=C2)Cl)Cl)[N+](=O)[O-],Active
6506,363905113,14500,C1CCC(=NO)C1,Inactive
6507,363905129,,,Active
6508,363905149,11954041,C[C@]12C[C@@H]([C@H]3[C@H]([C@@H]1CC[C@]2(C#C)O)CCC4=C3C=CC(=C4)O)OC,Active
6509,363905150,115116,C[C@]12CC[C@H]3[C@H]([C@@H]1C[C@H](C2=O)O)CCC4=C3C=CC(=C4)O,Active
6510,363905151,68568,C[C@]12C[C@@H]([C@H]3[C@H]([C@@H]1CC[C@@H]2O)CCC4=C3C=CC(=C4)O)OC,Active
6511,363905152,23619914,C[C@H]1C[C@]2([C@@H](CC[C@@H]2O)[C@H]3[C@H]1C4=C(CC3)C=C(C=C4)O)C,Inactive
6512,363905153,68570,C[C@]12CC[C@H]3[C@H]([C@@H]1CC[C@H]2O)CCC4=C3C=CC(=C4)O,Inactive
6513,363905154,5888,C[C@@]12CCC[C@H]1[C@@H]3CCC4=C([C@H]3CC2)C=CC(=C4)O,Inactive
6514,363905155,114716,CCC1C2=C(C=C(C=C2)O)C(=C1C3=CC=C(C=C3)O)C,Active
6515,363905156,156224,CCC1C(C(C2=C1C=CC(=C2)O)C)C3=CC=C(C=C3)O,Inactive
6516,363905157,23676225,C[C@]12CC[C@H]3C(=CCC4=C3C=CC(=C4)OS(=O)(=O)[O-])[C@@H]1CCC2=O.[Na+],Active
6517,363905158,15586,CC(F)(Cl)Cl,Active
6518,363905158,15586,CC(F)(Cl)Cl,Inactive
6519,363905159,1031,CCCO,Inactive
6520,363905159,1031,CCCO,Inactive
6521,363905159,1031,CCCO,Inactive
6522,363905159,1031,CCCO,Inactive
6523,363905159,1031,CCCO,Inactive
6524,363905159,1031,CCCO,Inactive
6525,363905159,1031,CCCO,Inactive
6526,363905160,3446,C1CCC(CC1)(CC(=O)O)CN,Active
6527,363905160,3446,C1CCC(CC1)(CC(=O)O)CN,Inactive
6528,363905161,3365,C1=CC(=C(C=C1F)F)C(CN2C=NC=N2)(CN3C=NC=N3)O,Active
6529,363905161,3365,C1=CC(=C(C=C1F)F)C(CN2C=NC=N2)(CN3C=NC=N3)O,Inactive
6530,363905162,5282443,CC1=CC=C(C=C1)/C(=C\CN2CCCC2)/C3=CC=CC=N3,Inactive
6531,363905162,5282443,CC1=CC=C(C=C1)/C(=C\CN2CCCC2)/C3=CC=CC=N3,Inactive
6532,363905163,6339,C=CF,Active
6533,363905163,6339,C=CF,Active
6534,363905163,6339,C=CF,Active
6535,363905163,6339,C=CF,Active
6536,363905164,13129,C(C(F)(F)F)F,Active
6537,363905164,13129,C(C(F)(F)F)F,Inactive
6538,363905164,13129,C(C(F)(F)F)F,Inactive
6539,363905164,13129,C(C(F)(F)F)F,Inactive
6540,363905164,13129,C(C(F)(F)F)F,Inactive
6541,363905164,13129,C(C(F)(F)F)F,Inactive
6542,363905165,5284472,CC1=CC=C(C=C1)/C(=C\CN2CCCC2)/C3=CC=CC=N3.O.Cl,Inactive
6543,363905165,5284472,CC1=CC=C(C=C1)/C(=C\CN2CCCC2)/C3=CC=CC=N3.O.Cl,Inactive
6544,363905166,9385,C(C(F)(F)F)(Cl)Cl,Active
6545,363905166,9385,C(C(F)(F)F)(Cl)Cl,Active
6546,363905177,,,Inactive
6547,363905178,5484182,C1=CC(=C(C=C1[N+](=O)[O-])N)NC(CO)(CO)CO,Active
6548,363905178,5484182,C1=CC(=C(C=C1[N+](=O)[O-])N)NC(CO)(CO)CO,Inactive
6549,363905185,297,C,Active
6550,363905185,297,C,Inactive
6551,363905185,297,C,Active
6552,363905185,297,C,Active
6553,363905185,297,C,Active
6554,363905185,297,C,Inactive
6555,363905186,5284442,C1=CC=C(C=C1)/C(=C\CCCCC(=O)O)/C2=CN=CC=C2,Inactive
6556,363905186,5284442,C1=CC=C(C=C1)/C(=C\CCCCC(=O)O)/C2=CN=CC=C2,Inactive
6557,363905186,5284442,C1=CC=C(C=C1)/C(=C\CCCCC(=O)O)/C2=CN=CC=C2,Inactive
6558,363905186,5284442,C1=CC=C(C=C1)/C(=C\CCCCC(=O)O)/C2=CN=CC=C2,Inactive
6559,363905188,34007,[O-]S(=O)(=O)[O-].O=[V+2],Inactive
6560,363905188,34007,[O-]S(=O)(=O)[O-].O=[V+2],Inactive
6561,363905189,56841016,C(=O)(C(=O)[O-])[O-].C(=O)(C(=O)[O-])[O-].O=[Ti+2].[K+].[K+],Inactive
6562,363905189,56841016,C(=O)(C(=O)[O-])[O-].C(=O)(C(=O)[O-])[O-].O=[Ti+2].[K+].[K+],Inactive
6563,363905190,10980,CC(=O)[O-].CC(=O)[O-].[Ba+2],Inactive
6564,363905190,10980,CC(=O)[O-].CC(=O)[O-].[Ba+2],Inactive
6565,363905191,16682934,CC(=O)O[Hg]C,Inactive
6566,363905191,16682934,CC(=O)O[Hg]C,Inactive
6567,363905220,127824,C1=CC(=CC=C1C(=O)O)N=NC2=CC(=C(C=C2)O)C(=O)O,Inactive
6568,363905220,127824,C1=CC(=CC=C1C(=O)O)N=NC2=CC(=C(C=C2)O)C(=O)O,Inactive
6569,363905220,127824,C1=CC(=CC=C1C(=O)O)N=NC2=CC(=C(C=C2)O)C(=O)O,Inactive
6570,363905220,127824,C1=CC(=CC=C1C(=O)O)N=NC2=CC(=C(C=C2)O)C(=O)O,Inactive
6571,363905334,164497,C1=CC=C2C(=C1)C3=CC=CC4=C3C5=C2C6=C(C=C5C=C4)[C@H]([C@@H]([C@H]7[C@@H]6O7)O)O,Active
6572,363905334,164497,C1=CC=C2C(=C1)C3=CC=CC4=C3C5=C2C6=C(C=C5C=C4)[C@H]([C@@H]([C@H]7[C@@H]6O7)O)O,Active
6573,363905334,164497,C1=CC=C2C(=C1)C3=CC=CC4=C3C5=C2C6=C(C=C5C=C4)[C@H]([C@@H]([C@H]7[C@@H]6O7)O)O,Active
6574,363905334,164497,C1=CC=C2C(=C1)C3=CC=CC4=C3C5=C2C6=C(C=C5C=C4)[C@H]([C@@H]([C@H]7[C@@H]6O7)O)O,Active
6575,363905334,164497,C1=CC=C2C(=C1)C3=CC=CC4=C3C5=C2C6=C(C=C5C=C4)[C@H]([C@@H]([C@H]7[C@@H]6O7)O)O,Active
6576,363905334,164497,C1=CC=C2C(=C1)C3=CC=CC4=C3C5=C2C6=C(C=C5C=C4)[C@H]([C@@H]([C@H]7[C@@H]6O7)O)O,Active
6577,363905334,164497,C1=CC=C2C(=C1)C3=CC=CC4=C3C5=C2C6=C(C=C5C=C4)[C@H]([C@@H]([C@H]7[C@@H]6O7)O)O,Active
6578,363905334,164497,C1=CC=C2C(=C1)C3=CC=CC4=C3C5=C2C6=C(C=C5C=C4)[C@H]([C@@H]([C@H]7[C@@H]6O7)O)O,Active
6579,363905388,57363,C[C@]12CC[C@H]3[C@H]([C@@H]1CC[C@@H]2C(=O)NC(C)(C)C)CC[C@@H]4[C@@]3(C=CC(=O)N4)C,Active
6580,363905389,3036234,CC1=NC=C(C(=N1)N)CN(C=O)/C(=C(/CCOC(=O)C2=CC=CC=C2)\SC(=O)C3=CC=CC=C3)/C.Cl,Inactive
6581,363905389,3036234,CC1=NC=C(C(=N1)N)CN(C=O)/C(=C(/CCOC(=O)C2=CC=CC=C2)\SC(=O)C3=CC=CC=C3)/C.Cl,Inactive
6582,363905390,77577,CC(C)(C(C)(C)[N+](=O)[O-])[N+](=O)[O-],Inactive
6583,363905406,,,Inactive
6584,363905407,151996,C(CNCC(=O)[O-])NCC(=O)[O-].C(CNCC(=O)[O-])NCC(=O)[O-].C(CNCC(=O)[O-])NCC(=O)[O-].[Fe+3].[Fe+3],Active
6585,363905458,74191,C1=C(OC(=C1)C=O)CCl,Active
6586,363905463,,,Inactive
6587,363905463,,,Inactive
6588,363905503,,,Active
6589,363905503,,,Active
6590,363905504,44148075,C1C2=CC=CC3=C2C4=C(C=C3)C5=C(C=C41)C(C(C6C5O6)O)O,Active
6591,363905504,44148075,C1C2=CC=CC3=C2C4=C(C=C3)C5=C(C=C41)C(C(C6C5O6)O)O,Active
6592,363905505,5284371,CN1CC[C@]23[C@@H]4[C@H]1CC5=C2C(=C(C=C5)OC)O[C@H]3[C@H](C=C4)O,Inactive
6593,363905505,5284371,CN1CC[C@]23[C@@H]4[C@H]1CC5=C2C(=C(C=C5)OC)O[C@H]3[C@H](C=C4)O,Inactive
6594,363905505,5284371,CN1CC[C@]23[C@@H]4[C@H]1CC5=C2C(=C(C=C5)OC)O[C@H]3[C@H](C=C4)O,Inactive
6595,363905505,5284371,CN1CC[C@]23[C@@H]4[C@H]1CC5=C2C(=C(C=C5)OC)O[C@H]3[C@H](C=C4)O,Inactive
6596,363905529,,,Active
6597,363905530,25199732,S=[Ni].S=[Ni].[Ni],Active
6598,363905531,62394,[Ni]=[Se],Active
6599,363905532,,,Active
6600,363905533,62780,[Ni]=[Te],Active
6601,363905534,,,Active
6602,363905535,62391,[Ni]#[As],Inactive
6603,363905536,,,Active
6604,363905537,62391,[Ni]#[As],Active
6605,363905538,61553,[Ni]#[Sb],Active
6606,363905539,197200,[S-2].[S-2].[S-2].[S-2].[Fe+3].[Ni+2].[Ni+2].[Ni+2].[Ni+2],Active
6607,363905540,10080372,[Fe].[Ni],Inactive
6608,363905541,,,Inactive
6609,363905542,61767,[O-][Cr](=O)(=O)[O-].[Ni+2],Inactive
6610,363905543,9570246,CN(/C(=N/[N+](=O)[O-])/N)[N+](=O)[O-],Inactive
6611,363905545,2247,COC1=CC=C(C=C1)CCN2CCC(CC2)NC3=NC4=CC=CC=C4N3CC5=CC=C(C=C5)F,Inactive
6612,363905545,2247,COC1=CC=C(C=C1)CCN2CCC(CC2)NC3=NC4=CC=CC=C4N3CC5=CC=C(C=C5)F,Inactive
6613,363905545,2247,COC1=CC=C(C=C1)CCN2CCC(CC2)NC3=NC4=CC=CC=C4N3CC5=CC=C(C=C5)F,Inactive
6614,363905545,2247,COC1=CC=C(C=C1)CCN2CCC(CC2)NC3=NC4=CC=CC=C4N3CC5=CC=C(C=C5)F,Inactive
6615,363905546,15413,CC(C)(C)OC,Active
6616,363905546,15413,CC(C)(C)OC,Active
6617,363905546,15413,CC(C)(C)OC,Inactive
6618,363905546,15413,CC(C)(C)OC,Active
6619,363905546,15413,CC(C)(C)OC,Active
6620,363905546,15413,CC(C)(C)OC,Inactive
6621,363905546,15413,CC(C)(C)OC,Active
6622,363905546,15413,CC(C)(C)OC,Active
6623,363905548,114862,C[C@]12CC[C@H]3[C@H]([C@@H]1CCC2=O)CCC4=C3C=CC(=O)C4=O,Inactive
6624,363905586,12433,C(C(=O)O)(Br)Br,Active
6625,363905586,12433,C(C(=O)O)(Br)Br,Active
6626,363905586,12433,C(C(=O)O)(Br)Br,Active
6627,363905586,12433,C(C(=O)O)(Br)Br,Active
6628,363905625,5280961,C1=CC(=CC=C1C2=COC3=CC(=CC(=C3C2=O)O)O)O,Inactive
6629,363905625,5280961,C1=CC(=CC=C1C2=COC3=CC(=CC(=C3C2=O)O)O)O,Inactive
6630,363905625,5280961,C1=CC(=CC=C1C2=COC3=CC(=CC(=C3C2=O)O)O)O,Inactive
6631,363905625,5280961,C1=CC(=CC=C1C2=COC3=CC(=CC(=C3C2=O)O)O)O,Inactive
6632,363905625,5280961,C1=CC(=CC=C1C2=COC3=CC(=CC(=C3C2=O)O)O)O,Inactive
6633,363905625,5280961,C1=CC(=CC=C1C2=COC3=CC(=CC(=C3C2=O)O)O)O,Inactive
6634,363905637,154823,CC1=C2CC(C3=C2C(=CC4=C3C=CC5=CC=CC=C54)C=C1)OS(=O)(=O)O,Active
6635,363905652,93296,C1=CC(=CC=C1N)N(CCO)CCO.OS(=O)(=O)O,Inactive
6636,363905652,93296,C1=CC(=CC=C1N)N(CCO)CCO.OS(=O)(=O)O,Inactive
6637,363905653,,,Inactive
6638,363905653,,,Inactive
6639,363905654,107999,CN1C=C(C2=CC=CC=C21)C(=O)[C@@H]3CCC4=C(C3)NC=N4.Cl,Inactive
6640,363905654,107999,CN1C=C(C2=CC=CC=C21)C(=O)[C@@H]3CCC4=C(C3)NC=N4.Cl,Inactive
6641,363905654,107999,CN1C=C(C2=CC=CC=C21)C(=O)[C@@H]3CCC4=C(C3)NC=N4.Cl,Inactive
6642,363905654,107999,CN1C=C(C2=CC=CC=C21)C(=O)[C@@H]3CCC4=C(C3)NC=N4.Cl,Inactive
6643,363905655,5281233,C/C(=C\C=C\C=C(\C=C\C=C(\C(=O)O[C@@H]1O[C@@H]([C@H]([C@@H]([C@H]1O)O)O)CO[C@@H]2O[C@@H]([C@H]([C@@H]([C@H]2O)O)O)CO)/C)/C)/C=C/C=C(/C(=O)O[C@@H]3O[C@@H]([C@H]([C@@H]([C@H]3O)O)O)CO[C@@H]4O[C@@H]([C@H]([C@@H]([C@H]4O)O)O)CO)\C,Inactive
6644,363905655,5281233,C/C(=C\C=C\C=C(\C=C\C=C(\C(=O)O[C@@H]1O[C@@H]([C@H]([C@@H]([C@H]1O)O)O)CO[C@@H]2O[C@@H]([C@H]([C@@H]([C@H]2O)O)O)CO)/C)/C)/C=C/C=C(/C(=O)O[C@@H]3O[C@@H]([C@H]([C@@H]([C@H]3O)O)O)CO[C@@H]4O[C@@H]([C@H]([C@@H]([C@H]4O)O)O)CO)\C,Inactive
6645,363905677,47326,CC1(C(C1(C)C)C(=O)OC(C#N)C2=CC(=CC=C2)OC3=CC=CC=C3)C,Inactive
6646,363905677,47326,CC1(C(C1(C)C)C(=O)OC(C#N)C2=CC(=CC=C2)OC3=CC=CC=C3)C,Inactive
6647,363905677,47326,CC1(C(C1(C)C)C(=O)OC(C#N)C2=CC(=CC=C2)OC3=CC=CC=C3)C,Inactive
6648,363905677,47326,CC1(C(C1(C)C)C(=O)OC(C#N)C2=CC(=CC=C2)OC3=CC=CC=C3)C,Inactive
6649,363905688,8301,C(=C(F)F)(F)F,Active
6650,363905688,8301,C(=C(F)F)(F)F,Active
6651,363905688,8301,C(=C(F)F)(F)F,Active
6652,363905688,8301,C(=C(F)F)(F)F,Active
6653,363905738,6928,CCC1=CC(=C(C(=C1)C(C)(C)C)O)CC2=C(C(=CC(=C2)CC)C(C)(C)C)O,Inactive
6654,363905738,6928,CCC1=CC(=C(C(=C1)C(C)(C)C)O)CC2=C(C(=CC(=C2)CC)C(C)(C)C)O,Unspecified
6655,363905739,,,Active
6656,363905751,40024,CC1=C[C@@H]2[C@]([C@@H](C1=O)O)([C@]3(C[C@H]([C@H]([C@@]34CO4)O2)O)C)CO,Inactive
6657,363905751,40024,CC1=C[C@@H]2[C@]([C@@H](C1=O)O)([C@]3(C[C@H]([C@H]([C@@]34CO4)O2)O)C)CO,Inactive
6658,363905752,61819,C(C(=O)[O-])N(CC(=O)[O-])CC(=O)[O-].[Cu+2],Active
6659,363905753,,,Inactive
6660,363905754,,,Active
6661,363905755,,,Inactive
6662,363905756,,,Active
6663,363905757,,,Active
6664,363905758,,,Active
6665,363905759,,,Active
6666,363905759,,,Inactive
6667,363905759,,,Active
6668,363905759,,,Active
6669,363905760,,,Active
6670,363905761,,,Active
6671,363905762,,,Inactive
6672,363905763,9863,[C-]#[Si+],Active
6673,363905763,9863,[C-]#[Si+],Active
6674,363905764,517335,C1=C(NC=N1)CC(C(=O)O)N.O.Cl,Inactive
6675,363905764,517335,C1=C(NC=N1)CC(C(=O)O)N.O.Cl,Inactive
6676,363905814,154830,CCCC(=O)CN(C)N=O,Active
6677,363905814,154830,CCCC(=O)CN(C)N=O,Active
6678,363905851,222285,C([C@H]([C@H](CO)O)O)O,Inactive
6679,363905851,222285,C([C@H]([C@H](CO)O)O)O,Inactive
6680,363905851,222285,C([C@H]([C@H](CO)O)O)O,Inactive
6681,363905851,222285,C([C@H]([C@H](CO)O)O)O,Inactive
6682,363905866,,,Inactive
6683,363905867,23672344,C([C@@H](C(=O)[O-])N)C(=O)O.[Na+],Inactive
6684,363905867,23672344,C([C@@H](C(=O)[O-])N)C(=O)O.[Na+],Inactive
6685,363905871,148165,CCN(CC)CC#CC(C)(C)OC(=O)C(C1CCCCC1)(C2=CC=CC=C2)O.Cl,Inactive
6686,363905871,148165,CCN(CC)CC#CC(C)(C)OC(=O)C(C1CCCCC1)(C2=CC=CC=C2)O.Cl,Inactive
6687,363905871,148165,CCN(CC)CC#CC(C)(C)OC(=O)C(C1CCCCC1)(C2=CC=CC=C2)O.Cl,Inactive
6688,363905871,148165,CCN(CC)CC#CC(C)(C)OC(=O)C(C1CCCCC1)(C2=CC=CC=C2)O.Cl,Inactive
6689,363905872,,,Active
6690,363905872,,,Inactive
6691,363905875,446925,CC(=CCC/C(=C/C=C/C(=C/C=C/C(=C/C=C/C=C(/C=C/C=C(/C=C/C=C(/CCC=C(C)C)\C)\C)\C)/C)/C)/C)C,Inactive
6692,363905877,590836,CC(C)CCCCCCOC(=O)C1=CC=CC=C1C(=O)OCCCCCCC(C)C,Inactive
6693,363905877,590836,CC(C)CCCCCCOC(=O)C1=CC=CC=C1C(=O)OCCCCCCC(C)C,Inactive
6694,363905949,90547,C1=CC(=CC=C1C(=O)O)NN.Cl,Inactive
6695,363906038,124682,C1C(O1)OC2=CC=C(C=C2)[N+](=O)[O-],Active
6696,363906056,65869,C1=CC(=CC=C1S(=O)(=O)NC=NCCSCC2=CSC(=N2)N=C(N)N)Br,Inactive
6697,363906056,65869,C1=CC(=CC=C1S(=O)(=O)NC=NCCSCC2=CSC(=N2)N=C(N)N)Br,Inactive
6698,363906056,65869,C1=CC(=CC=C1S(=O)(=O)NC=NCCSCC2=CSC(=N2)N=C(N)N)Br,Inactive
6699,363906056,65869,C1=CC(=CC=C1S(=O)(=O)NC=NCCSCC2=CSC(=N2)N=C(N)N)Br,Inactive
6700,363906056,65869,C1=CC(=CC=C1S(=O)(=O)NC=NCCSCC2=CSC(=N2)N=C(N)N)Br,Inactive
6701,363906056,65869,C1=CC(=CC=C1S(=O)(=O)NC=NCCSCC2=CSC(=N2)N=C(N)N)Br,Inactive
6702,363906118,4875,[K+].[I-],Active
6703,363906118,4875,[K+].[I-],Active
6704,363906170,6441835,CCCCCC[C@H](C/C=C\CCCCCCCC(=O)O)O.C(C(CO)O)O,Inactive
6705,363906170,6441835,CCCCCC[C@H](C/C=C\CCCCCCCC(=O)O)O.C(C(CO)O)O,Inactive
6706,363906170,6441835,CCCCCC[C@H](C/C=C\CCCCCCCC(=O)O)O.C(C(CO)O)O,Inactive
6707,363906170,6441835,CCCCCC[C@H](C/C=C\CCCCCCCC(=O)O)O.C(C(CO)O)O,Inactive
6708,363906171,39223,CCOP(=S)(OCC)OC1=NN(C(=N1)Cl)C(C)C,Inactive
6709,363906171,39223,CCOP(=S)(OCC)OC1=NN(C(=N1)Cl)C(C)C,Inactive
6710,363906171,39223,CCOP(=S)(OCC)OC1=NN(C(=N1)Cl)C(C)C,Inactive
6711,363906171,39223,CCOP(=S)(OCC)OC1=NN(C(=N1)Cl)C(C)C,Inactive
6712,363906178,542762,C(C(=O)O)(Cl)Br,Active
6713,363906178,542762,C(C(=O)O)(Cl)Br,Active
6714,363906178,542762,C(C(=O)O)(Cl)Br,Active
6715,363906178,542762,C(C(=O)O)(Cl)Br,Active
6716,363906185,163759,C1=CC=C2C(=C1)C=CC3=C2C4=C[C@@H]([C@H](C5=CC=CC3=C54)O)O,Active
6717,363906185,163759,C1=CC=C2C(=C1)C=CC3=C2C4=C[C@@H]([C@H](C5=CC=CC3=C54)O)O,Active
6718,363906205,115326,C1=CC2=C3C(=C1)C4=C(C3=CC=C2)C5=C(C=C4)[C@@H]([C@H](C=C5)O)O,Active
6719,363906205,115326,C1=CC2=C3C(=C1)C4=C(C3=CC=C2)C5=C(C=C4)[C@@H]([C@H](C=C5)O)O,Active
6720,363906206,,,Active
6721,363906206,,,Active
6722,363906207,,,Active
6723,363906207,,,Active
6724,363906254,154575,COC1=C(C=C(C=C1)C(=O)NC2=C(C=NC=C2Cl)Cl)OC3CCCC3,Active
6725,363906254,154575,COC1=C(C=C(C=C1)C(=O)NC2=C(C=NC=C2Cl)Cl)OC3CCCC3,Active
6726,363906255,,,Inactive
6727,363906255,,,Inactive
6728,363906260,56840998,C1=CC=NC(=C1)C(=O)[O-].C1=CC=NC(=C1)C(=O)[O-].C1=CC=NC(=C1)C(=O)[O-].[Cr+3],Unspecified
6729,363906359,93414,CC(COCC(C)OC(=O)C=C)OCC(C)OC(=O)C=C,Active
6730,363906374,148989,C1=CC=C2C(=C1)C=CC3=C2C=C4C=CC5=CC=CC=C5C4=C3[N+](=O)[O-],Active
6731,363906398,7700,CCCCCCCCCC1=CC=C(C=C1)OCCO,Inactive
6732,363906398,7700,CCCCCCCCCC1=CC=C(C=C1)OCCO,Inactive
6733,363906399,71485,C([C@@H]1[C@@H]([C@@H]([C@H]([C@H](O1)O[C@]2([C@H]([C@@H]([C@H](O2)CCl)O)O)CCl)O)O)Cl)O,Inactive
6734,363906399,71485,C([C@@H]1[C@@H]([C@@H]([C@H]([C@H](O1)O[C@]2([C@H]([C@@H]([C@H](O2)CCl)O)O)CCl)O)O)Cl)O,Inactive
6735,363906399,71485,C([C@@H]1[C@@H]([C@@H]([C@H]([C@H](O1)O[C@]2([C@H]([C@@H]([C@H](O2)CCl)O)O)CCl)O)O)Cl)O,Inactive
6736,363906399,71485,C([C@@H]1[C@@H]([C@@H]([C@H]([C@H](O1)O[C@]2([C@H]([C@@H]([C@H](O2)CCl)O)O)CCl)O)O)Cl)O,Inactive
6737,363906420,12496962,C1=CC=C(C=C1)[N+]#N.OS(=O)(=O)[O-],Active
6738,363906420,12496962,C1=CC=C(C=C1)[N+]#N.OS(=O)(=O)[O-],Active
6739,363906420,12496962,C1=CC=C(C=C1)[N+]#N.OS(=O)(=O)[O-],Inactive
6740,363906420,12496962,C1=CC=C(C=C1)[N+]#N.OS(=O)(=O)[O-],Active
6741,363906420,12496962,C1=CC=C(C=C1)[N+]#N.OS(=O)(=O)[O-],Inactive
6742,363906420,12496962,C1=CC=C(C=C1)[N+]#N.OS(=O)(=O)[O-],Active
6743,363906431,38037,C1=CC(=CC(=C1)Cl)C2=CC(=CC(=C2)Cl)Cl,Inactive
6744,363906431,38037,C1=CC(=CC(=C1)Cl)C2=CC(=CC(=C2)Cl)Cl,Active
6745,363906460,6328269,CCOP(=O)=O.CCOP(=O)=O.CCOP(=O)=O.[Al+3],Active
6746,363906460,6328269,CCOP(=O)=O.CCOP(=O)=O.CCOP(=O)=O.[Al+3],Inactive
6747,363906460,6328269,CCOP(=O)=O.CCOP(=O)=O.CCOP(=O)=O.[Al+3],Inactive
6748,363906460,6328269,CCOP(=O)=O.CCOP(=O)=O.CCOP(=O)=O.[Al+3],Inactive
6749,363906461,5282165,C[C@@H]1C/C=C/C=C/[C@@H]([C@@H](C[C@@H]([C@@H]([C@H]([C@@H](CC(=O)O1)OC(=O)C)OC)O[C@H]2[C@@H]([C@H]([C@@H]([C@H](O2)C)O[C@H]3C[C@@]([C@H]([C@@H](O3)C)OC(=O)CC(C)C)(C)O)N(C)C)O)CC=O)C)O,Inactive
6750,363906461,5282165,C[C@@H]1C/C=C/C=C/[C@@H]([C@@H](C[C@@H]([C@@H]([C@H]([C@@H](CC(=O)O1)OC(=O)C)OC)O[C@H]2[C@@H]([C@H]([C@@H]([C@H](O2)C)O[C@H]3C[C@@]([C@H]([C@@H](O3)C)OC(=O)CC(C)C)(C)O)N(C)C)O)CC=O)C)O,Inactive
6751,363906463,114750,CN1C(=O)C[C@H](NC1=O)C(=O)N[C@@H](CC2=CN=CN2)C(=O)N3CCC[C@H]3C(=O)N,Inactive
6752,363906463,114750,CN1C(=O)C[C@H](NC1=O)C(=O)N[C@@H](CC2=CN=CN2)C(=O)N3CCC[C@H]3C(=O)N,Inactive
6753,363906463,114750,CN1C(=O)C[C@H](NC1=O)C(=O)N[C@@H](CC2=CN=CN2)C(=O)N3CCC[C@H]3C(=O)N,Inactive
6754,363906463,114750,CN1C(=O)C[C@H](NC1=O)C(=O)N[C@@H](CC2=CN=CN2)C(=O)N3CCC[C@H]3C(=O)N,Inactive
6755,363906466,17822,C(C(F)(F)F)(F)Cl,Inactive
6756,363906466,17822,C(C(F)(F)F)(F)Cl,Inactive
6757,363906474,24579,[O-]P1(=O)OP(=O)(OP(=O)(O1)[O-])[O-].[Na+].[Na+].[Na+],Inactive
6758,363906474,24579,[O-]P1(=O)OP(=O)(OP(=O)(O1)[O-])[O-].[Na+].[Na+].[Na+],Inactive
6759,363906476,,,Inactive
6760,363906482,,,Active
6761,363906482,,,Inactive
6762,363906482,,,Inactive
6763,363906483,,,Active
6764,363906483,,,Inactive
6765,363906483,,,Inactive
6766,363906486,123868,C[N+](C)(C)NCCC(=O)[O-],Inactive
6767,363906486,123868,C[N+](C)(C)NCCC(=O)[O-],Inactive
6768,363906486,123868,C[N+](C)(C)NCCC(=O)[O-],Inactive
6769,363906500,31339,CC(C)C(=O)OC[C@@H]1[C@H]([C@@H]([C@](O1)(COC(=O)C)O[C@@H]2[C@@H]([C@H]([C@@H]([C@H](O2)COC(=O)C)OC(=O)C(C)C)OC(=O)C(C)C)OC(=O)C(C)C)OC(=O)C(C)C)OC(=O)C(C)C,Inactive
6770,363906500,31339,CC(C)C(=O)OC[C@@H]1[C@H]([C@@H]([C@](O1)(COC(=O)C)O[C@@H]2[C@@H]([C@H]([C@@H]([C@H](O2)COC(=O)C)OC(=O)C(C)C)OC(=O)C(C)C)OC(=O)C(C)C)OC(=O)C(C)C)OC(=O)C(C)C,Inactive
6771,363906500,31339,CC(C)C(=O)OC[C@@H]1[C@H]([C@@H]([C@](O1)(COC(=O)C)O[C@@H]2[C@@H]([C@H]([C@@H]([C@H](O2)COC(=O)C)OC(=O)C(C)C)OC(=O)C(C)C)OC(=O)C(C)C)OC(=O)C(C)C)OC(=O)C(C)C,Inactive
6772,363906500,31339,CC(C)C(=O)OC[C@@H]1[C@H]([C@@H]([C@](O1)(COC(=O)C)O[C@@H]2[C@@H]([C@H]([C@@H]([C@H](O2)COC(=O)C)OC(=O)C(C)C)OC(=O)C(C)C)OC(=O)C(C)C)OC(=O)C(C)C)OC(=O)C(C)C,Inactive
6773,363906500,31339,CC(C)C(=O)OC[C@@H]1[C@H]([C@@H]([C@](O1)(COC(=O)C)O[C@@H]2[C@@H]([C@H]([C@@H]([C@H](O2)COC(=O)C)OC(=O)C(C)C)OC(=O)C(C)C)OC(=O)C(C)C)OC(=O)C(C)C)OC(=O)C(C)C,Inactive
6774,363906500,31339,CC(C)C(=O)OC[C@@H]1[C@H]([C@@H]([C@](O1)(COC(=O)C)O[C@@H]2[C@@H]([C@H]([C@@H]([C@H](O2)COC(=O)C)OC(=O)C(C)C)OC(=O)C(C)C)OC(=O)C(C)C)OC(=O)C(C)C)OC(=O)C(C)C,Inactive
6775,363906503,11819368,C[C@H]1[C@H](O1)C2=CC=C(C=C2)OC,Active
6776,363906503,11819368,C[C@H]1[C@H](O1)C2=CC=C(C=C2)OC,Active
6777,363906504,,,Inactive
6778,363906504,,,Active
6779,363906508,24849110,CCN(C(=O)C)N=O,Inactive
6780,363906508,24849110,CCN(C(=O)C)N=O,Active
6781,363906509,170434,CCN(CC(=O)O)N=O,Inactive
6782,363906509,170434,CCN(CC(=O)O)N=O,Inactive
6783,363906519,86480,CCCC(CCC)C(=O)[O-].CCCC(CCC)C(=O)[O-].[Ca+2],Inactive
6784,363906519,86480,CCCC(CCC)C(=O)[O-].CCCC(CCC)C(=O)[O-].[Ca+2],Active
6785,363906521,160539,C1CC2=C3C1=CC=CC3=CC4=CC=CC=C24,Active
6786,363906521,160539,C1CC2=C3C1=CC=CC3=CC4=CC=CC=C24,Inactive
6787,363906521,160539,C1CC2=C3C1=CC=CC3=CC4=CC=CC=C24,Inactive
6788,363906521,160539,C1CC2=C3C1=CC=CC3=CC4=CC=CC=C24,Inactive
6789,363906523,150723,C1=CC=C2C(=C1)C=C3C4=CC=CC=C4C5=CC=CC=C5C3=C2[N+](=O)[O-],Inactive
6790,363906525,125098,CCC(C)OC(=O)N1CCCCC1CCO,Inactive
6791,363906525,125098,CCC(C)OC(=O)N1CCCCC1CCO,Inactive
6792,363906525,125098,CCC(C)OC(=O)N1CCCCC1CCO,Inactive
6793,363906525,125098,CCC(C)OC(=O)N1CCCCC1CCO,Inactive
6794,363906526,233706,C1[C@@H](O1)[C@@H]2CO2,Active
6795,363906526,233706,C1[C@@H](O1)[C@@H]2CO2,Active
6796,363906527,24404,P,Inactive
6797,363906527,24404,P,Inactive
6798,363906528,9521,C(CN)N.Cl.Cl,Inactive
6799,363906528,9521,C(CN)N.Cl.Cl,Inactive
6800,363906529,449459,CC/C(=C(\C1=CC=C(C=C1)O)/C2=CC=C(C=C2)OCCN(C)C)/C3=CC=CC=C3,Inactive
6801,363906530,6917,C=CN1CCCC1=O,Active
6802,363906530,6917,C=CN1CCCC1=O,Active
6803,363906536,,,Inactive
6804,363906536,,,Inactive
6805,363906537,27200,CS(=O)(=O)C1=CC=C(C=C1)[C@H]([C@@H](CO)NC(=O)C(Cl)Cl)O,Inactive
6806,363906537,27200,CS(=O)(=O)C1=CC=C(C=C1)[C@H]([C@@H](CO)NC(=O)C(Cl)Cl)O,Inactive
6807,363906538,54690031,CN1C(=C(C2=C(S1(=O)=O)C=C(S2)Cl)O)C(=O)NC3=CC=CC=N3,Inactive
6808,363906538,54690031,CN1C(=C(C2=C(S1(=O)=O)C=C(S2)Cl)O)C(=O)NC3=CC=CC=N3,Inactive
6809,363906555,1982,CC(=O)NP(=O)(OC)SC,Inactive
6810,363906555,1982,CC(=O)NP(=O)(OC)SC,Inactive
6811,363906580,,,Active
6812,363906580,,,Active
6813,363906583,122073,CC1=C(C(C(=C(N1)C)C(=O)OCCC2=CC=C(C=C2)N3CCN(CC3)C(C4=CC=CC=C4)C5=CC=CC=C5)C6=CC(=CC=C6)[N+](=O)[O-])C(=O)OC,Inactive
6814,363906583,122073,CC1=C(C(C(=C(N1)C)C(=O)OCCC2=CC=C(C=C2)N3CCN(CC3)C(C4=CC=CC=C4)C5=CC=CC=C5)C6=CC(=CC=C6)[N+](=O)[O-])C(=O)OC,Inactive
6815,363906583,122073,CC1=C(C(C(=C(N1)C)C(=O)OCCC2=CC=C(C=C2)N3CCN(CC3)C(C4=CC=CC=C4)C5=CC=CC=C5)C6=CC(=CC=C6)[N+](=O)[O-])C(=O)OC,Inactive
6816,363906583,122073,CC1=C(C(C(=C(N1)C)C(=O)OCCC2=CC=C(C=C2)N3CCN(CC3)C(C4=CC=CC=C4)C5=CC=CC=C5)C6=CC(=CC=C6)[N+](=O)[O-])C(=O)OC,Inactive
6817,363906614,67215,CN(C)C1=CC=C(C=C1)C(C2=CC=CC=C2)C3=CC=C(C=C3)N(C)C,Unspecified
6818,363906614,67215,CN(C)C1=CC=C(C=C1)C(C2=CC=CC=C2)C3=CC=C(C=C3)N(C)C,Active
6819,363906614,67215,CN(C)C1=CC=C(C=C1)C(C2=CC=CC=C2)C3=CC=C(C=C3)N(C)C,Unspecified
6820,363906633,2725002,CCN(CC)CCCC(C)NC1=C2C=C(C=CC2=NC3=C1C=CC(=C3)Cl)OC.O.O.Cl.Cl,Inactive
6821,363906633,2725002,CCN(CC)CCCC(C)NC1=C2C=C(C=CC2=NC3=C1C=CC(=C3)Cl)OC.O.O.Cl.Cl,Inactive
6822,363906634,68554,CC1=C(C(=CC=C1)C)NC2=NCCCS2.Cl,Active
6823,363906639,152946,COC1=C2C(=CC(=C1N3C[C@@H]4CCCN[C@@H]4C3)F)C(=O)C(=CN2C5CC5)C(=O)O,Inactive
6824,363906658,247304,C[C@]12CC[C@H]3[C@H]([C@@H]1CC[C@@H]2O)CCC4=CC(=C(C=C34)O)O,Active
6825,363906659,5282360,C[C@]12CC[C@H]3[C@H]([C@@H]1CC[C@@H]2O)CCC4=C3C=CC(=C4O)O,Active
6826,363906659,5282360,C[C@]12CC[C@H]3[C@H]([C@@H]1CC[C@@H]2O)CCC4=C3C=CC(=C4O)O,Inactive
6827,363906748,31170,P#[In],Active
6828,363906748,31170,P#[In],Active
6829,363906748,31170,P#[In],Active
6830,363906748,31170,P#[In],Active
6831,363906750,101644674,C1=C(C(=C(C(=C1SC[C@@H](C(=O)NCC(=O)O)NC(=O)CC[C@@H](C(=O)O)N)O)SC[C@@H](C(=O)NCC(=O)O)NC(=O)CC[C@@H](C(=O)O)N)SC[C@@H](C(=O)NCC(=O)O)NC(=O)CC[C@@H](C(=O)O)N)O,Active
6832,363906752,2776282,C(=O)(C(C(C(C(C(C(C(F)(F)F)(F)F)(F)F)(F)F)(F)F)(F)F)(F)F)[O-].[NH4+],Active
6833,363906762,6625,C1=CC(=CC=C1S(=O)(=O)C2=CC=C(C=C2)Cl)Cl,Inactive
6834,363906762,6625,C1=CC(=CC=C1S(=O)(=O)C2=CC=C(C=C2)Cl)Cl,Inactive
6835,363906762,6625,C1=CC(=CC=C1S(=O)(=O)C2=CC=C(C=C2)Cl)Cl,Inactive
6836,363906762,6625,C1=CC(=CC=C1S(=O)(=O)C2=CC=C(C=C2)Cl)Cl,Inactive
6837,363906773,,,Active
6838,363906773,,,Active
6839,363906774,151986,C1CC2=C([C@@H]3[C@H]1O3)C4=C(C=C2)C=C5C=CC6=CC=CC=C6C5=N4,Active
6840,363906774,151986,C1CC2=C([C@@H]3[C@H]1O3)C4=C(C=C2)C=C5C=CC6=CC=CC=C6C5=N4,Active
6841,363906775,151985,C1CC2=C([C@H]3[C@@H]1O3)C4=C(C=C2)C=C5C=CC6=CC=CC=C6C5=N4,Inactive
6842,363906775,151985,C1CC2=C([C@H]3[C@@H]1O3)C4=C(C=C2)C=C5C=CC6=CC=CC=C6C5=N4,Inactive
6843,363906776,,,Inactive
6844,363906776,,,Inactive
6845,363906777,,,Inactive
6846,363906777,,,Inactive
6847,363906778,,,Active
6848,363906778,,,Active
6849,363906779,12628781,C1=CC=C2C(=C1)C=CC3=CC4=C(C5=C(C=C4)[C@H]([C@@H](C=C5)O)O)N=C32,Active
6850,363906779,12628781,C1=CC=C2C(=C1)C=CC3=CC4=C(C5=C(C=C4)[C@H]([C@@H](C=C5)O)O)N=C32,Active
6851,363906780,180266,C1CC2=C(C=CC3=C2N=C4C(=C3)C=CC5=CC=CC=C54)[C@@H]([C@H]1O)O,Inactive
6852,363906780,180266,C1CC2=C(C=CC3=C2N=C4C(=C3)C=CC5=CC=CC=C54)[C@@H]([C@H]1O)O,Inactive
6853,363906781,,,Active
6854,363906781,,,Active
6855,363906788,6435110,CCC(C)[C@@H]1[C@H](CC[C@@]2(O1)CC3C[C@H](O2)C/C=C(/[C@H]([C@H](/C=C/C=C/4\CO[C@H]5[C@@]4([C@@H](C=C([C@H]5O)C)C(=O)O3)O)C)O[C@H]6C[C@@H]([C@H]([C@@H](O6)C)OC7C[C@@H]([C@H]([C@@H](O7)C)O)OC)OC)\C)C.C[C@H]1CC[C@]2(CC3C[C@H](O2)C/C=C(/[C@H]([C@H](/C=C/C=C/4\CO[C@H]5[C@@]4([C@@H](C=C([C@H]5O)C)C(=O)O3)O)C)O[C@H]6C[C@@H]([C@H]([C@@H](O6)C)OC7C[C@@H]([C@H]([C@@H](O7)C)O)OC)OC)\C)O[C@@H]1C(C)C,Inactive
6856,363906811,63090,C1=CC(=C(C=C1C2=CC(=C(C(=C2)Cl)Cl)Cl)Cl)Cl,Active
6857,363906811,63090,C1=CC(=C(C=C1C2=CC(=C(C(=C2)Cl)Cl)Cl)Cl)Cl,Active
6858,363906811,63090,C1=CC(=C(C=C1C2=CC(=C(C(=C2)Cl)Cl)Cl)Cl)Cl,Active
6859,363906811,63090,C1=CC(=C(C=C1C2=CC(=C(C(=C2)Cl)Cl)Cl)Cl)Cl,Inactive
6860,363906811,63090,C1=CC(=C(C=C1C2=CC(=C(C(=C2)Cl)Cl)Cl)Cl)Cl,Active
6861,363906818,,,Inactive
6862,363906818,,,Inactive
6863,363906818,,,Active
6864,363906818,,,Active
6865,363906819,18948,CS(=O)(=O)OCCC[NH2+]CCCOS(=O)(=O)C.[Cl-],Unspecified
6866,363906819,18948,CS(=O)(=O)OCCC[NH2+]CCCOS(=O)(=O)C.[Cl-],Unspecified
6867,363906819,18948,CS(=O)(=O)OCCC[NH2+]CCCOS(=O)(=O)C.[Cl-],Unspecified
6868,363906819,18948,CS(=O)(=O)OCCC[NH2+]CCCOS(=O)(=O)C.[Cl-],Unspecified
6869,363906820,22833490,CC(CCCC(CCCC(CCCC(CCCC(CCCC(CCCl)Cl)Cl)Cl)Cl)Cl)Cl,Active
6870,363906820,22833490,CC(CCCC(CCCC(CCCC(CCCC(CCCC(CCCl)Cl)Cl)Cl)Cl)Cl)Cl,Unspecified
6871,363906820,22833490,CC(CCCC(CCCC(CCCC(CCCC(CCCC(CCCl)Cl)Cl)Cl)Cl)Cl)Cl,Inactive
6872,363906820,22833490,CC(CCCC(CCCC(CCCC(CCCC(CCCC(CCCl)Cl)Cl)Cl)Cl)Cl)Cl,Unspecified
6873,363906821,3032390,CCC(O)OC,Inactive
6874,363906821,3032390,CCC(O)OC,Inactive
6875,363906821,3032390,CCC(O)OC,Inactive
6876,363906821,3032390,CCC(O)OC,Inactive
6877,363906860,13195,CC1=CN=CN1,Active
6878,363906860,13195,CC1=CN=CN1,Active
6879,363906860,13195,CC1=CN=CN1,Unspecified
6880,363906860,13195,CC1=CN=CN1,Inactive
6881,363906885,443059,CC[C@H]1CCC[C@@H]([C@H](C(=O)C2=C[C@H]3[C@@H]4C[C@@H](C[C@H]4C=C[C@H]3[C@@H]2CC(=O)O1)O[C@H]5[C@@H]([C@@H]([C@H]([C@@H](O5)C)OC)OC)OC)C)O[C@H]6CC[C@@H]([C@H](O6)C)N(C)C,Inactive
6882,363906885,443059,CC[C@H]1CCC[C@@H]([C@H](C(=O)C2=C[C@H]3[C@@H]4C[C@@H](C[C@H]4C=C[C@H]3[C@@H]2CC(=O)O1)O[C@H]5[C@@H]([C@@H]([C@H]([C@@H](O5)C)OC)OC)OC)C)O[C@H]6CC[C@@H]([C@H](O6)C)N(C)C,Inactive
6883,363906885,443059,CC[C@H]1CCC[C@@H]([C@H](C(=O)C2=C[C@H]3[C@@H]4C[C@@H](C[C@H]4C=C[C@H]3[C@@H]2CC(=O)O1)O[C@H]5[C@@H]([C@@H]([C@H]([C@@H](O5)C)OC)OC)OC)C)O[C@H]6CC[C@@H]([C@H](O6)C)N(C)C,Inactive
6884,363906885,443059,CC[C@H]1CCC[C@@H]([C@H](C(=O)C2=C[C@H]3[C@@H]4C[C@@H](C[C@H]4C=C[C@H]3[C@@H]2CC(=O)O1)O[C@H]5[C@@H]([C@@H]([C@H]([C@@H](O5)C)OC)OC)OC)C)O[C@H]6CC[C@@H]([C@H](O6)C)N(C)C,Inactive
6885,363906885,443059,CC[C@H]1CCC[C@@H]([C@H](C(=O)C2=C[C@H]3[C@@H]4C[C@@H](C[C@H]4C=C[C@H]3[C@@H]2CC(=O)O1)O[C@H]5[C@@H]([C@@H]([C@H]([C@@H](O5)C)OC)OC)OC)C)O[C@H]6CC[C@@H]([C@H](O6)C)N(C)C,Inactive
6886,363906885,443059,CC[C@H]1CCC[C@@H]([C@H](C(=O)C2=C[C@H]3[C@@H]4C[C@@H](C[C@H]4C=C[C@H]3[C@@H]2CC(=O)O1)O[C@H]5[C@@H]([C@@H]([C@H]([C@@H](O5)C)OC)OC)OC)C)O[C@H]6CC[C@@H]([C@H](O6)C)N(C)C,Inactive
6887,363906886,119153,CC1=C(C(C(=C(N1)C)C(=O)OCC(C)(C)CN(C)CC2=CC=CC=C2)C3=C(C=CC(=C3)[N+](=O)[O-])F)C(=O)OC.Cl,Inactive
6888,363906886,119153,CC1=C(C(C(=C(N1)C)C(=O)OCC(C)(C)CN(C)CC2=CC=CC=C2)C3=C(C=CC(=C3)[N+](=O)[O-])F)C(=O)OC.Cl,Inactive
6889,363906887,2449,CC1=C(C(=O)C(=C(C1=O)C)C(CCCCCC(=O)O)C2=CC=CC=C2)C,Inactive
6890,363906887,2449,CC1=C(C(=O)C(=C(C1=O)C)C(CCCCCC(=O)O)C2=CC=CC=C2)C,Inactive
6891,363906896,642197,C(/C=C/CCl)Cl,Active
6892,363906896,642197,C(/C=C/CCl)Cl,Active
6893,363906896,642197,C(/C=C/CCl)Cl,Active
6894,363906902,,,Inactive
6895,363906904,104930,C[As](=O)(C)C,Active
6896,363906950,2825690,C1=CC=C2C(=C1)C3=C4C(=C(C=C3)[N+](=O)[O-])C=CC=C4C2=O,Active
6897,363906956,154224,C1=CC=C2C(=C1)C3=C(N2C4=CC=C(C=C4)N)C=NC=C3,Active
6898,363906957,7275810,C1=CC=C2C(=C1)C(=CN2)C[C@H](C(=O)O)NC(=O)CC[C@H](C(=O)O)N,Inactive
6899,363906957,7275810,C1=CC=C2C(=C1)C(=CN2)C[C@H](C(=O)O)NC(=O)CC[C@H](C(=O)O)N,Inactive
6900,363906960,25894,CC1=C2C(=C(C3=CC=CC=C13)C=O)C=CC4=CC=CC=C42,Active
6901,363906960,25894,CC1=C2C(=C(C3=CC=CC=C13)C=O)C=CC4=CC=CC=C42,Active
6902,363906969,91430,CC1=CC=C(C=C1)N(CC2=NCCN2)C3=CC(=CC=C3)O.CS(=O)(=O)O,Active
6903,363906969,91430,CC1=CC=C(C=C1)N(CC2=NCCN2)C3=CC(=CC=C3)O.CS(=O)(=O)O,Active
6904,363906970,37270,C1=C2C(=C(C(=C1Cl)Cl)Cl)OC3=C(O2)C(=C(C(=C3Cl)Cl)Cl)Cl,Active
6905,363906970,37270,C1=C2C(=C(C(=C1Cl)Cl)Cl)OC3=C(O2)C(=C(C(=C3Cl)Cl)Cl)Cl,Active
6906,363906970,37270,C1=C2C(=C(C(=C1Cl)Cl)Cl)OC3=C(O2)C(=C(C(=C3Cl)Cl)Cl)Cl,Active
6907,363906970,37270,C1=C2C(=C(C(=C1Cl)Cl)Cl)OC3=C(O2)C(=C(C(=C3Cl)Cl)Cl)Cl,Active
6908,363906970,37270,C1=C2C(=C(C(=C1Cl)Cl)Cl)OC3=C(O2)C(=C(C(=C3Cl)Cl)Cl)Cl,Active
6909,363906973,5821911,CN\1COCN(/C1=N/[N+](=O)[O-])CC2=CN=C(S2)Cl,Inactive
6910,363906973,5821911,CN\1COCN(/C1=N/[N+](=O)[O-])CC2=CN=C(S2)Cl,Inactive
6911,363906974,6027,C1[C@H]([C@@H]([C@H]([C@H](O1)O)O)O)O,Inactive
6912,363906974,6027,C1[C@H]([C@@H]([C@H]([C@H](O1)O)O)O)O,Inactive
6913,363906985,,,Active
6914,363906985,,,Inactive
6915,363906985,,,Inactive
6916,363906985,,,Unspecified
6917,363906986,92629,CC(COC(C)(C)C)O,Unspecified
6918,363906986,92629,CC(COC(C)(C)C)O,Inactive
6919,363906986,92629,CC(COC(C)(C)C)O,Active
6920,363906986,92629,CC(COC(C)(C)C)O,Active
6921,363907009,2314,CC1(OC2=C(O1)C(=CC=C2)OC(=O)NC)C,Inactive
6922,363907009,2314,CC1(OC2=C(O1)C(=CC=C2)OC(=O)NC)C,Inactive
6923,363907130,105036,C1=CC(=CC=C1C2=C(C=C(C=C2Cl)Cl)Cl)O,Active
6924,363907130,105036,C1=CC(=CC=C1C2=C(C=C(C=C2Cl)Cl)Cl)O,Active
6925,363907131,105101,C1=CC(=CC=C1C2=CC(=C(C(=C2Cl)Cl)Cl)Cl)O,Active
6926,363907131,105101,C1=CC(=CC=C1C2=CC(=C(C(=C2Cl)Cl)Cl)Cl)O,Active
6927,363907132,516902,[O-]Cl(=O)=O.[Na+],Active
6928,363907132,516902,[O-]Cl(=O)=O.[Na+],Inactive
6929,363907132,516902,[O-]Cl(=O)=O.[Na+],Unspecified
6930,363907132,516902,[O-]Cl(=O)=O.[Na+],Inactive
6931,363907151,37034,C1=C(C(=CC(=C1Cl)Cl)Cl)C2=CC(=C(C=C2Cl)Cl)Cl,Inactive
6932,363907151,37034,C1=C(C(=CC(=C1Cl)Cl)Cl)C2=CC(=C(C=C2Cl)Cl)Cl,Unspecified
6933,363907151,37034,C1=C(C(=CC(=C1Cl)Cl)Cl)C2=CC(=C(C=C2Cl)Cl)Cl,Unspecified
6934,363907180,108004,C(C(=O)O)C(CC(=O)[O-])(C(=O)[O-])O.C(C(=O)O)C(CC(=O)[O-])(C(=O)[O-])O.[Pu],Active
6935,363907180,108004,C(C(=O)O)C(CC(=O)[O-])(C(=O)[O-])O.C(C(=O)O)C(CC(=O)[O-])(C(=O)[O-])O.[Pu],Active
6936,363907180,108004,C(C(=O)O)C(CC(=O)[O-])(C(=O)[O-])O.C(C(=O)O)C(CC(=O)[O-])(C(=O)[O-])O.[Pu],Active
6937,363907185,213021,CC(=NC#N)N(C)CC1=CN=C(C=C1)Cl,Inactive
6938,363907185,213021,CC(=NC#N)N(C)CC1=CN=C(C=C1)Cl,Inactive
6939,363907185,213021,CC(=NC#N)N(C)CC1=CN=C(C=C1)Cl,Inactive
6940,363907185,213021,CC(=NC#N)N(C)CC1=CN=C(C=C1)Cl,Inactive
6941,363907186,86412,CSC(=O)C1=C2C(=CC=C1)N=NS2,Active
6942,363907186,86412,CSC(=O)C1=C2C(=CC=C1)N=NS2,Inactive
6943,363907186,86412,CSC(=O)C1=C2C(=CC=C1)N=NS2,Inactive
6944,363907186,86412,CSC(=O)C1=C2C(=CC=C1)N=NS2,Inactive
6945,363907187,213012,C1=C(C(=C(N=C1Cl)C(=O)O)Cl)N,Inactive
6946,363907187,213012,C1=C(C(=C(N=C1Cl)C(=O)O)Cl)N,Inactive
6947,363907187,213012,C1=C(C(=C(N=C1Cl)C(=O)O)Cl)N,Inactive
6948,363907187,213012,C1=C(C(=C(N=C1Cl)C(=O)O)Cl)N,Inactive
6949,363907188,14621415,CC(C)NC1=NC(=NC(=N1)NCC(=O)O)Cl,Active
6950,363907188,14621415,CC(C)NC1=NC(=NC(=N1)NCC(=O)O)Cl,Inactive
6951,363907188,14621415,CC(C)NC1=NC(=NC(=N1)NCC(=O)O)Cl,Active
6952,363907188,14621415,CC(C)NC1=NC(=NC(=N1)NCC(=O)O)Cl,Inactive
6953,363907189,2319,CCCCN(CC)C1=C(C=C(C=C1[N+](=O)[O-])C(F)(F)F)[N+](=O)[O-],Active
6954,363907189,2319,CCCCN(CC)C1=C(C=C(C=C1[N+](=O)[O-])C(F)(F)F)[N+](=O)[O-],Active
6955,363907189,2319,CCCCN(CC)C1=C(C=C(C=C1[N+](=O)[O-])C(F)(F)F)[N+](=O)[O-],Inactive
6956,363907189,2319,CCCCN(CC)C1=C(C=C(C=C1[N+](=O)[O-])C(F)(F)F)[N+](=O)[O-],Inactive
6957,363907191,16181,CCSC(=O)N(CC(C)C)CC(C)C,Inactive
6958,363907191,16181,CCSC(=O)N(CC(C)C)CC(C)C,Inactive
6959,363907191,16181,CCSC(=O)N(CC(C)C)CC(C)C,Inactive
6960,363907191,16181,CCSC(=O)N(CC(C)C)CC(C)C,Inactive
6961,363907192,23682789,COC1=CC(=NC(=N1)OC2=C(C(=CC=C2)OC3=NC(=CC(=N3)OC)OC)C(=O)[O-])OC.[Na+],Inactive
6962,363907192,23682789,COC1=CC(=NC(=N1)OC2=C(C(=CC=C2)OC3=NC(=CC(=N3)OC)OC)C(=O)[O-])OC.[Na+],Inactive
6963,363907192,23682789,COC1=CC(=NC(=N1)OC2=C(C(=CC=C2)OC3=NC(=CC(=N3)OC)OC)C(=O)[O-])OC.[Na+],Inactive
6964,363907192,23682789,COC1=CC(=NC(=N1)OC2=C(C(=CC=C2)OC3=NC(=CC(=N3)OC)OC)C(=O)[O-])OC.[Na+],Inactive
6965,363907193,12932,CC(C)OP(=S)(OC(C)C)SCCNS(=O)(=O)C1=CC=CC=C1,Inactive
6966,363907193,12932,CC(C)OP(=S)(OC(C)C)SCCNS(=O)(=O)C1=CC=CC=C1,Inactive
6967,363907194,176879,CC(C)OC(=O)NNC1=C(C=CC(=C1)C2=CC=CC=C2)OC,Inactive
6968,363907194,176879,CC(C)OC(=O)NNC1=C(C=CC(=C1)C2=CC=CC=C2)OC,Inactive
6969,363907194,176879,CC(C)OC(=O)NNC1=C(C=CC(=C1)C2=CC=CC=C2)OC,Inactive
6970,363907195,9411,CCC(C)N1C(=O)C(=C(NC1=O)C)Br,Inactive
6971,363907195,9411,CCC(C)N1C(=O)C(=C(NC1=O)C)Br,Inactive
6972,363907195,9411,CCC(C)N1C(=O)C(=C(NC1=O)C)Br,Active
6973,363907195,9411,CCC(C)N1C(=O)C(=C(NC1=O)C)Br,Inactive
6974,363907196,6442842,CC1=C(C=CC=C1C2=CC=CC=C2)COC(=O)[C@@H]3[C@@H](C3(C)C)/C=C(/C(F)(F)F)\Cl,Inactive
6975,363907196,6442842,CC1=C(C=CC=C1C2=CC=CC=C2)COC(=O)[C@@H]3[C@@H](C3(C)C)/C=C(/C(F)(F)F)\Cl,Inactive
6976,363907196,6442842,CC1=C(C=CC=C1C2=CC=CC=C2)COC(=O)[C@@H]3[C@@H](C3(C)C)/C=C(/C(F)(F)F)\Cl,Inactive
6977,363907196,6442842,CC1=C(C=CC=C1C2=CC=CC=C2)COC(=O)[C@@H]3[C@@H](C3(C)C)/C=C(/C(F)(F)F)\Cl,Active
6978,363907197,23667633,CCOC(=O)C(=C(C1=CC=CC=C1)N[O-])C(=O)OCC.[Na+],Inactive
6979,363907197,23667633,CCOC(=O)C(=C(C1=CC=CC=C1)N[O-])C(=O)OCC.[Na+],Active
6980,363907197,23667633,CCOC(=O)C(=C(C1=CC=CC=C1)N[O-])C(=O)OCC.[Na+],Inactive
6981,363907197,23667633,CCOC(=O)C(=C(C1=CC=CC=C1)N[O-])C(=O)OCC.[Na+],Inactive
6982,363907198,91778,CCOCN1C(=C(C(=C1C(F)(F)F)Br)C#N)C2=CC=C(C=C2)Cl,Inactive
6983,363907198,91778,CCOCN1C(=C(C(=C1C(F)(F)F)Br)C#N)C2=CC=C(C=C2)Cl,Inactive
6984,363907198,91778,CCOCN1C(=C(C(=C1C(F)(F)F)Br)C#N)C2=CC=C(C=C2)Cl,Inactive
6985,363907198,91778,CCOCN1C(=C(C(=C1C(F)(F)F)Br)C#N)C2=CC=C(C=C2)Cl,Inactive
6986,363907199,5564,C1=CC(=C(C=C1Cl)O)OC2=C(C=C(C=C2)Cl)Cl,Inactive
6987,363907199,5564,C1=CC(=C(C=C1Cl)O)OC2=C(C=C(C=C2)Cl)Cl,Inactive
6988,363907199,5564,C1=CC(=C(C=C1Cl)O)OC2=C(C=C(C=C2)Cl)Cl,Inactive
6989,363907199,5564,C1=CC(=C(C=C1Cl)O)OC2=C(C=C(C=C2)Cl)Cl,Inactive
6990,363907204,206044,CC1=C(N=C(O1)C2=CC=CC=C2)CCOC3=CC=C(C=C3)CN(CC(=O)O)C(=O)OC4=CC=C(C=C4)OC,Inactive
6991,363907204,206044,CC1=C(N=C(O1)C2=CC=CC=C2)CCOC3=CC=C(C=C3)CN(CC(=O)O)C(=O)OC4=CC=C(C=C4)OC,Inactive
6992,363907204,206044,CC1=C(N=C(O1)C2=CC=CC=C2)CCOC3=CC=C(C=C3)CN(CC(=O)O)C(=O)OC4=CC=C(C=C4)OC,Active
6993,363907204,206044,CC1=C(N=C(O1)C2=CC=CC=C2)CCOC3=CC=C(C=C3)CN(CC(=O)O)C(=O)OC4=CC=C(C=C4)OC,Active
6994,363907205,2728,CC(C)OC(=O)NC1=CC(=CC=C1)Cl,Inactive
6995,363907205,2728,CC(C)OC(=O)NC1=CC(=CC=C1)Cl,Inactive
6996,363907205,2728,CC(C)OC(=O)NC1=CC(=CC=C1)Cl,Active
6997,363907205,2728,CC(C)OC(=O)NC1=CC(=CC=C1)Cl,Inactive
6998,363907206,47491,CC1=NC(=NC(=N1)OC)NC(=O)NS(=O)(=O)C2=CC=CC=C2Cl,Inactive
6999,363907206,47491,CC1=NC(=NC(=N1)OC)NC(=O)NS(=O)(=O)C2=CC=CC=C2Cl,Inactive
7000,363907207,2943,COC(=O)C1=C(C(=C(C(=C1Cl)Cl)C(=O)OC)Cl)Cl,Active
7001,363907207,2943,COC(=O)C1=C(C(=C(C(=C1Cl)Cl)C(=O)OC)Cl)Cl,Active
7002,363907207,2943,COC(=O)C1=C(C(=C(C(=C1Cl)Cl)C(=O)OC)Cl)Cl,Inactive
7003,363907207,2943,COC(=O)C1=C(C(=C(C(=C1Cl)Cl)C(=O)OC)Cl)Cl,Active
7004,363907208,135491728,CC/C(=N\OC/C=C/Cl)/C1=C(CC(CC1=O)CC(C)SCC)O,Inactive
7005,363907208,135491728,CC/C(=N\OC/C=C/Cl)/C1=C(CC(CC1=O)CC(C)SCC)O,Inactive
7006,363907210,213027,CN=C(NCC1=CN=C(S1)Cl)N[N+](=O)[O-],Inactive
7007,363907210,213027,CN=C(NCC1=CN=C(S1)Cl)N[N+](=O)[O-],Inactive
7008,363907213,180089,CCCCOC(=O)[C@@H](C)OC1=CC=C(C=C1)OC2=C(C=C(C=C2)C#N)F,Inactive
7009,363907213,180089,CCCCOC(=O)[C@@H](C)OC1=CC=C(C=C1)OC2=C(C=C(C=C2)C#N)F,Inactive
7010,363907214,38283,CC(=CC1C(C1(C)C)C(=O)OC(C#N)C2=CC(=CC=C2)OC3=CC=CC=C3)C,Inactive
7011,363907214,38283,CC(=CC1C(C1(C)C)C(=O)OC(C#N)C2=CC(=CC=C2)OC3=CC=CC=C3)C,Inactive
7012,363907215,104926,CC1(C(C1C(=O)OC(C#N)C2=CC(=C(C=C2)F)OC3=CC=CC=C3)C=C(Cl)Cl)C,Inactive
7013,363907215,104926,CC1(C(C1C(=O)OC(C#N)C2=CC(=C(C=C2)F)OC3=CC=CC=C3)C=C(Cl)Cl)C,Inactive
7014,363907215,104926,CC1(C(C1C(=O)OC(C#N)C2=CC(=C(C=C2)F)OC3=CC=CC=C3)C=C(Cl)Cl)C,Inactive
7015,363907215,104926,CC1(C(C1C(=O)OC(C#N)C2=CC(=C(C=C2)F)OC3=CC=CC=C3)C=C(Cl)Cl)C,Inactive
7016,363907216,14337,CCN(C1CCCCC1)C(=O)SCC,Inactive
7017,363907216,14337,CCN(C1CCCCC1)C(=O)SCC,Inactive
7018,363907228,44144451,[O-][Si]([O-])([O-])[O-].[Al+3],Active
7019,363907233,8490,C1N(CN(CN1[N+](=O)[O-])[N+](=O)[O-])[N+](=O)[O-],Unspecified
7020,363907234,56841936,O.O.O=[Al]O[Si](=O)O[Si](=O)O[Al]=O,Active
7021,363907252,24743,CCOC(=O)NC1=CC(=CC=C1)OC(=O)NC2=CC=CC=C2,Inactive
7022,363907252,24743,CCOC(=O)NC1=CC(=CC=C1)OC(=O)NC2=CC=CC=C2,Inactive
7023,363907252,24743,CCOC(=O)NC1=CC(=CC=C1)OC(=O)NC2=CC=CC=C2,Inactive
7024,363907252,24743,CCOC(=O)NC1=CC(=CC=C1)OC(=O)NC2=CC=CC=C2,Inactive
7025,363907253,48132,CC1([C@H]([C@H]1C(=O)O[C@H](C#N)C2=CC(=CC=C2)OC3=CC=CC=C3)C(C(Br)(Br)Br)Br)C,Inactive
7026,363907253,48132,CC1([C@H]([C@H]1C(=O)O[C@H](C#N)C2=CC(=CC=C2)OC3=CC=CC=C3)C(C(Br)(Br)Br)Br)C,Inactive
7027,363907253,48132,CC1([C@H]([C@H]1C(=O)O[C@H](C#N)C2=CC(=CC=C2)OC3=CC=CC=C3)C(C(Br)(Br)Br)Br)C,Inactive
7028,363907253,48132,CC1([C@H]([C@H]1C(=O)O[C@H](C#N)C2=CC(=CC=C2)OC3=CC=CC=C3)C(C(Br)(Br)Br)Br)C,Inactive
7029,363907255,135413519,C1[C@@H]([C@H]([C@@H]1N2C=NC3=C2N=C(NC3=O)N)CO)CO,Active
7030,363907255,135413519,C1[C@@H]([C@H]([C@@H]1N2C=NC3=C2N=C(NC3=O)N)CO)CO,Active
7031,363907258,104827,CN(C)C1=CC2=C(C=C1)N=C3C=CC(=[N+](C)C)C=C3S2.O.O.O.[Cl-],Unspecified
7032,363907258,104827,CN(C)C1=CC2=C(C=C1)N=C3C=CC(=[N+](C)C)C=C3S2.O.O.O.[Cl-],Active
7033,363907258,104827,CN(C)C1=CC2=C(C=C1)N=C3C=CC(=[N+](C)C)C=C3S2.O.O.O.[Cl-],Active
7034,363907258,104827,CN(C)C1=CC2=C(C=C1)N=C3C=CC(=[N+](C)C)C=C3S2.O.O.O.[Cl-],Inactive
7035,363907264,86418,C1CN(C(=N1)N[N+](=O)[O-])CC2=CN=C(C=C2)Cl,Active
7036,363907264,86418,C1CN(C(=N1)N[N+](=O)[O-])CC2=CN=C(C=C2)Cl,Inactive
7037,363907264,86418,C1CN(C(=N1)N[N+](=O)[O-])CC2=CN=C(C=C2)Cl,Inactive
7038,363907264,86418,C1CN(C(=N1)N[N+](=O)[O-])CC2=CN=C(C=C2)Cl,Inactive
7039,363907266,42586,CC1=C(C(=CC=C1)C)N(C(C)C(=O)OC)C(=O)COC,Inactive
7040,363907266,42586,CC1=C(C(=CC=C1)C)N(C(C)C(=O)OC)C(=O)COC,Active
7041,363907266,42586,CC1=C(C(=CC=C1)C)N(C(C)C(=O)OC)C(=O)COC,Inactive
7042,363907266,42586,CC1=C(C(=CC=C1)C)N(C(C)C(=O)OC)C(=O)COC,Inactive
7043,363907303,1738118,CC(=O)N[C@@H](C=O)[C@H]([C@@H]([C@@H](CO)O)O)O,Inactive
7044,363907303,1738118,CC(=O)N[C@@H](C=O)[C@H]([C@@H]([C@@H](CO)O)O)O,Inactive
7045,363907304,,,Active
7046,363907304,,,Active
7047,363907323,,,Inactive
7048,363907323,,,Inactive
7049,363907394,9888484,CO[C@@H](CC1=CC=C(C=C1)OCCCOC2=CC=C(C=C2)OC3=CC=CC=C3)C(=O)O,Active
7050,363907394,9888484,CO[C@@H](CC1=CC=C(C=C1)OCCCOC2=CC=C(C=C2)OC3=CC=CC=C3)C(=O)O,Inactive
7051,363907401,7406,CC(C)C1=CC=CC=C1,Inactive
7052,363907401,7406,CC(C)C1=CC=CC=C1,Active
7053,363907401,7406,CC(C)C1=CC=CC=C1,Active
7054,363907401,7406,CC(C)C1=CC=CC=C1,Active
7055,363907420,757,C(C(=O)O)O,Inactive
7056,363907420,757,C(C(=O)O)O,Inactive
7057,363907421,61948,C(CC(CBr)(C#N)Br)C#N,Inactive
7058,363907421,61948,C(CC(CBr)(C#N)Br)C#N,Inactive
7059,363907421,61948,C(CC(CBr)(C#N)Br)C#N,Inactive
7060,363907421,61948,C(CC(CBr)(C#N)Br)C#N,Inactive
7061,363907422,22833491,C1=CC=NC(=C1)C(=O)[O-].C1=CC=NC(=C1)C(=O)[O-].C1=CC=NC(=C1)C(=O)[O-].O.[Cr+3],Inactive
7062,363907422,22833491,C1=CC=NC(=C1)C(=O)[O-].C1=CC=NC(=C1)C(=O)[O-].C1=CC=NC(=C1)C(=O)[O-].O.[Cr+3],Inactive
7063,363907422,22833491,C1=CC=NC(=C1)C(=O)[O-].C1=CC=NC(=C1)C(=O)[O-].C1=CC=NC(=C1)C(=O)[O-].O.[Cr+3],Inactive
7064,363907422,22833491,C1=CC=NC(=C1)C(=O)[O-].C1=CC=NC(=C1)C(=O)[O-].C1=CC=NC(=C1)C(=O)[O-].O.[Cr+3],Inactive
7065,363907422,22833491,C1=CC=NC(=C1)C(=O)[O-].C1=CC=NC(=C1)C(=O)[O-].C1=CC=NC(=C1)C(=O)[O-].O.[Cr+3],Unspecified
7066,363907422,22833491,C1=CC=NC(=C1)C(=O)[O-].C1=CC=NC(=C1)C(=O)[O-].C1=CC=NC(=C1)C(=O)[O-].O.[Cr+3],Inactive
7067,363907422,22833491,C1=CC=NC(=C1)C(=O)[O-].C1=CC=NC(=C1)C(=O)[O-].C1=CC=NC(=C1)C(=O)[O-].O.[Cr+3],Inactive
7068,363907422,22833491,C1=CC=NC(=C1)C(=O)[O-].C1=CC=NC(=C1)C(=O)[O-].C1=CC=NC(=C1)C(=O)[O-].O.[Cr+3],Inactive
7069,363907428,23956,[Ta],Inactive
7070,363907430,23964,[W],Active
7071,363907430,23964,[W],Active
7072,363907455,5781,C1(=O)C(=O)NC(=O)NC1=O,Active
7073,363907455,5781,C1(=O)C(=O)NC(=O)NC1=O,Active
7074,363907457,6128,C[C@]12CCC(=O)C=C1CC[C@@H]3[C@@H]2CC[C@]4([C@H]3CCC4=O)C,Inactive
7075,363907457,6128,C[C@]12CCC(=O)C=C1CC[C@@H]3[C@@H]2CC[C@]4([C@H]3CCC4=O)C,Inactive
7076,363907457,6128,C[C@]12CCC(=O)C=C1CC[C@@H]3[C@@H]2CC[C@]4([C@H]3CCC4=O)C,Active
7077,363907457,6128,C[C@]12CCC(=O)C=C1CC[C@@H]3[C@@H]2CC[C@]4([C@H]3CCC4=O)C,Active
7078,363907458,10788,CN1CN(C(=S)SC1)C,Inactive
7079,363907458,10788,CN1CN(C(=S)SC1)C,Inactive
7080,363907458,10788,CN1CN(C(=S)SC1)C,Inactive
7081,363907458,10788,CN1CN(C(=S)SC1)C,Inactive
7082,363907460,17110,CCCCCCCCCCCCN=C(N)N.CC(=O)O,Inactive
7083,363907460,17110,CCCCCCCCCCCCN=C(N)N.CC(=O)O,Inactive
7084,363907460,17110,CCCCCCCCCCCCN=C(N)N.CC(=O)O,Inactive
7085,363907460,17110,CCCCCCCCCCCCN=C(N)N.CC(=O)O,Active
7086,363907461,22833503,CC[C@H](C)[C@@H]1[C@H](C=C[C@@]2(O1)C[C@@H]3C[C@H](O2)C/C=C(/[C@H]([C@H](/C=C/C=C/4\CO[C@H]5[C@@]4([C@@H](C=C([C@H]5O)C)C(=O)O3)O)C)O[C@H]6C[C@@H]([C@H]([C@@H](O6)C)O[C@H]7C[C@@H]([C@H]([C@@H](O7)C)[NH2+]C)OC)OC)\C)C.C1=CC=C(C=C1)C(=O)[O-],Inactive
7087,363907461,22833503,CC[C@H](C)[C@@H]1[C@H](C=C[C@@]2(O1)C[C@@H]3C[C@H](O2)C/C=C(/[C@H]([C@H](/C=C/C=C/4\CO[C@H]5[C@@]4([C@@H](C=C([C@H]5O)C)C(=O)O3)O)C)O[C@H]6C[C@@H]([C@H]([C@@H](O6)C)O[C@H]7C[C@@H]([C@H]([C@@H](O7)C)[NH2+]C)OC)OC)\C)C.C1=CC=C(C=C1)C(=O)[O-],Inactive
7088,363907461,22833503,CC[C@H](C)[C@@H]1[C@H](C=C[C@@]2(O1)C[C@@H]3C[C@H](O2)C/C=C(/[C@H]([C@H](/C=C/C=C/4\CO[C@H]5[C@@]4([C@@H](C=C([C@H]5O)C)C(=O)O3)O)C)O[C@H]6C[C@@H]([C@H]([C@@H](O6)C)O[C@H]7C[C@@H]([C@H]([C@@H](O7)C)[NH2+]C)OC)OC)\C)C.C1=CC=C(C=C1)C(=O)[O-],Inactive
7089,363907461,22833503,CC[C@H](C)[C@@H]1[C@H](C=C[C@@]2(O1)C[C@@H]3C[C@H](O2)C/C=C(/[C@H]([C@H](/C=C/C=C/4\CO[C@H]5[C@@]4([C@@H](C=C([C@H]5O)C)C(=O)O3)O)C)O[C@H]6C[C@@H]([C@H]([C@@H](O6)C)O[C@H]7C[C@@H]([C@H]([C@@H](O7)C)[NH2+]C)OC)OC)\C)C.C1=CC=C(C=C1)C(=O)[O-],Inactive
7090,363907462,10342051,CC(C)[C@@H](C1=CC=C(C=C1)Cl)C(=O)O[C@H](C#N)C2=CC(=CC=C2)OC3=CC=CC=C3,Inactive
7091,363907462,10342051,CC(C)[C@@H](C1=CC=C(C=C1)Cl)C(=O)O[C@H](C#N)C2=CC(=CC=C2)OC3=CC=CC=C3,Inactive
7092,363907463,62097,CCCCNC(=O)OCC#CI,Inactive
7093,363907463,62097,CCCCNC(=O)OCC#CI,Inactive
7094,363907463,62097,CCCCNC(=O)OCC#CI,Inactive
7095,363907463,62097,CCCCNC(=O)OCC#CI,Inactive
7096,363907464,41381,CCN(CC(=C)C)C1=C(C=C(C=C1[N+](=O)[O-])C(F)(F)F)[N+](=O)[O-],Inactive
7097,363907464,41381,CCN(CC(=C)C)C1=C(C=C(C=C1[N+](=O)[O-])C(F)(F)F)[N+](=O)[O-],Active
7098,363907464,41381,CCN(CC(=C)C)C1=C(C=C(C=C1[N+](=O)[O-])C(F)(F)F)[N+](=O)[O-],Inactive
7099,363907464,41381,CCN(CC(=C)C)C1=C(C=C(C=C1[N+](=O)[O-])C(F)(F)F)[N+](=O)[O-],Inactive
7100,363907465,27982,C(CCl)P(=O)(O)O,Inactive
7101,363907465,27982,C(CCl)P(=O)(O)O,Inactive
7102,363907465,27982,C(CCl)P(=O)(O)O,Inactive
7103,363907465,27982,C(CCl)P(=O)(O)O,Inactive
7104,363907466,3289,CCCSP(=O)(OCC)SCCC,Inactive
7105,363907466,3289,CCCSP(=O)(OCC)SCCC,Inactive
7106,363907466,3289,CCCSP(=O)(OCC)SCCC,Inactive
7107,363907466,3289,CCCSP(=O)(OCC)SCCC,Inactive
7108,363907467,213032,CC1(C(=O)N(C(=O)O1)NC2=CC=CC=C2)C3=CC=C(C=C3)OC4=CC=CC=C4,Inactive
7109,363907467,213032,CC1(C(=O)N(C(=O)O1)NC2=CC=CC=C2)C3=CC=C(C=C3)OC4=CC=CC=C4,Inactive
7110,363907467,213032,CC1(C(=O)N(C(=O)O1)NC2=CC=CC=C2)C3=CC=C(C=C3)OC4=CC=CC=C4,Inactive
7111,363907467,213032,CC1(C(=O)N(C(=O)O1)NC2=CC=CC=C2)C3=CC=C(C=C3)OC4=CC=CC=C4,Inactive
7112,363907468,44318676,C1C[C@H]2[C@@H]([C@@H]([C@@H]1O2)C(=O)[O-])C(=O)[O-].[Na+].[Na+],Inactive
7113,363907468,44318676,C1C[C@H]2[C@@H]([C@@H]([C@@H]1O2)C(=O)[O-])C(=O)[O-].[Na+].[Na+],Active
7114,363907468,44318676,C1C[C@H]2[C@@H]([C@@H]([C@@H]1O2)C(=O)[O-])C(=O)[O-].[Na+].[Na+],Active
7115,363907469,10403199,C[C@@]1(C(=O)N(C(=N1)SC)NC2=CC=CC=C2)C3=CC=CC=C3,Inactive
7116,363907469,10403199,C[C@@]1(C(=O)N(C(=N1)SC)NC2=CC=CC=C2)C3=CC=CC=C3,Inactive
7117,363907469,10403199,C[C@@]1(C(=O)N(C(=N1)SC)NC2=CC=CC=C2)C3=CC=CC=C3,Inactive
7118,363907469,10403199,C[C@@]1(C(=O)N(C(=N1)SC)NC2=CC=CC=C2)C3=CC=CC=C3,Inactive
7119,363907469,10403199,C[C@@]1(C(=O)N(C(=N1)SC)NC2=CC=CC=C2)C3=CC=CC=C3,Inactive
7120,363907469,10403199,C[C@@]1(C(=O)N(C(=N1)SC)NC2=CC=CC=C2)C3=CC=CC=C3,Inactive
7121,363907470,16683004,CC(C)(C[Sn](CC(C)(C)C1=CC=CC=C1)(CC(C)(C)C2=CC=CC=C2)O[Sn](CC(C)(C)C3=CC=CC=C3)(CC(C)(C)C4=CC=CC=C4)CC(C)(C)C5=CC=CC=C5)C6=CC=CC=C6,Inactive
7122,363907470,16683004,CC(C)(C[Sn](CC(C)(C)C1=CC=CC=C1)(CC(C)(C)C2=CC=CC=C2)O[Sn](CC(C)(C)C3=CC=CC=C3)(CC(C)(C)C4=CC=CC=C4)CC(C)(C)C5=CC=CC=C5)C6=CC=CC=C6,Inactive
7123,363907470,16683004,CC(C)(C[Sn](CC(C)(C)C1=CC=CC=C1)(CC(C)(C)C2=CC=CC=C2)O[Sn](CC(C)(C)C3=CC=CC=C3)(CC(C)(C)C4=CC=CC=C4)CC(C)(C)C5=CC=CC=C5)C6=CC=CC=C6,Inactive
7124,363907470,16683004,CC(C)(C[Sn](CC(C)(C)C1=CC=CC=C1)(CC(C)(C)C2=CC=CC=C2)O[Sn](CC(C)(C)C3=CC=CC=C3)(CC(C)(C)C4=CC=CC=C4)CC(C)(C)C5=CC=CC=C5)C6=CC=CC=C6,Inactive
7125,363907471,43226,C1=CC=C(C(=C1)C(C2=CC=C(C=C2)Cl)(C3=CN=CN=C3)O)Cl,Inactive
7126,363907471,43226,C1=CC=C(C(=C1)C(C2=CC=C(C=C2)Cl)(C3=CN=CN=C3)O)Cl,Inactive
7127,363907472,47938,CCOC(=O)C(C)OC1=CC=C(C=C1)OC2=NC3=C(O2)C=C(C=C3)Cl,Inactive
7128,363907472,47938,CCOC(=O)C(C)OC1=CC=C(C=C1)OC2=NC3=C(O2)C=C(C=C3)Cl,Inactive
7129,363907472,47938,CCOC(=O)C(C)OC1=CC=C(C=C1)OC2=NC3=C(O2)C=C(C=C3)Cl,Inactive
7130,363907472,47938,CCOC(=O)C(C)OC1=CC=C(C=C1)OC2=NC3=C(O2)C=C(C=C3)Cl,Inactive
7131,363907473,51605,CCOC(=O)NCCOC1=CC=C(C=C1)OC2=CC=CC=C2,Inactive
7132,363907473,51605,CCOC(=O)NCCOC1=CC=C(C=C1)OC2=CC=CC=C2,Inactive
7133,363907473,51605,CCOC(=O)NCCOC1=CC=C(C=C1)OC2=CC=CC=C2,Active
7134,363907473,51605,CCOC(=O)NCCOC1=CC=C(C=C1)OC2=CC=CC=C2,Inactive
7135,363907474,9576412,CC1=NN(C(=C1/C=N/OCC2=CC=C(C=C2)C(=O)OC(C)(C)C)OC3=CC=CC=C3)C,Inactive
7136,363907474,9576412,CC1=NN(C(=C1/C=N/OCC2=CC=C(C=C2)C(=O)OC(C)(C)C)OC3=CC=CC=C3)C,Inactive
7137,363907474,9576412,CC1=NN(C(=C1/C=N/OCC2=CC=C(C=C2)C(=O)OC(C)(C)C)OC3=CC=CC=C3)C,Inactive
7138,363907474,9576412,CC1=NN(C(=C1/C=N/OCC2=CC=C(C=C2)C(=O)OC(C)(C)C)OC3=CC=CC=C3)C,Inactive
7139,363907476,3352,C1=C(C=C(C(=C1Cl)N2C(=C(C(=N2)C#N)S(=O)C(F)(F)F)N)Cl)C(F)(F)F,Active
7140,363907476,3352,C1=C(C=C(C(=C1Cl)N2C(=C(C(=N2)C#N)S(=O)C(F)(F)F)N)Cl)C(F)(F)F,Active
7141,363907476,3352,C1=C(C=C(C(=C1Cl)N2C(=C(C(=N2)C#N)S(=O)C(F)(F)F)N)Cl)C(F)(F)F,Active
7142,363907476,3352,C1=C(C=C(C(=C1Cl)N2C(=C(C(=N2)C#N)S(=O)C(F)(F)F)N)Cl)C(F)(F)F,Inactive
7143,363907477,92425,C#CCN1C(=O)COC2=CC(=C(C=C21)N3C(=O)C4=C(C3=O)CCCC4)F,Inactive
7144,363907477,92425,C#CCN1C(=O)COC2=CC(=C(C=C21)N3C(=O)C4=C(C3=O)CCCC4)F,Inactive
7145,363907477,92425,C#CCN1C(=O)COC2=CC(=C(C=C21)N3C(=O)C4=C(C3=O)CCCC4)F,Inactive
7146,363907477,92425,C#CCN1C(=O)COC2=CC(=C(C=C21)N3C(=O)C4=C(C3=O)CCCC4)F,Inactive
7147,363907478,11048796,CO/N=C(\C1=CC=CC=C1OC2=C(C(=NC=N2)OC3=CC=CC=C3Cl)F)/C4=NOCCO4,Inactive
7148,363907478,11048796,CO/N=C(\C1=CC=CC=C1OC2=C(C(=NC=N2)OC3=CC=CC=C3Cl)F)/C4=NOCCO4,Active
7149,363907478,11048796,CO/N=C(\C1=CC=CC=C1OC2=C(C(=NC=N2)OC3=CC=CC=C3Cl)F)/C4=NOCCO4,Inactive
7150,363907478,11048796,CO/N=C(\C1=CC=CC=C1OC2=C(C(=NC=N2)OC3=CC=CC=C3Cl)F)/C4=NOCCO4,Inactive
7151,363907479,443048,CCCCCOC(=O)COC1=C(C=C(C(=C1)N2C(=O)C3=C(C2=O)CCCC3)F)Cl,Inactive
7152,363907479,443048,CCCCCOC(=O)COC1=C(C=C(C(=C1)N2C(=O)C3=C(C2=O)CCCC3)F)Cl,Inactive
7153,363907479,443048,CCCCCOC(=O)COC1=C(C=C(C(=C1)N2C(=O)C3=C(C2=O)CCCC3)F)Cl,Inactive
7154,363907479,443048,CCCCCOC(=O)COC1=C(C=C(C(=C1)N2C(=O)C3=C(C2=O)CCCC3)F)Cl,Inactive
7155,363907480,3033674,CCCCOC(=O)[C@@H](C)OC1=CC=C(C=C1)OC2=NC=C(C=C2)C(F)(F)F,Inactive
7156,363907480,3033674,CCCCOC(=O)[C@@H](C)OC1=CC=C(C=C1)OC2=NC=C(C=C2)C(F)(F)F,Inactive
7157,363907480,3033674,CCCCOC(=O)[C@@H](C)OC1=CC=C(C=C1)OC2=NC=C(C=C2)C(F)(F)F,Inactive
7158,363907480,3033674,CCCCOC(=O)[C@@H](C)OC1=CC=C(C=C1)OC2=NC=C(C=C2)C(F)(F)F,Inactive
7159,363907481,9834513,C1=CN=CC(=C1C(F)(F)F)C(=O)NCC#N,Inactive
7160,363907481,9834513,C1=CN=CC(=C1C(F)(F)F)C(=O)NCC#N,Inactive
7161,363907481,9834513,C1=CN=CC(=C1C(F)(F)F)C(=O)NCC#N,Active
7162,363907481,9834513,C1=CN=CC(=C1C(F)(F)F)C(=O)NCC#N,Active
7163,363907482,43079,CN1C=C(C(=O)C(=C1)C2=CC(=CC=C2)C(F)(F)F)C3=CC=CC=C3,Inactive
7164,363907482,43079,CN1C=C(C(=O)C(=C1)C2=CC(=CC=C2)C(F)(F)F)C3=CC=CC=C3,Inactive
7165,363907482,43079,CN1C=C(C(=O)C(=C1)C2=CC(=CC=C2)C(F)(F)F)C3=CC=CC=C3,Inactive
7166,363907482,43079,CN1C=C(C(=O)C(=C1)C2=CC(=CC=C2)C(F)(F)F)C3=CC=CC=C3,Inactive
7167,363907483,50465,C(C(=O)O)OC1=NC(=C(C(=C1Cl)N)Cl)F,Inactive
7168,363907483,50465,C(C(=O)O)OC1=NC(=C(C(=C1Cl)N)Cl)F,Inactive
7169,363907483,50465,C(C(=O)O)OC1=NC(=C(C(=C1Cl)N)Cl)F,Inactive
7170,363907483,50465,C(C(=O)O)OC1=NC(=C(C(=C1Cl)N)Cl)F,Inactive
7171,363907484,91727,C1=CC=C(C(=C1)C(CN2C=NC=N2)(C3=CC=C(C=C3)F)O)F,Inactive
7172,363907484,91727,C1=CC=C(C(=C1)C(CN2C=NC=N2)(C3=CC=C(C=C3)F)O)F,Inactive
7173,363907484,91727,C1=CC=C(C(=C1)C(CN2C=NC=N2)(C3=CC=C(C=C3)F)O)F,Inactive
7174,363907484,91727,C1=CC=C(C(=C1)C(CN2C=NC=N2)(C3=CC=C(C=C3)F)O)F,Inactive
7175,363907485,13676,CCOP(=S)(CC)SC1=CC=CC=C1,Inactive
7176,363907485,13676,CCOP(=S)(CC)SC1=CC=CC=C1,Inactive
7177,363907485,13676,CCOP(=S)(CC)SC1=CC=CC=C1,Inactive
7178,363907485,13676,CCOP(=S)(CC)SC1=CC=CC=C1,Inactive
7179,363907486,11419598,CN(C)C(=O)C1=C(C=C(C=C1)NC=O)S(=O)(=O)NC(=O)NC2=NC(=CC(=N2)OC)OC,Inactive
7180,363907486,11419598,CN(C)C(=O)C1=C(C=C(C=C1)NC=O)S(=O)(=O)NC(=O)NC2=NC(=CC(=N2)OC)OC,Inactive
7181,363907486,11419598,CN(C)C(=O)C1=C(C=C(C=C1)NC=O)S(=O)(=O)NC(=O)NC2=NC(=CC(=N2)OC)OC,Inactive
7182,363907486,11419598,CN(C)C(=O)C1=C(C=C(C=C1)NC=O)S(=O)(=O)NC(=O)NC2=NC(=CC(=N2)OC)OC,Inactive
7183,363907487,93379,C1=CC=C(C=C1)NC(=O)NC2=CC(=NC=C2)Cl,Inactive
7184,363907487,93379,C1=CC=C(C=C1)NC(=O)NC2=CC(=NC=C2)Cl,Inactive
7185,363907487,93379,C1=CC=C(C=C1)NC(=O)NC2=CC(=NC=C2)Cl,Inactive
7186,363907487,93379,C1=CC=C(C=C1)NC(=O)NC2=CC(=NC=C2)Cl,Inactive
7187,363907488,31899,CNC(=O)OC1=CC=CC(=C1)N=CN(C)C.Cl,Inactive
7188,363907488,31899,CNC(=O)OC1=CC=CC(=C1)N=CN(C)C.Cl,Inactive
7189,363907488,31899,CNC(=O)OC1=CC=CC(=C1)N=CN(C)C.Cl,Inactive
7190,363907488,31899,CNC(=O)OC1=CC=CC(=C1)N=CN(C)C.Cl,Inactive
7191,363907489,91758,CCC(C)SP(=O)(N1CCSC1=O)OCC,Inactive
7192,363907489,91758,CCC(C)SP(=O)(N1CCSC1=O)OCC,Inactive
7193,363907489,91758,CCC(C)SP(=O)(N1CCSC1=O)OCC,Inactive
7194,363907489,91758,CCC(C)SP(=O)(N1CCSC1=O)OCC,Inactive
7195,363907490,13218777,C[C@H]1[C@@H](SC(=O)N1C(=O)NC2CCCCC2)C3=CC=C(C=C3)Cl,Active
7196,363907490,13218777,C[C@H]1[C@@H](SC(=O)N1C(=O)NC2CCCCC2)C3=CC=C(C=C3)Cl,Inactive
7197,363907491,5281875,CC1(CN=C(NC1)NN=C(/C=C/C2=CC=C(C=C2)C(F)(F)F)/C=C/C3=CC=C(C=C3)C(F)(F)F)C,Inactive
7198,363907491,5281875,CC1(CN=C(NC1)NN=C(/C=C/C2=CC=C(C=C2)C(F)(F)F)/C=C/C3=CC=C(C=C3)C(F)(F)F)C,Inactive
7199,363907491,5281875,CC1(CN=C(NC1)NN=C(/C=C/C2=CC=C(C=C2)C(F)(F)F)/C=C/C3=CC=C(C=C3)C(F)(F)F)C,Inactive
7200,363907491,5281875,CC1(CN=C(NC1)NN=C(/C=C/C2=CC=C(C=C2)C(F)(F)F)/C=C/C3=CC=C(C=C3)C(F)(F)F)C,Inactive
7201,363907492,37175,C=CCOC(CN1C=CN=C1)C2=C(C=C(C=C2)Cl)Cl,Inactive
7202,363907492,37175,C=CCOC(CN1C=CN=C1)C2=C(C=C(C=C2)Cl)Cl,Inactive
7203,363907492,37175,C=CCOC(CN1C=CN=C1)C2=C(C=C(C=C2)Cl)Cl,Active
7204,363907492,37175,C=CCOC(CN1C=CN=C1)C2=C(C=C(C=C2)Cl)Cl,Active
7205,363907493,21873022,CC1=CC(=C(C=C1)C(=O)OC)C2=NC(C(=O)N2)(C)C(C)C.CC1=CC(=C(C=C1)C2=NC(C(=O)N2)(C)C(C)C)C(=O)OC,Inactive
7206,363907493,21873022,CC1=CC(=C(C=C1)C(=O)OC)C2=NC(C(=O)N2)(C)C(C)C.CC1=CC(=C(C=C1)C2=NC(C(=O)N2)(C)C(C)C)C(=O)OC,Inactive
7207,363907493,21873022,CC1=CC(=C(C=C1)C(=O)OC)C2=NC(C(=O)N2)(C)C(C)C.CC1=CC(=C(C=C1)C2=NC(C(=O)N2)(C)C(C)C)C(=O)OC,Inactive
7208,363907493,21873022,CC1=CC(=C(C=C1)C(=O)OC)C2=NC(C(=O)N2)(C)C(C)C.CC1=CC(=C(C=C1)C2=NC(C(=O)N2)(C)C(C)C)C(=O)OC,Inactive
7209,363907494,86137,CC(C)C1(C(=O)NC(=N1)C2=C(C=C(C=N2)COC)C(=O)O)C,Inactive
7210,363907494,86137,CC(C)C1(C(=O)NC(=N1)C2=C(C=C(C=N2)COC)C(=O)O)C,Inactive
7211,363907494,86137,CC(C)C1(C(=O)NC(=N1)C2=C(C=C(C=N2)COC)C(=O)O)C,Inactive
7212,363907494,86137,CC(C)C1(C(=O)NC(=N1)C2=C(C=C(C=N2)COC)C(=O)O)C,Inactive
7213,363907495,91770,CC1=CC(=C(N=C1)C2=NC(C(=O)N2)(C)C(C)C)C(=O)O,Inactive
7214,363907495,91770,CC1=CC(=C(N=C1)C2=NC(C(=O)N2)(C)C(C)C)C(=O)O,Inactive
7215,363907495,91770,CC1=CC(=C(N=C1)C2=NC(C(=O)N2)(C)C(C)C)C(=O)O,Inactive
7216,363907495,91770,CC1=CC(=C(N=C1)C2=NC(C(=O)N2)(C)C(C)C)C(=O)O,Inactive
7217,363907496,92433,COC1=CC(=NC(=N1)NC(=O)NS(=O)(=O)C2=C(N=C3N2C=CC=C3)Cl)OC,Inactive
7218,363907496,92433,COC1=CC(=NC(=N1)NC(=O)NS(=O)(=O)C2=C(N=C3N2C=CC=C3)Cl)OC,Inactive
7219,363907496,92433,COC1=CC(=NC(=N1)NC(=O)NS(=O)(=O)C2=C(N=C3N2C=CC=C3)Cl)OC,Inactive
7220,363907496,92433,COC1=CC(=NC(=N1)NC(=O)NS(=O)(=O)C2=C(N=C3N2C=CC=C3)Cl)OC,Inactive
7221,363907497,123622,CC(=CC1C(C1(C)C)C(=O)OCN2C(=O)CN(C2=O)CC#C)C,Inactive
7222,363907497,123622,CC(=CC1C(C1(C)C)C(=O)OCN2C(=O)CN(C2=O)CC#C)C,Inactive
7223,363907497,123622,CC(=CC1C(C1(C)C)C(=O)OCN2C(=O)CN(C2=O)CC#C)C,Inactive
7224,363907497,123622,CC(=CC1C(C1(C)C)C(=O)OCN2C(=O)CN(C2=O)CC#C)C,Inactive
7225,363907498,44146693,C[C@H]1CC2=C([C@@H]1NC3=NC(=NC(=N3)N)C(C)F)C=C(C=C2)C,Inactive
7226,363907498,44146693,C[C@H]1CC2=C([C@@H]1NC3=NC(=NC(=N3)N)C(C)F)C=C(C=C2)C,Inactive
7227,363907498,44146693,C[C@H]1CC2=C([C@@H]1NC3=NC(=NC(=N3)N)C(C)F)C=C(C=C2)C,Inactive
7228,363907498,44146693,C[C@H]1CC2=C([C@@H]1NC3=NC(=NC(=N3)N)C(C)F)C=C(C=C2)C,Inactive
7229,363907499,107720,COC(=O)[C@]12CC3=C(C1=NN(CO2)C(=O)N(C4=CC=C(C=C4)OC(F)(F)F)C(=O)OC)C=CC(=C3)Cl,Inactive
7230,363907499,107720,COC(=O)[C@]12CC3=C(C1=NN(CO2)C(=O)N(C4=CC=C(C=C4)OC(F)(F)F)C(=O)OC)C=CC(=C3)Cl,Inactive
7231,363907500,37517,CC(C)NC(=O)N1CC(=O)N(C1=O)C2=CC(=CC(=C2)Cl)Cl,Active
7232,363907500,37517,CC(C)NC(=O)N1CC(=O)N(C1=O)C2=CC(=CC(=C2)Cl)Cl,Inactive
7233,363907500,37517,CC(C)NC(=O)N1CC(=O)N(C1=O)C2=CC(=CC(=C2)Cl)Cl,Active
7234,363907500,37517,CC(C)NC(=O)N1CC(=O)N(C1=O)C2=CC(=CC(=C2)Cl)Cl,Active
7235,363907501,73672,CCC(C)(CC)C1=NOC(=C1)NC(=O)C2=C(C=CC=C2OC)OC,Active
7236,363907501,73672,CCC(C)(CC)C1=NOC(=C1)NC(=O)C2=C(C=CC=C2OC)OC,Inactive
7237,363907501,73672,CCC(C)(CC)C1=NOC(=C1)NC(=O)C2=C(C=CC=C2OC)OC,Active
7238,363907501,73672,CCC(C)(CC)C1=NOC(=C1)NC(=O)C2=C(C=CC=C2OC)OC,Active
7239,363907502,6112114,CC1=CC=CC=C1OCC2=CC=CC=C2/C(=N\OC)/C(=O)OC,Active
7240,363907502,6112114,CC1=CC=CC=C1OCC2=CC=CC=C2/C(=N\OC)/C(=O)OC,Active
7241,363907502,6112114,CC1=CC=CC=C1OCC2=CC=CC=C2/C(=N\OC)/C(=O)OC,Active
7242,363907502,6112114,CC1=CC=CC=C1OCC2=CC=CC=C2/C(=N\OC)/C(=O)OC,Active
7243,363907502,6112114,CC1=CC=CC=C1OCC2=CC=CC=C2/C(=N\OC)/C(=O)OC,Inactive
7244,363907502,6112114,CC1=CC=CC=C1OCC2=CC=CC=C2/C(=N\OC)/C(=O)OC,Inactive
7245,363907503,9502,CN(C(=O)NC1=CC(=C(C=C1)Cl)Cl)OC,Active
7246,363907503,9502,CN(C(=O)NC1=CC(=C(C=C1)Cl)Cl)OC,Inactive
7247,363907503,9502,CN(C(=O)NC1=CC(=C(C=C1)Cl)Cl)OC,Active
7248,363907503,9502,CN(C(=O)NC1=CC(=C(C=C1)Cl)Cl)OC,Inactive
7249,363907503,9502,CN(C(=O)NC1=CC(=C(C=C1)Cl)Cl)OC,Active
7250,363907504,23695319,C1=CC(=NNC1=O)[O-].[K+],Inactive
7251,363907504,23695319,C1=CC(=NNC1=O)[O-].[K+],Inactive
7252,363907504,23695319,C1=CC(=NNC1=O)[O-].[K+],Inactive
7253,363907504,23695319,C1=CC(=NNC1=O)[O-].[K+],Inactive
7254,363907505,11292824,COC1=C(C=CC(=C1)CCNC(=O)C(C2=CC=C(C=C2)Cl)OCC#C)OCC#C,Inactive
7255,363907505,11292824,COC1=C(C=CC(=C1)CCNC(=O)C(C2=CC=C(C=C2)Cl)OCC#C)OCC#C,Inactive
7256,363907505,11292824,COC1=C(C=CC(=C1)CCNC(=O)C(C2=CC=C(C=C2)Cl)OCC#C)OCC#C,Inactive
7257,363907505,11292824,COC1=C(C=CC(=C1)CCNC(=O)C(C2=CC=C(C=C2)Cl)OCC#C)OCC#C,Inactive
7258,363907506,7153,CC1=C(C=CC(=C1)Cl)OC(C)C(=O)O,Inactive
7259,363907506,7153,CC1=C(C=CC(=C1)Cl)OC(C)C(=O)O,Inactive
7260,363907506,7153,CC1=C(C=CC(=C1)Cl)OC(C)C(=O)O,Active
7261,363907506,7153,CC1=C(C=CC(=C1)Cl)OC(C)C(=O)O,Inactive
7262,363907507,62067,CC1=CC(=C(C=C1NC(=O)C)NS(=O)(=O)C(F)(F)F)C.C(CO)NCCO,Inactive
7263,363907507,62067,CC1=CC(=C(C=C1NC(=O)C)NS(=O)(=O)C(F)(F)F)C.C(CO)NCCO,Inactive
7264,363907508,62781,C[N+]1(CCCCC1)C.[Cl-],Inactive
7265,363907508,62781,C[N+]1(CCCCC1)C.[Cl-],Inactive
7266,363907509,11409499,COC1=CC(=NC(=N1)NC(=O)NS(=O)(=O)C2=C(C=CC(=C2)CNS(=O)(=O)C)C(=O)OC)OC,Inactive
7267,363907509,11409499,COC1=CC(=NC(=N1)NC(=O)NS(=O)(=O)C2=C(C=CC(=C2)CNS(=O)(=O)C)C(=O)OC)OC,Inactive
7268,363907509,11409499,COC1=CC(=NC(=N1)NC(=O)NS(=O)(=O)C2=C(C=CC(=C2)CNS(=O)(=O)C)C(=O)OC)OC,Inactive
7269,363907509,11409499,COC1=CC(=NC(=N1)NC(=O)NS(=O)(=O)C2=C(C=CC(=C2)CNS(=O)(=O)C)C(=O)OC)OC,Inactive
7270,363907510,35823,C1=CC(=C(C=C1C2=CC(=C(C=C2Cl)Cl)Cl)Cl)Cl,Active
7271,363907511,,,Inactive
7272,363907511,,,Active
7273,363907511,,,Active
7274,363907511,,,Active
7275,363907512,11614934,C1=CC(=CC(=C1)C(F)(F)F)/C(=N/NC(=O)NC2=CC=C(C=C2)OC(F)(F)F)/CC3=CC=C(C=C3)C#N,Inactive
7276,363907512,11614934,C1=CC(=CC(=C1)C(F)(F)F)/C(=N/NC(=O)NC2=CC=C(C=C2)OC(F)(F)F)/CC3=CC=C(C=C3)C#N,Inactive
7277,363907512,11614934,C1=CC(=CC(=C1)C(F)(F)F)/C(=N/NC(=O)NC2=CC=C(C=C2)OC(F)(F)F)/CC3=CC=C(C=C3)C#N,Inactive
7278,363907512,11614934,C1=CC(=CC(=C1)C(F)(F)F)/C(=N/NC(=O)NC2=CC=C(C=C2)OC(F)(F)F)/CC3=CC=C(C=C3)C#N,Inactive
